loc,alpha,k,rep,sd,mad,d_mean,d_med,cdist,cdist_mad,kurt
0.0005,0.8,2.75,4,0.004724318178807378,0.002857624961256438,0.0009645669262002085,0.000990483859252414,0.3466108648550294,0.3466108648550294,9.084569079774163
0.0005,0.8,2.75,8,0.004753028360898304,0.0028768124891691577,0.000952192521597401,0.0009730317468512843,0.33823259267492345,0.33823259267492345,9.138160004908624
0.0005,0.8,2.75,7,0.004702542979032819,0.0028884682120853275,0.0010094973113860125,0.0010106012725351985,0.34987446574861064,0.34987446574861064,9.119069867801255
0.0005,0.8,2.0,3,0.00587056443996264,0.003138876541872297,0.0009864934590451757,0.000995230718257777,0.3170659008028826,0.3170659008028826,7.718816928396789
0.0005,0.8,2.0,5,0.005896589421199021,0.0031330251380321575,0.0009648588651735594,0.0010209406871225081,0.32586418625538305,0.32586418625538305,7.786725910948366
0.0005,0.8,2.75,5,0.004691470429391294,0.002883438603057509,0.0010208926387247964,0.00101717765957267,0.35276549966907095,0.35276549966907095,8.737770635900537
0.0005,0.8,2.0,7,0.005857219526430817,0.0031166810823610434,0.000993248206818936,0.0009949008514621904,0.3192180480360547,0.3192180480360547,7.660456329945072
0.0005,0.8,2.0,2,0.005901596883105242,0.003106513140119779,0.0009948916273968956,0.0009945691247372434,0.32015609781032356,0.32015609781032356,7.985164618472993
0.0005,0.8,2.0,6,0.005856261385617023,0.0031535611682245884,0.0010149042150149965,0.0010077639826224752,0.3195637975177861,0.3195637975177861,7.687958120549441
0.0005,0.8,2.0,9,0.0058880943544005636,0.003137161339774622,0.0009995446090625536,0.0009859809870358136,0.3142908126958647,0.3142908126958647,7.723556982996007
0.0005,0.8,2.0,1,0.005832454664609724,0.003113831144641543,0.0009596213309562713,0.0009738407156575854,0.31274679660566235,0.31274679660566235,7.75154723528698
0.0005,0.8,2.0,8,0.005804385665649587,0.0031229626614063216,0.0010301779367028667,0.0010106027629232617,0.32360385713614986,0.32360385713614986,7.793407441265849
0.0005,0.8,2.75,9,0.0047050245509992535,0.0029000591727181752,0.0010404090452435968,0.0009967788360432097,0.3437098268270665,0.3437098268270665,8.641038731178668
0.0005,0.8,2.75,3,0.004701286833163046,0.0028677700778323187,0.0010326399036797032,0.0010133404471347153,0.3533548435307882,0.3533548435307882,8.859732022490707
0.0005,0.8,2.0,4,0.0058578140031669765,0.003097114844795502,0.0010394229405044331,0.0010259980577598572,0.3312754318697544,0.3312754318697544,7.870193444683716
0.0005,0.8,2.75,1,0.004752380490167233,0.002884019308678703,0.0009459131020995954,0.0009870012169019512,0.3422311403851662,0.3422311403851662,9.069223693801144
0.0005,0.8,2.75,2,0.004697297432256219,0.002871355429910924,0.0010286340776512332,0.0010141630088521415,0.3532000943831614,0.3532000943831614,8.668413897715268
0.0005,0.8,2.0,0,0.005875535213085369,0.003117480224926312,0.0009793572531826408,0.00101104569006683,0.3243150291645324,0.3243150291645324,7.808078521208259
0.0005,0.8,2.75,0,0.004738519156070621,0.002874737558609154,0.000993749292324874,0.0010135383275527022,0.3525672541889594,0.3525672541889594,9.275645721225542
0.0005,0.8,2.75,6,0.004753022817596916,0.002873482363032309,0.0010146846807890055,0.0010108878597936397,0.35179887400696513,0.35179887400696513,8.962972285349014
0.0005,0.8,4.0,0,0.003752452418623461,0.0026924483223112077,0.0009921264184795755,0.000999611610266957,0.3712649197325677,0.3712649197325677,7.663862760282148
0.0005,0.8,4.0,4,0.0037190627871817477,0.002684050644521974,0.0009807131666216358,0.0010171605642752364,0.378964743586793,0.378964743586793,7.427037571759266
0.0005,0.8,4.0,2,0.003747928409469301,0.0026846641620866412,0.0009605738379984809,0.0009757016410301275,0.3634352686675597,0.3634352686675597,7.859069641201291
0.0005,0.8,4.0,1,0.003741877149293018,0.0026690701893726954,0.000986201806934651,0.000977726315159548,0.3663171987954878,0.3663171987954878,7.504724325114642
0.0005,0.8,4.0,5,0.0037523851668808707,0.0026902771403581197,0.0010090458765700876,0.001018411851663054,0.3785527655814251,0.3785527655814251,7.657552849311957
0.0005,0.8,4.0,3,0.0036968554974223604,0.0026752986952941634,0.0009721288155882388,0.0009875737349675914,0.36914522356129,0.36914522356129,7.246001276809748
0.0005,0.8,4.0,6,0.0037410179209332473,0.0026932329770149774,0.001019432858231678,0.001015049439071714,0.37688883499292947,0.37688883499292947,7.652371184058582
0.0005,0.8,6.0,0,0.003101166487716328,0.0025624368858621596,0.0010022099011248837,0.0010154392137125341,0.39627872175703505,0.39627872175703505,3.8533384209358763
0.0005,0.8,4.0,7,0.0037163930479434584,0.0026915715251268554,0.0009757747404290781,0.000987027579629139,0.3667105148107182,0.3667105148107182,7.046363163181532
0.0005,0.8,6.0,5,0.003107881322771494,0.002563959681822615,0.0010008805828670977,0.0010090746924615568,0.3935610608916621,0.3935610608916621,3.6879572435907493
0.0005,0.8,6.0,3,0.0031157257984483697,0.002552492074472409,0.0010033988543061308,0.0009953019502453252,0.38993341456351066,0.38993341456351066,4.002959744081379
0.0005,0.8,6.0,4,0.003069351629395388,0.002553931873176818,0.0009893910567518912,0.0009935024093003716,0.3890089707305156,0.3890089707305156,3.4003262700113694
0.0005,0.8,4.0,9,0.003735262716780616,0.0026922803590922898,0.0010063853679513216,0.0010081915887933852,0.37447496334791075,0.37447496334791075,7.697173272887168
0.0005,0.8,6.0,1,0.0030948774055863577,0.002540704183265512,0.0009920775347176903,0.000994832442509856,0.3915577614514805,0.3915577614514805,4.2362988698051804
0.0005,0.8,6.0,2,0.0031122961840676527,0.0025634404338602105,0.0010136573079615613,0.000986199373787664,0.38471710157999456,0.38471710157999456,3.827578563189048
0.0005,0.8,4.0,8,0.003744199017034331,0.002722162198128368,0.000985319465701177,0.0009643637156046672,0.3542638701939652,0.3542638701939652,7.614730154371321
0.0005,0.8,6.0,6,0.0031057925922981728,0.0025497062321756807,0.0009898825886408395,0.0009659568375241809,0.37885024766163894,0.37885024766163894,4.043009300368918
0.0005,0.8,6.0,7,0.003099942945367771,0.00255156226234559,0.000990578323548805,0.000979648769030634,0.3839407658153975,0.3839407658153975,3.7766065219607468
0.0005,0.8,6.0,8,0.0031137095689785475,0.0025495179736560562,0.0009781807667669283,0.0009788144355977724,0.38392137090688333,0.38392137090688333,4.281108144829746
0.0005,0.8,6.0,9,0.0030989137985559766,0.002549634450730843,0.0009656262948549416,0.0010069586513460497,0.3949423616618487,0.3949423616618487,3.932981688564615
0.0005,1.1,2.0,0,0.005681676274566277,0.0038286266603030773,0.0009463154438748752,0.0009652849803336574,0.2521230367907548,0.2521230367907548,6.2268707410627275
0.0005,1.1,2.0,1,0.005662131561373578,0.0037956261641282564,0.0010156353834801948,0.0009698079416051721,0.25550670684343024,0.25550670684343024,6.113465489005547
0.0005,1.1,2.0,2,0.005638010509136177,0.0037911665850759143,0.0009642182098071746,0.000993875217456473,0.26215551207085025,0.26215551207085025,6.258960097625554
0.0005,1.1,2.0,3,0.005623071520867491,0.003802611672472517,0.001025093906746751,0.0010369735736701319,0.27270036043303775,0.27270036043303775,6.041405427533251
0.0005,1.1,2.0,4,0.005663699658009388,0.0038137198572978127,0.0010842938697472526,0.0010776139746031606,0.2825624363942393,0.2825624363942393,6.045242315154727
0.0005,1.1,2.0,8,0.005647939853825235,0.003786406123721348,0.0009734585586001445,0.0009572358242277133,0.2528085453461407,0.2528085453461407,6.120961363035077
0.0005,1.1,2.0,6,0.0056696766991895225,0.0038529111087415597,0.0009968495189674105,0.001038546180880609,0.2695484405348297,0.2695484405348297,5.87309112696272
0.0005,1.1,2.0,5,0.005682498488509225,0.003812343760780968,0.0010027085625036035,0.0010013887777558894,0.26267011596843837,0.26267011596843837,6.09249036414011
0.0005,1.1,2.0,7,0.005621023481296343,0.003802457976811713,0.0010171913313517277,0.0010041015902204921,0.26406645289540104,0.26406645289540104,6.03416957112986
0.0005,1.1,2.0,9,0.005697938631252938,0.0038290871871976924,0.0010265096571704653,0.0009896537608496778,0.2584568364383349,0.2584568364383349,6.078089924497894
0.0005,1.1,2.75,0,0.004916896579368545,0.003693736123648669,0.0010054270122039348,0.001003275687036456,0.2716154195783269,0.2716154195783269,5.48483792317616
0.0005,1.1,2.75,1,0.004901058838741072,0.0036705516169650895,0.0009448214377338351,0.0009618549632695777,0.2620464343353561,0.2620464343353561,5.614417862388157
0.0005,1.1,2.75,3,0.0049145271391747404,0.003680114807746222,0.0010185164717485702,0.001001654302776572,0.2721801778216821,0.2721801778216821,5.369088262118726
0.0005,1.1,2.75,4,0.004932268238067684,0.003683599006963799,0.0010351066522148254,0.001037913924202543,0.28176626235384994,0.28176626235384994,5.711184775275797
0.0005,1.1,2.75,5,0.004937868526497768,0.0036787122009592347,0.0010058730569589228,0.0010085382012285618,0.2741552331725169,0.2741552331725169,5.5556177268304925
0.0005,1.1,2.75,6,0.004927574182622138,0.003702162185664128,0.0009823304392537794,0.001018642267503242,0.27514793151086886,0.27514793151086886,5.353699438395273
0.0005,1.1,2.75,2,0.004941182360776171,0.003680657255796179,0.0009886480605834403,0.0010040926475642937,0.2728025398135296,0.2728025398135296,5.721122714555264
0.0005,1.1,2.75,7,0.0049273923453552314,0.0036806994057199177,0.0010343353885909864,0.001029470880462843,0.27969436430016925,0.27969436430016925,5.540492743132392
0.0005,1.1,2.75,8,0.004879545519693638,0.003670584438329449,0.0010034797766002275,0.0009921465171140935,0.2702966063806552,0.2702966063806552,5.10440289612159
0.0005,1.1,2.75,9,0.004923009047953799,0.0036830445229823748,0.0009742176370762446,0.0009456000757622324,0.25674413378976074,0.25674413378976074,5.588633647542938
0.0005,1.1,4.0,1,0.004273231622436933,0.003550694414078436,0.0009863513717906253,0.0010068939440175003,0.2835766265959652,0.2835766265959652,3.8566633338412224
0.0005,1.1,4.0,0,0.0043113525200670095,0.0035612923131575227,0.001016978197349988,0.000998658596389164,0.28042028246306205,0.28042028246306205,3.951818904150108
0.0005,1.1,4.0,2,0.004298693116919461,0.003563552412163197,0.0009922294712159108,0.0009974048574001501,0.27989060971736673,0.27989060971736673,3.7819789948064377
0.0005,1.1,4.0,5,0.004275058229787309,0.003578166209117283,0.0010061379992038605,0.0010248725973211296,0.28642397737414244,0.28642397737414244,3.588452453618305
0.0005,1.1,4.0,3,0.004288710393128095,0.003569825743048787,0.0010271833286633462,0.0010160680116890507,0.28462678148017506,0.28462678148017506,3.7633169417238834
0.0005,1.1,4.0,4,0.004290255588801627,0.0035734231958639354,0.0010127245122332654,0.0010111102868908494,0.2829528526207477,0.2829528526207477,3.605338304983656
0.0005,1.1,4.0,6,0.004287598163766817,0.003557019584219648,0.0010289104616737932,0.0009974665415892828,0.28042199880327917,0.28042199880327917,3.8027329215559265
0.0005,1.1,4.0,8,0.004303653760466666,0.003577142479956839,0.0009946719213844344,0.0009737830845784098,0.2722237344569398,0.2722237344569398,3.4914177440555942
0.0005,1.1,4.0,7,0.004309374634814923,0.0035722615361905054,0.0010288476447827752,0.0010175446907584463,0.2848460787234425,0.2848460787234425,3.7105608146944737
0.0005,1.1,4.0,9,0.004295025825900309,0.003563376174473405,0.0010145401789257102,0.001026055803932822,0.28794484603760706,0.28794484603760706,3.8372072980664687
0.0005,1.1,6.0,0,0.0038814777230856056,0.003483581169022042,0.0009980235872901688,0.00101941095269338,0.29263304146851926,0.29263304146851926,1.9219981461533706
0.0005,1.1,6.0,1,0.003859719470583963,0.0034479538124022897,0.0009656267675606353,0.0009629591926212443,0.279284249445999,0.279284249445999,1.6882433858053698
0.0005,1.1,6.0,2,0.003884448254336975,0.0034697824749864016,0.0009856741687409196,0.000989445224655725,0.28516059199348015,0.28516059199348015,1.9550379604648844
0.0005,1.1,6.0,3,0.00385841571891903,0.0034686134634173225,0.0009906665147486862,0.0009942175726337095,0.28663256460239694,0.28663256460239694,1.9793047146903024
0.0005,1.1,6.0,4,0.00385989396928281,0.003468335743956028,0.0009807836352582694,0.0009946385076145105,0.2867768812023985,0.2867768812023985,1.8166672331618487
0.0005,1.1,6.0,5,0.0038718358488284365,0.003479421987862727,0.0010337723743399315,0.0010297518482336558,0.2959548602686713,0.2959548602686713,1.7433036088289828
0.0005,1.1,6.0,6,0.003865179070296038,0.003453332985501912,0.0010127482236484534,0.0009953774238246036,0.2882367347728948,0.2882367347728948,1.8271335442709846
0.0005,1.1,6.0,7,0.0038785054886349033,0.0034576142802940544,0.0010072882932870408,0.0009981964015423916,0.28869512924891655,0.28869512924891655,1.8923803394210452
0.0005,1.1,6.0,9,0.003880607576889023,0.0034632956388310353,0.000993328572300584,0.0010045657086058292,0.2900606281896569,0.2900606281896569,1.878684862876094
0.0005,1.1,6.0,8,0.0038854418536732873,0.0034750565324448285,0.0009796251959663166,0.000975574463083566,0.28073628557553676,0.28073628557553676,1.8591001147735966
0.0005,1.4,2.0,0,0.005188103990953079,0.004094796692908901,0.0009770466274106391,0.0009527739071004918,0.23267917275366634,0.23267917275366634,4.726723905012721
0.0005,1.4,2.0,1,0.005224690912184131,0.004109861788342708,0.0009324087399712104,0.0009345265924162602,0.22738637952910476,0.22738637952910476,4.639445463495549
0.0005,1.4,2.0,3,0.005198465846628101,0.004108773456341621,0.0010263687626611351,0.001040553255956648,0.2532515523216844,0.2532515523216844,4.7308045277032145
0.0005,1.4,2.0,2,0.005175983480068616,0.0040917424734376795,0.0009973925282180365,0.0010028515162289612,0.24509155274046732,0.24509155274046732,4.714502371503376
0.0005,1.4,2.0,5,0.005184530282990839,0.004104483507386849,0.0010549153654553138,0.0010296645676992082,0.25086337071305526,0.25086337071305526,4.7192175750863825
0.0005,1.4,2.0,6,0.005166996602726372,0.004127814484523711,0.0009779495990235045,0.0009912970815003515,0.2401505894261943,0.2401505894261943,4.555957728557202
0.0005,1.4,2.0,7,0.0051543623348428965,0.004078836424764914,0.0009894729543138189,0.0009512044639088993,0.2332048566923648,0.2332048566923648,4.614828751891927
0.0005,1.4,2.0,4,0.005158840948193807,0.004092273903055345,0.0009848320262761882,0.0009785154992821602,0.23911290457649664,0.23911290457649664,4.761771633723149
0.0005,1.4,2.75,0,0.004762978918168454,0.0040577176801601745,0.0010020955478825515,0.0010040646890263393,0.24744567467954173,0.24744567467954173,3.1313510648576486
0.0005,1.4,2.0,9,0.00520259771397313,0.004112163815057901,0.000987696239903981,0.0009803807626932576,0.23840994833506007,0.23840994833506007,4.799525894522853
0.0005,1.4,2.0,8,0.005209174159979761,0.004109173707396838,0.0010048261947973262,0.0009908349299959942,0.2411275357409235,0.2411275357409235,4.741283231734682
0.0005,1.4,2.75,1,0.004767077756105081,0.004045163514457571,0.0009612275168531013,0.0009795182130753412,0.24214551762234213,0.24214551762234213,3.817415951338134
0.0005,1.4,2.75,2,0.004726208633208361,0.004040930854061367,0.0009445957629100662,0.0009537038677710993,0.23601093466189166,0.23601093466189166,3.4277857722232374
0.0005,1.4,2.75,3,0.004736777286652801,0.004035939092946988,0.0009844679087875864,0.000968729190941753,0.24002572106072095,0.24002572106072095,3.2136511153188367
0.0005,1.4,2.75,5,0.004773453706787506,0.00403791308318003,0.0009375896553530411,0.000949306766662047,0.23509836569201908,0.23509836569201908,3.4570837098462572
0.0005,1.4,2.75,4,0.0047534207242570705,0.004041877082491193,0.0010367031662724881,0.0010306928839232414,0.2550035201189192,0.2550035201189192,3.110833634589479
0.0005,1.4,2.75,6,0.004773801241109458,0.004068234644995256,0.0009964043275062782,0.0010260760739630908,0.252216541940463,0.252216541940463,3.6172500239423293
0.0005,1.4,2.75,7,0.004733550128940749,0.004005507903170955,0.0009821127972704999,0.0009589420201890389,0.2394058489885624,0.2394058489885624,3.4446674418008545
0.0005,1.4,2.75,8,0.004756975545518075,0.0040598231828569,0.0010285663448563786,0.0009989571547737324,0.2460592764216804,0.2460592764216804,3.330654197073028
0.0005,1.4,2.75,9,0.004782774051389735,0.004037922480090086,0.0010319400450950716,0.00099840860621754,0.24725799248014924,0.24725799248014924,3.5493586625695963
0.0005,1.4,4.0,0,0.004423399559551176,0.003998577528552899,0.0009641139277847288,0.0009265567666537774,0.2317215960019417,0.2317215960019417,1.9245585103227807
0.0005,1.4,4.0,1,0.004376136522633738,0.003974420706450572,0.0009703120167989818,0.0009847059468777585,0.24776087374936406,0.24776087374936406,1.8360484539454323
0.0005,1.4,4.0,2,0.004371585070455157,0.003956550476937382,0.0009559075650872822,0.0009704607708681471,0.24527951217226596,0.24527951217226596,1.7166816857719462
0.0005,1.4,4.0,5,0.00440224586154709,0.003986626254343095,0.001010610827015944,0.0010115336762339545,0.2537317550477608,0.2537317550477608,1.9146701325901132
0.0005,1.4,4.0,4,0.0044015568490856916,0.003989141517465115,0.0010318037672857026,0.001005241207755697,0.2519943710581804,0.2519943710581804,1.8252389520814205
0.0005,1.4,4.0,3,0.004407456909980113,0.004002526480322923,0.0009694962586869171,0.000968315788888371,0.24192614181287003,0.24192614181287003,1.8767638132538265
0.0005,1.4,4.0,6,0.004403041352024289,0.003992768136271375,0.0010144469117994875,0.0010172034153814217,0.2547614538747876,0.2547614538747876,1.8526792117940412
0.0005,1.4,4.0,7,0.004410643902731757,0.003977273891275771,0.0009945061071576459,0.0009752924287620331,0.2452163103228461,0.2452163103228461,2.050368415045189
0.0005,1.4,4.0,9,0.004410679756815389,0.003988737638260784,0.0009956716167140215,0.0009638020897145667,0.24163085595542327,0.24163085595542327,1.9204125518420785
0.0005,1.4,4.0,8,0.004399313900397345,0.0039627124190657215,0.0009803635395518949,0.0009775011790610435,0.2466747711385795,0.2466747711385795,1.9380401746042235
0.0005,1.4,6.0,1,0.004160327737933127,0.003901728233398304,0.0009535149141127814,0.0009543577875026649,0.24459873430791054,0.24459873430791054,0.9013600296782416
0.0005,1.4,6.0,0,0.0041773391452439,0.003964042255137414,0.0010168073132758124,0.0010230001329602615,0.2580699364731669,0.2580699364731669,0.8725903742891199
0.0005,1.4,6.0,2,0.004148770448787106,0.003915965938227171,0.0009803767676066636,0.0009841174228508772,0.25130898439234256,0.25130898439234256,0.7564443310625131
0.0005,1.4,6.0,3,0.0041879233760556914,0.003948308858006973,0.0010002537143076595,0.0009835800542128362,0.249114263748183,0.249114263748183,0.969581439501654
0.0005,1.4,6.0,5,0.004166013106305008,0.003947748326653533,0.0009975493269830265,0.000985116586277222,0.24953885221763755,0.24953885221763755,0.8526284213191593
0.0005,1.4,6.0,4,0.004170342661647037,0.0039339404523811,0.0009840156561118489,0.00102104160183365,0.2595467862803168,0.2595467862803168,0.9200748977361513
0.0005,1.4,6.0,6,0.004179392198315564,0.003941320334748479,0.0010377418467715572,0.0010245490941358003,0.259950728973463,0.259950728973463,0.9326126635529595
0.0005,1.4,6.0,7,0.004164014504143943,0.003931750163563726,0.0010335443334359594,0.0009930269724841509,0.25256614260151117,0.25256614260151117,0.8137549346124513
0.0005,1.4,6.0,8,0.004164614224625187,0.0039254003402550055,0.000998864956576106,0.0009626931517594866,0.2452471259777155,0.2452471259777155,0.9181812814866332
0.0005,1.4,6.0,9,0.004182081972708699,0.003941608141277768,0.001017136113071662,0.0010010059526641764,0.25395876931076056,0.25395876931076056,0.92407476294516
0.0005,1.6,2.0,0,0.00487697609814564,0.004204407397991108,0.0009818871096641168,0.001002179496596289,0.23836403129609574,0.23836403129609574,3.5766866647128444
0.0005,1.6,2.0,1,0.004888383962988718,0.004197640143384296,0.0009550188836162992,0.000965662192587747,0.2300488273416391,0.2300488273416391,3.661142579775074
0.0005,1.6,2.0,2,0.004828953623191101,0.004183075792116828,0.0010193797508522811,0.0010351641451117853,0.24746483127620902,0.24746483127620902,3.396428399396201
0.0005,1.6,2.0,3,0.004860948193115704,0.004208727102140691,0.0009790182394619098,0.000998159070148914,0.2371641225303534,0.2371641225303534,3.385704046038015
0.0005,1.6,2.0,6,0.0048643340707796925,0.004205581908510612,0.0009885823864671898,0.0010117138201307437,0.24056452641747206,0.24056452641747206,3.534222207432456
0.0005,1.6,2.0,4,0.004854050265084314,0.00420669587751565,0.0009815732189573116,0.0009662535189058851,0.22969417020859748,0.22969417020859748,3.3247834470168263
0.0005,1.6,2.0,5,0.004839550953304389,0.004204542692780251,0.0010110977866899043,0.0010404311778604515,0.2474540643021672,0.2474540643021672,3.3318132395120577
0.0005,1.6,2.0,7,0.004861538832851987,0.004160910361372236,0.001014535954980951,0.0009719146331442778,0.2335822088759797,0.2335822088759797,3.686323235962142
0.0005,1.6,2.0,9,0.004876580021043124,0.004190470699338847,0.000938213318559655,0.0009267606890070758,0.22115909058934494,0.22115909058934494,3.830726819788352
0.0005,1.6,2.0,8,0.004848654840785658,0.004218432461393675,0.001013742199759158,0.001010032524882775,0.23943313876099914,0.23943313876099914,3.3947101764002268
0.0005,1.6,2.75,0,0.004595660363572156,0.004139475895807493,0.0009771029390103552,0.0009583166991124696,0.23150677120334565,0.23150677120334565,2.241398386660854
0.0005,1.6,2.75,1,0.004611026304521404,0.004178052125192398,0.0009345430234673358,0.0009513467752344789,0.22770103070235623,0.22770103070235623,2.213025703471586
0.0005,1.6,2.75,2,0.004594182990482704,0.0041439263211535396,0.001032854427645639,0.000979081622381155,0.23626907104579245,0.23626907104579245,2.3559752319310476
0.0005,1.6,2.75,6,0.004600680386823159,0.004186045371207851,0.001002066396117698,0.0010071423460880496,0.24059518155615367,0.24059518155615367,2.2795087250277666
0.0005,1.6,2.75,3,0.004597742267685434,0.004161734692127193,0.0010385824564278926,0.0010284299591362721,0.24711569458806837,0.24711569458806837,2.304568221915189
0.0005,1.6,2.75,4,0.004602744125200413,0.004178024807986183,0.0009582743263950688,0.0009465201105957673,0.2265472691273923,0.2265472691273923,2.1772292749599913
0.0005,1.6,2.75,5,0.0045635823159872945,0.004164048708862396,0.0010586834864161653,0.0010734395150286285,0.2577874540093669,0.2577874540093669,2.1732894850426625
0.0005,1.6,4.0,0,0.0043956726623330476,0.004141997538140413,0.0010015178527011716,0.0009974619000423916,0.24081663276174015,0.24081663276174015,1.0683028485247643
0.0005,1.6,2.75,8,0.004612231607100782,0.0041498009935841875,0.00102271769046115,0.001022754809494607,0.24645876057089008,0.24645876057089008,2.291670858380191
0.0005,1.6,2.75,7,0.004582844721873955,0.00415037290440984,0.0009947459860936204,0.0009322265752016517,0.22461272677718802,0.22461272677718802,2.310644846745393
0.0005,1.6,2.75,9,0.004600971795852346,0.00415709391370653,0.0009910443843406456,0.0009836461549484303,0.23661869935273988,0.23661869935273988,2.5398716169288855
0.0005,1.6,4.0,1,0.004371570070501065,0.00412334588131631,0.0009665676305639849,0.0009759740874600077,0.23669469298763848,0.23669469298763848,1.2001027516180365
0.0005,1.6,4.0,2,0.004356207984224195,0.004120805724006793,0.0009469360399133582,0.0009589938536126069,0.23271998677970826,0.23271998677970826,1.0479979309939056
0.0005,1.6,4.0,3,0.004355608858048029,0.004118762121736846,0.0009752083887992066,0.0009628887732383074,0.23378110820157433,0.23378110820157433,0.9871485476518305
0.0005,1.6,4.0,4,0.004382662933204399,0.00413558050137645,0.0010393580076068613,0.0010367156132757174,0.2506820053268619,0.2506820053268619,0.9613142439017004
0.0005,1.6,4.0,5,0.004381127275303364,0.004128413702048895,0.0009513796278421084,0.0009513458347070584,0.23043859054990395,0.23043859054990395,1.0386234499277105
0.0005,1.6,4.0,6,0.004394899242189721,0.0041494425793717205,0.0009916989488879258,0.0010252461582034868,0.24708045444473228,0.24708045444473228,1.2606165340377737
0.0005,1.6,4.0,7,0.004369118406884548,0.004088279195476015,0.0009833699812165956,0.0009591073905576135,0.23459928852680542,0.23459928852680542,1.2060264256985906
0.0005,1.6,4.0,8,0.0043803351498383995,0.0041426885031824595,0.0010298727447838577,0.0009935339591640347,0.2398283043489248,0.2398283043489248,1.0551762274277703
0.0005,1.6,4.0,9,0.004391407401112882,0.004107998463242273,0.0010332603068727887,0.0010010163509970972,0.2436749575137466,0.2436749575137466,1.1287563906950693
0.0005,1.6,6.0,0,0.004260776125005149,0.004111843840090986,0.0010021286525500515,0.0009862676123244083,0.239860182117856,0.239860182117856,0.5276528917704839
0.0005,1.6,6.0,1,0.00422342076768681,0.004095091280426022,0.0009823858357434054,0.0009764153239585101,0.23843554565575673,0.23843554565575673,0.4610100485061488
0.0005,1.6,6.0,2,0.004219443353585102,0.004073115799210711,0.0009711312483932598,0.000984397857255724,0.241681775275449,0.241681775275449,0.48997870351701067
0.0005,1.6,6.0,3,0.004250511678534066,0.0041066908139761995,0.0009963233037606665,0.0009913036814954957,0.24138746411631876,0.24138746411631876,0.519536147641503
0.0005,1.6,6.0,4,0.004249271868044029,0.00410750765187247,0.001039741745989617,0.0010302257127193968,0.2508152875259411,0.2508152875259411,0.5223209145608081
0.0005,1.6,6.0,5,0.004245252550805242,0.004129713718583843,0.0009918286102193264,0.0010044343206208068,0.2432212954861303,0.2432212954861303,0.4970597529223024
0.0005,1.6,6.0,6,0.004256093620410297,0.004129202148475428,0.001044047898329569,0.001055000992160106,0.255497540257173,0.255497540257173,0.44743589274270024
0.0005,1.6,6.0,7,0.0042392504282984635,0.004076574417933832,0.0009923127068826392,0.0009805581127572836,0.24053482464187886,0.24053482464187886,0.5573129605874709
0.0006,0.8,2.0,1,0.005841528381751185,0.0031500160888542025,0.001159621330956271,0.0011738407156575853,0.37264594292423503,0.37264594292423503,7.702844670984463
0.0005,1.6,6.0,9,0.004261530566410649,0.004108318987129227,0.0010442350679008058,0.0010106401458295758,0.2459984604398456,0.2459984604398456,0.5081565054117312
0.0005,1.6,6.0,8,0.004254979778676052,0.004104856579345322,0.0010131006063085382,0.0010059183356480126,0.2450556593644607,0.2450556593644607,0.4950949435139931
0.0006,0.8,2.0,0,0.005884710850329096,0.003146735451136101,0.0011793572531826405,0.0012110456900668296,0.38485780227555905,0.38485780227555905,7.754949723276917
0.0006,0.8,2.0,3,0.005879805316231941,0.0031693983632223636,0.0011864934590451754,0.0011952307182577769,0.3771159637511052,0.3771159637511052,7.666381017150167
0.0006,0.8,2.0,4,0.005867530092731892,0.0031307023975497847,0.0012394229405044328,0.001225998057759857,0.39160479089912,0.39160479089912,7.818519433157869
0.0006,0.8,2.0,2,0.005910865489352837,0.0031360862768927905,0.0011948916273968953,0.0011945691247372432,0.38091079749273127,0.38091079749273127,7.937208316259362
0.0006,0.8,2.0,5,0.00590560972102588,0.0031684806947664,0.0011648588651735588,0.001220940687122508,0.38533947489066944,0.38533947489066944,7.734674137234757
0.0006,0.8,2.0,7,0.0058665445549444615,0.0031459970312008654,0.0011932482068189357,0.0011949008514621903,0.37981626797851176,0.37981626797851176,7.614450365488711
0.0006,0.8,2.0,9,0.005897423457427673,0.0031642787391593483,0.0011995446090625533,0.0011859809870358134,0.37480294398807995,0.37480294398807995,7.672764946668069
0.0006,0.8,2.0,8,0.005814112090771238,0.003149984018364711,0.0012301779367028666,0.0012106027629232615,0.38432028729838963,0.38432028729838963,7.744511566589903
0.0006,0.8,2.0,6,0.005865772054874377,0.0031836599985475703,0.001214904215014996,0.001207763982622475,0.3793633689443828,0.3793633689443828,7.641537836282367
0.0006,0.8,2.75,0,0.004750043197186835,0.002904668358165458,0.0011937492923248735,0.001213538327552702,0.41778894452485915,0.41778894452485915,9.182829323350754
0.0006,0.8,2.75,7,0.004714324957903461,0.0029189766532744864,0.0012094973113860122,0.0012106012725351981,0.41473482536325,0.41473482536325,9.027359615102238
0.0006,0.8,2.75,2,0.004709295313344773,0.0029007892211417256,0.0012286340776512328,0.0012141630088521411,0.4185629896867367,0.4185629896867367,8.588182666167366
0.0006,0.8,2.75,1,0.004763368176251923,0.0029171797955683514,0.0011459131020995952,0.0011870012169019509,0.4069002598692031,0.4069002598692031,8.981560897850041
0.0006,0.8,2.75,3,0.004713310244144549,0.002902774508802614,0.001232639903679703,0.0012133404471347151,0.4179933520345039,0.4179933520345039,8.770510149299465
0.0006,0.8,2.75,4,0.00473556990403824,0.0028904523675598467,0.001164566926200208,0.0011904838592524136,0.4118676621740817,0.4118676621740817,8.99482680276518
0.0006,0.8,2.75,5,0.004703398361506539,0.0029133293061369267,0.001220892638724796,0.00121717765957267,0.4177961128557235,0.4177961128557235,8.649157786014351
0.0006,0.8,2.75,6,0.004764733815801204,0.0029040251038959055,0.0012146846807890052,0.0012108878597936396,0.41696879898495665,0.41696879898495665,8.872568341736335
0.0006,0.8,2.75,8,0.00476408304811098,0.0029075569201048117,0.001152192521597401,0.001173031746851284,0.40344240167411705,0.40344240167411705,9.047613214251237
0.0006,0.8,4.0,2,0.0037620500760392273,0.0027192587382488657,0.0011605738379984807,0.0011757016410301273,0.43236107858836914,0.43236107858836914,7.737493632419444
0.0006,0.8,4.0,3,0.003711318995350679,0.002709403782627836,0.0011721288155882386,0.0011875737349675915,0.43831552261869594,0.43831552261869594,7.134193860582451
0.0006,0.8,4.0,4,0.0037335616304301797,0.0027135165650440094,0.0011807131666216354,0.0012171605642752362,0.44855468359947,0.44855468359947,7.298631511132562
0.0006,0.8,4.0,5,0.0037671303954772686,0.0027250448106620755,0.001209045876570087,0.0012184118516630539,0.447116262784328,0.447116262784328,7.5245806069079695
0.0006,0.8,2.75,9,0.0047171273621152785,0.002926624814780583,0.0012404090452435965,0.0011967788360432094,0.4089280012931672,0.4089280012931672,8.553988901551358
0.0006,0.8,4.0,1,0.003756358365787149,0.002696262413387873,0.0011862018069346508,0.001177726315159548,0.43679958942858477,0.43679958942858477,7.391143560308931
0.0006,0.8,4.0,0,0.003766972722412657,0.002721268229252956,0.0011921264184795754,0.001199611610266957,0.4408281393842146,0.4408281393842146,7.5489828718009875
0.0006,0.8,4.0,8,0.0037586629711671912,0.00274648904048947,0.001185319465701177,0.001164363715604667,0.4239462449837987,0.4239462449837987,7.5010880017213
0.0006,0.8,4.0,6,0.0037559489223915146,0.0027255432396432753,0.0012194328582316777,0.0012150494390717136,0.44580083023402767,0.44580083023402767,7.53358627167332
0.0006,0.8,4.0,7,0.0037308382946308976,0.002720304294755238,0.001175774740429078,0.001187027579629139,0.4363583816405153,0.4363583816405153,6.923974882511995
0.0006,0.8,6.0,0,0.0031188821729644066,0.0025928449708302096,0.0012022099011248834,0.0012154392137125338,0.4687666356401398,0.4687666356401398,3.7619024321530574
0.0006,0.8,4.0,9,0.0037500426545422623,0.002717167949052943,0.0012063853679513217,0.001208191588793385,0.4446510526574167,0.4446510526574167,7.5781786934193125
0.0006,0.8,6.0,2,0.0031301356356696276,0.0025894823695614337,0.0012136573079615611,0.0011861993737876638,0.45808358756602147,0.45808358756602147,3.7471295587282887
0.0006,0.8,6.0,4,0.0030870441382551046,0.0025837182500757614,0.001189391056751891,0.0011935024093003715,0.46193210473524926,0.46193210473524926,3.3170014296070214
0.0006,0.8,6.0,3,0.003133372062564174,0.0025893867791908637,0.0012033988543061304,0.0011953019502453253,0.4616158388739574,0.4616158388739574,3.919306508246555
0.0006,0.8,6.0,5,0.003125537868312089,0.002592084531567904,0.0012008805828670976,0.0012090746924615565,0.4664487896659024,0.4664487896659024,3.60403763478926
0.0006,0.8,6.0,6,0.0031232883284020387,0.0025793395516440242,0.0011898825886408394,0.0011659568375241808,0.4520369707745617,0.4520369707745617,3.9496889616328836
0.0006,0.8,6.0,7,0.0031174835543267827,0.002575911303947206,0.0011905783235488046,0.0011796487690306338,0.4579539548675434,0.4579539548675434,3.6893365071111077
0.0006,0.8,6.0,1,0.0031124647953305624,0.0025711711641444013,0.0011920775347176904,0.0011948324425098559,0.4647035791207061,0.4647035791207061,4.1406555119238515
0.0006,0.8,6.0,9,0.0031160589530845246,0.002578031015275112,0.0011656262948549414,0.0012069586513460497,0.4681707257184609,0.4681707257184609,3.8373318416176305
0.0006,0.8,6.0,8,0.0031309734162683375,0.0025783876060355483,0.0011781807667669282,0.0011788144355977723,0.457190545299852,0.457190545299852,4.190380210410733
0.0006,1.1,2.0,0,0.005690874248843768,0.0038502741573366644,0.001146315443874875,0.0011652849803336573,0.30264987185736286,0.30264987185736286,6.187049966072353
0.0006,1.1,2.0,4,0.005674143521402948,0.003843941245429106,0.0012842938697472522,0.0012776139746031603,0.33237083842589743,0.33237083842589743,5.999171534023226
0.0006,1.1,2.0,3,0.005633060869085462,0.003827270488648885,0.0012250939067467506,0.0012369735736701317,0.32319993513361844,0.32319993513361844,6.001378521325725
0.0006,1.1,2.0,5,0.005692190481192922,0.0038310753634096047,0.0012027085625036032,0.0012013887777558893,0.3135904840792977,0.3135904840792977,6.050308301507126
0.0006,1.1,2.0,2,0.00564744015787533,0.003814040602941855,0.0011642182098071745,0.0011938752174564726,0.3130211085156277,0.3130211085156277,6.215303467184333
0.0006,1.1,2.0,1,0.00567197141704352,0.003815539160893762,0.0012156353834801945,0.001169807941605172,0.3065904692041355,0.3065904692041355,6.070806414351491
0.0006,1.1,2.0,6,0.005679340884696913,0.0038724728543352983,0.0011968495189674097,0.0012385461808806092,0.3198334055444794,0.3198334055444794,5.834553885816359
0.0006,1.1,2.75,7,0.004938889395711252,0.0036986541503835164,0.0012343353885909862,0.0012294708804628431,0.33241033913250806,0.33241033913250806,5.490520908669602
0.0006,1.1,2.0,7,0.005630952292074858,0.003828923017404065,0.0012171913313517274,0.0012041015902204918,0.3144752675223147,0.3144752675223147,5.992167709776407
0.0006,1.1,2.0,9,0.005707814757802096,0.003851734473603901,0.001226509657170465,0.0011896537608496777,0.30886183069015405,0.30886183069015405,6.0374291905510375
0.0006,1.1,2.0,8,0.005657434018390737,0.0038074092634874635,0.0011734585586001445,0.0011572358242277132,0.30394311305733457,0.30394311305733457,6.077910425919422
0.0006,1.1,2.75,2,0.004952185765062762,0.0036990094032307787,0.00118864806058344,0.0012040926475642933,0.32551759574134037,0.32551759574134037,5.668222021676836
0.0006,1.1,2.75,1,0.004911702827977871,0.0036877823507278505,0.0011448214377338347,0.0011618549632695775,0.3150551883953413,0.3150551883953413,5.56744603883463
0.0006,1.1,2.75,0,0.004928121957118853,0.003704632779490207,0.0012054270122039347,0.0012032756870364561,0.32480295852752195,0.32480295852752195,5.4359279924683275
0.0006,1.1,2.75,3,0.0049258868319872725,0.0036970164264198673,0.0012185164717485701,0.0012016543027765722,0.3250335308734983,0.3250335308734983,5.320688055390129
0.0006,1.1,2.75,5,0.004949050955275213,0.00370403592087699,0.0012058730569589225,0.001208538201228562,0.32627604781500635,0.32627604781500635,5.503697062511597
0.0006,1.1,2.75,6,0.004938543763820148,0.0037212793463606477,0.001182330439253779,0.0012186422675032418,0.3274793838562683,0.3274793838562683,5.304893909558434
0.0006,1.1,2.75,8,0.004890838514939295,0.003689379448733745,0.0012034797766002272,0.0011921465171140936,0.3231292778852708,0.3231292778852708,5.058084590241663
0.0006,1.1,2.75,4,0.004943759996628959,0.0037082553926558095,0.0012351066522148248,0.0012379139242025428,0.3338265014470762,0.3338265014470762,5.663263867093841
0.0006,1.1,4.0,0,0.004324283689059178,0.003582192441202003,0.0012169781973499878,0.001198658596389164,0.3346159135959079,0.3346159135959079,3.9060946242566894
0.0006,1.1,2.75,9,0.004933906549643343,0.0037035881688278986,0.0011742176370762442,0.0011456000757622323,0.3093216695647855,0.3093216695647855,5.5382235537134665
0.0006,1.1,4.0,4,0.004303202073448084,0.0035911707098157924,0.0012127245122332648,0.0012111102868908492,0.3372466487266969,0.3372466487266969,3.5658796152183365
0.0006,1.1,4.0,5,0.0042879726128595705,0.003595028171776983,0.0012061379992038604,0.0012248725973211295,0.34071293430662836,0.34071293430662836,3.5454768407952404
0.0006,1.1,4.0,6,0.004300742138959214,0.0035794223618618487,0.001228910461673793,0.0011974665415892826,0.33454183958509337,0.33454183958509337,3.758574649984821
0.0006,1.1,4.0,3,0.004301823692125198,0.003594184978951119,0.0012271833286633459,0.0012160680116890506,0.33834319012816433,0.33834319012816433,3.719132828032718
0.0006,1.1,4.0,2,0.004311378128898793,0.0035811693364232225,0.0011922294712159109,0.0011974048574001498,0.334361417993176,0.334361417993176,3.7357424022433596
0.0006,1.1,4.0,1,0.004285919623868087,0.0035685139231192062,0.001186351371790625,0.0012068939440175001,0.338206315014897,0.338206315014897,3.8146295371986065
0.0006,1.1,4.0,8,0.004316351687863922,0.0035976729186171954,0.001194671921384434,0.0011737830845784097,0.3262617561769806,0.3262617561769806,3.451172738384402
0.0006,1.1,4.0,7,0.0043224523257924365,0.0035984783508233443,0.0012288476447827748,0.0012175446907584464,0.33834987237865916,0.33834987237865916,3.668722126586813
0.0006,1.1,4.0,9,0.004307980342125988,0.003590169833325394,0.0012145401789257098,0.0012260558039328218,0.3415035669210077,0.3415035669210077,3.794997507900109
0.0006,1.1,6.0,0,0.0038955927939432764,0.0035025621259289546,0.0011980235872901684,0.0012194109526933801,0.3481482722793864,0.3481482722793864,1.8923814999974846
0.0006,1.1,6.0,1,0.0038734946950961,0.0034656087272488603,0.0011656267675606352,0.0011629591926212441,0.33557140581892747,0.33557140581892747,1.6641380297641941
0.0006,1.1,6.0,2,0.0038983973106673903,0.003484513551811473,0.0011856741687409195,0.001189445224655725,0.34135187221107954,0.34135187221107954,1.9271809665974269
0.0006,1.1,6.0,3,0.0038725150259904077,0.0034884846018438526,0.0011906665147486861,0.0011942175726337091,0.3423313297706691,0.3423313297706691,1.950179334445953
0.0006,1.1,6.0,4,0.003873866664340548,0.00348530162678038,0.001180783635258269,0.0011946385076145104,0.3427647404847662,0.3427647404847662,1.7878676315170052
0.0006,1.1,6.0,6,0.003879546112765138,0.003477592970036049,0.001212748223648453,0.0011953774238246035,0.3437370141141653,0.3437370141141653,1.80048649550399
0.0006,1.1,6.0,5,0.003886445915015296,0.0035003941122080003,0.0012337723743399312,0.0012297518482336555,0.35131811127917395,0.35131811127917395,1.7188211442864683
0.0006,1.1,6.0,8,0.003899308923402543,0.0034967817258282326,0.0011796251959663162,0.0011755744630835658,0.3361875447930981,0.3361875447930981,1.830304515534297
0.0006,1.1,6.0,7,0.0038927539433417065,0.0034775124057986207,0.0012072882932870406,0.0011981964015423915,0.3445556080675497,0.3445556080675497,1.8631258821381849
0.0006,1.1,6.0,9,0.0038946683949728114,0.0034856489599050817,0.0011933285723005837,0.001204565708605829,0.3455786060104661,0.3455786060104661,1.8514767489313764
0.0006,1.4,2.0,0,0.005198470906913403,0.004106867685888287,0.0011770466274106384,0.0011527739071004917,0.2806941920874557,0.2806941920874557,4.689115001596774
0.0006,1.4,2.0,1,0.005234558358257094,0.004128259224668619,0.00113240873997121,0.00113452659241626,0.2748196105605093,0.2748196105605093,4.600319464667403
0.0006,1.4,2.0,2,0.005186573062167804,0.004105817378408701,0.001197392528218036,0.001202851516228961,0.29296274173186737,0.29296274173186737,4.673160082474607
0.0006,1.4,2.0,5,0.00519565366802221,0.004129119436607687,0.0012549153654553133,0.001229664567699208,0.29780309980799424,0.29780309980799424,4.680753046231064
0.0006,1.4,2.0,4,0.005169342916038763,0.004105756724125647,0.001184832026276188,0.0011785154992821599,0.28703977816248577,0.28703977816248577,4.724960717614899
0.0006,1.4,2.0,6,0.0051774166351774824,0.004145033389651561,0.0011779495990235042,0.0011912970815003512,0.2874034946194954,0.2874034946194954,4.514578620365962
0.0006,1.4,2.0,3,0.005209281715665762,0.004125087046828353,0.0012263687626611348,0.001240553255956648,0.3007338370981697,0.3007338370981697,4.69063462073158
0.0006,1.4,2.0,7,0.005164919940258201,0.004092642739516364,0.0011894729543138185,0.0011512044639088992,0.2812863318836717,0.2812863318836717,4.57499813982779
0.0006,1.4,2.75,0,0.004774531303369676,0.004076397405764415,0.001202095547882551,0.0012040646890263394,0.29537470692226353,0.29537470692226353,3.1002445572849044
0.0006,1.4,2.0,9,0.00521304004518462,0.004127362227137876,0.0011876962399039808,0.0011803807626932575,0.2859891373071449,0.2859891373071449,4.764833861688411
0.0006,1.4,2.75,1,0.004778191846010813,0.004063870099512914,0.001161227516853101,0.0011795182130753409,0.29024505808311024,0.29024505808311024,3.783358347185346
0.0006,1.4,2.0,8,0.005219766944774064,0.004123426379327902,0.0012048261947973258,0.001190834929995994,0.2887974272963967,0.2887974272963967,4.703731323455565
0.0006,1.4,2.75,2,0.004737246426887609,0.004056216527911519,0.0011445957629100658,0.0011537038677710992,0.2844285702778108,0.2844285702778108,3.3926163974628105
0.0006,1.4,2.75,5,0.004784306995130861,0.004062100538856087,0.0011375896553530408,0.001149306766662047,0.28293410162262966,0.28293410162262966,3.422530961293136
0.0006,1.4,2.75,6,0.004785270398226269,0.004090140091221626,0.0011964043275062778,0.0012260760739630908,0.29976383366294224,0.29976383366294224,3.5836106025518717
0.0006,1.4,2.75,3,0.0047482039071336255,0.004047397089750605,0.0011844679087875858,0.0011687291909417527,0.28876069360759665,0.28876069360759665,3.185647923590402
0.0006,1.4,2.75,7,0.004744966566849683,0.004020188578145293,0.0011821127972704995,0.0011589420201890389,0.28828051163801743,0.28828051163801743,3.4095406553268885
0.0006,1.4,2.75,4,0.004765360546724487,0.004056301747112699,0.001236703166272488,0.001230692883923241,0.3034026955216672,0.3034026955216672,3.0805361745020505
0.0006,1.4,2.75,8,0.00476882182998108,0.004077043620081486,0.0012285663448563782,0.001198957154773732,0.29407513544085384,0.29407513544085384,3.2984491879284805
0.0006,1.4,2.75,9,0.004794592297465955,0.0040552280899435215,0.0012319400450950715,0.00119840860621754,0.295521874389618,0.295521874389618,3.5144650041295886
0.0006,1.4,4.0,0,0.0044354083777857056,0.0040132072193988745,0.0011641139277847284,0.0011265567666537773,0.28071233431662185,0.28071233431662185,1.9069173200786782
0.0006,1.4,4.0,1,0.0043883443339231935,0.003987882794476721,0.0011703120167989817,0.0011847059468777584,0.2970764207309689,0.2970764207309689,1.8144788984035722
0.0006,1.4,4.0,3,0.004419565751643207,0.004017368590939732,0.0011694962586869168,0.001168315788888371,0.2908161804030736,0.2908161804030736,1.858231259917046
0.0006,1.4,4.0,4,0.004414392981017553,0.003998659669694041,0.0012318037672857023,0.0012052412077556969,0.301411299613782,0.301411299613782,1.8034852280506222
0.0006,1.4,4.0,5,0.004414838848416991,0.004003346115834518,0.0012106108270159436,0.0012115336762339546,0.30263026008217236,0.30263026008217236,1.8906745720874447
0.0006,1.4,6.0,1,0.0041729657165158135,0.00391265174521858,0.0011535149141127811,0.0011543577875026648,0.29503208122556196,0.29503208122556196,0.8915221836011646
0.0006,1.4,4.0,2,0.004383644925233956,0.003977762228719678,0.001155907565087282,0.001170460770868147,0.29425106468590584,0.29425106468590584,1.6993678387890405
0.0006,1.4,4.0,6,0.004415677955067293,0.00400737378396682,0.0012144469117994871,0.0012172034153814216,0.3037409238567549,0.3037409238567549,1.8297593443269875
0.0006,1.4,4.0,7,0.004423034010793974,0.0039928721441625,0.0011945061071576457,0.001175292428762033,0.29434762404808956,0.29434762404808956,2.0290256184219775
0.0006,1.4,4.0,8,0.004411574356511136,0.00398446780622187,0.0011803635395518947,0.0011775011790610434,0.2955228242081261,0.2955228242081261,1.9152093861192592
0.0006,1.4,4.0,9,0.004423082290609871,0.004005327822551103,0.0011956716167140211,0.0011638020897145665,0.2905635047303841,0.2905635047303841,1.8950452284069232
0.0006,1.4,6.0,8,0.004177784951948215,0.003945815665664377,0.0011988649565761059,0.0011626931517594863,0.29466484252596675,0.29466484252596675,0.9080877830803344
0.0006,1.4,6.0,0,0.004190681820609087,0.003978753376947828,0.0012168073132758123,0.0012230001329602616,0.3073827445667031,0.3073827445667031,0.8613386339057167
0.0006,1.4,6.0,9,0.004195416187738823,0.003953864882251737,0.0012171361130716616,0.0012010059526641763,0.3037549305377882,0.3037549305377882,0.9131950797465533
0.0006,1.4,6.0,2,0.004161770040217363,0.003927805271710999,0.0011803767676066635,0.0011841174228508769,0.30147050093831695,0.30147050093831695,0.7471672469402444
0.0006,1.4,6.0,4,0.004183317170156905,0.003949715492243933,0.0011840156561118485,0.00122104160183365,0.30914672315801295,0.30914672315801295,0.9053460311268338
0.0006,1.4,6.0,3,0.0042010309581156785,0.003961686401640045,0.0012002537143076593,0.001183580054212836,0.29875662387685753,0.29875662387685753,0.958744068473917
0.0006,1.6,2.0,0,0.004888052427474663,0.0042163791948922604,0.0011818871096641163,0.0012021794965962889,0.2851212950800569,0.2851212950800569,3.5381298896617537
0.0006,1.4,6.0,5,0.004179161735213831,0.003963285159675029,0.0011975493269830262,0.0011851165862772218,0.2990237993307542,0.2990237993307542,0.8406919045500931
0.0006,1.4,6.0,6,0.004192980702304992,0.003959056846340407,0.0012377418467715568,0.0012245490941358004,0.309303236013831,0.309303236013831,0.9223735986141728
0.0006,1.4,6.0,7,0.0041776034784896604,0.0039509349595803775,0.001233544333435959,0.0011930269724841507,0.30196067125611714,0.30196067125611714,0.8030560910573574
0.0006,1.6,2.0,1,0.00489915952996706,0.0042075114756658025,0.001155018883616299,0.001165662192587747,0.2770431404238276,0.2770431404238276,3.626074938153465
0.0006,1.6,2.0,6,0.004875510054848722,0.004222057048850107,0.0011885823864671893,0.0012117138201307438,0.28699607942549205,0.28699607942549205,3.5051791532413263
0.0006,1.6,2.0,7,0.004872988100228379,0.00417756688842368,0.0012145359549809507,0.001171914633144278,0.2805256419452511,0.2805256419452511,3.656310247650672
0.0006,1.6,2.0,5,0.004851013867786448,0.0042310499636283765,0.0012110977866899037,0.0012404311778604514,0.29317337032737567,0.29317337032737567,3.2976035985408547
0.0006,1.6,2.0,8,0.004860125184069109,0.00423745157619836,0.0012137421997591576,0.0012100325248827746,0.28555666138569974,0.28555666138569974,3.3642062413184926
0.0006,1.6,2.0,9,0.004887212725631777,0.004209439185434294,0.001138213318559655,0.0011267606890070754,0.2676747755154528,0.2676747755154528,3.7987577899129663
0.0006,1.6,2.75,2,0.00460649525674842,0.004160594776724746,0.0012328544276456385,0.0011790816223811547,0.2833925642019234,0.2833925642019234,2.3351749527302212
0.0006,1.6,2.75,0,0.004607361127162762,0.004156033862407402,0.001177102939010355,0.0011583166991124697,0.2787072332566389,0.2787072332566389,2.216827287142009
0.0006,1.6,2.75,4,0.004614224136495261,0.004196072195669418,0.001158274326395069,0.0011465201105957672,0.27323650717426656,0.27323650717426656,2.156436999147921
0.0006,1.6,2.0,3,0.0048720277071046,0.004221924689224536,0.0011790182394619095,0.0011981590701489139,0.2837945151430416,0.2837945151430416,3.354466099449801
0.0006,1.6,2.0,4,0.004865176708094259,0.004224062452774019,0.001181573218957311,0.0011662535189058852,0.2760976031829229,0.2760976031829229,3.2957992631833415
0.0006,1.6,2.75,5,0.004576256445595818,0.004186341469089388,0.0012586834864161652,0.0012734395150286282,0.3041891170205059,0.3041891170205059,2.14979630186445
0.0006,1.6,2.0,2,0.004840529607193487,0.004197443832632687,0.0012193797508522808,0.0012351641451117852,0.2942657946984547,0.2942657946984547,3.3629446821685027
0.0006,1.6,2.75,1,0.004622227062309327,0.004187758831450209,0.0011345430234673355,0.0011513467752344787,0.27493148998644,0.27493148998644,2.192461385665606
0.0006,1.6,2.75,6,0.004612641400804591,0.004199809493670012,0.0012020663961176976,0.0012071423460880495,0.28742788164736155,0.28742788164736155,2.254301605256333
0.0006,1.6,2.75,3,0.004610100153602324,0.00417535750796631,0.0012385824564278922,0.0012284299591362722,0.29420952739795525,0.29420952739795525,2.2828409436501813
0.0006,1.6,4.0,0,0.004408181188628232,0.004153002409844216,0.0012015178527011712,0.0011974619000423917,0.2883364327465704,0.2883364327465704,1.0547279299800492
0.0006,1.6,2.75,8,0.004624385461470353,0.004161561275557174,0.00122271769046115,0.0012227548094946071,0.2938211715579984,0.2938211715579984,2.2701282116051047
0.0006,1.6,2.75,9,0.0046128125694853955,0.004173140224199847,0.0011910443843406455,0.00118364615494843,0.28363440751032537,0.28363440751032537,2.5164537975151235
0.0006,1.6,4.0,1,0.004383747905300128,0.004141990441997118,0.0011665676305639846,0.0011759740874600075,0.28391521031443895,0.28391521031443895,1.1878199869804842
0.0006,1.6,2.75,7,0.004594773112630503,0.004165827906350236,0.00119474598609362,0.0011322265752016516,0.2717890898651206,0.2717890898651206,2.2896941740016663
0.0006,1.6,4.0,4,0.0043956401567034195,0.004146389180782169,0.001239358007606861,0.001236715613275717,0.29826327422608817,0.29826327422608817,0.9512636759530273
0.0006,1.6,4.0,3,0.0043679267864772655,0.004130299608090732,0.0011752083887992064,0.0011628887732383073,0.28155070662679194,0.28155070662679194,0.977481095686159
0.0006,1.6,4.0,2,0.0043682076055518645,0.004139788382313337,0.001146936039913358,0.0011589938536126067,0.279964516680187,0.279964516680187,1.0354753730633828
0.0006,1.6,4.0,5,0.004393106872037571,0.004147085238694235,0.001151379627842108,0.0011513458347070583,0.27762772367552657,0.27762772367552657,1.0263046943871172
0.0006,1.6,6.0,1,0.004236211170874136,0.004105213188221077,0.001182385835743405,0.0011764153239585099,0.2865661952304818,0.2865661952304818,0.45676312211148096
0.0006,1.6,6.0,4,0.0042626597069826706,0.004122495410120573,0.0012397417459896168,0.0012302257127193967,0.29841772769455077,0.29841772769455077,0.5162350770560287
0.0006,1.6,4.0,7,0.004381498860966873,0.004104010948520218,0.0011833699812165953,0.0011591073905576135,0.2824328212320078,0.2824328212320078,1.1925664329922494
0.0006,1.6,6.0,0,0.004273686639069653,0.004127711915008146,0.0012021286525500511,0.0011862676123244082,0.2873910865753981,0.2873910865753981,0.5222583549007322
0.0006,1.6,6.0,3,0.004263380775049369,0.00412108301650758,0.001196323303760666,0.0011913036814954956,0.28907539030967355,0.28907539030967355,0.5122541253209292
0.0006,1.6,6.0,6,0.0042695118572572115,0.0041413885248998495,0.0012440478983295686,0.0012550009921601058,0.30303869936725036,0.30303869936725036,0.4417494658717134
0.0006,1.6,4.0,9,0.004404290936531544,0.004126320353429587,0.0012332603068727884,0.001201016350997097,0.291062314150881,0.291062314150881,1.1169644919583748
0.0006,1.6,4.0,6,0.004407301139149119,0.004171017773287746,0.0011916989488879252,0.0012252461582034865,0.2937523225267159,0.2937523225267159,1.2458179062224692
0.0006,1.6,6.0,2,0.0042321166486448385,0.004089436258332921,0.0011711312483932595,0.001184397857255724,0.289623748222585,0.289623748222585,0.484518466262998
0.0006,1.6,4.0,8,0.004393212031900514,0.0041614141030682904,0.0012298727447838573,0.0011935339591640345,0.28680970689363,0.28680970689363,1.042700272647485
0.0006,1.6,6.0,5,0.004258089348292293,0.004145942191702804,0.0011918286102193263,0.0012044343206208067,0.2905091930686391,0.2905091930686391,0.4887208490728585
0.0008,0.8,2.0,0,0.005908097980350259,0.00323162140318882,0.0015793572531826409,0.0016110456900668298,0.4985255044038023,0.4985255044038023,7.623709575743947
0.0006,1.6,6.0,7,0.0042521141892606475,0.004092535080339719,0.001192312706882639,0.0011805581127572835,0.28846621704688874,0.28846621704688874,0.5512636926359487
0.0006,1.6,6.0,8,0.004268038402332649,0.004122000452785888,0.001213100606308538,0.0012059183356480125,0.292556575250491,0.292556575250491,0.4876606075969847
0.0006,1.6,6.0,9,0.004274933902907223,0.004128778607430613,0.001244235067900805,0.0012106401458295757,0.2932199231149793,0.2932199231149793,0.5018783725720763
0.0008,0.8,2.0,2,0.005934416459215479,0.0032180064221934263,0.0015948916273968955,0.0015945691247372436,0.49551458746013594,0.49551458746013594,7.815685961843924
0.0008,0.8,2.0,1,0.005864749479118273,0.003231314995436748,0.0015596213309562713,0.0015738407156575852,0.48705889641838,0.48705889641838,7.5800531285193475
0.0008,0.8,2.0,3,0.00590332463431208,0.0032504489395970074,0.0015864934590451758,0.001595230718257777,0.4907724280251437,0.4907724280251437,7.536775521836816
0.0008,0.8,2.0,7,0.005890245637646239,0.0032351349535314246,0.0015932482068189361,0.0015949008514621905,0.49299360749115606,0.49299360749115606,7.49747817574284
0.0008,0.8,2.0,8,0.005838656204804307,0.0032354392010323432,0.0016301779367028665,0.0016106027629232617,0.49780034883961377,0.49780034883961377,7.620989734912694
0.0008,0.8,2.0,5,0.005928670170343421,0.003255156576731748,0.0015648588651735592,0.0016209406871225082,0.49796089647705055,0.49796089647705055,7.605785027557246
0.0008,0.8,2.75,1,0.00479153089093706,0.0029980128075220024,0.0015459131020995956,0.001587001216901951,0.5293510464398855,0.5293510464398855,8.763402694559028
0.0008,0.8,2.0,6,0.005889842724236483,0.003257725983104283,0.0016149042150149962,0.0016077639826224753,0.49352339360673886,0.49352339360673886,7.52366430590833
0.0008,0.8,2.0,4,0.005892007213373433,0.0032187075798967356,0.0016394229405044332,0.001625998057759857,0.5051711028101606,0.5051711028101606,7.689789551857382
0.0008,0.8,2.75,2,0.004739533570279561,0.00298614486184348,0.0016286340776512332,0.0016141630088521413,0.5405508049785792,0.5405508049785792,8.385643605469676
0.0008,0.8,2.75,4,0.004764293553652878,0.002971111085660089,0.0015645669262002084,0.0015904838592524138,0.5353161875800606,0.5353161875800606,8.77208198157214
0.0008,0.8,2.75,7,0.0047441288214805696,0.0030014599586874104,0.0016094973113860123,0.0016106012725351983,0.5366059500055905,0.5366059500055905,8.80031836275169
0.0008,0.8,4.0,1,0.003793069349974304,0.0027703538652957133,0.0015862018069346508,0.001577726315159548,0.5695035334380065,0.5695035334380065,7.110601808370399
0.0008,0.8,2.75,3,0.0047435902386847055,0.0029810339774907265,0.001632639903679703,0.0016133404471347153,0.5412016298092444,0.5412016298092444,8.549724302409164
0.0008,0.8,4.0,3,0.0037480860013243914,0.0027909262714538143,0.0015721288155882392,0.0015875737349675917,0.5688339929311758,0.5688339929311758,6.857888101975236
0.0008,0.8,2.75,5,0.004733504401946568,0.002998610998382479,0.0016208926387247962,0.0016171776595726702,0.5393089201783804,0.5393089201783804,8.430007880105794
0.0008,0.8,4.0,4,0.0037703556783360735,0.002799945279684681,0.001580713166621636,0.0016171605642752364,0.5775686317903166,0.5775686317903166,6.990099424758009
0.0008,0.8,2.75,0,0.004779287393578091,0.0029947907984477547,0.0015937492923248737,0.0016135383275527023,0.5387816499199288,0.5387816499199288,8.953464071857173
0.0008,0.8,2.0,9,0.005921106036841429,0.0032443148425253246,0.0015995446090625535,0.0015859809870358136,0.4888492837524087,0.4888492837524087,7.546498381311881
0.0008,0.8,4.0,7,0.0037675334579029465,0.0027938815746090077,0.0015757747404290781,0.0015870275796291391,0.5680368108842399,0.5680368108842399,6.630028338495636
0.0008,0.8,2.75,6,0.00479433102189123,0.002981571221070286,0.0016146846807890054,0.00161088785979364,0.5402815295538653,0.5402815295538653,8.649840109608695
0.0008,0.8,2.75,9,0.004747563190074623,0.0030046836167288535,0.0016404090452435969,0.0015967788360432096,0.5314299406276907,0.5314299406276907,8.338647888213684
0.0008,0.8,2.75,8,0.004792379226003269,0.002985712595507974,0.001552192521597401,0.0015730317468512843,0.526853036430205,0.526853036430205,8.823531713793614
0.0008,0.8,4.0,0,0.003803739819707056,0.002794476087379494,0.0015921264184795758,0.0015996116102669571,0.5724191441433965,0.5724191441433965,7.264939914796745
0.0008,0.8,4.0,5,0.003804340998151611,0.002807392576535558,0.0016090458765700877,0.001618411851663054,0.5764822010252101,0.5764822010252101,7.206575989213434
0.0008,0.8,4.0,8,0.003795337061591257,0.0028191585157360003,0.0015853194657011775,0.0015643637156046671,0.5549044890071594,0.5549044890071594,7.219527807128811
0.0008,0.8,4.0,2,0.0037980423051832382,0.002789962972535213,0.0015605738379984811,0.0015757016410301275,0.5647751086812103,0.5647751086812103,7.4388643940703645
0.0008,0.8,4.0,6,0.003793550250583017,0.0027978884364942705,0.001619432858231678,0.0016150494390717138,0.5772386840039113,0.5772386840039113,7.242028155808638
0.0008,0.8,6.0,2,0.0031749755859593765,0.0026666313850138455,0.0016136573079615613,0.001586199373787664,0.5948326351748193,0.5948326351748193,3.548416867299774
0.0008,0.8,6.0,0,0.003163509966370267,0.0026598891511656307,0.0016022099011248838,0.001615439213712534,0.6073332841726159,0.6073332841726159,3.5424074608374223
0.0008,0.8,4.0,9,0.0037873580830744755,0.002792254345343632,0.0016063853679513214,0.0016081915887933853,0.5759473851209895,0.5759473851209895,7.285623762933886
0.0008,0.8,6.0,1,0.0031568590043202977,0.0026447532750974055,0.0015920775347176906,0.0015948324425098563,0.6030174752127376,0.6030174752127376,3.908391190487923
0.0008,0.8,6.0,3,0.0031778185442776527,0.0026619849163418345,0.0016033988543061308,0.0015953019502453255,0.5992903793150072,0.5992903793150072,3.7126074525980615
0.0008,0.8,6.0,5,0.0031700304931941976,0.002673563994271807,0.0016008805828670977,0.0016090746924615567,0.6018463354193311,0.6018463354193311,3.400606918135469
0.0008,0.8,6.0,4,0.003131720982361165,0.0026550074658347337,0.0015893910567518913,0.0015935024093003717,0.6001875436532436,0.6001875436532436,3.117345064492519
0.0008,0.8,6.0,7,0.0031617745639739977,0.0026548352863407917,0.001590578323548805,0.001579648769030634,0.5950082015098921,0.5950082015098921,3.4783914059291057
0.0008,0.8,6.0,6,0.0031674739848328304,0.002653607039857038,0.00158988258864084,0.001565956837524181,0.5901238631054229,0.5901238631054229,3.72442176649949
0.0008,1.1,2.0,0,0.005714476618239751,0.0038988451065399008,0.0015463154438748752,0.0015652849803336575,0.40147401026731155,0.40147401026731155,6.085880151732221
0.0008,1.1,2.0,5,0.005716773945208685,0.003889390663082508,0.0016027085625036038,0.0016013887777558895,0.41173256082399307,0.41173256082399307,5.945072769271361
0.0008,1.1,2.0,1,0.0056968668062830925,0.003877062654017665,0.0016156353834801947,0.0015698079416051722,0.4048962015041039,0.4048962015041039,5.964420049059475
0.0008,0.8,6.0,8,0.003174681561539624,0.0026543443336432917,0.0015781807667669288,0.0015788144355977725,0.5948039278802718,0.5948039278802718,3.9670800473737575
0.0008,1.1,2.0,7,0.005656064089123241,0.0038821822206560014,0.0016171913313517278,0.001604101590220492,0.41319585198384506,0.41319585198384506,5.887039320810334
0.0008,1.1,2.0,8,0.005681656783845641,0.0038595809434806027,0.0015734585586001447,0.0015572358242277133,0.4034727725708442,0.4034727725708442,5.970593630079701
0.0008,1.1,2.0,6,0.005703881806055284,0.0039323944292668795,0.0015968495189674103,0.0016385461808806092,0.4166790006327227,0.4166790006327227,5.737139590956906
0.0008,1.1,2.0,2,0.005671544213103195,0.003869596313158962,0.0015642182098071747,0.0015938752174564728,0.4118970270972027,0.4118970270972027,6.106196748950694
0.0008,0.8,6.0,9,0.003159578038132064,0.0026540685158663365,0.0015656262948549418,0.00160695865134605,0.6054699197626061,0.6054699197626061,3.6089294990671243
0.0008,1.1,2.0,4,0.005700238337005361,0.003907535540117049,0.0016842938697472526,0.0016776139746031604,0.42932788643373615,0.42932788643373615,5.886446392601364
0.0008,1.1,2.0,3,0.0056582878472289586,0.003886860166666285,0.001625093906746751,0.0016369735736701317,0.4211557667314142,0.4211557667314142,5.900101990596248
0.0008,1.1,2.75,0,0.00495655107692706,0.0037603827930018114,0.001605427012203935,0.0016032756870364563,0.42635970200166906,0.42635970200166906,5.3135410156934935
0.0008,1.1,2.0,9,0.0057327511092506046,0.003912508196171253,0.0016265096571704656,0.0015896537608496779,0.40630042958256274,0.40630042958256274,5.935335808610525
0.0008,1.1,2.75,2,0.004980146891736739,0.003746814891606339,0.0015886480605834404,0.0016040926475642935,0.42812166973014915,0.42812166973014915,5.53718105589375
0.0008,1.1,2.75,1,0.004938997702707822,0.0037388728453218475,0.001544821437733835,0.0015618549632695775,0.4177341749462814,0.4177341749462814,5.447951864646733
0.0008,1.1,2.75,4,0.0049726994072438685,0.0037617164542271733,0.0016351066522148254,0.0016379139242025432,0.4354166360311293,0.4354166360311293,5.541832108544014
0.0008,1.1,2.75,5,0.0049773697838982394,0.003759523480503176,0.001605873056958923,0.001608538201228562,0.4278569370747153,0.4278569370747153,5.375360536864266
0.0008,1.1,2.75,3,0.004954583029527517,0.003752946238189097,0.0016185164717485703,0.0016016543027765724,0.4267725144790286,0.4267725144790286,5.199858642736146
0.0008,1.1,2.75,7,0.004967846065152025,0.0037627822446561353,0.0016343353885909866,0.001629470880462843,0.4330494762956323,0.4330494762956323,5.365928522389714
0.0008,1.1,2.75,6,0.004966454028918028,0.0037741495204283286,0.0015823304392537792,0.001618642267503242,0.4288760312070366,0.4288760312070366,5.183449514186062
0.0008,1.1,4.0,0,0.004356919968934656,0.003635412012764092,0.0016169781973499882,0.0015986585963891642,0.4397461940424368,0.4397461940424368,3.7921162618171875
0.0008,1.1,4.0,4,0.004335902310568852,0.003650407628119044,0.0016127245122332652,0.0016111102868908494,0.44135078901339325,0.44135078901339325,3.465920538086081
0.0008,1.1,2.75,9,0.004961679352082675,0.003747561707984629,0.0015742176370762446,0.0015456000757622323,0.41242818563044503,0.41242818563044503,5.412453908717318
0.0008,1.1,4.0,5,0.004320632674926551,0.0036462960062028558,0.0016061379992038608,0.0016248725973211297,0.44562278941616257,0.44562278941616257,3.4387694836172296
0.0008,1.1,2.75,8,0.004919448054106887,0.0037463813823421293,0.0016034797766002276,0.0015921465171140937,0.42498249767585855,0.42498249767585855,4.942240516575277
0.0008,1.1,4.0,7,0.004355383178073172,0.0036483919782643523,0.001628847644782775,0.0016175446907584466,0.4433582521820916,0.4433582521820916,3.5637264706328784
0.0008,1.1,4.0,2,0.004343548875888768,0.0036185414169675263,0.001592229471215911,0.00159740485740015,0.44144993060182663,0.44144993060182663,3.621747827227802
0.0008,1.1,4.0,3,0.004334853090631164,0.003638924069318998,0.001627183328663346,0.0016160680116890508,0.4441059997142199,0.4441059997142199,3.6091081769281734
0.0008,1.1,4.0,8,0.004348539786751311,0.0036408846474863246,0.0015946719213844344,0.0015737830845784096,0.4322529376658371,0.4322529376658371,3.350587657131322
0.0008,1.1,4.0,1,0.004318134301598598,0.003627847682299697,0.0015863513717906254,0.0016068939440175003,0.44293313411628366,0.44293313411628366,3.7078977831602318
0.0008,1.1,4.0,9,0.004340689673040867,0.003640190751624259,0.0016145401789257106,0.001626055803932822,0.44669521870722656,0.44669521870722656,3.688309478663606
0.0008,1.1,4.0,6,0.004333837740378522,0.003627567323282151,0.0016289104616737933,0.0015974665415892828,0.44036854432350736,0.44036854432350736,3.648317944931316
0.0008,1.1,6.0,1,0.003908579595385343,0.0035188953987946767,0.0015656267675606358,0.001562959192621244,0.44416187908188537,0.44416187908188537,1.6035837954866219
0.0008,1.1,6.0,2,0.003933780121881317,0.0035292959788250883,0.0015856741687409197,0.001589445224655725,0.4503575880832912,0.4503575880832912,1.8575352246173056
0.0008,1.1,6.0,0,0.003931307094203762,0.003553902252950048,0.0015980235872901688,0.0016194109526933803,0.45567121362134494,0.45567121362134494,1.8196465238433044
0.0008,1.1,6.0,5,0.003923154971748809,0.00355608068022195,0.0016337723743399316,0.0016297518482336557,0.4583000203842214,0.4583000203842214,1.657149781757587
0.0008,1.1,6.0,7,0.0039287389742047015,0.003533069242682924,0.001607288293287041,0.0015981964015423919,0.45235354638245406,0.45235354638245406,1.7912821270970785
0.0008,1.1,6.0,4,0.00390934221034116,0.003537882288864215,0.0015807836352582697,0.0015946385076145105,0.4507324940215707,0.4507324940215707,1.7173695968406415
0.0008,1.1,6.0,3,0.003908239746327873,0.0035350105090806443,0.0015906665147486865,0.0015942175726337093,0.4509795850786084,0.4509795850786084,1.8777342346584955
0.0008,1.1,6.0,6,0.003915790135164058,0.003516956153965853,0.0016127482236484535,0.0015953774238246037,0.45362448491875446,0.45362448491875446,1.7340014816855254
0.0008,1.4,2.0,2,0.0052134449425330276,0.004150378275227855,0.0015973925282180366,0.0016028515162289612,0.3861940791748591,0.3861940791748591,4.571369011045022
0.0008,1.1,6.0,9,0.00393027887462154,0.003532023132369164,0.001593328572300584,0.001604565708605829,0.45429082666554893,0.45429082666554893,1.7836412575268428
0.0008,1.1,6.0,8,0.00393452759817079,0.0035383863784494655,0.0015796251959663168,0.001575574463083566,0.4452805020615043,0.4452805020615043,1.7596632585696401
0.0008,1.4,2.0,1,0.005259942313385043,0.004162569965738113,0.0015324087399712105,0.0015345265924162602,0.36864884075147447,0.36864884075147447,4.503493211867395
0.0008,1.4,2.0,7,0.005191752266634651,0.004135300519839065,0.001589472954313819,0.0015512044639088994,0.37511287425593637,0.37511287425593637,4.476418546675539
0.0008,1.4,2.0,3,0.005236574970112299,0.004167327363682241,0.0016263687626611352,0.0016405532559566481,0.39367035819020924,0.39367035819020924,4.591233486388889
0.0008,1.4,2.0,9,0.0052395906552641655,0.004167635482496685,0.0015876962399039808,0.0015803807626932574,0.379203212308411,0.379203212308411,4.6757566194333275
0.0008,1.4,2.0,0,0.005224886383269667,0.004152250462794238,0.001577046627410639,0.0015527739071004919,0.3739595963716407,0.3739595963716407,4.594595648391923
0.0008,1.4,2.75,2,0.00476554433313208,0.004098631386919917,0.001544595762910066,0.0015537038677710994,0.37907870240038666,0.37907870240038666,3.3057219144018486
0.0008,1.4,2.0,6,0.005203961760794347,0.004185972180991624,0.0015779495990235043,0.0015912970815003514,0.3801499419242164,0.3801499419242164,4.413353160051986
0.0008,1.4,2.0,4,0.005196059018119203,0.004142414603270446,0.0015848320262761885,0.00157851549928216,0.381061687556798,0.381061687556798,4.631605533841274
0.0008,1.4,2.0,5,0.00522357422321977,0.00417651620224815,0.0016549153654553139,0.0016296645676992082,0.3901971137624191,0.3901971137624191,4.58461534064569
0.0008,1.4,2.0,8,0.005246608808764568,0.004166672041005886,0.0016048261947973264,0.0015908349299959942,0.3817998907377282,0.3817998907377282,4.609425494287392
0.0008,1.4,2.75,0,0.004803800120802763,0.004123184318743033,0.0016020955478825516,0.0016040646890263396,0.38903540686615345,0.38903540686615345,3.0230470787093378
0.0008,1.4,2.75,1,0.004806586217286509,0.004092668483655104,0.0015612275168531014,0.0015795182130753412,0.38593847006750376,0.38593847006750376,3.6968439024907216
0.0008,1.4,2.75,6,0.004814361694298565,0.004135084356966371,0.0015964043275062782,0.001626076073963091,0.39323891209707557,0.39323891209707557,3.4990189984100093
0.0008,1.4,2.75,4,0.004795409980777608,0.004107112851951817,0.0016367031662724882,0.0016306928839232412,0.39704116801862155,0.39704116801862155,3.004944971233554
0.0008,1.4,2.75,3,0.004777255138641094,0.00408258503831999,0.0015844679087875864,0.001568729190941753,0.3842489932768908,0.3842489932768908,3.11382251866286
0.0008,1.4,2.75,5,0.0048121767165362605,0.004106944439497246,0.0015375896553530412,0.001549306766662047,0.3772407417451467,0.3772407417451467,3.337011762850283
0.0008,1.4,2.75,8,0.004798681718340783,0.004110897801843906,0.0016285663448563786,0.0015989571547737323,0.3889557055046551,0.3889557055046551,3.218033776328202
0.0008,1.4,2.75,7,0.004774005582646901,0.004063821681720798,0.0015821127972705,0.0015589420201890388,0.38361477010696865,0.38361477010696865,3.322702916837227
0.0008,1.4,4.0,5,0.004446667739256534,0.004053485350283833,0.0016106108270159437,0.0016115336762339547,0.39756741099881165,0.39756741099881165,1.8320032370014
0.0008,1.4,2.75,9,0.00482436392563607,0.004085155153395327,0.0016319400450950717,0.00159840860621754,0.39127243548853763,0.39127243548853763,3.4278917580603645
0.0008,1.4,4.0,2,0.004414466466995862,0.004021645998339506,0.0015559075650872826,0.001570460770868147,0.3905019913529369,0.3905019913529369,1.6546011041071313
0.0008,1.4,4.0,8,0.004442750645440394,0.004023423267366098,0.0015803635395518951,0.0015775011790610436,0.392079349904874,0.392079349904874,1.858615751552584
0.0008,1.4,4.0,9,0.004454523056138665,0.004050380508639996,0.0015956716167140215,0.0015638020897145667,0.3860876987677505,0.3860876987677505,1.8337558341699554
0.0008,1.4,4.0,1,0.004419449742629649,0.004027607409641894,0.0015703120167989818,0.0015847059468777585,0.39346087781148936,0.39346087781148936,1.7608235479863694
0.0008,1.4,4.0,0,0.0044660496589500566,0.004059193126147312,0.001564113927784729,0.0015265567666537774,0.37607394356786195,0.37607394356786195,1.8604907442985148
0.0008,1.4,4.0,4,0.004446704555916056,0.004036762340188526,0.0016318037672857027,0.001605241207755697,0.3976556141971758,0.3976556141971758,1.749654391446052
0.0008,1.4,6.0,0,0.004224346357232623,0.004031360727983958,0.0016168073132758127,0.0016230001329602618,0.40259362594225284,0.40259362594225284,0.8328962171306107
0.0008,1.4,6.0,1,0.0042052651066819945,0.003952503450987528,0.0015535149141127815,0.0015543577875026652,0.39325905891728213,0.39325905891728213,0.8655790029301564
0.0008,1.4,4.0,3,0.004450426409665175,0.004053078782475209,0.001569496258686917,0.001568315788888371,0.38694431395449047,0.38694431395449047,1.8103050870123951
0.0008,1.4,4.0,6,0.004447593266439056,0.004051839098457879,0.0016144469117994875,0.0016172034153814218,0.399128241789494,0.399128241789494,1.773535734735483
0.0008,1.4,6.0,2,0.004194805702602884,0.0039630290676690196,0.0015803767676066639,0.0015841174228508775,0.39972389699948024,0.39972389699948024,0.7232456779569043
0.0008,1.4,4.0,7,0.00445445059423505,0.00403416513069721,0.0015945061071576461,0.0015752924287620335,0.3904878401667662,0.3904878401667662,1.9746373347169301
0.0008,1.4,6.0,4,0.0042162664092514285,0.00399626554391266,0.0015840156561118493,0.0016210416018336501,0.4056391108200788,0.4056391108200788,0.8699480092297414
0.0008,1.4,6.0,3,0.004234210986822336,0.003993313668617846,0.0016002537143076597,0.0015835800542128363,0.39655789292428417,0.39655789292428417,0.9304763697245213
0.0008,1.4,6.0,6,0.004227129045270341,0.004000724589851071,0.0016377418467715572,0.0016245490941358006,0.40606371612205255,0.40606371612205255,0.8954314796382459
0.0008,1.4,6.0,8,0.004211131915674655,0.003982168429046701,0.001598864956576106,0.0015626931517594865,0.3924226660934034,0.3924226660934034,0.8815110212266872
0.0008,1.4,6.0,5,0.004212461641997756,0.003997340041954845,0.0015975493269830261,0.001585116586277222,0.3965428434009437,0.3965428434009437,0.8110695645573607
0.0008,1.4,6.0,7,0.004211778564572739,0.0039928177341301265,0.0016335443334359592,0.001593026972484151,0.398973125887302,0.398973125887302,0.7760166579169105
0.0008,1.6,2.0,0,0.004916234567974073,0.004246885683171735,0.001581887109664117,0.001602179496596289,0.37725985960604447,0.37725985960604447,3.4450003497393507
0.0008,1.6,2.0,4,0.004893487087703236,0.004273081888575206,0.0015815732189573114,0.0015662535189058854,0.3665395514870717,0.3665395514870717,3.222287267280687
0.0008,1.6,2.0,5,0.004880008692512407,0.004266570822030697,0.0016110977866899043,0.0016404311778604515,0.3844846942162511,0.3844846942162511,3.213883732056006
0.0008,1.6,2.0,9,0.004914516854887232,0.004241537715780615,0.0015382133185596553,0.0015267606890070756,0.35995452388099053,0.35995452388099053,3.7170486620563246
0.0008,1.4,6.0,9,0.004229057620277333,0.004004032962908743,0.0016171361130716622,0.0016010059526641765,0.39984834478013903,0.39984834478013903,0.8851233230885911
0.0008,1.6,2.75,2,0.0046374948737816805,0.004196635954389905,0.0016328544276456392,0.0015790816223811548,0.37627319585091745,0.37627319585091745,2.281047459771134
0.0008,1.6,2.0,2,0.004869763053536052,0.004238556663975996,0.0016193797508522812,0.0016351641451117852,0.3857832452752708,0.3857832452752708,3.28021446104721
0.0008,1.6,2.0,3,0.004900233771902157,0.004264513333914429,0.0015790182394619097,0.001598159070148914,0.3747576675254411,0.3747576675254411,3.2763480420109836
0.0008,1.6,2.75,0,0.004637146295249195,0.004194723003501158,0.0015771029390103555,0.0015583166991124699,0.3714945415494203,0.3714945415494203,2.1561275955175256
0.0008,1.6,2.0,1,0.004926730816560844,0.004239850278513319,0.0015550188836162993,0.0015656621925877472,0.36927299072851655,0.36927299072851655,3.539339297078966
0.0008,1.6,2.0,7,0.004901930152115223,0.0042180492719409496,0.001614535954980951,0.001571914633144278,0.3726638860292299,0.3726638860292299,3.5790135541910173
0.0008,1.6,2.0,6,0.00490390657851887,0.00425337972847708,0.0015885823864671897,0.0016117138201307438,0.3789254482359178,0.3789254482359178,3.4305509305182182
0.0008,1.6,2.0,8,0.004889124345039682,0.0042746263451077186,0.001613742199759158,0.0016100325248827748,0.3766487161446161,0.3766487161446161,3.2873676393247786
0.0008,1.6,2.75,1,0.004651000071223091,0.004231396952745832,0.0015345430234673357,0.001551346775234479,0.36662756828516907,0.36662756828516907,2.1397286916553426
0.0008,1.6,2.75,3,0.004641181542864439,0.004224930701656521,0.0016385824564278928,0.0016284299591362724,0.38543353113408313,0.38543353113408313,2.2272584931402095
0.0008,1.6,2.75,4,0.004643562943237909,0.004237549222454874,0.001558274326395069,0.0015465201105957674,0.3649562587735195,0.3649562587735195,2.1034154756849404
0.0008,1.6,2.75,8,0.004655046280181964,0.00420817790545963,0.0016227176904611501,0.0016227548094946073,0.38561934546285903,0.38561934546285903,2.215045947299381
0.0008,1.6,2.75,7,0.0046250284505082355,0.0042020455970815445,0.0015947459860936204,0.0015322265752016517,0.36463825529780836,0.36463825529780836,2.235482166392508
0.0008,1.6,2.75,5,0.004608013359341971,0.004224533356829001,0.0016586834864161656,0.0016734395150286283,0.39612410973711365,0.39612410973711365,2.091378796086193
0.0008,1.6,2.75,9,0.004642869060684663,0.0042026462634659435,0.001591044384340646,0.0015836461549484301,0.3768211873350457,0.3768211873350457,2.456290659062671
0.0008,1.6,2.75,6,0.004642936439818555,0.004230044161066948,0.001602066396117698,0.0016071423460880497,0.37993512239897725,0.37993512239897725,2.1921851796774368
0.0008,1.6,4.0,3,0.004399279479946613,0.004162242410402822,0.0015752083887992068,0.0015628887732383075,0.37549201106887264,0.37549201106887264,0.9519255240364641
0.0008,1.6,4.0,0,0.004439852735896915,0.004192437357019764,0.0016015178527011716,0.0015974619000423919,0.38103417272714213,0.38103417272714213,1.0212805652695867
0.0008,1.6,4.0,1,0.004414800913623182,0.004177477241863686,0.0015665676305639852,0.0015759740874600075,0.37725497859490975,0.37725497859490975,1.155959890885116
0.0008,1.6,4.0,8,0.004425636428676273,0.004188704695375889,0.001629872744783858,0.0015935339591640345,0.38043597604844587,0.38043597604844587,1.0113713042326111
0.0008,1.6,4.0,5,0.0044237536803605195,0.004187829628635394,0.0015513796278421087,0.0015513458347070584,0.37044148694572493,0.37044148694572493,0.9954396614148053
0.0008,1.6,4.0,7,0.004412958790559593,0.004141295813720715,0.0015833699812165959,0.0015591073905576137,0.3764781509671597,0.3764781509671597,1.1583927491474926
0.0008,1.6,6.0,0,0.004306361636224685,0.004160680099889292,0.0016021286525500517,0.0015862676123244083,0.38125200069253484,0.38125200069253484,0.5075865627817944
0.0008,1.6,4.0,2,0.004398933371291471,0.004173986724736513,0.0015469360399133587,0.0015589938536126069,0.3735023507318461,0.3735023507318461,1.004081533635551
0.0008,1.6,6.0,3,0.004295987848642974,0.004153003386907475,0.0015963233037606661,0.001591303681495496,0.38316936762251397,0.38316936762251397,0.49400937987178883
0.0008,1.6,4.0,6,0.004438764247600873,0.004210196176671164,0.0015916989488879256,0.0016252461582034867,0.3860262301336525,0.3860262301336525,1.208825752023321
0.0008,1.6,4.0,4,0.004428259140565649,0.004187544985988993,0.0016393580076068614,0.0016367156132757173,0.3908532609803512,0.3908532609803512,0.9251657770763759
0.0008,1.6,4.0,9,0.004436712147441705,0.004167482504470353,0.0016332603068727888,0.001601016350997097,0.3841687035949707,0.3841687035949707,1.0865161573041178
0.0008,1.6,6.0,2,0.004264390613918826,0.004135901664686968,0.0015711312483932599,0.001584397857255724,0.3830840251313474,0.3830840251313474,0.4699165155751128
0.0008,1.6,6.0,6,0.004303199441895447,0.004171051224794158,0.0016440478983295692,0.001655000992160106,0.3967827060771186,0.3967827060771186,0.4269979699830504
0.0008,1.6,6.0,5,0.004290643461739769,0.004180262558908253,0.0015918286102193267,0.001604434320620807,0.3838118534448785,0.3838118534448785,0.46860979635686206
0.0008,1.6,6.0,1,0.004268708126438214,0.004141989671177774,0.0015823858357434059,0.00157641532395851,0.3805937361283319,0.3805937361283319,0.44466956901503085
0.0008,1.6,6.0,4,0.004296297375880747,0.004157480216318751,0.001639741745989617,0.0016302257127193969,0.392118693991738,0.392118693991738,0.5002092031044865
0.0008,1.6,6.0,8,0.004301016572208737,0.004160915583974933,0.0016131006063085382,0.0016059183356480127,0.38595311614418165,0.38595311614418165,0.46928483822041
0.0008,1.6,6.0,7,0.004284732971358625,0.00412715972371213,0.0015923127068826395,0.0015805581127572837,0.38296509429387127,0.38296509429387127,0.5351016715727921
0.0008,1.6,6.0,9,0.004308583378476649,0.004168479140146699,0.0016442350679008056,0.0016106401458295756,0.3863855597398751,0.3863855597398751,0.4856037570739944
0.001,0.8,2.0,0,0.005938131100386224,0.0033322665103949663,0.0019793572531826404,0.00201104569006683,0.6035068575077643,0.6035068575077643,7.4611660730827705
0.001,0.8,2.0,5,0.00595835664280675,0.003363540891699667,0.0019648588651735594,0.002020940687122508,0.6008372581732713,0.6008372581732713,7.4458064794507415
0.001,0.8,2.0,1,0.005894666411933563,0.003336099620536652,0.0019596213309562714,0.0019738407156575854,0.5916612032526982,0.5916612032526982,7.425357270595725
0.001,0.8,2.0,2,0.005964584109032259,0.0033232747886518758,0.0019948916273968957,0.0019945691247372434,0.6001818241296751,0.6001818241296751,7.661926046169134
0.001,0.8,2.0,8,0.005869915256713707,0.0033420793160997267,0.0020301779367028665,0.0020106027629232617,0.6016023477472926,0.6016023477472926,7.465164475308761
0.001,0.8,2.0,4,0.005923139042583297,0.003327888431525288,0.002039422940504433,0.002025998057759857,0.6087938641714834,0.6087938641714834,7.529238399943701
0.001,0.8,2.0,7,0.0059206116276754595,0.0033316814570043753,0.001993248206818936,0.0019949008514621907,0.5987669821399648,0.5987669821399648,7.349089544818218
0.001,0.8,2.0,9,0.005951418779375715,0.0033429477141231957,0.0019995446090625537,0.0019859809870358134,0.5940807804577661,0.5940807804577661,7.389264178421778
0.001,0.8,2.75,4,0.004801182283221889,0.003073667592966899,0.001964566926200208,0.001990483859252414,0.647592427953822,0.647592427953822,8.496912279514984
0.001,0.8,2.75,3,0.004782045056369943,0.0030862132929621628,0.0020326399036797033,0.0020133404471347153,0.652365943639074,0.652365943639074,8.27776200315849
0.001,0.8,2.75,6,0.004832031376825174,0.0030911086848611287,0.002014684680789005,0.0020108878597936393,0.6505393581410033,0.6505393581410033,8.376396988246151
0.001,0.8,2.75,2,0.004777958934885288,0.003093802303809356,0.0020286340776512327,0.0020141630088521415,0.651031582196487,0.651031582196487,8.131971076443966
0.001,0.8,2.75,1,0.0048278186805455784,0.0030986517761794016,0.0019459131020995953,0.001987001216901951,0.6412470198093373,0.6412470198093373,8.493224742241042
0.001,0.8,2.0,3,0.005933491770701534,0.00334855564823717,0.0019864934590451758,0.001995230718257777,0.5958481589840551,0.5958481589840551,7.376177893306378
0.001,0.8,2.0,6,0.005920575014292361,0.0033612292312259376,0.0020149042150149963,0.002007763982622475,0.5973302754748997,0.5973302754748997,7.374297105145217
0.001,0.8,2.75,0,0.004816663250862104,0.0030902229437867173,0.001993749292324874,0.0020135383275527025,0.6515835149050249,0.6515835149050249,8.671171175604647
0.001,0.8,2.75,5,0.004771808020235896,0.0031023089444787294,0.002020892638724796,0.00201717765957267,0.6502181748090243,0.6502181748090243,8.160201801670146
0.001,0.8,2.75,7,0.00478211840696014,0.0031068311663119594,0.0020094973113860123,0.0020106012725351983,0.6471549836169347,0.6471549836169347,8.520541257036731
0.001,0.8,2.75,8,0.004828799226682546,0.003081339310990053,0.0019521925215974013,0.0019730317468512845,0.6403162870814566,0.6403162870814566,8.547332586306892
0.001,0.8,2.75,9,0.004786169393342707,0.003109259115788642,0.002040409045243597,0.0019967788360432098,0.6422040626667876,0.6422040626667876,8.073455224940647
0.001,0.8,4.0,0,0.0038505543766017116,0.002892951311991761,0.0019921264184795755,0.001999611610266957,0.6912012663255812,0.6912012663255812,6.9186763691797
0.001,0.8,4.0,1,0.0038398561239135127,0.0028707734598628462,0.001986201806934651,0.0019777263151595477,0.688917583644526,0.688917583644526,6.76892733887229
0.001,0.8,4.0,2,0.0038441158844946155,0.002891736673305677,0.0019605738379984807,0.0019757016410301273,0.6832232198969943,0.6832232198969943,7.076854549268212
0.001,0.8,4.0,5,0.0038515879227171493,0.0029070321799437525,0.002009045876570088,0.002018411851663054,0.6943204363503495,0.6943204363503495,6.83002745330373
0.001,0.8,4.0,3,0.003795044180904549,0.0028895381307553645,0.001972128815588239,0.0019875737349675914,0.6878517067528757,0.6878517067528757,6.521391904256367
0.001,0.8,4.0,7,0.003814375709004701,0.002897575456781191,0.0019757747404290783,0.001987027579629139,0.6857552492650025,0.6857552492650025,6.280700123597963
0.001,0.8,6.0,0,0.0032199602283771024,0.0027545902349644046,0.0020022099011248835,0.002015439213712534,0.7316657077086378,0.7316657077086378,3.2837932540850376
0.001,0.8,4.0,4,0.0038172855455285816,0.0029012625808304262,0.0019807131666216356,0.0020171605642752364,0.6952699068341018,0.6952699068341018,6.62334080264862
0.001,0.8,6.0,1,0.0032131065157088076,0.0027391563858259016,0.0019920775347176903,0.0019948324425098562,0.7282652618274589,0.7282652618274589,3.632137556715506
0.001,0.8,4.0,8,0.003842084259956554,0.0029089210205945977,0.0019853194657011774,0.0019643637156046673,0.6752894635836973,0.6752894635836973,6.875721942512367
0.001,0.8,6.0,2,0.0032315921539257737,0.0027605520291837816,0.0020136573079615615,0.0019861993737876637,0.7194935479534966,0.7194935479534966,3.3083609457485803
0.001,0.8,6.0,7,0.0032179081392390944,0.0027488334474232326,0.0019905783235488047,0.001979648769030634,0.7201777797364786,0.7201777797364786,3.228291663354492
0.001,0.8,4.0,9,0.003834753983328897,0.0028848879778274753,0.0020063853679513216,0.002008191588793385,0.6961073026848326,0.6961073026848326,6.930808144776956
0.001,0.8,4.0,6,0.003841209492712973,0.0029000111331062106,0.002019432858231678,0.002015049439071714,0.6948419666628619,0.6948419666628619,6.888903175633871
0.001,0.8,6.0,6,0.003223483918678426,0.0027478863444721398,0.0019898825886408397,0.0019659568375241807,0.7154432866115628,0.7154432866115628,3.457749115205921
0.001,1.1,2.0,0,0.005744946961563876,0.003974116933156563,0.001946315443874875,0.0019652849803336574,0.4945211762484981,0.4945211762484981,5.957663536020874
0.001,0.8,6.0,8,0.003230201769275919,0.0027464254725743215,0.001978180766766928,0.0019788144355977724,0.7205054189010852,0.7205054189010852,3.6983045733145445
0.001,0.8,6.0,9,0.0032149710548741777,0.0027526414954781807,0.0019656262948549415,0.0020069586513460497,0.729102810752116,0.729102810752116,3.341116344273363
0.001,0.8,6.0,5,0.003226326048592135,0.002771039790363434,0.0020008805828670975,0.002009074692461557,0.7250255660161625,0.7250255660161625,3.1587289189855356
0.001,0.8,6.0,3,0.0032340365786231837,0.002757980362997182,0.002003398854306131,0.0019953019502453252,0.72346488648562,0.72346488648562,3.4628815831863182
0.001,0.8,6.0,4,0.0031883379076231735,0.002751917054647606,0.001989391056751891,0.0019935024093003717,0.7244049764994271,0.7244049764994271,2.8824269025680422
0.001,1.1,2.0,2,0.005702564702808124,0.003942170081389893,0.0019642182098071745,0.001993875217456473,0.5057811246828526,0.5057811246828526,5.969819763935954
0.001,1.1,2.0,1,0.005728638241192037,0.003952058765214996,0.0020156353834801946,0.001969807941605172,0.49842577214258915,0.49842577214258915,5.831675215470199
0.001,1.1,2.0,4,0.0057331943101426456,0.00396753755294384,0.0020842938697472526,0.0020776139746031606,0.5236532602096252,0.5236532602096252,5.748084203934555
0.001,1.1,2.0,7,0.005688101437405027,0.003958584841798077,0.002017191331351728,0.002004101590220492,0.5062671814077339,0.5062671814077339,5.75548643047131
0.001,1.1,2.0,3,0.005690432289641666,0.003974633832620005,0.002025093906746751,0.002036973573670132,0.5124933917063239,0.5124933917063239,5.772227857842234
0.001,1.1,2.75,2,0.005015932543305114,0.0038148707143988336,0.0019886480605834406,0.0020040926475642937,0.5253369766896828,0.5253369766896828,5.375202762148101
0.001,1.1,2.0,9,0.005764522250501664,0.003985910866026695,0.0020265096571704653,0.0019896537608496776,0.49917166432601107,0.49917166432601107,5.807204048311661
0.001,1.1,2.75,3,0.004991129790442146,0.0038196389154894618,0.00201851647174857,0.0020016543027765723,0.5240428079888472,0.5240428079888472,5.049531587508499
0.001,1.1,2.0,5,0.005748213312809936,0.0039580795730248365,0.0020027085625036033,0.0020013887777558894,0.5056464229258513,0.5056464229258513,5.8137076179261165
0.001,1.1,2.0,8,0.005712782151950711,0.0039289446180108475,0.0019734585586001444,0.001957235824227713,0.49815816065603524,0.49815816065603524,5.836735230446273
0.001,1.1,2.75,1,0.004974187871551165,0.003810872428163908,0.001944821437733835,0.0019618549632695777,0.5148046806213364,0.5148046806213364,5.2969595083377925
0.001,1.1,2.0,6,0.00573529581603533,0.0040098069089309,0.00199684951896741,0.002038546180880609,0.5083901113393335,0.5083901113393335,5.614200557619078
0.001,1.1,2.75,0,0.004992833904573047,0.0038296683542871925,0.002005427012203935,0.002003275687036456,0.5230937777663834,0.5230937777663834,5.160979802169479
0.001,1.1,2.75,4,0.005009461386949503,0.003838572407411628,0.002035106652214825,0.002037913924202543,0.5309041247385823,0.5309041247385823,5.388890339302154
0.001,1.1,2.75,8,0.004955969017674691,0.0038156843048656724,0.0020034797766002276,0.0019921465171140935,0.5220941665886127,0.5220941665886127,4.7979058389258045
0.001,1.1,2.75,6,0.005002210751524834,0.003840672386171593,0.001982330439253779,0.002018642267503242,0.525596058328588,0.525596058328588,5.032746374229767
0.001,1.1,2.75,7,0.0050046338835440405,0.0038402235184338534,0.0020343353885909866,0.002029470880462843,0.5284772802210523,0.5284772802210523,5.211092287415754
0.001,1.1,2.75,5,0.005013511210312673,0.0038284356827588935,0.002005873056958923,0.002008538201228562,0.5246367884078295,0.5246367884078295,5.217015235541517
0.001,1.1,2.75,9,0.004997307842212416,0.0038176510773516364,0.0019742176370762445,0.0019456000757622324,0.509632765368365,0.509632765368365,5.2560518267869245
0.001,1.1,4.0,0,0.004398414836558436,0.0036996483861765762,0.002016978197349988,0.001998658596389164,0.5402293374302767,0.5402293374302767,3.651011743766362
0.001,1.1,4.0,2,0.004384615069564222,0.0036746310534368524,0.001992229471215911,0.00199740485740015,0.5435660963927231,0.5435660963927231,3.481920263819987
0.001,1.1,4.0,1,0.0043592927990871964,0.003695965110205194,0.0019863513717906255,0.0020068939440175005,0.5429959115350201,0.5429959115350201,3.5737529084074744
0.001,1.1,4.0,3,0.004376775894445587,0.00370914104015466,0.0020271833286633458,0.002016068011689051,0.5435404019052851,0.5435404019052851,3.4730198615001164
0.001,1.1,4.0,4,0.004377503524917427,0.003713180881103514,0.0020127245122332654,0.0020111102868908496,0.5416138753502283,0.5416138753502283,3.3404782072252663
0.001,1.1,6.0,2,0.0039789128549046916,0.003590784008258239,0.0019856741687409194,0.001989445224655725,0.5540420198152586,0.5540420198152586,1.7710625312287656
0.001,1.1,4.0,5,0.004362224705029205,0.0037094922612002697,0.0020061379992038606,0.0020248725973211297,0.5458624670822059,0.5458624670822059,3.3070881546319164
0.001,1.1,4.0,6,0.004375832702602357,0.0036952374641066373,0.0020289104616737935,0.001997466541589283,0.5405516048674808,0.5405516048674808,3.5116421103937583
0.001,1.1,4.0,7,0.004397173053705109,0.0037164204234992064,0.002028847644782775,0.0020175446907584466,0.5428731039150898,0.5428731039150898,3.4329813241425837
0.001,1.1,4.0,8,0.004389612355304911,0.003706175789373951,0.001994671921384434,0.00197378308457841,0.5325659646899324,0.5325659646899324,3.2257238465262894
0.001,1.1,6.0,1,0.003953479580209554,0.0035806465052027007,0.0019656267675606355,0.0019629591926212443,0.5482136228105883,0.5482136228105883,1.5280048638005956
0.001,1.1,6.0,0,0.003976768410175323,0.003617114515679486,0.0019980235872901686,0.00201941095269338,0.5582933423698994,0.5582933423698994,1.7307036391666042
0.001,1.1,4.0,9,0.004382291018614281,0.003701255948697523,0.0020145401789257097,0.002026055803932822,0.5473968382666953,0.5473968382666953,3.5547010019519867
0.001,1.1,6.0,8,0.003979497044936895,0.0036025083960091685,0.0019796251959663166,0.001975574463083566,0.5483885798217966,0.5483885798217966,1.6733339838944703
0.001,1.1,6.0,5,0.003969610572447963,0.0036300966653424354,0.0020337723743399315,0.002029751848233656,0.5591453989675464,0.5591453989675464,1.5800170749493905
0.001,1.1,6.0,3,0.003953764646087695,0.0035959313634323477,0.0019906665147486863,0.0019942175726337095,0.554576094781245,0.554576094781245,1.7882096899647246
0.001,1.1,6.0,9,0.003975643052699361,0.003598485976948589,0.001993328572300584,0.002004565708605829,0.5570580853855772,0.5570580853855772,1.6995860694697713
0.001,1.4,2.0,0,0.005258778844241882,0.004211904737164925,0.0019770466274106387,0.0019527739071004918,0.46363202136782494,0.46363202136782494,4.4761034830764865
0.001,1.1,6.0,6,0.00396181049412393,0.0035805893984587555,0.002012748223648453,0.001995377423824604,0.5572762475036939,0.5572762475036939,1.6515596820681804
0.001,1.1,6.0,4,0.003954624837329201,0.003606367931681539,0.0019807836352582694,0.0019946385076145103,0.5530879115499653,0.5530879115499653,1.6313825211649018
0.001,1.1,6.0,7,0.003974474343703939,0.0035973558765187933,0.002007288293287041,0.0019981964015423916,0.5554625314068374,0.5554625314068374,1.703421639227333
0.001,1.4,2.0,1,0.005292764694507382,0.004210935945598227,0.0019324087399712107,0.0019345265924162604,0.4594053714919265,0.4594053714919265,4.383638771387217
0.001,1.4,2.0,2,0.005247806514399046,0.004208515921229274,0.0019973925282180363,0.0020028515162289614,0.4759044645942422,0.4759044645942422,4.445971091571222
0.001,1.4,2.0,4,0.005230290618881076,0.004197555758228358,0.0019848320262761884,0.00197851549928216,0.47134942648557515,0.47134942648557515,4.513720149839876
0.001,1.4,2.0,6,0.005238013809501876,0.004237930525511987,0.001977949599023504,0.0019912970815003516,0.4698748763135473,0.4698748763135473,4.289341599265558
0.001,1.4,2.0,3,0.005271315823934682,0.0042278290024417966,0.0020263687626611354,0.002040553255956648,0.48264801030933835,0.48264801030933835,4.468244207914946
0.001,1.4,2.0,7,0.005226106095768485,0.00419598616809482,0.001989472954313819,0.0019512044639088994,0.46501689608639496,0.46501689608639496,4.354441351525366
0.001,1.4,2.0,8,0.005280893200577808,0.0042232743484279175,0.002004826194797326,0.001990834929995994,0.4713960699089008,0.4713960699089008,4.491268155643129
0.001,1.4,2.75,0,0.004841159086511188,0.0041753104498990345,0.002002095547882551,0.0020040646890263393,0.479979803435886,0.479979803435886,2.9274141301003462
0.001,1.4,2.75,1,0.004843077311821407,0.004148047922011265,0.0019612275168531014,0.001979518213075341,0.47721681385868164,0.47721681385868164,3.587637165080139
0.001,1.4,2.0,5,0.005258956015736804,0.004238066479193887,0.0020549153654553136,0.0020296645676992084,0.47891286690841767,0.47891286690841767,4.464668298567534
0.001,1.4,2.75,2,0.004802011961372286,0.004149661950949727,0.0019445957629100662,0.0019537038677710995,0.47081036741413557,0.47081036741413557,3.198537560717342
0.001,1.4,2.75,8,0.0048366334149928065,0.0041700102959398525,0.002028566344856378,0.0019989571547737324,0.4793650405899538,0.4793650405899538,3.117928246367633
0.001,1.4,4.0,0,0.004505366899732107,0.004096397514950776,0.0019641139277847292,0.0019265567666537776,0.4703051302082747,0.4703051302082747,1.8001339231794748
0.001,1.4,2.75,5,0.004848141516210542,0.004162987728355105,0.0019375896553530416,0.001949306766662047,0.46824706049091913,0.46824706049091913,3.231335861135733
0.001,1.4,2.0,9,0.00527359739470589,0.004233732286261831,0.001987696239903981,0.0019803807626932574,0.4677623970508141,0.4677623970508141,4.562118730162264
0.001,1.4,2.75,9,0.00486218621606799,0.004142595456773989,0.0020319400450950716,0.00199840860621754,0.4824049625578896,0.4824049625578896,3.3207110143050835
0.001,1.4,2.75,3,0.004814441260338209,0.0041334435167270055,0.001984467908787586,0.001968729190941753,0.47629275275561445,0.47629275275561445,3.0224078364963765
0.001,1.4,2.75,7,0.004811190144138924,0.004122735848524958,0.0019821127972705,0.001958942020189039,0.47515584120916055,0.47515584120916055,3.215540060779814
0.001,1.4,2.75,6,0.004851529648476179,0.004184575724005895,0.0019964043275062784,0.0020260760739630908,0.48417718009976124,0.48417718009976124,3.3931075858409283
0.001,1.4,4.0,1,0.004459313747576972,0.004085124204990572,0.0019703120167989816,0.0019847059468777587,0.48583735702653846,0.48583735702653846,1.6941888244269467
0.001,1.4,2.75,4,0.004833553571566624,0.0041573927817624146,0.0020367031662724884,0.0020306928839232416,0.4884534588195403,0.4884534588195403,2.91088621014765
0.001,1.4,4.0,2,0.004454063599687346,0.0040693322432199894,0.0019559075650872823,0.0019704607708681474,0.4842221409055942,0.4842221409055942,1.5971686418341804
0.001,1.4,4.0,5,0.004487191325507828,0.0041026542907563555,0.002010610827015944,0.0020115336762339545,0.4903005551225992,0.4903005551225992,1.7602312376802054
0.001,1.4,4.0,3,0.004489986714480732,0.004093696062158665,0.001969496258686917,0.0019683157888883713,0.48081629876802573,0.48081629876802573,1.7488431117821337
0.001,1.4,4.0,6,0.004488201821621448,0.004109307255157146,0.0020144469117994875,0.0020172034153814215,0.4908864901376864,0.4908864901376864,1.7045441771182839
0.001,1.4,4.0,7,0.004494555600903717,0.0040868651088555715,0.0019945061071576457,0.001975292428762033,0.48332704313677877,0.48332704313677877,1.9057565010026494
0.001,1.4,4.0,4,0.004487703747614357,0.004088407274496877,0.002031803767285703,0.002005241207755697,0.4904700224618555,0.4904700224618555,1.683088189503124
0.001,1.4,6.0,0,0.004267126601902392,0.004076120590989653,0.0020168073132758126,0.0020230001329602613,0.49630527061248975,0.49630527061248975,0.7968218064698371
0.001,1.4,4.0,8,0.004482640991798072,0.00407482292287784,0.001980363539551895,0.0019775011790610433,0.4852974513219914,0.4852974513219914,1.7885603698703427
0.001,1.4,6.0,5,0.004254909334409407,0.004048790124261513,0.001997549326983026,0.001985116586277222,0.4902987127887497,0.4902987127887497,0.7740824375428348
0.001,1.4,4.0,9,0.0044946512534922356,0.004110418341712771,0.001995671616714021,0.0019638020897145667,0.47776209778595663,0.47776209778595663,1.759573289867741
0.001,1.4,6.0,2,0.004237033974569461,0.004020219421755531,0.001980376767606664,0.0019841174228508772,0.49353460960707013,0.49353460960707013,0.6923260878138691
0.001,1.4,6.0,7,0.004255089452384417,0.004040522610962349,0.002033544333435959,0.001993026972484151,0.49325970038550615,0.49325970038550615,0.7416887838698822
0.001,1.4,6.0,1,0.00424674456506206,0.003997595450192271,0.0019535149141127815,0.001954357787502665,0.488883332956732,0.488883332956732,0.8315405060364816
0.001,1.4,6.0,3,0.004276491076154394,0.004045761864206519,0.0020002537143076595,0.001983580054212836,0.4902859141962545,0.4902859141962545,0.8937444619048875
0.001,1.4,6.0,4,0.004258362340552299,0.00404943165761975,0.001984015656111849,0.00202104160183365,0.49909265613377835,0.49909265613377835,0.8270653890528488
0.001,1.6,2.0,1,0.004962213418906904,0.004291004128126887,0.0019550188836162993,0.001965662192587747,0.4580890938097978,0.4580890938097978,3.4321666531822936
0.001,1.6,2.0,4,0.004929754036060366,0.004322553942286802,0.0019815732189573114,0.001966253518905885,0.4548823554682256,0.4548823554682256,3.129516126836041
0.001,1.4,6.0,6,0.004270380361040397,0.004048945002149174,0.002037741846771557,0.0020245490941358003,0.5000189167946645,0.5000189167946645,0.8601547076973683
0.001,1.6,2.0,0,0.00495233756800392,0.004294261890740266,0.0019818871096641166,0.002002179496596289,0.46624531701561955,0.46624531701561955,3.3322989555810265
0.001,1.4,6.0,8,0.004253630083464639,0.00402858690855597,0.001998864956576106,0.0019626931517594867,0.4871914634858916,0.4871914634858916,0.8466896209442516
0.001,1.6,2.0,5,0.004916972057582979,0.00432334009105552,0.002011097786689904,0.0020404311778604517,0.47195712918395266,0.47195712918395266,3.111390432833331
0.001,1.6,2.0,2,0.004906980183491695,0.0042860618743003395,0.0020193797508522805,0.0020351641451117853,0.47483312299218905,0.47483312299218905,3.178106297839151
0.001,1.4,6.0,9,0.004271807023683848,0.004056704827921081,0.002017136113071662,0.0020010059526641764,0.49325894723516817,0.49325894723516817,0.8489364529644408
0.001,1.6,2.0,6,0.004940242588565426,0.004307091341966293,0.00198858238646719,0.0020117138201307437,0.4670701548698401,0.4670701548698401,3.335389871452908
0.001,1.6,2.0,3,0.004936383264436272,0.004319138398923835,0.00197901823946191,0.001998159070148914,0.4626290907109573,0.4626290907109573,3.178912421699253
0.001,1.6,2.0,8,0.004926078449126604,0.004327157603190289,0.002013742199759158,0.002010032524882775,0.46451567269027494,0.46451567269027494,3.1909598919988786
0.001,1.6,2.0,9,0.0049497574822458,0.004287521566681545,0.001938213318559655,0.0019267606890070758,0.4493879876850041,0.4493879876850041,3.613315481710189
0.001,1.6,2.0,7,0.004938808067212025,0.004275863783398252,0.002014535954980951,0.001971914633144278,0.461173398647675,0.461173398647675,3.480292888924321
0.001,1.6,2.75,1,0.0046881332475342385,0.004273836923901893,0.0019345430234673357,0.001951346775234479,0.4565796051602629,0.4565796051602629,2.0725470744020527
0.001,1.6,2.75,3,0.004680604712537411,0.004274328544426735,0.0020385824564278926,0.002028429959136272,0.4745610773839851,0.4745610773839851,2.156613152820058
0.001,1.6,2.75,2,0.004676848924477292,0.004248869182026605,0.002032854427645639,0.001979081622381155,0.46579019913180336,0.46579019913180336,2.2113202876131135
0.001,1.6,4.0,0,0.004480234648725927,0.004242215095009586,0.002001517852701172,0.0019974619000423916,0.4708535176333104,0.4708535176333104,0.9798658672606848
0.001,1.6,2.75,0,0.004675302582455348,0.00424878543081533,0.0019771029390103553,0.0019583166991124696,0.4609121197105673,0.4609121197105673,2.081183933206602
0.001,1.6,2.75,5,0.004648164289954241,0.004272379990779333,0.0020586834864161655,0.0020734395150286285,0.48531252358253096,0.48531252358253096,2.018852008785464
0.001,1.6,2.75,4,0.004681268710062363,0.004286014160839065,0.001958274326395069,0.0019465201105957673,0.45415624810131305,0.45415624810131305,2.0361681303096537
0.001,1.6,2.75,6,0.004681586541237782,0.004275325078126588,0.002002066396117698,0.0020071423460880497,0.4694712821621422,0.4694712821621422,2.1156629925738555
0.001,1.6,2.75,8,0.0046940348117868146,0.004257232515421598,0.00202271769046115,0.0020227548094946075,0.4751337405620402,0.4751337405620402,2.145055290088214
0.001,1.6,2.75,9,0.004681284220468503,0.004251260117370911,0.001991044384340646,0.0019836461549484303,0.4666019251193616,0.4666019251193616,2.379599274187803
0.001,1.6,4.0,3,0.004439424190923142,0.004190905927952388,0.0019752083887992064,0.0019628887732383075,0.46836860740449615,0.46836860740449615,0.9183507662754526
0.001,1.6,4.0,1,0.00445462249284708,0.004220509713125172,0.001966567630563985,0.0019759740874600077,0.468183755463236,0.468183755463236,1.1148289052460125
0.001,1.6,4.0,2,0.004438466957075348,0.004222877156587451,0.001946936039913358,0.001958993853612607,0.46390027011718454,0.46390027011718454,0.9646199890398326
0.001,1.6,4.0,5,0.004463158673224342,0.004240243188938066,0.0019513796278421086,0.0019513458347070584,0.4601966792371069,0.4601966792371069,0.9566531820523783
0.001,1.6,4.0,4,0.004469596530648213,0.004234582673066956,0.0020393580076068616,0.0020367156132757172,0.48097198012681547,0.48097198012681547,0.8913403244681817
0.001,1.6,2.75,7,0.0046636719542397335,0.004251133728338006,0.0019947459860936204,0.0019322265752016517,0.4545202994489335,0.4545202994489335,2.165949679685985
0.001,1.6,4.0,7,0.004453187400390154,0.004196824228470753,0.001983369981216596,0.001959107390557614,0.4668071103067086,0.4668071103067086,1.1150426762753014
0.001,1.6,4.0,6,0.0044789450127836646,0.004258284561882493,0.001991698948887925,0.002025246158203487,0.47560141384918875,0.47560141384918875,1.1625295585247075
0.001,1.6,4.0,8,0.004466788064109431,0.004239289334574355,0.0020298727447838577,0.0019935339591640347,0.4702519223930714,0.4702519223930714,0.9719286878380675
0.001,1.6,4.0,9,0.004477839460005657,0.004213944225454163,0.0020332603068727887,0.0020010163509970973,0.4748559173873345,0.4748559173873345,1.047314584012006
0.001,1.6,6.0,1,0.004310246639154968,0.004181522399595739,0.0019823858357434056,0.0019764153239585102,0.4726544868322566,0.4726544868322566,0.4276080748422819
0.001,1.6,6.0,0,0.004347997569163362,0.00420476855016217,0.0020021286525500515,0.001986267612324408,0.47238452928587504,0.47238452928587504,0.4876452496163588
0.001,1.6,6.0,2,0.00430572180854134,0.004178517478546363,0.00197113124839326,0.001984397857255724,0.4749047640566681,0.4749047640566681,0.4502938964408405
0.001,1.6,6.0,3,0.004337575271039818,0.0042079100982893225,0.0019963233037606663,0.0019913036814954957,0.4732286657704587,0.4732286657704587,0.4708238872070658
0.001,1.6,6.0,5,0.0043321931877531835,0.004234776534910518,0.001991828610219326,0.002004434320620807,0.4733270584874348,0.4733270584874348,0.44390981065416035
0.001,1.6,6.0,4,0.004338901013904991,0.004214040454704738,0.0020397417459896167,0.0020302257127193966,0.48177651224319984,0.48177651224319984,0.47896616797170255
0.001,1.6,6.0,6,0.004345838819068642,0.004220379491447472,0.002044047898329569,0.002055000992160106,0.4869232722613052,0.4869232722613052,0.40761084658309343
0.001,1.6,6.0,7,0.0043263608160296705,0.004169661349776061,0.0019923127068826392,0.0019805581127572834,0.47499255853563566,0.47499255853563566,0.513464652528357
0.001,1.6,6.0,8,0.00434296296027207,0.004211570780412077,0.002013100606308538,0.0020059183356480126,0.4762874566842126,0.4762874566842126,0.44618876033721433
0.001,1.6,6.0,9,0.00435117422186575,0.004217590960830684,0.0020442350679008054,0.0020106401458295756,0.47672715645083935,0.47672715645083935,0.4642925907530122
0.0011,0.8,2.0,2,0.005982118764403144,0.0033808385497053964,0.0021948916273968958,0.0021945691247372435,0.649119764955495,0.649119764955495,7.573788509091289
0.0011,0.8,2.0,8,0.005888030360911912,0.003405870446125571,0.002230177936702867,0.0022106027629232618,0.6490566208817442,0.6490566208817442,7.3760071025843885
0.0011,0.8,2.0,4,0.005941168655129182,0.003385051977895723,0.002239422940504433,0.0022259980577598575,0.6575964186947647,0.6575964186947647,7.437900866151292
0.0011,0.8,2.0,6,0.005938407822543492,0.0034176670875527403,0.0022149042150149964,0.0022077639826224753,0.6459856756274556,0.6459856756274556,7.288623607955348
0.0011,0.8,2.0,3,0.005951037548028412,0.003407142180225806,0.0021864934590451763,0.0021952307182577773,0.6443026448964598,0.6443026448964598,7.285111493542168
0.0011,0.8,2.0,7,0.005938262887977296,0.003392075016356577,0.0021932482068189366,0.0021949008514621907,0.6470673086174051,0.6470673086174051,7.263927017861519
0.0011,0.8,2.0,1,0.005912104940246525,0.0033916858921368815,0.002159621330956272,0.0021738407156575855,0.6409322044524558,0.6409322044524558,7.336890775460429
0.0011,0.8,2.0,5,0.005975654638690405,0.0034226763414586052,0.002164858865173559,0.0022209406871225084,0.6488900689265974,0.6488900689265974,7.355002846954072
0.0011,0.8,2.0,0,0.005955609355917817,0.0033919659446611902,0.002179357253182641,0.00221104569006683,0.6518478446244196,0.6518478446244196,7.36901891348313
0.0011,0.8,2.0,9,0.005969030759114533,0.0034032273271893065,0.0021995446090625538,0.0021859809870358135,0.6423258797822344,0.6423258797822344,7.299872086760345
0.0011,0.8,2.75,1,0.004848954069473648,0.0031559657114568367,0.0021459131020995954,0.0021870012169019513,0.6929736939037914,0.6929736939037914,8.340788564433609
0.0011,0.8,2.75,0,0.004838343263767575,0.0031516915649547083,0.002193749292324874,0.002213538327552702,0.7023334237925379,0.7023334237925379,8.512446119473719
0.0011,0.8,2.75,2,0.004800181977781629,0.003152383301427791,0.0022286340776512333,0.0022141630088521416,0.7023774703568862,0.7023774703568862,7.9880721637162395
0.0011,0.8,2.75,4,0.004822631621391617,0.0031370246841523237,0.0021645669262002083,0.002190483859252414,0.69826797038555,0.69826797038555,8.341891661721718
0.0011,0.8,2.75,8,0.004850000064223809,0.0031411891346632406,0.0021521925215974014,0.0021730317468512846,0.6917863438631339,0.6917863438631339,8.39188816469891
0.0011,0.8,2.75,6,0.004853862816496998,0.003154423133438487,0.0022146846807890056,0.00221088785979364,0.700885000606642,0.700885000606642,8.222835922555051
0.0011,0.8,2.75,5,0.004793974159536194,0.0031605979978552947,0.0022208926387247965,0.00221717765957267,0.7015057470381216,0.7015057470381216,8.008508890909736
0.0011,0.8,2.75,7,0.004804123795643087,0.0031647467986505046,0.0022094973113860124,0.002210601272535199,0.6985080997563003,0.6985080997563003,8.363162583844469
0.0011,0.8,2.75,3,0.004804278310325455,0.0031462682661148014,0.0022326399036797034,0.0022133404471347154,0.7034811592426222,0.7034811592426222,8.124811311187756
0.0011,0.8,2.75,9,0.004808476514711964,0.0031652585341142283,0.002240409045243597,0.0021967788360432094,0.6940282483616966,0.6940282483616966,7.92432511812655
0.0011,0.8,4.0,0,0.0038776187831814283,0.002947704226349477,0.0021921264184795756,0.0021996116102669574,0.7462117774926899,0.7462117774926899,6.72636147922592
0.0011,0.8,4.0,2,0.0038708237625475384,0.002945475094445329,0.002160573837998481,0.0021757016410301274,0.7386589841255609,0.7386589841255609,6.876398036821524
0.0011,0.8,4.0,4,0.0038444385476713674,0.002956654733219537,0.002180713166621636,0.0022171605642752365,0.7498882231206426,0.7498882231206426,6.422432462895495
0.0011,0.8,4.0,5,0.0038788634424874245,0.002968764331480858,0.0022090458765700875,0.0022184118516630543,0.7472509111413642,0.7472509111413642,6.624146396031531
0.0011,0.8,4.0,1,0.0038669167201540234,0.002923370789980126,0.0021862018069346515,0.0021777263151595483,0.744936743099343,0.744936743099343,6.579264965909061
0.0011,0.8,4.0,3,0.003822230767951091,0.002949915513427436,0.002172128815588239,0.0021875737349675915,0.741571656886506,0.741571656886506,6.334678287362916
0.0011,0.8,4.0,9,0.003862119219551231,0.0029404126689943893,0.002206385367951322,0.0022081915887933855,0.7509801641374981,0.7509801641374981,6.734318783597741
0.0011,0.8,4.0,6,0.003868697736149094,0.0029580706380558184,0.0022194328582316788,0.002215049439071714,0.7488155997949892,0.7488155997949892,6.693482367245233
0.0011,0.8,4.0,8,0.0038691242515373732,0.0029623228784632707,0.002185319465701177,0.0021643637156046674,0.7306305910608397,0.7306305910608397,6.6846172661828565
0.0011,0.8,4.0,7,0.003841489137033133,0.00295409198831133,0.0021757747404290784,0.002187027579629139,0.7403383470395335,0.7403383470395335,6.089351101235023
0.0011,0.8,6.0,0,0.003252431456584065,0.0028162187709462813,0.002202209901124884,0.0022154392137125343,0.7866715599541727,0.7866715599541727,3.1435819868915207
0.0011,0.8,6.0,1,0.003245487748287822,0.002793737494826035,0.002192077534717691,0.002194832442509856,0.7856258673460398,0.7856258673460398,3.4816732241170154
0.0011,0.8,6.0,2,0.0032641301543903933,0.002813310691740266,0.002213657307961561,0.0021861993737876642,0.7770913394692708,0.7770913394692708,3.1764212542029586
0.0011,0.8,6.0,3,0.003266374965499115,0.002811961269870324,0.0022033988543061307,0.0021953019502453253,0.7807013466962024,0.7807013466962024,3.3256429798323532
0.0011,0.8,6.0,6,0.003255737322611151,0.0027998739217389604,0.00218988258864084,0.002165956837524181,0.7735908466117423,0.7735908466117423,3.3128179435070857
0.0011,0.8,6.0,8,0.003262207946350132,0.002803060047622217,0.0021781807667669286,0.0021788144355977725,0.7772985232499817,0.7772985232499817,3.5509379709722504
0.0011,0.8,6.0,5,0.0032587137838093086,0.002827622077293586,0.002200880582867098,0.002209074692461557,0.7812482121288068,0.7812482121288068,3.026894421882
0.0011,0.8,6.0,7,0.003250229205173121,0.0028062183275411744,0.0021905783235488053,0.002179648769030634,0.7767210226085494,0.7767210226085494,3.092219213476718
0.0011,0.8,6.0,4,0.0032209323304518045,0.0028108909133815487,0.002189391056751891,0.0021935024093003718,0.7803584261694282,0.7803584261694282,2.75513128407397
0.0011,0.8,6.0,9,0.003246935471756633,0.002808376517593573,0.0021656262948549416,0.00220695865134605,0.7858485632251111,0.7858485632251111,3.1963204841192603
0.0011,1.1,2.0,1,0.005747067803004979,0.003988482982017577,0.0022156353834801947,0.0021698079416051725,0.5440183526889648,0.5440183526889648,5.756164587636253
0.0011,1.1,2.0,0,0.005762724538055993,0.00401272384443337,0.002146315443874875,0.0021652849803336575,0.5396047832540078,0.5396047832540078,5.884135642597775
0.0011,1.1,2.0,3,0.005709063028295711,0.004018669288254057,0.0022250939067467506,0.002236973573670132,0.5566453502925599,0.5566453502925599,5.699053385573951
0.0011,1.1,2.0,2,0.005720634429897198,0.003988311953108703,0.002164218209807175,0.002193875217456473,0.5500761332739907,0.5500761332739907,5.89217708221952
0.0011,1.1,2.0,5,0.00576646987289301,0.004007340332578118,0.002202708562503604,0.0022013887777558895,0.5493391114948374,0.5493391114948374,5.738958919109807
0.0011,1.1,2.0,4,0.005752209337349877,0.004011821227012843,0.002284293869747253,0.0022776139746031607,0.567725690084911,0.567725690084911,5.670057899107176
0.0011,1.1,2.0,9,0.005782936610947992,0.004026376299669481,0.0022265096571704654,0.002189653760849678,0.5438274015842541,0.5438274015842541,5.734090230461897
0.0011,1.1,2.0,7,0.005706681728216838,0.004000346031189931,0.0022171913313517276,0.0022041015902204922,0.55097773368492,0.55097773368492,5.680551949220185
0.0011,1.1,2.75,1,0.004994693004328027,0.0038525662838307393,0.002144821437733835,0.0021618549632695778,0.561146727661223,0.561146727661223,5.210759306897703
0.0011,1.1,2.0,8,0.005730899140381914,0.003969177423571607,0.0021734585586001445,0.0021572358242277134,0.5434969501279072,0.5434969501279072,5.760605467242183
0.0011,1.1,2.0,6,0.005753546010296285,0.0040520879334114855,0.0021968495189674106,0.002238546180880609,0.5524426462769181,0.5524426462769181,5.54385170429844
0.0011,1.1,2.75,0,0.005013868619522441,0.0038628332459320976,0.0022054270122039347,0.002203275687036456,0.570378151673179,0.570378151673179,5.074485040805751
0.0011,1.1,2.75,2,0.005036708872209231,0.0038589520337281875,0.0021886480605834402,0.002204092647564294,0.5711635253042752,0.5711635253042752,5.283765084086934
0.0011,1.1,2.75,3,0.00501229490921327,0.0038594333774258378,0.00221851647174857,0.002201654302776572,0.5704605022214504,0.5704605022214504,4.964388287010396
0.0011,1.1,2.75,4,0.005030723675263351,0.0038792265908996764,0.0022351066522148253,0.002237913924202543,0.5768969333867972,0.5768969333867972,5.30172227915021
0.0011,1.1,2.75,5,0.005034464175263119,0.00387026465989511,0.002205873056958923,0.002208538201228562,0.5706426808776475,0.5706426808776475,5.127712979918353
0.0011,1.1,2.75,8,0.004977143333898372,0.003855691966381889,0.0022034797766002276,0.0021921465171140936,0.5685481455021844,0.5685481455021844,4.716099917635873
0.0011,1.1,4.0,5,0.00438629293833327,0.0037552169583974196,0.0022061379992038607,0.0022248725973211298,0.5924751144793026,0.5924751144793026,3.2330144262176193
0.0011,1.1,4.0,1,0.004383149384617055,0.0037264947336423785,0.0021863513717906256,0.0022068939440175,0.5922171106519776,0.5922171106519776,3.497592162405021
0.0011,1.1,2.75,6,0.005022980606024663,0.003886419842176702,0.0021823304392537797,0.0022186422675032416,0.5708704559980392,0.5708704559980392,4.947495243221949
0.0011,1.1,4.0,3,0.004400995008430522,0.003746343759173046,0.0022271833286633463,0.0022160680116890506,0.5915282083399142,0.5915282083399142,3.396381498258771
0.0011,1.1,2.75,7,0.005025912165262878,0.0038802677244068723,0.0022343353885909867,0.002229470880462843,0.5745662513025784,0.5745662513025784,5.123447260690213
0.0011,1.1,4.0,0,0.0044224083968782595,0.0037359856724031226,0.002216978197349988,0.0021986585963891642,0.5885083052191971,0.5885083052191971,3.571511100178612
0.0011,1.1,2.75,9,0.005018017121340989,0.003855809010629528,0.002174217637076244,0.0021456000757622325,0.5564591165815876,0.5564591165815876,5.1674865779300525
0.0011,1.1,4.0,2,0.004408408377215632,0.0037069652860262296,0.0021922294712159113,0.00219740485740015,0.5927772956718759,0.5927772956718759,3.4035145517924787
0.0011,1.1,4.0,4,0.004401565239303911,0.0037475138297223065,0.0022127245122332655,0.0022111102868908493,0.5900205809393088,0.5900205809393088,3.2692920706048527
0.0011,1.1,4.0,7,0.004421313704817727,0.003756652033959694,0.0022288476447827753,0.002217544690758446,0.5902981353375565,0.5902981353375565,3.35908086592383
0.0011,1.1,4.0,9,0.004406349595830522,0.00374234792444254,0.0022145401789257103,0.002226055803932822,0.59482866074362,0.59482866074362,3.47897478931438
0.0011,1.1,4.0,6,0.004400089926007621,0.0037342790706244053,0.0022289104616737936,0.002197466541589283,0.5884580396991719,0.5884580396991719,3.434587916718584
0.0011,1.1,6.0,0,0.00400305320633241,0.0036524198911888207,0.002198023587290169,0.00221941095269338,0.6076549298309147,0.6076549298309147,1.6808989793422677
0.0011,1.1,6.0,1,0.003979509247243857,0.003621762673265044,0.002165626767560635,0.0021629591926212444,0.5972117412848925,0.5972117412848925,1.4851890555833238
0.0011,1.1,4.0,8,0.004413404898121017,0.0037384240153866565,0.0021946719213844345,0.0021737830845784097,0.5814704473413191,0.5814704473413191,3.155247293701816
0.0011,1.1,6.0,6,0.003988383854504686,0.003613796228367099,0.0022127482236484535,0.0021953774238246035,0.6074989526502963,0.6074989526502963,1.605041343882422
0.0011,1.1,6.0,2,0.00400503521998024,0.0036222355714545253,0.00218567416874092,0.0021894452246557254,0.6044458405493885,0.6044458405493885,1.7222518954647663
0.0011,1.1,6.0,5,0.003996389897157228,0.003666984666730549,0.0022337723743399316,0.002229751848233656,0.6080614049094683,0.6080614049094683,1.5362818667814855
0.0011,1.1,6.0,3,0.0039800999026655915,0.0036311639921674313,0.0021906665147486864,0.0021942175726337096,0.604273885004017,0.604273885004017,1.7378155711918053
0.0011,1.1,6.0,4,0.003980842054202085,0.0036370144119887895,0.00218078363525827,0.002194638507614511,0.6034175999908783,0.6034175999908783,1.5832886361416874
0.0011,1.1,6.0,9,0.004001881910966814,0.0036373741387135763,0.002193328572300584,0.0022045657086058293,0.6060871454333027,0.6060871454333027,1.6521791643897537
0.0011,1.1,6.0,8,0.004005538462439011,0.003634502192383116,0.0021796251959663167,0.002175574463083566,0.5985893935194074,0.5985893935194074,1.6249969349357771
0.0011,1.4,2.0,1,0.005311923426217322,0.00424455971462499,0.0021324087399712107,0.0021345265924162605,0.5028852780799781,0.5028852780799781,4.315819134121821
0.0011,1.4,2.0,0,0.005278485177100969,0.0042462122405877,0.002177046627410639,0.002152773907100492,0.5069868826911337,0.5069868826911337,4.408626221785026
0.0011,1.4,2.0,3,0.005291434488142193,0.004260717659471795,0.0022263687626611355,0.0022405532559566484,0.5258628792207771,0.5258628792207771,4.398682325792383
0.0011,1.1,6.0,7,0.0040008966986675295,0.0036341283811481624,0.0022072882932870413,0.0021981964015423917,0.6048758246806614,0.6048758246806614,1.6542170842157118
0.0011,1.4,2.0,2,0.0052677513809015085,0.004248946458571712,0.0021973925282180364,0.002202851516228961,0.5184465226162093,0.5184465226162093,4.37521381374333
0.0011,1.4,2.0,5,0.00527939923299816,0.004275842969741199,0.0022549153654553133,0.002229664567699208,0.5214561394040533,0.5214561394040533,4.396537284657567
0.0011,1.4,2.75,2,0.0048232531342205,0.0041777869735996715,0.0021445957629100667,0.002153703867771099,0.5155130889585358,0.5155130889585358,3.138092469559324
0.0011,1.4,2.75,1,0.004864303766135953,0.004181022716488256,0.002161227516853101,0.0021795182130753413,0.5212882973537087,0.5212882973537087,3.525316030877212
0.0011,1.4,2.75,4,0.004855602646962153,0.004189341539463456,0.0022367031662724884,0.0022306928839232413,0.5324686141987206,0.5324686141987206,2.857581424976763
0.0011,1.4,2.0,4,0.005250180053130946,0.004231383022911172,0.0021848320262761885,0.0021785154992821605,0.514847152216287,0.514847152216287,4.4463481944657435
0.0011,1.4,2.0,6,0.005257810606522986,0.0042717201056760076,0.0021779495990235046,0.0021912970815003516,0.5129776828282093,0.5129776828282093,4.219569356628571
0.0011,1.4,2.75,8,0.004858586014267761,0.004198769802826217,0.0022285663448563787,0.0021989571547737325,0.5237146254823499,0.5237146254823499,3.0611940168663505
0.0011,1.4,2.75,0,0.004862815683942432,0.004207030673153197,0.0022020955478825517,0.0022040646890263394,0.5239003136086903,0.5239003136086903,2.8733398031973323
0.0011,1.4,4.0,0,0.004528210330654114,0.004125635209182004,0.002164113927784729,0.0021265567666537773,0.5154495389996957,0.5154495389996957,1.7651423297050615
0.0011,1.4,2.0,7,0.005246058661631104,0.004232850519243939,0.002189472954313819,0.0021512044639088995,0.5082164971639825,0.5082164971639825,4.28545753129055
0.0011,1.4,2.75,6,0.0048730861893129295,0.004220599499392241,0.002196404327506278,0.002226076073963091,0.5274312510067922,0.5274312510067922,3.3329111827918068
0.0011,1.4,2.0,8,0.005300782440944947,0.004248910627089275,0.0022048261947973263,0.0021908349299959943,0.5156227377502713,0.5156227377502713,4.42399801820656
0.0011,1.4,4.0,2,0.004477082264993798,0.004102502582352707,0.0021559075650872824,0.002170460770868147,0.5290577464118082,0.5290577464118082,1.5640767535785587
0.0011,1.4,2.75,7,0.004832779857080431,0.004165105362291035,0.0021821127972705,0.002158942020189039,0.5183403137253418,0.5183403137253418,3.155093117562471
0.0011,1.4,2.0,9,0.005293353136393214,0.004257985005627387,0.002187696239903981,0.0021803807626932575,0.5120686803292283,0.5120686803292283,4.4968278418127134
0.0011,1.4,2.75,9,0.004884059467067282,0.004180060634773126,0.0022319400450950717,0.0021984086062175404,0.5259274441928902,0.5259274441928902,3.2601446887718373
0.0011,1.4,4.0,1,0.0044824592049575495,0.004112773451389799,0.002170312016798982,0.0021847059468777584,0.5312001676483048,0.5312001676483048,1.6564471771389222
0.0011,1.4,4.0,4,0.004511389142933196,0.004123202740132853,0.0022318037672857025,0.0022052412077556973,0.5348369572738115,0.5348369572738115,1.6454653498300642
0.0011,1.4,2.75,3,0.004836027866094424,0.0041585625201801596,0.0021844679087875862,0.002168729190941753,0.5215093389645128,0.5215093389645128,2.9700048648271675
0.0011,1.4,2.75,5,0.004869105092022826,0.0041950857263675125,0.0021375896553530414,0.0021493067666620473,0.512339176563887,0.512339176563887,3.171672774502876
0.0011,1.4,4.0,3,0.004512959706002845,0.00413071027346202,0.0021694962586869173,0.002168315788888371,0.5249256532995881,0.5249256532995881,1.7134497146313485
0.0011,1.4,4.0,6,0.0045116946739273125,0.004138498214882827,0.0022144469117994876,0.002217203415381422,0.5357507241172502,0.5357507241172502,1.6657134727744083
0.0011,1.4,4.0,5,0.004510642362994403,0.004134267587312346,0.002210610827015944,0.0022115336762339546,0.5349275608141404,0.5349275608141404,1.7199102565039057
0.0011,1.4,4.0,7,0.004517795913957041,0.004122686630669698,0.002194506107157646,0.0021752924287620334,0.5276395282094661,0.5276395282094661,1.8663610102488226
0.0011,1.4,6.0,0,0.004291852200042119,0.004108567491165096,0.0022168073132758127,0.002223000132960262,0.5410645286320633,0.5410645286320633,0.7760550367007255
0.0011,1.4,6.0,1,0.004270845546436619,0.004026361689821071,0.0021535149141127816,0.002154357787502665,0.5350631546462989,0.5350631546462989,0.8116126649787678
0.0011,1.4,6.0,5,0.004279480827665705,0.004082498054478445,0.0021975493269830266,0.002185116586277222,0.5352400802445402,0.5352400802445402,0.7529616089248101
0.0011,1.4,6.0,2,0.00426151226535097,0.004048798475593385,0.0021803767676066644,0.0021841174228508773,0.5394482921333289,0.5394482921333289,0.6743232297449344
0.0011,1.4,4.0,8,0.004505783586870539,0.004106120603394478,0.002180363539551895,0.002177501179061044,0.5303061915085814,0.5303061915085814,1.7489565817414618
0.0011,1.4,6.0,6,0.004295335962928533,0.004079551911447817,0.002237741846771557,0.0022245490941358004,0.5452925082025287,0.5452925082025287,0.8395293946642628
0.0011,1.4,6.0,4,0.004282758320464748,0.004079607695972253,0.0021840156561118494,0.0022210416018336506,0.544425289722455,0.544425289722455,0.8029996994450457
0.0011,1.4,4.0,9,0.004517902757773792,0.004136137158459985,0.0021956716167140216,0.0021638020897145668,0.5231456324625895,0.5231456324625895,1.7181370144696713
0.0011,1.4,6.0,3,0.0043009620346832235,0.004072467893933288,0.00220025371430766,0.0021835800542128365,0.5361810359427738,0.5361810359427738,0.8723584037435632
0.0011,1.6,2.0,1,0.004982870120891603,0.004322664730673071,0.0021550188836162994,0.0021656621925877475,0.5010016569687878,0.5010016569687878,3.3716375372705247
0.0011,1.4,6.0,7,0.004280086439217957,0.004078412095305219,0.0022335443334359595,0.0021930269724841508,0.5377158857999194,0.5377158857999194,0.7219027707951446
0.0011,1.4,6.0,9,0.004296514519390763,0.00409030646001709,0.002217136113071662,0.0022010059526641765,0.5381029451409322,0.5381029451409322,0.8279420242278146
0.0011,1.4,6.0,8,0.004278227940782972,0.004055731541977637,0.0021988649565761057,0.0021626931517594867,0.5332436650146041,0.5332436650146041,0.8263212179115524
0.0011,1.6,2.0,0,0.004973306962421174,0.004322526584630003,0.0021818871096641167,0.002202179496596289,0.5094658074346556,0.5094658074346556,3.2693543444011155
0.0011,1.6,2.0,5,0.00493838753380316,0.004348846923549281,0.002211097786689904,0.0022404311778604514,0.515178210970907,0.515178210970907,3.053789202405077
0.0011,1.6,2.0,2,0.0049285276259270015,0.0043131691294911395,0.002219379750852281,0.0022351641451117854,0.5182185251741998,0.5182185251741998,3.1204796611341177
0.0011,1.6,2.0,4,0.004950818079728941,0.004350903728700538,0.0021815732189573115,0.002166253518905885,0.49788587704579457,0.49788587704579457,3.0765399585493043
0.0011,1.6,2.0,3,0.00495738398432805,0.004350806416761653,0.00217901823946191,0.0021981590701489143,0.5052302629876658,0.5052302629876658,3.123608180747895
0.0011,1.6,2.0,6,0.004961334876881934,0.0043415265770135976,0.00218858238646719,0.002211713820130744,0.509432288596541,0.509432288596541,3.2807702397355794
0.0011,1.6,2.0,7,0.004960169147621345,0.004309033640148643,0.002214535954980951,0.002171914633144278,0.5040375208278385,0.5040375208278385,3.4235939368533597
0.0011,1.6,2.75,3,0.00470338064940911,0.0043042389996220945,0.002238582456427893,0.0022284299591362722,0.5177291408148862,0.5177291408148862,2.116121400602581
0.0011,1.6,2.0,8,0.004947484400002124,0.004357726275003576,0.0022137421997591574,0.002210032524882775,0.507152672153774,0.507152672153774,3.136077071411119
0.0011,1.6,2.0,9,0.004970302713401226,0.004316217800276703,0.002138213318559655,0.002126760689007076,0.4927371109193642,0.4927371109193642,3.553913419960505
0.0011,1.6,2.75,1,0.004709774843623113,0.0043009888335821785,0.0021345430234673357,0.002151346775234479,0.5001981773206977,0.5001981773206977,2.0339826758937525
0.0011,1.6,2.75,5,0.0046713216406724534,0.004305651057980783,0.0022586834864161656,0.0022734395150286286,0.5280129495897424,0.5280129495897424,1.9777787588899685
0.0011,1.6,2.75,6,0.004703982121322592,0.004303309021547807,0.0022020663961176976,0.0022071423460880498,0.5128942251268278,0.5128942251268278,2.0725055037749636
0.0011,1.6,2.75,4,0.004703198062282425,0.004316891844368248,0.002158274326395069,0.002146520110595767,0.4972374078345477,0.4972374078345477,1.9976530095234581
0.0011,1.6,2.75,2,0.004699595016376272,0.004274340213241151,0.0022328544276456388,0.002179081622381155,0.5098053766592432,0.5098053766592432,2.1710890106922527
0.0011,1.6,2.75,7,0.004686076178971383,0.004278506253742681,0.0021947459860936205,0.002132226575201652,0.4983577091505845,0.4983577091505845,2.1259152766484606
0.0011,1.6,2.75,0,0.004697457897570011,0.004280573334672548,0.002177102939010356,0.0021583166991124697,0.5042120600131186,0.5042120600131186,2.0388642874636504
0.0011,1.6,2.75,8,0.004716589156853882,0.0042916271580704275,0.00222271769046115,0.002222754809494607,0.5179282187444231,0.5179282187444231,2.1049402812115545
0.0011,1.6,2.75,9,0.004703564041621649,0.004278091455570039,0.002191044384340646,0.00218364615494843,0.5104253094228132,0.5104253094228132,2.3355938031846266
0.0011,1.6,4.0,1,0.004477750402393426,0.004245778532543938,0.002166567630563985,0.0021759740874600078,0.5125029651879256,0.5125029651879256,1.0909919165870772
0.0011,1.6,4.0,2,0.0044614655515414926,0.004248605630687946,0.0021469360399133585,0.002158993853612607,0.5081652761597966,0.5081652761597966,0.9420378808409517
0.0011,1.6,4.0,6,0.0045022335560909775,0.004282985078588866,0.002191698948887926,0.002225246158203487,0.5195549639730822,0.5195549639730822,1.1361331109143462
0.0011,1.6,4.0,0,0.0045036207464866414,0.004271634653689018,0.0022015178527011714,0.0021974619000423917,0.5144311436242905,0.5144311436242905,0.9563557027175347
0.0011,1.6,4.0,4,0.004493461419153625,0.004260557082133559,0.0022393580076068616,0.0022367156132757178,0.5249819613156403,0.5249819613156403,0.8716566800439045
0.0011,1.6,4.0,3,0.004462721437273272,0.004221742614109793,0.002175208388799207,0.0021628887732383075,0.5123213257979204,0.5123213257979204,0.8986874084038212
0.0011,1.6,4.0,5,0.004486075370773207,0.004263326506855058,0.0021513796278421087,0.0021513458347070585,0.5046167191858004,0.5046167191858004,0.9344568484739435
0.0011,1.6,4.0,9,0.004501595309054754,0.004243086531006086,0.002233260306872789,0.002201016350997097,0.5187300176212079,0.5187300176212079,1.0246129402898756
0.0011,1.6,4.0,7,0.004476518098353539,0.004228606729537341,0.002183369981216596,0.0021591073905576135,0.5105954581862582,0.5105954581862582,1.0901448832152063
0.0011,1.6,4.0,8,0.004490563606448787,0.004264360960003873,0.002229872744783858,0.0021935339591640348,0.5143874966818105,0.5143874966818105,0.9493371764685108
0.0011,1.6,6.0,1,0.0043343274553372235,0.004207007401190791,0.0021823858357434053,0.0021764153239585103,0.5173309947927539,0.5173309947927539,0.4171629137161408
0.0011,1.6,6.0,0,0.0043720980371151266,0.004231327223362742,0.0022021286525500516,0.0021862676123244086,0.5166860176289856,0.5166860176289856,0.4756768653585013
0.0011,1.6,6.0,8,0.004367220640488121,0.004237449840233764,0.0022131006063085385,0.0022059183356480127,0.5205768608051111,0.5205768608051111,0.43286087263497475
0.0011,1.6,6.0,4,0.0043634851615364355,0.004245904223475577,0.002239741745989617,0.002230225712719397,0.5252651956651527,0.5252651956651527,0.4663717010500914
0.0011,1.6,6.0,9,0.004375743207805666,0.004247305821064091,0.0022442350679008054,0.002210640145829576,0.5204805679087496,0.5204805679087496,0.45173006966652185
0.0012,0.8,2.0,0,0.005974709988932259,0.003455105513776611,0.00237935725318264,0.0024110456900668297,0.6978211462582602,0.6978211462582602,7.270131622826488
0.0011,1.6,6.0,5,0.004356263145986548,0.004257058086330277,0.0021918286102193263,0.0022044343206208067,0.5178304537820156,0.5178304537820156,0.4298390117301154
0.0012,0.8,2.0,3,0.005970205953022922,0.0034738626367752756,0.002386493459045175,0.002395230718257777,0.6895006995674494,0.6895006995674494,7.187371575744695
0.0011,1.6,6.0,6,0.004370435701253736,0.004247558076181279,0.0022440478983295695,0.0022550009921601063,0.5308935043891008,0.5308935043891008,0.39613886766469886
0.0011,1.6,6.0,3,0.004361658506539442,0.0042299904284175075,0.002196323303760667,0.002191303681495496,0.5180398676020858,0.5180398676020858,0.45737424074262956
0.0011,1.6,6.0,2,0.0043297050316772195,0.004206619209906187,0.0021711312483932597,0.002184397857255724,0.519276347170116,0.519276347170116,0.4385682107372575
0.0011,1.6,6.0,7,0.004350474507657353,0.004208923953667277,0.0021923127068826393,0.0021805581127572835,0.5180797127154891,0.5180797127154891,0.5005853274494982
0.0012,0.8,2.0,4,0.005960821313804361,0.003449161854189525,0.0024394229405044327,0.002425998057759857,0.703358717368719,0.703358717368719,7.339703909959491
0.0012,0.8,2.0,5,0.005994570698519929,0.0034856381222048475,0.002364858865173559,0.002420940687122508,0.694547340327784,0.694547340327784,7.257489341349643
0.0012,0.8,2.0,1,0.005931177859437666,0.0034530746902837603,0.002359621330956271,0.002373840715657585,0.6874571008663911,0.6874571008663911,7.2415155089203385
0.0012,0.8,2.0,6,0.005957865838587659,0.003484008965111515,0.002414904215014996,0.002407763982622475,0.6910900651328858,0.6910900651328858,7.196112533838713
0.0012,0.8,2.0,2,0.006001268655889361,0.0034493834139602236,0.0023948916273968954,0.002394569124737243,0.6942020753755662,0.6942020753755662,7.478641937235663
0.0012,0.8,2.0,8,0.0059077826579313,0.0034676340409841044,0.0024301779367028663,0.0024106027629232614,0.6951721936145082,0.6951721936145082,7.279869694510666
0.0012,0.8,2.0,7,0.0059575406114448235,0.0034572247386793747,0.002393248206818936,0.00239490085146219,0.6927235087346443,0.6927235087346443,7.171937634704781
0.0012,0.8,2.75,1,0.0048720499979774245,0.0032128523506390664,0.0023459131020995955,0.002387001216901951,0.7429539102309367,0.7429539102309367,8.178039090839865
0.0012,0.8,2.0,9,0.0059882609996705985,0.0034684688989542415,0.002399544609062553,0.002385980987035813,0.6879061212730484,0.6879061212730484,7.203792780972929
0.0012,0.8,2.75,0,0.004861983239431622,0.0032144022907394164,0.002393749292324873,0.0024135383275527018,0.7508513587443686,0.7508513587443686,8.343309702176105
0.0012,0.8,2.75,3,0.004828479384172634,0.0032134508941968616,0.0024326399036797026,0.002413340447134715,0.7510120822113517,0.7510120822113517,7.961825376728186
0.0012,0.8,2.75,6,0.004877646991419394,0.003221738400678074,0.0024146846807890053,0.0024108878597936395,0.7483189383986681,0.7483189383986681,8.059301962098177
0.0012,0.8,2.75,8,0.004873160911220271,0.0032049598258399852,0.002352192521597401,0.002373031746851284,0.7404248027443958,0.7404248027443958,8.226151336361204
0.0012,0.8,2.75,2,0.004824375784204705,0.003214585272340114,0.0024286340776512325,0.002414163008852141,0.7510029457376032,0.7510029457376032,7.834022849054266
0.0012,0.8,2.75,4,0.004846049635534997,0.003203559117793851,0.002364566926200208,0.0023904838592524137,0.7461962683862172,0.7461962683862172,8.176531970586408
0.0012,0.8,2.75,5,0.004818113710078107,0.003223157630755332,0.0024208926387247957,0.00241717765957267,0.7499408767687901,0.7499408767687901,7.8468915851506456
0.0012,0.8,4.0,4,0.0038739828901327845,0.0030196453731579074,0.0023807131666216353,0.002417160564275236,0.8004782898554077,0.8004782898554077,6.212186760074188
0.0012,0.8,2.75,7,0.004828100491794325,0.003228212272250904,0.0024094973113860116,0.0024106012725351985,0.7467294803555102,0.7467294803555102,8.195439883083202
0.0012,0.8,4.0,0,0.0039070552421005805,0.003008832795564768,0.0023921264184795753,0.002399611610266957,0.7975224192597721,0.7975224192597721,6.52355689707303
0.0012,0.8,2.75,9,0.004832750169879833,0.0032294946421882642,0.002440409045243597,0.002396778836043209,0.7421529067529843,0.7421529067529843,7.765414827263193
0.0012,0.8,4.0,1,0.0038963557394242057,0.0029861648307972022,0.0023862018069346507,0.002377726315159548,0.7962475114023688,0.7962475114023688,6.379322376742504
0.0012,0.8,4.0,2,0.0038999135271199775,0.0030146426893850136,0.002360573837998481,0.002375701641030127,0.7880541363642567,0.7880541363642567,6.665360293733631
0.0012,0.8,4.0,3,0.0038518208253151692,0.0030116681931172578,0.0023721288155882387,0.0023875737349675916,0.7927744963485865,0.7927744963485865,6.137924397321338
0.0012,0.8,4.0,5,0.0039085072220911826,0.0030358854028038375,0.002409045876570087,0.002418411851663054,0.7966084126329319,0.7966084126329319,6.408893929672015
0.0012,0.8,4.0,6,0.003898557797088985,0.003019358346943088,0.0024194328582316776,0.0024150494390717137,0.7998551882776023,0.7998551882776023,6.487819918029697
0.0012,0.8,6.0,0,0.0032876240210605178,0.002875034088868035,0.0024022099011248832,0.002415439213712534,0.8401428084157242,0.8401428084157242,2.998072799275019
0.0012,0.8,4.0,7,0.0038709967010791073,0.003010420477707865,0.002375774740429078,0.002387027579629139,0.79292165240871,0.79292165240871,5.8891061464268155
0.0012,0.8,4.0,8,0.003898542224906205,0.0030217721090207064,0.0023853194657011767,0.002364363715604667,0.7824427621614749,0.7824427621614749,6.483007280179136
0.0012,0.8,6.0,1,0.003280597693495634,0.0028550826598288293,0.0023920775347176897,0.0023948324425098555,0.8387961848549187,0.8387961848549187,3.3251728503353037
0.0012,0.8,4.0,9,0.003891862086529814,0.0030065833723514237,0.0024063853679513214,0.002408191588793385,0.8009728288059941,0.8009728288059941,6.527461763584714
0.0012,0.8,6.0,2,0.003299379143311438,0.0028694122008767705,0.002413657307961561,0.002386199373787664,0.8315986713440972,0.8315986713440972,3.0384548909912947
0.0012,0.8,6.0,3,0.003301424867691385,0.0028705549195766024,0.0024033988543061303,0.002395301950245325,0.8344386424763559,0.8344386424763559,3.182157670007233
0.0012,0.8,6.0,4,0.0032562721656846207,0.002867120186697891,0.0023893910567518908,0.0023935024093003714,0.8348106299851374,0.8348106299851374,2.623048956596378
0.0012,1.1,2.0,2,0.005740389500928419,0.004035177087252286,0.0023642182098071738,0.0023938752174564727,0.5932515886400808,0.5932515886400808,5.808688684804627
0.0012,0.8,6.0,5,0.0032938194088902558,0.0028880990979960846,0.0024008805828670977,0.0024090746924615566,0.834138514891369,0.834138514891369,2.8896547888210513
0.0012,0.8,6.0,7,0.0032852772956118476,0.002866653434020462,0.002390578323548804,0.0023796487690306337,0.8301138675466578,0.8301138675466578,2.9507247040017948
0.0012,0.8,6.0,6,0.0032907144164283477,0.0028599893312594403,0.0023898825886408395,0.002365956837524181,0.8272607214525152,0.8272607214525152,3.1622230156565143
0.0012,1.1,2.0,1,0.005767172082183062,0.004036740763946894,0.0024156353834801944,0.002369807941605172,0.5870597296637176,0.5870597296637176,5.675002649176003
0.0012,1.1,2.0,0,0.005782176703324856,0.004058202174666435,0.0023463154438748746,0.002365284980333657,0.5828405975185483,0.5828405975185483,5.804759264796125
0.0012,0.8,6.0,8,0.0032969373504117207,0.002855516931641958,0.0023781807667669283,0.002378814435597772,0.8330591246853243,0.8330591246853243,3.3970848240996165
0.0012,1.1,2.0,6,0.00577347072431666,0.004096587021839015,0.0023968495189674094,0.002438546180880609,0.5952628780691473,0.5952628780691473,5.467994853765022
0.0012,0.8,6.0,9,0.0032816367734706986,0.0028682458165085077,0.0023656262948549413,0.00240695865134605,0.8391744659723834,0.8391744659723834,3.0462961171749923
0.0012,1.1,2.0,3,0.005729377767045443,0.004066843648346515,0.0024250939067467503,0.0024369735736701316,0.5992297182757318,0.5992297182757318,5.620157874028628
0.0012,1.1,2.0,4,0.005772893936236671,0.004063320183509025,0.0024842938697472523,0.0024776139746031604,0.6097511056742588,0.6097511056742588,5.586584399681703
0.0012,1.1,2.0,8,0.005750698043814071,0.004012662458381019,0.0023734585586001437,0.002357235824227713,0.5874493179221415,0.5874493179221415,5.678786969611373
0.0012,1.1,2.0,5,0.005786396834043514,0.004050892999021174,0.0024027085625036035,0.002401388777755889,0.5928047910266062,0.5928047910266062,5.658599248935003
0.0012,1.1,2.0,7,0.005726948110594509,0.004044209071480769,0.0024171913313517273,0.002404101590220492,0.5944553181421555,0.5944553181421555,5.599956173561505
0.0012,1.1,2.75,1,0.00501710720363503,0.003897502538101613,0.002344821437733835,0.0023618549632695774,0.6059918987044418,0.6059918987044418,5.1180742692511725
0.0012,1.1,2.0,9,0.005803015922529213,0.004073845727025331,0.002426509657170465,0.002389653760849678,0.5865842550190461,0.5865842550190461,5.65536893573382
0.0012,1.1,2.75,0,0.005036800719270017,0.003906396024620156,0.002405427012203935,0.002403275687036456,0.6152155777063443,0.6152155777063443,4.981822832424056
0.0012,1.1,2.75,2,0.0050593766907423374,0.003898607687488246,0.00238864806058344,0.0024040926475642935,0.616654159709303,0.616654159709303,5.186031684830601
0.0012,1.1,2.75,6,0.005045647119162265,0.0039322974185761195,0.0023823304392537794,0.0024186422675032413,0.6150710411876803,0.6150710411876803,4.856268913320863
0.0012,1.1,2.75,3,0.0050353561787838405,0.003908513484259997,0.00241851647174857,0.0024016543027765716,0.6144674471377138,0.6144674471377138,4.873221673837193
0.0012,1.1,2.75,7,0.005049081679561242,0.003927224658474776,0.0024343353885909864,0.002429470880462843,0.6186228422711068,0.6186228422711068,5.029632579473189
0.0012,1.1,2.75,8,0.005000228056848988,0.00389866782173719,0.002403479776600227,0.0023921465171140932,0.6135804912069136,0.6135804912069136,4.628477319341485
0.0012,1.1,2.75,4,0.005053875234102273,0.003923264925991705,0.0024351066522148245,0.0024379139242025425,0.6213992606136068,0.6213992606136068,5.208077869924304
0.0012,1.1,2.75,9,0.005040625444473725,0.003900125318952736,0.0023742176370762443,0.002345600075762232,0.6014165915038018,0.6014165915038018,5.072666473032902
0.0012,1.1,4.0,2,0.0044343295754140895,0.003750471999330991,0.0023922294712159105,0.0023974048574001497,0.6392275046521608,0.6392275046521608,3.3201292684375066
0.0012,1.1,4.0,3,0.004427339473844976,0.003783493716973531,0.002427183328663346,0.0024160680116890503,0.6385812141963054,0.6385812141963054,3.3146887344839095
0.0012,1.1,4.0,0,0.0044485204056776756,0.0037792355418093285,0.0024169781973499872,0.002398658596389164,0.6346941252676709,0.6346941252676709,3.4867459757637365
0.0012,1.1,2.75,5,0.005057307527599385,0.0039153052570504564,0.002405873056958922,0.0024085382012285616,0.6151597495218041,0.6151597495218041,5.032309656253949
0.0012,1.1,4.0,4,0.004427754834736498,0.0037839924773410256,0.0024127245122332647,0.002411110286890849,0.6371868605259787,0.6371868605259787,3.193092619804662
0.0012,1.1,4.0,1,0.004409144657056603,0.003770024166449648,0.002386351371790625,0.0024068939440175,0.6384293144423391,0.6384293144423391,3.416060738385598
0.0012,1.1,4.0,5,0.00441249613316615,0.0037954122961904677,0.0024061379992038603,0.0024248725973211294,0.6388957004104727,0.6388957004104727,3.1540994478677167
0.0012,1.1,4.0,7,0.004447572238638862,0.0038021796720163863,0.002428847644782775,0.002417544690758446,0.6358312597774646,0.6358312597774646,3.2801435975740256
0.0012,1.1,6.0,1,0.0040078647888809075,0.003659045710554487,0.002365626767560635,0.002362959192621244,0.6457856445480601,0.6457856445480601,1.439373734825617
0.0012,1.1,6.0,0,0.004031647029926775,0.003688407049119106,0.0023980235872901683,0.00241941095269338,0.6559500945729952,0.6559500945729952,1.6279612816605962
0.0012,1.1,4.0,6,0.004426473742102687,0.0037756092592624436,0.0024289104616737928,0.0023974665415892825,0.6349879918605831,0.6349879918605831,3.3524050572870694
0.0012,1.1,4.0,8,0.004439322803309631,0.003776484988488594,0.0023946719213844337,0.0023737830845784093,0.6285694479957229,0.6285694479957229,3.0800166549550934
0.0012,1.1,4.0,9,0.004432534019124414,0.003792161926598161,0.00241454017892571,0.0024260558039328217,0.6397553297807529,0.6397553297807529,3.397976744363957
0.0012,1.1,6.0,2,0.0040334682310228225,0.003661446463803184,0.0023856741687409196,0.002389445224655725,0.6525959749180061,0.6525959749180061,1.6701469330234593
0.0012,1.1,6.0,4,0.004009382270685433,0.0036859176827991795,0.002380783635258269,0.0023946385076145105,0.6496722698907267,0.6496722698907267,1.532195674494207
0.0012,1.1,6.0,7,0.004029628073083163,0.0036836235713000485,0.00240728829328704,0.0023981964015423914,0.6510427450370572,0.6510427450370572,1.601911669314
0.0012,1.1,6.0,3,0.004008755855892134,0.0036702189425294016,0.002390666514748686,0.0023942175726337092,0.6523364437173572,0.6523364437173572,1.6841080181686312
0.0012,1.1,6.0,9,0.004030431596906356,0.0036749486952456596,0.0023933285723005833,0.002404565708605829,0.6543127286964997,0.6543127286964997,1.6015890121348821
0.0012,1.1,6.0,5,0.004025475294165748,0.0037075764328013353,0.002433772374339931,0.0024297518482336556,0.6553477432689923,0.6553477432689923,1.4894647701281265
0.0012,1.1,6.0,8,0.004033891174760212,0.0036772423243138907,0.002379625195966316,0.0023755744630835655,0.6460206463349696,0.6460206463349696,1.5736148883838652
0.0012,1.1,6.0,6,0.0040172712215107076,0.00365028739943422,0.002412748223648453,0.002395377423824603,0.6562161171736443,0.6562161171736443,1.555385159058722
0.0012,1.4,2.0,1,0.005332888159323752,0.004276677595962348,0.00233240873997121,0.00233452659241626,0.5458738799062873,0.5458738799062873,4.243173457777474
0.0012,1.4,2.0,4,0.005271891320781628,0.0042705146298097725,0.0023848320262761877,0.00237851549928216,0.5569622646130847,0.5569622646130847,4.373811012059875
0.0012,1.4,2.0,9,0.005314917144495295,0.004291570999974938,0.0023876962399039803,0.002380380762693257,0.5546641923685192,0.5546641923685192,4.426327211730129
0.0012,1.4,2.0,7,0.005267834276782466,0.004267603022467501,0.002389472954313818,0.002351204463908899,0.5509426372440442,0.5509426372440442,4.211598657253112
0.0012,1.4,2.0,0,0.00530000485034992,0.00428047809930251,0.0023770466274106385,0.002352773907100492,0.5496521305608055,0.5496521305608055,4.336108114163397
0.0012,1.4,2.0,8,0.005322476300451215,0.004280139511030601,0.0024048261947973264,0.002390834929995994,0.5585880842982879,0.5585880842982879,4.35170977304331
0.0012,1.4,2.0,3,0.005313358193020892,0.004300578856418828,0.0024263687626611347,0.002440553255956648,0.5674941298457998,0.5674941298457998,4.324196898222379
0.0012,1.4,2.0,2,0.005289511816835489,0.004288759575866687,0.002397392528218036,0.0024028515162289607,0.5602672459771505,0.5602672459771505,4.2995473893135845
0.0012,1.4,2.0,5,0.005301649664768273,0.004316502642617954,0.0024549153654553134,0.0024296645676992077,0.5628780447648745,0.5628780447648745,4.323419693618763
0.0012,1.4,2.75,0,0.004886422645219357,0.004239207004520524,0.002402095547882551,0.002404064689026339,0.5671024525253754,0.5671024525253754,2.815474486790233
0.0012,1.4,2.0,6,0.005279427525440632,0.0043054449726364,0.0023779495990235043,0.0023912970815003513,0.555412296916679,0.555412296916679,4.145072132888534
0.0012,1.4,2.75,1,0.004887483776903625,0.004215017981743901,0.0023612275168531003,0.002379518213075341,0.5645333479908076,0.5645333479908076,3.4583143691847953
0.0012,1.4,2.75,2,0.0048464648938587275,0.004215604399731909,0.0023445957629100655,0.002353703867771099,0.5583312959633456,0.5583312959633456,3.0735168547001495
0.0012,1.4,2.75,4,0.004879601507978617,0.004229438725955461,0.0024367031662724877,0.002430692883923241,0.5747081448435288,0.5747081448435288,2.8004713458728094
0.0012,1.4,2.75,3,0.00485957552801083,0.004194279137908997,0.0023844679087875855,0.002368729190941753,0.5647523955982223,0.5647523955982223,2.9135215362136258
0.0012,1.4,4.0,1,0.00450770398408934,0.004145413283083778,0.0023703120167989818,0.002384705946877758,0.5752637394705726,0.5752637394705726,1.6160137338402185
0.0012,1.4,2.75,5,0.0048920228590788204,0.0042272288907927585,0.0023375896553530407,0.002349306766662047,0.5557557509552001,0.5557557509552001,3.1078857718090926
0.0012,1.4,2.75,7,0.004856333145519208,0.004198422043057142,0.0023821127972704992,0.0023589420201890385,0.5618639565047968,0.5618639565047968,3.090507386716123
0.0012,1.4,2.75,9,0.004907873046152328,0.004219858513004654,0.0024319400450950714,0.00239840860621754,0.5683623275107884,0.5683623275107884,3.195363957623475
0.0012,1.4,4.0,2,0.004502204783882673,0.004136374707364309,0.002355907565087282,0.0023704607708681467,0.5730768942784201,0.5730768942784201,1.5282907696908028
0.0012,1.4,4.0,7,0.004543118941877066,0.004151599999789756,0.002394506107157646,0.002375292428762033,0.5721390376920517,0.5721390376920517,1.8239443112142517
0.0012,1.4,2.75,6,0.004896590344687079,0.004252984926558554,0.0023964043275062777,0.0024260760739630905,0.5704407882597956,0.5704407882597956,3.2683281662160617
0.0012,1.4,4.0,9,0.004543236692937291,0.004170989300445653,0.002395671616714021,0.0023638020897145664,0.5667245632737548,0.5667245632737548,1.6740838260500253
0.0012,1.4,4.0,4,0.004537155049929309,0.004160656434385872,0.002431803767285702,0.002405241207755697,0.5780917616454719,0.5780917616454719,1.6052024822624293
0.0012,1.4,2.75,8,0.004882488230130705,0.004237844715221194,0.0024285663448563783,0.002398957154773732,0.5660795323994119,0.5660795323994119,3.0004142229630535
0.0012,1.4,4.0,6,0.0045372702130976736,0.004173592709669381,0.0024144469117994873,0.0024172034153814217,0.579166100655017,0.579166100655017,1.6242542759116807
0.0012,1.4,4.0,0,0.004553135349702769,0.0041576054487675596,0.0023641139277847285,0.002326556766653777,0.559590561279315,0.559590561279315,1.7271881195691758
0.0012,1.4,4.0,3,0.00453801915357375,0.00415999981404161,0.0023694962586869165,0.0023683157888883706,0.5693067054701271,0.5693067054701271,1.6751939319414264
0.0012,1.4,4.0,8,0.004531015249851708,0.004135860862323424,0.002380363539551895,0.0023775011790610435,0.5748503777579748,0.5748503777579748,1.7065758984655508
0.0012,1.4,4.0,5,0.004536176592968521,0.0041630914303703035,0.0024106108270159432,0.0024115336762339542,0.5792651246238544,0.5792651246238544,1.6769075312805617
0.0012,1.4,6.0,0,0.004318751670793202,0.00413863442681808,0.002416807313275812,0.0024230001329602615,0.5854588453764795,0.5854588453764795,0.7535523483848565
0.0012,1.4,6.0,1,0.004297138259520794,0.004066049029341363,0.002353514914112781,0.0023543577875026647,0.5790283812401628,0.5790283812401628,0.7898289274689532
0.0012,1.4,6.0,2,0.004288183289558581,0.004078563929934589,0.002380376767606663,0.002384117422850877,0.5845482537009327,0.5845482537009327,0.6546808134275399
0.0012,1.4,6.0,3,0.004327604515381446,0.004100928024940725,0.0024002537143076592,0.002383580054212836,0.5812294289771859,0.5812294289771859,0.8490571048065556
0.0012,1.4,6.0,4,0.004309336922901938,0.004109561370862109,0.0023840156561118486,0.0024210416018336503,0.589124089738502,0.589124089738502,0.7772909972407667
0.0012,1.4,6.0,5,0.0043062343045056324,0.00411966834110205,0.0023975493269830263,0.0023851165862772217,0.578958398781971,0.578958398781971,0.7301725363149392
0.0012,1.4,6.0,6,0.004322461400368565,0.004117704058930066,0.0024377418467715567,0.0024245490941358,0.588810914878081,0.588810914878081,0.8170032760582102
0.0012,1.6,2.0,1,0.005005439094410741,0.004359154722520527,0.0023550188836162986,0.002365662192587747,0.5426882832045673,0.5426882832045673,3.3068994975725143
0.0012,1.4,6.0,8,0.004305008447372673,0.0040909401446711435,0.0023988649565761058,0.0023626931517594864,0.5775428307933396,0.5775428307933396,0.8040685996717736
0.0012,1.4,6.0,7,0.004307260560482159,0.004112650897316756,0.002433544333435959,0.0023930269724841504,0.5818697069681865,0.5818697069681865,0.7004407354867541
0.0012,1.6,2.0,2,0.00495200099443679,0.00435421164959787,0.0024193797508522807,0.002435164145111785,0.5592663703742291,0.5592663703742291,3.058874055717368
0.0012,1.6,2.0,4,0.004973803508039737,0.0043848331016689435,0.002381573218957311,0.002366253518905885,0.5396450592395975,0.5396450592395975,3.019541538621154
0.0012,1.6,2.0,7,0.004983445670476807,0.004336113758248992,0.0024145359549809504,0.0023719146331442776,0.5470139312263116,0.5470139312263116,3.3624133483679435
0.0012,1.6,2.0,9,0.004992766555108494,0.004352689415099365,0.002338213318559655,0.0023267606890070756,0.5345570214441683,0.5345570214441683,3.4899147818304472
0.0012,1.6,2.0,6,0.004984344450781452,0.00437203829913396,0.002388582386467189,0.0024117138201307435,0.551622299513815,0.551622299513815,3.2218483426682436
0.0012,1.6,2.0,5,0.004961725876509287,0.004381913963214682,0.0024110977866899034,0.002440431177860451,0.5569327007210543,0.5569327007210543,2.9923476416575916
0.0012,1.4,6.0,9,0.0043233942295663515,0.004125262012952544,0.0024171361130716617,0.002401005952664176,0.5820250798920095,0.5820250798920095,0.8051044859794407
0.0012,1.6,2.0,3,0.004980303215783464,0.004386497395127832,0.0023790182394619096,0.002398159070148914,0.5467138935982491,0.5467138935982491,3.06429740553967
0.0012,1.6,2.75,1,0.004733429841869515,0.0043319519851462256,0.0023345430234673354,0.002351346775234479,0.5427915136864355,0.5427915136864355,1.9923659387744221
0.0012,1.6,2.0,0,0.004996189719586341,0.004353665318408885,0.0023818871096641164,0.0024021794965962888,0.5517602573718742,0.5517602573718742,3.2024421274778803
0.0012,1.6,2.0,8,0.00497081008306417,0.004388709623058511,0.0024137421997591575,0.0024100325248827747,0.5491437647686548,0.5491437647686548,3.077127894114425
0.0012,1.6,2.75,0,0.004721627047745453,0.004309099850801751,0.002377102939010355,0.0023583166991124694,0.5472875497822778,0.5472875497822778,1.993599174502811
0.0012,1.6,2.75,2,0.004724348634949035,0.004299983970952445,0.002432854427645639,0.0023790816223811548,0.5532768583447043,0.5532768583447043,2.127565827379053
0.0012,1.6,2.75,6,0.004728386825242598,0.004335518721155476,0.0024020663961176977,0.0024071423460880494,0.5552143816937579,0.5552143816937579,2.026376651364534
0.0012,1.6,2.75,4,0.004727141225498274,0.004346790509936939,0.0023582743263950686,0.002346520110595767,0.5398282031838265,0.5398282031838265,1.9561386810342674
0.0012,1.6,2.75,3,0.004728161007183431,0.004337205930126487,0.002438582456427892,0.002428429959136272,0.5599065385086409,0.5599065385086409,2.072466517690539
0.0012,1.6,2.75,8,0.004741145613367088,0.004325551300211836,0.0024227176904611496,0.002422754809494607,0.5601031270571122,0.5601031270571122,2.061690163024571
0.0012,1.6,2.75,9,0.004727854303554201,0.0043162686321484055,0.0023910443843406454,0.0023836461549484296,0.5522469424619615,0.5522469424619615,2.2881328963852106
0.0012,1.6,2.75,5,0.004696493957778767,0.004337941616432484,0.002458683486416165,0.0024734395150286283,0.5701873685111468,0.5701873685111468,1.9337788408726633
0.0012,1.6,4.0,5,0.0045110923447394665,0.00429153028915094,0.002351379627842108,0.002351345834707058,0.5479038189830092,0.5479038189830092,0.9104929158717003
0.0012,1.6,2.75,7,0.004710497186370791,0.0043023247022345255,0.00239474598609362,0.0023322265752016517,0.5420852066303476,0.5420852066303476,2.082651764038258
0.0012,1.6,4.0,6,0.004527611343349257,0.00431738116791443,0.002391698948887925,0.0024252461582034866,0.5617401067636182,0.5617401067636182,1.1077141319696207
0.0012,1.6,4.0,7,0.004501949630560439,0.004256448120100348,0.002383369981216595,0.002359107390557613,0.5542431915044687,0.5542431915044687,1.0632303385910742
0.0012,1.6,6.0,0,0.004398339964972099,0.004261843787479176,0.0024021286525500512,0.0023862676123244083,0.5599143777477245,0.5599143777477245,0.4623746838415599
0.0012,1.6,4.0,2,0.004486575537886887,0.00427838391096795,0.0023469360399133578,0.0023589938536126066,0.5513749824005166,0.5513749824005166,0.9176598921773165
0.0012,1.6,4.0,0,0.0045290939453001885,0.004304236956365268,0.0024015178527011715,0.0023974619000423913,0.5570004449910534,0.5570004449910534,0.931087019889564
0.0012,1.6,6.0,1,0.004360568328683771,0.00423868696942397,0.002382385835743405,0.00237641532395851,0.5606489323464857,0.5606489323464857,0.4054235529943191
0.0012,1.6,4.0,3,0.00448812500102753,0.004254108584911269,0.002375208388799206,0.002362888773238307,0.5554368738069227,0.5554368738069227,0.8771910707020787
0.0012,1.6,4.0,8,0.004516428388645993,0.004293301724718779,0.0024298727447838574,0.0023935339591640344,0.5575042502564425,0.5575042502564425,0.9249370566092607
0.0012,1.6,4.0,1,0.0045029800174746955,0.004281473207702556,0.0023665676305639847,0.0023759740874600074,0.5549431170526834,0.5549431170526834,1.06509964016439
0.0012,1.6,4.0,9,0.00452743562125347,0.0042730739341475124,0.002433260306872788,0.0024010163509970966,0.5618944085684547,0.5618944085684547,0.9999563088262118
0.0012,1.6,6.0,2,0.004355852417282453,0.004235223161921533,0.0023711312483932594,0.0023843978572557238,0.5629922594619348,0.5629922594619348,0.42555795232019067
0.0012,1.6,4.0,4,0.004519413101229143,0.004288201438266131,0.002439358007606861,0.0024367156132757174,0.5682372081524618,0.5682372081524618,0.850206985706337
0.0012,1.6,6.0,5,0.004382482675239559,0.004284365215674463,0.002391828610219326,0.0024044343206208064,0.561211334604277,0.561211334604277,0.41462592820846167
0.0012,1.6,6.0,4,0.004390209605124963,0.0042772453133107634,0.0024397417459896165,0.002430225712719397,0.5681754341179702,0.5681754341179702,0.452462550813439
0.0012,1.6,6.0,3,0.004387887708431557,0.004255369640729475,0.002396323303760666,0.0023913036814954955,0.56194969729717,0.56194969729717,0.4426914143140066
0.0012,1.6,6.0,6,0.004397169579746028,0.004277731391122787,0.0024440478983295683,0.002455000992160106,0.5739025590187269,0.5739025590187269,0.3834677971096294
0.0012,1.6,6.0,7,0.004376740671138669,0.004248541529040676,0.002392312706882639,0.002380558112757283,0.560323606697759,0.560323606697759,0.48633775271902335
0.0012,1.6,6.0,8,0.004393620712286057,0.0042657075554635385,0.0024131006063085377,0.0024059183356480124,0.5640138955532713,0.5640138955532713,0.41834753828892035
0.0013,0.8,2.0,0,0.0059954174933883764,0.003527908877596412,0.0025793572531826402,0.00261104569006683,0.7401114316324839,0.7401114316324839,7.16491163044944
0.0012,1.6,6.0,9,0.004402446934768987,0.004275525180579301,0.002444235067900805,0.0024106401458295758,0.5638231665151724,0.5638231665151724,0.4378951919183951
0.0013,0.8,2.0,5,0.006015089557008605,0.003551569840816639,0.0025648588651735593,0.0026209406871225078,0.7379668159699924,0.7379668159699924,7.15366558065349
0.0013,0.8,2.0,2,0.006022018374260229,0.00352134546917927,0.0025948916273968955,0.0025945691247372432,0.7368118656480379,0.7368118656480379,7.376885073533835
0.0013,0.8,2.0,4,0.005982081022271359,0.003514110102124244,0.002639422940504433,0.002625998057759857,0.7472725616002946,0.7472725616002946,7.235059252194423
0.0013,0.8,2.0,3,0.005990981410702406,0.0035372977099565515,0.002586493459045175,0.0025952307182577766,0.7336760801763711,0.7336760801763711,7.083361344802302
0.0013,0.8,2.0,7,0.005978429064279645,0.003525987061644553,0.0025932482068189364,0.0025949008514621905,0.7359360105683158,0.7359360105683158,7.0735116189479985
0.0013,0.8,2.0,1,0.005951869457184554,0.0035277835918216555,0.002559621330956271,0.0025738407156575853,0.7295914413867209,0.7295914413867209,7.139635772593211
0.0013,0.8,2.75,1,0.004897078726853913,0.0032812216421727355,0.002545913102099595,0.0025870012169019506,0.7884262323678046,0.7884262323678046,8.005955035676516
0.0013,0.8,2.0,6,0.005978933195073787,0.003551433576723826,0.0026149042150149958,0.002607763982622475,0.734284881382498,0.734284881382498,7.097156773154149
0.0013,0.8,2.0,9,0.006009093964839246,0.0035384977906364272,0.0025995446090625535,0.002585980987035813,0.7308132264145638,0.7308132264145638,7.101423065467845
0.0013,0.8,2.75,0,0.004887554738272741,0.003280342279528063,0.0025937492923248737,0.0026135383275527023,0.7967273244207637,0.7967273244207637,8.1647806281867
0.0013,0.8,2.0,8,0.0059291557854386345,0.003532367144243857,0.0026301779367028663,0.0026106027629232615,0.7390519321235761,0.7390519321235761,7.17716617185372
0.0013,0.8,2.75,2,0.004850510864399112,0.003281860343399505,0.002628634077651233,0.0026141630088521413,0.7965491322961867,0.7965491322961867,7.670780891702934
0.0013,0.8,2.75,3,0.004854618848282716,0.0032769277802695562,0.002632639903679703,0.002613340447134715,0.7974971138728437,0.7974971138728437,7.789797955757102
0.0013,0.8,2.75,4,0.00487140793405678,0.0032715610723123407,0.002564566926200208,0.0025904838592524133,0.7918188907356873,0.7918188907356873,8.001835803292735
0.0013,0.8,2.75,5,0.004844197170307297,0.0032903461721017135,0.0026208926387247962,0.00261717765957267,0.7954110366147109,0.7954110366147109,7.676336593139089
0.0013,0.8,2.75,9,0.004858960886607505,0.0032973358963540025,0.0026404090452435964,0.0025967788360432096,0.7875384606447201,0.7875384606447201,7.597690393015672
0.0013,0.8,2.75,6,0.004903355485911101,0.0032879225313176053,0.002614684680789006,0.002610887859793639,0.7940843602380587,0.7940843602380587,7.88677058339389
0.0013,0.8,2.75,7,0.004854019283355636,0.003302449752546506,0.002609497311386012,0.002610601272535198,0.7905044643062847,0.7905044643062847,8.018397383698803
0.0013,0.8,2.75,8,0.004898253964693201,0.003275186641409081,0.002552192521597401,0.002573031746851284,0.7856137767294661,0.7856137767294661,8.051114126198579
0.0013,0.8,4.0,3,0.003883759417831697,0.0030804174113615895,0.0025721288155882392,0.0025875737349675913,0.8400075020429929,0.8400075020429929,5.93282664876047
0.0013,0.8,4.0,1,0.003928119707311338,0.003051528733103931,0.0025862018069346513,0.002577726315159548,0.8447327685941715,0.8447327685941715,6.170798696893582
0.0013,0.8,4.0,5,0.003940465813256243,0.0031053462939085344,0.0026090458765700873,0.0026184118516630536,0.8431948014298263,0.8431948014298263,6.186019629896624
0.0013,0.8,4.0,6,0.003930735622956959,0.0030810071047884624,0.0026194328582316777,0.002615049439071714,0.8487644948976057,0.8487644948976057,6.273654295305009
0.0013,0.8,4.0,0,0.003938810571555732,0.0030785402908408625,0.002592126418479576,0.0025996116102669567,0.8444299455820691,0.8444299455820691,6.3119846189301025
0.0013,0.8,6.0,1,0.0033183497386710084,0.0029188337668454374,0.00259207753471769,0.002594832442509856,0.8889963080406085,0.8889963080406085,3.164198670783656
0.0013,0.8,6.0,0,0.0033254515249150885,0.002937427495754038,0.0026022099011248838,0.002615439213712534,0.8903842622475182,0.8903842622475182,2.8486679581626406
0.0013,0.8,4.0,2,0.003931332304493723,0.003076207222180761,0.002560573837998481,0.002575701641030127,0.8372978330127516,0.8372978330127516,6.445525901852724
0.0013,0.8,4.0,7,0.0039028440987196,0.003079221924660598,0.0025757747404290777,0.002587027579629139,0.8401562612003971,0.8401562612003971,5.68161383778976
0.0013,0.8,4.0,9,0.003923928518242962,0.00307788901147439,0.0026063853679513214,0.002608191588793385,0.8473962443317579,0.8473962443317579,6.311993705048314
0.0013,0.8,4.0,4,0.0039058643082884414,0.0030872573081531306,0.002580713166621636,0.0026171605642752362,0.8477299761712712,0.8477299761712712,5.99434185556453
0.0013,0.8,6.0,2,0.0033372532191711535,0.0029304799783231635,0.002613657307961561,0.0025861993737876635,0.8825173326273673,0.8825173326273673,2.895842566111125
0.0013,0.8,4.0,8,0.0039302847832226925,0.003088395812169003,0.0025853194657011773,0.002564363715604667,0.8303222357382022,0.8303222357382022,6.272612416891745
0.0013,0.8,6.0,3,0.0033391008995218977,0.0029354164330540476,0.002603398854306131,0.002595301950245325,0.8841341627106506,0.8841341627106506,3.03387045084333
0.0013,0.8,6.0,5,0.0033315570072571564,0.002947522125058742,0.0026008805828670973,0.0026090746924615567,0.8851756091261095,0.8851756091261095,2.7483403936298556
0.0013,0.8,6.0,6,0.0033283293322501624,0.002923313182498835,0.0025898825886408396,0.0025659568375241805,0.8777563939730919,0.8777563939730919,3.0074375925470207
0.0013,0.8,6.0,7,0.003322966124005539,0.002933254693697799,0.0025905783235488046,0.002579648769030634,0.879449293841786,0.879449293841786,2.805183745498467
0.0013,0.8,6.0,8,0.0033343048889030854,0.0029245782796624357,0.002578180766766929,0.0025788144355977723,0.8817730930749534,0.8817730930749534,3.2383031482736806
0.0013,0.8,6.0,4,0.003294269058861931,0.0029330700486372256,0.0025893910567518913,0.0025935024093003715,0.8842279135151834,0.8842279135151834,2.4874385219275617
0.0013,1.1,2.0,0,0.0058032866181209845,0.0041082860497204,0.0025463154438748747,0.0025652849803336573,0.6244173237421587,0.6244173237421587,5.719880767137493
0.0013,0.8,6.0,9,0.003318989115590756,0.00293656778830486,0.0025656262948549413,0.0026069586513460495,0.887757014065363,0.887757014065363,2.892484306982638
0.0013,1.1,2.0,2,0.005761812580711476,0.004091333770681392,0.0025642182098071743,0.002593875217456473,0.6339925713331561,0.6339925713331561,5.719719704642701
0.0013,1.1,2.0,1,0.005788933630468869,0.004084951502992844,0.0026156353834801945,0.002569807941605172,0.6290914199892947,0.6290914199892947,5.588541116347605
0.0013,1.1,2.0,4,0.0057952302294974525,0.0041194173693014854,0.002684293869747253,0.0026776139746031605,0.6499982241559548,0.6499982241559548,5.498019981824044
0.0013,1.1,2.0,8,0.00577216155502746,0.004059677549542393,0.0025734585586001443,0.0025572358242277127,0.6299110688029803,0.6299110688029803,5.591634964647335
0.0013,1.1,2.0,3,0.00575135866142787,0.004117014124704586,0.0026250939067467504,0.0026369735736701317,0.6405063217652542,0.6405063217652542,5.535891198660137
0.0013,1.1,2.0,7,0.005748882752765395,0.004089702025326633,0.002617191331351728,0.002604101590220492,0.6367460450893142,0.6367460450893142,5.514053496346966
0.0013,1.1,2.0,9,0.005824742966791195,0.0041220466676039425,0.0026265096571704647,0.0025896537608496775,0.6282446487572125,0.6282446487572125,5.571379569198449
0.0013,1.1,2.75,0,0.005061604415012639,0.003950763168001827,0.002605427012203935,0.002603275687036456,0.6589298260450047,0.6589298260450047,4.883498438520744
0.0013,1.1,2.0,6,0.0057950526859786265,0.004146645018918889,0.00259684951896741,0.002638546180880609,0.6363086709478037,0.6363086709478037,5.386959760503036
0.0013,1.1,2.75,2,0.0050839106980054664,0.003949328513658032,0.00258864806058344,0.0026040926475642935,0.6593760530577576,0.6593760530577576,5.082528703099447
0.0013,1.1,2.75,1,0.005041405006279126,0.0039485333364819904,0.002544821437733835,0.0025618549632695775,0.64881178527724,0.64881178527724,5.019419727442772
0.0013,1.1,2.0,5,0.00580797700302813,0.004102372394922084,0.002602708562503603,0.0026013887777558893,0.6341181461185454,0.6341181461185454,5.572974419206384
0.0013,1.1,2.75,3,0.005060287675213046,0.003956900701424296,0.0026185164717485703,0.002601654302776572,0.6574980013625563,0.6574980013625563,4.776527021335883
0.0013,1.1,2.75,5,0.005082015775855854,0.003967152752994726,0.0026058730569589227,0.002608538201228562,0.6575340965279008,0.6575340965279008,4.931316788481957
0.0013,1.1,2.75,8,0.005025196858546325,0.0039443970660949556,0.002603479776600227,0.0025921465171140933,0.6571717993088303,0.6571717993088303,4.5355170767345845
0.0013,1.1,2.75,4,0.005078890227440376,0.003971670171181836,0.0026351066522148246,0.002637913924202543,0.6641825253625198,0.6641825253625198,5.108474160268887
0.0013,1.1,2.75,9,0.005065107382282392,0.0039461531797928,0.002574217637076244,0.0025456000757622323,0.6450839487928579,0.6450839487928579,4.972106689034109
0.0013,1.1,4.0,1,0.004437241028513019,0.0038160961804853005,0.002586351371790625,0.0026068939440175003,0.6831310901828413,0.6831310901828413,3.3296941104265665
0.0013,1.1,2.75,6,0.005070184853681606,0.003972690968698368,0.0025823304392537795,0.002618642267503242,0.6591608277955803,0.6591608277955803,4.759558552286487
0.0013,1.1,2.75,7,0.005074116519173349,0.003968376007749326,0.0026343353885909864,0.0026294708804628433,0.6626062841142298,0.6626062841142298,4.930157673790835
0.0013,1.1,4.0,0,0.004476713793321099,0.0038257398079087675,0.0026169781973499878,0.002598658596389164,0.6792564907360094,0.6792564907360094,3.3972589554345802
0.0013,1.1,4.0,2,0.0044623415823434095,0.0037919411280021614,0.0025922294712159106,0.00259740485740015,0.6849802699254011,0.6849802699254011,3.2322903282844075
0.0013,1.1,4.0,5,0.004440796497270379,0.003838813332118121,0.0026061379992038604,0.0026248725973211295,0.683771876939069,0.683771876939069,3.0708436857748573
0.0013,1.1,4.0,3,0.004455771592834016,0.003826501114129409,0.0026271833286633456,0.002616068011689051,0.683671044032676,0.683671044032676,3.228463601402571
0.0013,1.1,4.0,4,0.004456034792583685,0.0038304344976921685,0.002612724512233265,0.0026111102868908494,0.6816746999495853,0.6816746999495853,3.112370131223825
0.0013,1.1,4.0,7,0.004475911380795698,0.003843855129980625,0.0026288476447827746,0.0026175446907584464,0.6809686115229947,0.6809686115229947,3.196672640388388
0.0013,1.1,4.0,6,0.004454946367676799,0.0038201884178900225,0.002628910461673793,0.0025974665415892826,0.6799315262632839,0.6799315262632839,3.2656214111360367
0.0013,1.1,6.0,2,0.004064163392272809,0.0037048390183164874,0.0025856741687409193,0.002589445224655725,0.6989359623599496,0.6989359623599496,1.6150742340230329
0.0013,1.1,6.0,1,0.004038497213356718,0.003701900638274652,0.0025656267675606354,0.002562959192621244,0.6923360303413667,0.6923360303413667,1.3908328829664427
0.0013,1.1,6.0,3,0.004039683119689642,0.003710472609151632,0.0025906665147486857,0.0025942175726337093,0.6991609549239753,0.6991609549239753,1.6274272902443627
0.0013,1.1,4.0,8,0.004467329079161779,0.0038158811209750582,0.002594671921384434,0.00257378308457841,0.6744924705413099,0.6744924705413099,3.0005044468811786
0.0013,1.1,4.0,9,0.004460806853236943,0.003835605566534718,0.00261454017892571,0.0026260558039328218,0.6846522037732192,0.6846522037732192,3.3122323354801866
0.0013,1.1,6.0,0,0.004062501125136577,0.0037346036907618795,0.0025980235872901684,0.00261941095269338,0.7013892690067486,0.7013892690067486,1.5722151686255827
0.0013,1.1,6.0,6,0.004048423060929271,0.0036947701012098274,0.002612748223648453,0.0025953774238246037,0.7024462558508755,0.7024462558508755,1.5028962773469239
0.0013,1.4,2.0,1,0.005355637685000839,0.004314212583895225,0.00253240873997121,0.00253452659241626,0.5874830095015582,0.5874830095015582,4.166046673054939
0.0013,1.1,6.0,4,0.00404019625760549,0.0037295405962952106,0.0025807836352582693,0.00259463850761451,0.6956992263851288,0.6956992263851288,1.4784117697982069
0.0013,1.1,6.0,5,0.004056817163541635,0.0037508243533784704,0.002633772374339931,0.0026297518482336557,0.7011130355557615,0.7011130355557615,1.4398496992263405
0.0013,1.4,2.0,2,0.005313065514458357,0.004330200329816422,0.002597392528218036,0.0026028515162289613,0.6010926326679461,0.6010926326679461,4.219337044402425
0.0013,1.1,6.0,9,0.004061243376914249,0.0037232619609184397,0.002593328572300584,0.002604565708605829,0.6995386668853526,0.6995386668853526,1.5481276161423745
0.0013,1.4,2.0,0,0.005323315872576047,0.004320298977220237,0.0025770466274106386,0.0025527739071004914,0.5908789925328258,0.5908789925328258,4.258903795867435
0.0013,1.1,6.0,7,0.0040606194540580174,0.0037324405066530486,0.0026072882932870406,0.0025981964015423915,0.6961119398718144,0.6961119398718144,1.5468246947851538
0.0013,1.1,6.0,8,0.004064506813606248,0.0037193088557749285,0.0025796251959663164,0.002575574463083566,0.6924873848764942,0.6924873848764942,1.5194979848104824
0.0013,1.4,2.0,3,0.005337064694266781,0.004340672745363565,0.002626368762661135,0.0026405532559566477,0.6083281119907326,0.6083281119907326,4.245146996312496
0.0013,1.4,2.0,4,0.005295402013206477,0.004308876586959694,0.0025848320262761883,0.00257851549928216,0.5984194365384546,0.5984194365384546,4.296469927096676
0.0013,1.4,2.0,5,0.00532568465975242,0.004351663541462864,0.0026549153654553135,0.0026296645676992083,0.6042894958775271,0.6042894958775271,4.245673061146045
0.0013,1.4,2.75,2,0.0048716190726568655,0.004254604440440634,0.002544595762910066,0.0025537038677710994,0.6002212199794117,0.6002212199794117,3.005154022357793
0.0013,1.4,2.0,7,0.005291410434216672,0.0043060116567836,0.0025894729543138187,0.002551204463908899,0.592475048201457,0.592475048201457,4.133224176577997
0.0013,1.4,2.0,8,0.005345952809725567,0.004323391126014226,0.002604826194797326,0.002590834929995994,0.599259899111767,0.599259899111767,4.274754948441678
0.0013,1.4,2.75,0,0.004911951849932768,0.004276450178599176,0.0026020955478825514,0.002604064689026339,0.6089313753865233,0.6089313753865233,2.754117404857576
0.0013,1.4,2.75,1,0.0049125896906860025,0.004245001080877053,0.0025612275168531012,0.0025795182130753415,0.6076602017124554,0.6076602017124554,3.3869993960095632
0.0013,1.4,2.0,6,0.005302842307242041,0.0043498446209014946,0.002577949599023504,0.0025912970815003514,0.5957217572896458,0.5957217572896458,4.066206339617317
0.0013,1.4,2.75,3,0.004885055887259307,0.004232201967900563,0.0025844679087875856,0.002568729190941753,0.60694863109664,0.60694863109664,2.8532619157087833
0.0013,1.4,2.75,6,0.004922014213274316,0.004290167068095667,0.0025964043275062774,0.0026260760739630906,0.6121151070064881,0.6121151070064881,3.1997056359797362
0.0013,1.4,2.0,9,0.005338267505502809,0.0043323356103967285,0.00258769623990398,0.0025803807626932572,0.5956096190934206,0.5956096190934206,4.350966778982904
0.0013,1.4,2.75,4,0.004905521538394104,0.004268529002400368,0.0026367031662724878,0.0026306928839232415,0.6162996391599765,0.6162996391599765,2.7398534641166394
0.0013,1.4,2.75,5,0.004916867491702979,0.0042618413480391285,0.0025375896553530407,0.0025493067666620467,0.5981702645582951,0.5981702645582951,3.040309451347687
0.0013,1.4,2.75,8,0.004908311580269195,0.004274374300182903,0.002628566344856378,0.0025989571547737323,0.6080321872285545,0.6080321872285545,2.9359101823021625
0.0013,1.4,4.0,1,0.004535013026610586,0.004180823322896801,0.0025703120167989814,0.0025847059468777586,0.6182289341724377,0.6182289341724377,1.573091172753811
0.0013,1.4,4.0,2,0.004529396149106623,0.004173428528814834,0.0025559075650872817,0.002570460770868147,0.615911055651432,0.615911055651432,1.4899891583472176
0.0013,1.4,2.75,7,0.004881821588593538,0.00422667302110745,0.0025821127972704993,0.0025589420201890386,0.6054270125486448,0.6054270125486448,3.022126172749916
0.0013,1.4,2.75,9,0.004933598856577067,0.004256262928965966,0.0026319400450950715,0.0025984086062175397,0.610490622779455,0.610490622779455,3.1267110084767644
0.0013,1.4,4.0,0,0.004580107972898963,0.004192756152147968,0.0025641139277847286,0.0025265567666537775,0.6026004553972001,0.6026004553972001,1.6864688403870254
0.0013,1.4,4.0,4,0.004564966239822864,0.0041962331522859475,0.002631803767285703,0.0026052412077556967,0.6208523485727815,0.6208523485727815,1.5624983976666336
0.0013,1.4,4.0,3,0.004565130697669486,0.004196779553095094,0.002569496258686917,0.002568315788888371,0.6119730036795135,0.6119730036795135,1.6342720400502095
0.0013,1.4,4.0,8,0.004558301289886262,0.004170181136688696,0.0025803635395518945,0.002577501179061043,0.6180789501886459,0.6180789501886459,1.6616331557964523
0.0013,1.4,4.0,5,0.00456375904918084,0.004201121114611433,0.002610610827015944,0.0026115336762339543,0.6216278000534385,0.6216278000534385,1.6314375410395527
0.0013,1.4,6.0,1,0.004325582737694872,0.004099856532436582,0.0025535149141127818,0.002554357787502665,0.6230358958401374,0.6230358958401374,0.7662608651642726
0.0013,1.4,4.0,7,0.004570490066638453,0.004188643571008673,0.0025945061071576455,0.0025752924287620327,0.6148273027064637,0.6148273027064637,1.7787298506261315
0.0013,1.4,6.0,0,0.004347784665502783,0.004171168182307833,0.002616807313275812,0.002623000132960261,0.6288406552595541,0.6288406552595541,0.7293844806918974
0.0013,1.4,6.0,4,0.004338058030289797,0.004145781082158574,0.0025840156561118487,0.00262104160183365,0.6322190076830971,0.6322190076830971,0.7500244656940733
0.0013,1.4,4.0,6,0.004564893433516719,0.004212683761152959,0.002614446911799487,0.0026172034153814218,0.621267477876176,0.621267477876176,1.580371056973509
0.0013,1.4,4.0,9,0.004570618431741434,0.004206242856835481,0.002595671616714021,0.0025638020897145665,0.6095230772393903,0.6095230772393903,1.6276308048039017
0.0013,1.4,6.0,2,0.004317006406411045,0.004111339864162928,0.0025803767676066637,0.002584117422850877,0.6285341295609492,0.6285341295609492,0.6334488206607807
0.0013,1.4,6.0,5,0.0043351293679511575,0.004146383291693226,0.002597549326983026,0.002585116586277222,0.6234630048447736,0.6234630048447736,0.7057846472941636
0.0013,1.4,6.0,3,0.004356378677034221,0.0041398136796092985,0.0026002537143076593,0.002583580054212836,0.6240812399210839,0.6240812399210839,0.8239234494301515
0.0013,1.6,2.0,1,0.005029894598629587,0.004399619683568722,0.002555018883616299,0.0025656621925877468,0.5831554491334185,0.5831554491334185,3.2382825955218326
0.0013,1.6,2.0,2,0.004977373041003868,0.004389128001573214,0.0026193797508522808,0.002635164145111785,0.6003844372201613,0.6003844372201613,2.9936055383699456
0.0013,1.6,2.0,0,0.005020959679420154,0.004392172978894318,0.0025818871096641174,0.002602179496596289,0.5924583364773032,0.5924583364773032,3.1318962206570475
0.0013,1.4,6.0,8,0.004333931141921532,0.004123645674871955,0.002598864956576106,0.0025626931517594865,0.6214629853810274,0.6214629853810274,0.7800069903413256
0.0013,1.4,6.0,6,0.004351716098013115,0.004150299048059858,0.0026377418467715573,0.0026245490941358,0.6323758996023912,0.6323758996023912,0.7926539384501763
0.0013,1.4,6.0,7,0.004336570888837864,0.004146263413086268,0.002633544333435959,0.002593026972484151,0.6253888656229956,0.6253888656229956,0.6773646258209522
0.0013,1.6,2.0,3,0.005005114603345173,0.004425020922806832,0.0025790182394619093,0.0025981590701489136,0.5871518158835908,0.5871518158835908,3.001283434926834
0.0013,1.4,6.0,9,0.004352405908728027,0.004155357137199297,0.002617136113071662,0.0026010059526641763,0.6259404106038523,0.6259404106038523,0.7805008502398416
0.0013,1.6,2.0,4,0.004998683815776486,0.004419112255942382,0.0025815732189573113,0.002566253518905885,0.5807169789486661,0.5807169789486661,2.9588152501858342
0.0013,1.6,2.0,6,0.005009244889630368,0.004402079747151359,0.0025885823864671893,0.0026117138201307436,0.5932908920654644,0.5932908920654644,3.1589345731740828
0.0013,1.6,2.0,5,0.004986960089458305,0.0044122684015058524,0.002611097786689904,0.0026404311778604516,0.5984294103593755,0.5984294103593755,2.927375725646116
0.0013,1.6,2.0,8,0.004996028609589191,0.004423116423070442,0.0026137421997591576,0.002610032524882775,0.590089040222672,0.590089040222672,3.0144175531297135
0.0013,1.6,2.75,2,0.004751078402023352,0.004335481572642434,0.002632854427645639,0.002579081622381155,0.594877772899685,0.594877772899685,2.0809793164632424
0.0013,1.6,2.0,9,0.0050171232360733675,0.004380919633630037,0.0025382133185596553,0.0025267606890070756,0.5767649033345534,0.5767649033345534,3.4216587269151955
0.0013,1.6,2.75,4,0.004753067766616992,0.004383247179746969,0.0025582743263950687,0.002546520110595767,0.580966577098846,0.580966577098846,1.9118331990635902
0.0013,1.6,2.75,3,0.004754914447691856,0.0043685836669138415,0.0026385824564278924,0.002628429959136272,0.6016663888214163,0.6016663888214163,2.0258731403938164
0.0013,1.6,2.75,5,0.004723649028126338,0.004374413044349776,0.0026586834864161654,0.0026734395150286284,0.6111538823435488,0.6111538823435488,1.8870723753085352
0.0013,1.6,2.75,1,0.004759068219458845,0.004368213557891049,0.0025345430234673355,0.0025513467752344785,0.584070980372639,0.584070980372639,1.9479066017286026
0.0013,1.6,4.0,1,0.004530276224327263,0.004304790079268557,0.0025665676305639848,0.0025759740874600075,0.5983971436529841,0.5983971436529841,1.0372551229527485
0.0013,1.6,2.0,7,0.005008610930936513,0.004372314754016892,0.002614535954980951,0.0025719146331442777,0.5882272383939039,0.5882272383939039,3.2970775075577707
0.0013,1.6,2.75,6,0.00475476971653878,0.00436737053437784,0.0026020663961176978,0.0026071423460880495,0.5969592745946054,0.5969592745946054,1.9775060411984144
0.0013,1.6,2.75,8,0.004767673245102018,0.004363858144176119,0.0026227176904611497,0.0026227548094946073,0.6010174306410169,0.6010174306410169,2.015525771191009
0.0013,1.6,4.0,0,0.0045566192422841455,0.004341976064831748,0.0026015178527011716,0.0025974619000423914,0.5982211466066761,0.5982211466066761,0.9041485014503201
0.0013,1.6,2.75,7,0.004736903784099329,0.004338351982767398,0.0025947459860936203,0.0025322265752016513,0.5836839853612721,0.5836839853612721,2.036384638508814
0.0013,1.6,2.75,0,0.004747779278061418,0.004337827725336192,0.0025771029390103555,0.0025583166991124695,0.5897690874559095,0.5897690874559095,1.945613409240437
0.0013,1.6,2.75,9,0.00475412419051152,0.0043452236253744584,0.002591044384340646,0.00258364615494843,0.5945945197989158,0.5945945197989158,2.2374687705760756
0.0013,1.6,4.0,3,0.004515599333577268,0.004290032188135595,0.0025752083887992066,0.0025628887732383073,0.5974054880814573,0.5974054880814573,0.8539333838687986
0.0013,1.6,4.0,4,0.004547415849600856,0.004321472746458752,0.0026393580076068614,0.002636715613275717,0.6101428304589874,0.6101428304589874,0.8270600951018019
0.0013,1.6,4.0,2,0.004513761679328055,0.004311639884783743,0.002546936039913358,0.0025589938536126067,0.5935082525429781,0.5935082525429781,0.891571521202748
0.0013,1.6,4.0,5,0.004538174861539029,0.004323432665900691,0.0025513796278421085,0.0025513458347070582,0.5901204047491606,0.5901204047491606,0.8848438134320209
0.0013,1.6,4.0,7,0.004529446610419762,0.004291457087770155,0.0025833699812165952,0.0025591073905576137,0.596325988636957,0.596325988636957,1.0344059058967607
0.0013,1.6,4.0,8,0.004544346737242416,0.004330811129234097,0.0026298727447838575,0.0025935339591640345,0.5988563993606206,0.5988563993606206,0.8988141191126382
0.0013,1.6,4.0,9,0.004555324924070383,0.004312450954756351,0.0026332603068727886,0.002601016350997097,0.6031410857272119,0.6031410857272119,0.9734373254510866
0.0013,1.6,4.0,6,0.004555043454901331,0.0043448685199584365,0.002591698948887925,0.0026252461582034867,0.6042176296346478,0.6042176296346478,1.0773873864832106
0.0013,1.6,6.0,2,0.004384125243647995,0.004266619437131606,0.0025711312483932595,0.0025843978572557243,0.6057249528195986,0.6057249528195986,0.41126382283145
0.0013,1.6,6.0,1,0.004388930515220815,0.004272738105497955,0.002582385835743405,0.00257641532395851,0.6029892917245038,0.6029892917245038,0.3923842214470685
0.0013,1.6,6.0,0,0.004426685268394959,0.004295041656714452,0.0026021286525500513,0.002586267612324408,0.6021519275095476,0.6021519275095476,0.44774455076389286
0.0013,1.6,6.0,4,0.004419035514047636,0.0043065852324637045,0.002639741745989617,0.0026302257127193964,0.6107450731248388,0.6107450731248388,0.43724639493345085
0.0014,0.8,2.0,1,0.00597416291456265,0.0036006102807436906,0.0027596213309562714,0.0027738407156575853,0.770380713095298,0.770380713095298,7.031672677395941
0.0013,1.6,6.0,3,0.004416224640385352,0.004289633471204727,0.002596323303760666,0.0025913036814954955,0.6040851039815618,0.6040851039815618,0.42678467838719936
0.0013,1.6,6.0,7,0.004405120803377082,0.004280783498850769,0.0025923127068826386,0.0025805581127572833,0.6028237852837144,0.6028237852837144,0.47073346976926356
0.0013,1.6,6.0,5,0.004410813442109955,0.0043181848238476594,0.002591828610219326,0.002604434320620807,0.603131738650353,0.603131738650353,0.3982787795931455
0.0013,1.6,6.0,8,0.0044221248056184334,0.0042911158709239925,0.0026131006063085382,0.0026059183356480125,0.6072822114418663,0.6072822114418663,0.40265499709780395
0.0014,0.8,2.0,2,0.006044351443350013,0.0035960394171976762,0.002794891627396895,0.0027945691247372433,0.7771241637042446,0.7771241637042446,7.268933705520084
0.0013,1.6,6.0,6,0.004426001731142433,0.004316729589167691,0.0026440478983295688,0.002655000992160106,0.6150491795507665,0.6150491795507665,0.3695941045386819
0.0014,0.8,2.0,0,0.006017715281137617,0.0036021647494861577,0.0027793572531826403,0.00281104569006683,0.7803767694045145,0.7803767694045145,7.053781834203207
0.0013,1.6,6.0,9,0.004431246809581622,0.004305735166939052,0.002644235067900805,0.0026106401458295754,0.6063169341846634,0.6063169341846634,0.4227939422079112
0.0014,0.8,2.0,3,0.006013347264515694,0.003613684354697788,0.0027864934590451757,0.002795230718257777,0.7735126933883915,0.7735126933883915,6.973499298139352
0.0014,0.8,2.0,4,0.006004930711876189,0.00358824678137064,0.0028394229405044324,0.0028259980577598574,0.7875707079100009,0.7875707079100009,7.1243943829651855
0.0014,0.8,2.0,5,0.006037194871688589,0.0036276706859099425,0.002764858865173559,0.0028209406871225083,0.777617631633209,0.777617631633209,7.043946768604869
0.0014,0.8,2.75,0,0.004915027612876657,0.0033599881257323663,0.0027937492923248743,0.002813538327552702,0.8373655567426875,0.8373655567426875,7.97789261005579
0.0014,0.8,2.0,9,0.006031513047115954,0.003615048250390374,0.002799544609062553,0.0027859809870358133,0.7706621859708144,0.7706621859708144,6.993175245628409
0.0014,0.8,2.0,7,0.006000911426238195,0.003603242868985316,0.002793248206818936,0.00279490085146219,0.7756626331017322,0.7756626331017322,6.969055903392011
0.0014,0.8,2.0,6,0.006001592944250881,0.0036226882579338694,0.0028149042150149963,0.002807763982622475,0.7750498477127672,0.7750498477127672,6.99216579154035
0.0014,0.8,2.75,2,0.004878556019471203,0.0033551454195327834,0.0028286340776512327,0.002814163008852141,0.838760368617353,0.838760368617353,7.499320678005068
0.0014,0.8,2.75,4,0.004898676385046655,0.0033439661717321613,0.002764566926200208,0.002790483859252414,0.8344832800168412,0.8344832800168412,7.818821735983127
0.0014,0.8,2.0,8,0.005952132283052877,0.0035985612391514735,0.0028301779367028664,0.0028106027629232616,0.7810351349157506,0.7810351349157506,7.068327107037835
0.0014,0.8,2.75,5,0.004872193319954837,0.0033614742858697074,0.0028208926387247963,0.00281717765957267,0.8380780038731688,0.8380780038731688,7.497843691746393
0.0014,0.8,2.75,3,0.004882665571102387,0.0033516891447112856,0.0028326399036797028,0.002813340447134715,0.8393798844901699,0.8393798844901699,7.609736088653676
0.0014,0.8,4.0,0,0.0039728291668535325,0.0031534305115028358,0.0027921264184795755,0.0027996116102669572,0.8877987322234482,0.8877987322234482,6.093330891029291
0.0014,0.8,2.75,9,0.004887077498041204,0.003368427062614406,0.002840409045243597,0.0027967788360432093,0.8302922355315862,0.8302922355315862,7.422130701943731
0.0014,0.8,2.75,1,0.0049240107829395564,0.0033512265187966885,0.0027459131020995953,0.002787001216901951,0.8316361789541665,0.8316361789541665,7.825532378051548
0.0014,0.8,4.0,2,0.003965024729901481,0.003146803432535466,0.0027605738379984815,0.002775701641030127,0.8820702342992134,0.8820702342992134,6.218640063753563
0.0014,0.8,2.75,7,0.004881849237413569,0.0033737588621385556,0.0028094973113860127,0.0028106012725351986,0.8330771069849423,0.8330771069849423,7.833073497628426
0.0014,0.8,2.75,8,0.0049252496922423524,0.0033479767852807045,0.002752192521597401,0.0027730317468512844,0.8282709005160516,0.8282709005160516,7.867784748714783
0.0014,0.8,4.0,1,0.003962152707945268,0.003123622261158337,0.0027862018069346505,0.002777726315159548,0.8892644765982299,0.8892644765982299,5.955356912861268
0.0014,0.8,2.75,6,0.004930958201638667,0.0033656269998463936,0.0028146846807890055,0.0028108878597936397,0.8351750981085925,0.8351750981085925,7.706231049137665
0.0014,0.8,4.0,3,0.0039179891116829695,0.0031491322200150724,0.002772128815588239,0.0027875737349675918,0.8851878994633797,0.8851878994633797,5.721042650048709
0.0014,0.8,4.0,4,0.003940026069962159,0.003162775087597226,0.0027807131666216355,0.0028171605642752363,0.8907242804974304,0.8907242804974304,5.770584136670452
0.0014,0.8,4.0,5,0.003974683379386612,0.003173033397158573,0.002809045876570087,0.002818411851663054,0.8882389495764275,0.8882389495764275,5.957220208841381
0.0014,0.8,4.0,6,0.003965174787408958,0.0031525203414680906,0.0028194328582316778,0.002815049439071714,0.8929520301717639,0.8929520301717639,6.0526825912439985
0.0014,0.8,4.0,9,0.003958262044529598,0.0031507094033407564,0.0028063853679513224,0.0028081915887933854,0.8912886684553666,0.8912886684553666,6.089630113344489
0.0014,0.8,4.0,8,0.003964296087251847,0.0031561703533972436,0.002785319465701177,0.0027643637156046673,0.8758601108552829,0.8758601108552829,6.055117860399408
0.0014,0.8,4.0,7,0.003936974547463927,0.003147617059777256,0.0027757747404290782,0.002787027579629139,0.8854404861518845,0.8854404861518845,5.468473860911496
0.0014,0.8,6.0,2,0.0033776640770582524,0.002996721864490933,0.0028136573079615614,0.002786199373787664,0.9297490724121534,0.9297490724121534,2.7498915886519217
0.0014,0.8,6.0,1,0.0033586547915785544,0.0029916095536520007,0.0027920775347176907,0.0027948324425098557,0.9342236653503363,0.9342236653503363,3.000217127165093
0.0014,0.8,6.0,7,0.0033632069134737178,0.0030021724820573567,0.002790578323548805,0.002779648769030634,0.9258791044296597,0.9258791044296597,2.656888848101554
0.0014,0.8,6.0,4,0.003334832188107472,0.003003400729757936,0.002789391056751891,0.0027935024093003716,0.9301131153169555,0.9301131153169555,2.3494782788996753
0.0014,0.8,6.0,6,0.00336849370403532,0.002993560602243157,0.0027898825886408397,0.002765956837524181,0.92396888021962,0.92396888021962,2.849844064827283
0.0014,0.8,6.0,0,0.0033658251294289526,0.003013482854667326,0.002802209901124884,0.002815439213712534,0.934280813760709,0.934280813760709,2.6966809238164258
0.0014,0.8,6.0,3,0.003379315225866025,0.003002232498768419,0.0028033988543061305,0.002795301950245325,0.9310744425663298,0.9310744425663298,2.882148897547366
0.0014,0.8,6.0,9,0.0033589040574264185,0.0030115654956744922,0.0027656262948549414,0.00280695865134605,0.932059639870918,0.932059639870918,2.736231971337631
0.0014,1.1,2.0,3,0.005774986686188399,0.004168292046999547,0.0028250939067467505,0.002836973573670132,0.6806081583732273,0.6806081583732273,5.446616754149305
0.0014,1.1,2.0,1,0.005812333833299824,0.0041394628009104595,0.002815635383480195,0.0027698079416051723,0.6691225588489317,0.6691225588489317,5.497144594620632
0.0014,1.1,2.0,2,0.005784885137939448,0.004144269842789904,0.0027642182098071744,0.002793875217456473,0.6741537890726846,0.6741537890726846,5.625648947582022
0.0014,0.8,6.0,5,0.0033718382089677874,0.0030200534968129506,0.002800880582867098,0.002809074692461557,0.9301407062576743,0.9301407062576743,2.6042038348189367
0.0014,1.1,2.0,0,0.005826036262527112,0.004155300187808043,0.0027463154438748744,0.0027652849803336574,0.665483805104432,0.665483805104432,5.629860898438805
0.0014,0.8,6.0,8,0.0033742229155909976,0.0029959598825633725,0.002778180766766929,0.0027788144355977724,0.9275205758830761,0.9275205758830761,3.0760644444695693
0.0014,1.1,2.0,4,0.0058191991976752275,0.004174570116221765,0.0028842938697472525,0.0028776139746031605,0.6893198328185162,0.6893198328185162,5.404732209272645
0.0014,1.1,2.0,5,0.0058311920252215295,0.00415287702293395,0.002802708562503603,0.0028013887777558893,0.6745657919282058,0.6745657919282058,5.482443126232351
0.0014,1.1,2.0,8,0.00579527117880262,0.004121876917730902,0.002773458558600144,0.0027572358242277132,0.668927257960331,0.668927257960331,5.49951782901114
0.0014,1.1,2.0,6,0.005818273453420351,0.004196928514128728,0.00279684951896741,0.002838546180880609,0.6763389396137676,0.6763389396137676,5.301089291493643
0.0014,1.1,2.75,3,0.005087061900843615,0.004005095364435167,0.00281851647174857,0.002801654302776572,0.6995224951832539,0.6995224951832539,4.674810993691546
0.0014,1.1,2.0,9,0.005848099378636656,0.004179718816496499,0.0028265096571704652,0.0027896537608496775,0.6674261794452494,0.6674261794452494,5.482474548070902
0.0014,1.1,2.0,7,0.0057724666372330055,0.004149436522192179,0.002817191331351728,0.002804101590220492,0.675778885933906,0.675778885933906,5.423211316672969
0.0014,1.1,2.75,1,0.005067559317974732,0.003996321979853505,0.002744821437733835,0.002761854963269577,0.691099210021816,0.691099210021816,4.915325192543194
0.0014,1.1,2.75,0,0.005088252336425669,0.004001771804569114,0.002805427012203935,0.002803275687036456,0.7005086306609868,0.7005086306609868,4.780029063215812
0.0014,1.1,2.75,5,0.005108561860642473,0.004015496913746924,0.0028058730569589223,0.0028085382012285618,0.6994248187848487,0.6994248187848487,4.825256868284701
0.0014,1.1,2.75,2,0.005110284015863876,0.003998032505407217,0.00278864806058344,0.0028040926475642936,0.7013681463999714,0.7013681463999714,4.973793925204791
0.0014,1.1,2.75,7,0.005100989220017827,0.004014727813192516,0.002834335388590987,0.002829470880462843,0.7047727796552277,0.7047727796552277,4.825543465657106
0.0014,1.1,2.75,8,0.0050520218038030236,0.003983507991922703,0.0028034797766002275,0.0027921465171140934,0.70092655086313,0.70092655086313,4.4377092810865015
0.0014,1.1,4.0,2,0.004492405286999594,0.0038447445663042923,0.002792229471215911,0.00279740485740015,0.7275918618669424,0.7275918618669424,3.140526921864165
0.0014,1.1,2.75,4,0.005105741266300746,0.004025470836864015,0.002835106652214825,0.0028379139242025427,0.7049893140980692,0.7049893140980692,5.003441493015547
0.0014,1.1,2.75,9,0.005091435907266069,0.003990980099767937,0.002774217637076244,0.0027456000757622324,0.6879513320354267,0.6879513320354267,4.866334567606059
0.0014,1.1,4.0,1,0.004467398856457113,0.0038686680073935207,0.0027863513717906255,0.0028068939440175004,0.7255453139564227,0.7255453139564227,3.23903427641887
0.0014,1.1,2.75,6,0.005096566782322742,0.004032312183352178,0.0027823304392537796,0.0028186422675032415,0.6990139005457714,0.6990139005457714,4.6578667359436
0.0014,1.1,4.0,3,0.004486251673363008,0.0038740025806810606,0.002827183328663346,0.0028160680116890505,0.7269143355072256,0.7269143355072256,3.138232264275577
0.0014,1.1,4.0,0,0.004506949499553047,0.0038780174435240665,0.002816978197349988,0.002798658596389164,0.7216725136351997,0.7216725136351997,3.3035972360021644
0.0014,1.1,4.0,7,0.0045062918779063925,0.003893454775384552,0.002828847644782775,0.0028175446907584465,0.7236618513130568,0.7236618513130568,3.109176397026822
0.0014,1.1,4.0,4,0.004486365583008158,0.003877507559012004,0.0028127245122332653,0.002811110286890849,0.7249786735701749,0.7249786735701749,3.0276210581738
0.0014,1.1,4.0,5,0.004471154208452247,0.0038831429807444982,0.0028061379992038605,0.0028248725973211296,0.727470662638214,0.727470662638214,2.983751428165907
0.0014,1.1,4.0,6,0.004485468025190925,0.0038741593541265955,0.0028289104616737934,0.002797466541589283,0.7220834988652536,0.7220834988652536,3.1747692675388066
0.0014,1.1,4.0,8,0.004497384711515928,0.003861709282806869,0.0027946719213844343,0.0027737830845784095,0.7182785863575664,0.7182785863575664,2.917188195310751
0.0014,1.1,6.0,0,0.0040955644087456245,0.0037800541879453166,0.0027980235872901685,0.00281941095269338,0.7458652211083505,0.7458652211083505,1.5139863771352093
0.0014,1.1,4.0,9,0.004491128657057951,0.003880646211807987,0.00281454017892571,0.002826055803932822,0.7282436093591141,0.7282436093591141,3.222273064861935
0.0014,1.1,6.0,1,0.004071355127953727,0.0037557364502813573,0.0027656267675606355,0.002762959192621244,0.735663758412617,0.735663758412617,1.33984452182517
0.0014,1.1,6.0,8,0.004097334652943074,0.003767066933810457,0.0027796251959663165,0.0027755744630835657,0.7367998795487346,0.7367998795487346,1.4629576911022593
0.0014,1.1,6.0,2,0.004097069860100302,0.0037516140196319167,0.00278567416874092,0.0027894452246557252,0.74353203982573,0.74353203982573,1.5573632114756952
0.0014,1.1,6.0,3,0.004072829952412271,0.0037632516666340258,0.002790666514748686,0.0027942175726337094,0.7425008530277084,0.7425008530277084,1.568115601028059
0.0014,1.1,6.0,4,0.004073232412096331,0.003776985636995725,0.0027807836352582694,0.0027946385076145107,0.739912400047518,0.739912400047518,1.422246099668083
0.0014,1.1,6.0,7,0.00409381951523174,0.00377627392657837,0.002807288293287041,0.0027981964015423915,0.7409940210766963,0.7409940210766963,1.4892766765847325
0.0014,1.4,2.0,1,0.005380149362743878,0.004357199846159904,0.0027324087399712106,0.00273452659241626,0.6275880586074697,0.6275880586074697,4.084793986774127
0.0014,1.1,6.0,6,0.004081787526333414,0.003747932275122574,0.002812748223648454,0.0027953774238246034,0.7458452337517711,0.7458452337517711,1.447882805346448
0.0014,1.4,2.0,0,0.0053483948210034825,0.00435695228038305,0.0027770466274106387,0.002752773907100492,0.6318118101716911,0.6318118101716911,4.177379101239103
0.0014,1.1,6.0,5,0.004090363635852186,0.0037950897294803504,0.002833772374339932,0.0028297518482336558,0.7456350310381528,0.7456350310381528,1.3877247393472185
0.0014,1.4,2.0,2,0.00533838873747902,0.004372272337271087,0.0027973925282180363,0.002802851516228961,0.6410514487709918,0.6410514487709918,4.1349577284745935
0.0014,1.4,2.0,3,0.005362530347945905,0.004387659359648177,0.002826368762661135,0.0028405532559566482,0.6473960312599146,0.6473960312599146,4.161901654800685
0.0014,1.1,6.0,9,0.0040942661805126465,0.003768437169132279,0.002793328572300584,0.0028045657086058296,0.7442251476496315,0.7442251476496315,1.492109792078078
0.0014,1.4,2.0,5,0.005351480173086292,0.004389398590553,0.002854915365455314,0.002829664567699208,0.6446588318019922,0.6446588318019922,4.1636653489592454
0.0014,1.4,2.0,6,0.005328031249096924,0.004392520785500142,0.0027779495990235045,0.0027912970815003515,0.6354658788899796,0.6354658788899796,3.9833374381149236
0.0014,1.4,2.0,4,0.005320688276934637,0.0043483079942174515,0.002784832026276188,0.0027785154992821604,0.6389877402836087,0.6389877402836087,4.214698050155546
0.0014,1.4,2.75,0,0.004939373492765324,0.00432174832416113,0.0028020955478825515,0.0028040646890263392,0.6488264652871985,0.6488264652871985,2.689574524528191
0.0014,1.4,2.0,7,0.005316763181518734,0.004350631122030762,0.0027894729543138184,0.0027512044639088993,0.6323690487059055,0.6323690487059055,4.05070345093528
0.0014,1.4,2.0,9,0.005363380887922782,0.0043749468103180655,0.0027876962399039813,0.0027803807626932573,0.6355233293661733,0.6355233293661733,4.271108963897259
0.0014,1.4,2.0,8,0.0053711885938843885,0.004363237320162476,0.002804826194797326,0.002790834929995994,0.6396248301919251,0.6396248301919251,4.193496100586236
0.0014,1.4,2.75,1,0.004939592141853335,0.004285166869687139,0.0027612275168531013,0.002779518213075341,0.6486371003979768,0.6486371003979768,3.3117480406636997
0.0014,1.4,2.75,4,0.004933332456477029,0.004308967569776427,0.0028367031662724883,0.002830692883923241,0.6569306540569098,0.6569306540569098,2.676032191711128
0.0014,1.4,2.75,3,0.004912438869773042,0.004267175196177669,0.0027844679087875857,0.002768729190941753,0.6488435706651668,0.6488435706651668,2.7895389528234755
0.0014,1.4,2.75,2,0.004898685748420185,0.004297660619018345,0.0027445957629100666,0.002753703867771099,0.6407448404802353,0.6407448404802353,2.9333542664646934
0.0014,1.4,2.75,5,0.004943609938982859,0.004300559119887277,0.0027375896553530413,0.002749306766662047,0.6392905410713456,0.6392905410713456,2.9692857529970267
0.0014,1.4,2.75,8,0.004936025912913923,0.00431256954022894,0.0028285663448563785,0.0027989571547737324,0.6490230774632668,0.6490230774632668,2.868010558671325
0.0014,1.4,2.75,9,0.004961207151415831,0.004300495266065259,0.0028319400450950716,0.0027984086062175398,0.6507177506506002,0.6507177506506002,3.0545353140134877
0.0014,1.4,4.0,0,0.004609092252357476,0.004227173985263931,0.0027641139277847287,0.002726556766653777,0.6450069895771133,0.6450069895771133,1.6431895491138055
0.0014,1.4,4.0,1,0.004564349280474389,0.0042193364353900415,0.002770312016798982,0.0027847059468777582,0.6599867039567647,0.6599867039567647,1.527886950073893
0.0014,1.4,4.0,3,0.00459425800905995,0.004238789694281476,0.002769496258686917,0.002768315788888371,0.6530910916913589,0.6530910916913589,1.5908870494826353
0.0014,1.4,2.75,6,0.004949328211429038,0.00433019732946746,0.002796404327506278,0.0028260760739630907,0.6526437155026026,0.6526437155026026,3.1273991729157258
0.0014,1.4,4.0,4,0.004594785573870221,0.004237300890971768,0.0028318037672857028,0.002805241207755697,0.6620349321268881,0.6620349321268881,1.5175564429182433
0.0014,1.4,2.75,7,0.004909215044665563,0.004268411117699592,0.0027821127972704994,0.002758942020189039,0.6463627668732943,0.6463627668732943,2.9502997001651172
0.0014,1.4,4.0,5,0.004593352833823375,0.004241060878560505,0.002810610827015944,0.0028115336762339544,0.6629316948612728,0.6629316948612728,1.5837185581263302
0.0014,1.4,4.0,2,0.004558619339898827,0.0042110459362662556,0.0027559075650872827,0.002770460770868147,0.6579032413321497,0.6579032413321497,1.4493569143574447
0.0014,1.4,4.0,8,0.004587605050206702,0.004209932267675499,0.0027803635395518946,0.0027775011790610437,0.6597496117424787,0.6597496117424787,1.6143478395347701
0.0014,1.4,4.0,6,0.004594527402121576,0.004249379145729986,0.0028144469117994874,0.002817203415381422,0.6629682404810372,0.6629682404810372,1.5342722990424713
0.0014,1.4,4.0,9,0.004600011405449806,0.004238765510806733,0.0027956716167140214,0.0027638020897145666,0.6520299560492915,0.6520299560492915,1.578998019043465
0.0014,1.4,4.0,7,0.004599872727343949,0.004228963535849373,0.002794506107157646,0.002775292428762033,0.6562583018830936,0.6562583018830936,1.7309473462504172
0.0014,1.4,6.0,0,0.004378908747372179,0.004202252913843716,0.002816807313275812,0.0028230001329602617,0.6717825392327756,0.6717825392327756,0.7036280905942367
0.0014,1.4,6.0,1,0.004356136829707817,0.004135811167574892,0.0027535149141127814,0.002754357787502665,0.6659776464402103,0.6659776464402103,0.7409869371296645
0.0014,1.4,6.0,3,0.004387242577324864,0.004174877954444707,0.0028002537143076594,0.0027835800542128364,0.6667452520975731,0.6667452520975731,0.7970470297878256
0.0014,1.4,6.0,2,0.004347938816516441,0.004149653121774433,0.0027803767676066638,0.002784117422850877,0.6709277477295165,0.6709277477295165,0.6106837130709919
0.0014,1.4,6.0,5,0.004366123499063309,0.004185302902094755,0.0027975493269830265,0.002785116586277222,0.6654516175838227,0.6654516175838227,0.6798726474995047
0.0014,1.4,6.0,4,0.004368879388211305,0.004179811559549333,0.002784015656111849,0.0028210416018336505,0.6749207617718094,0.6749207617718094,0.7212890173636661
0.0014,1.6,2.0,1,0.005056209259719906,0.004442478762765972,0.002755018883616299,0.0027656621925877473,0.6225493334414487,0.6225493334414487,3.166124737017583
0.0014,1.4,6.0,7,0.004367974420858057,0.00418716673116726,0.0028335443334359593,0.0027930269724841506,0.667044603620438,0.667044603620438,0.6527424924163561
0.0014,1.4,6.0,9,0.004383507226592044,0.004197876881516188,0.0028171361130716623,0.0028010059526641764,0.6672434737181977,0.6672434737181977,0.7542146359109259
0.0014,1.4,6.0,6,0.004383057420855689,0.004190691958128122,0.0028377418467715573,0.0028245490941358007,0.6740054201925776,0.6740054201925776,0.7665661098861212
0.0014,1.6,2.0,5,0.005014061548755345,0.004449820615221248,0.002811097786689904,0.0028404311778604512,0.63832487272506,0.63832487272506,2.8591896549744016
0.0014,1.6,2.0,4,0.005025430859053091,0.004457350962775748,0.0027815732189573113,0.002766253518905885,0.6206048260519389,0.6206048260519389,2.8946640656879916
0.0014,1.6,2.0,3,0.005031790156842816,0.004462353539467581,0.00277901823946191,0.002798159070148914,0.6270590273496734,0.6270590273496734,2.9348775221865306
0.0014,1.6,2.0,2,0.005004614888355854,0.0044304821447964556,0.002819379750852281,0.0028351641451117857,0.6399222595765677,0.6399222595765677,2.9249971047527348
0.0014,1.4,6.0,8,0.004364953441469648,0.0041594768824255775,0.002798864956576106,0.0027626931517594866,0.6641924525250483,0.6641924525250483,0.7542186737570864
0.0014,1.6,2.0,0,0.0050475890588730565,0.00443484897161512,0.0027818871096641166,0.002802179496596289,0.6318545489443732,0.6318545489443732,3.05805628650225
0.0014,1.6,2.0,7,0.005035636612556819,0.004415089794611805,0.002814535954980951,0.0027719146331442778,0.62782746491977,0.62782746491977,3.227922873011975
0.0014,1.6,2.0,8,0.005023111470601487,0.004463439476803929,0.002813742199759158,0.002810032524882775,0.6295666244577185,0.6295666244577185,2.9482594635992037
0.0014,1.6,2.0,6,0.005036008145478062,0.004449365476775551,0.00278858238646719,0.002811713820130744,0.6319359096947885,0.6319359096947885,3.092349043828814
0.0014,1.6,2.75,0,0.004775882011210782,0.0043738030509563736,0.0027771029390103556,0.0027583166991124695,0.6306449254749451,0.6306449254749451,1.8951368186137856
0.0014,1.6,2.0,9,0.005043345332143704,0.0044226730005964415,0.002738213318559655,0.0027267606890070757,0.6165413288839905,0.6165413288839905,3.349494764142017
0.0014,1.6,2.75,1,0.004786658106269137,0.004400629665263102,0.002734543023467336,0.002751346775234479,0.6252166131934629,0.6252166131934629,1.9008212867816932
0.0014,1.6,2.75,2,0.004779751164112266,0.0043735413534293785,0.0028328544276456395,0.002779081622381155,0.635430512209979,0.635430512209979,2.0315657426956255
0.0014,1.6,2.75,3,0.0047836078662754945,0.004406380788457692,0.0028385824564278925,0.002828429959136272,0.6418941292012738,0.6418941292012738,1.9765727401177866
0.0014,1.6,2.75,5,0.004752752866183351,0.004408269703096163,0.0028586834864161655,0.0028734395150286285,0.6518293363517342,0.6518293363517342,1.837884683402252
0.0014,1.6,2.75,4,0.004780945418826854,0.004414674145027159,0.0027582743263950688,0.002746520110595767,0.6221342777222962,0.6221342777222962,1.8649511743493195
0.0014,1.6,2.75,6,0.004783098061119184,0.00440539408599622,0.0028020663961176983,0.0028071423460880496,0.6372057280894208,0.6372057280894208,1.926128166688133
0.0014,1.6,4.0,6,0.004584493013675052,0.004380272889348524,0.0027916989488879253,0.0028252461582034868,0.6449931841172765,0.6449931841172765,1.0452724176744281
0.0014,1.6,2.75,7,0.004765262962958629,0.004374030646006751,0.0027947459860936203,0.002732226575201652,0.6246473324772025,0.6246473324772025,1.9873468138520165
0.0014,1.6,2.75,9,0.004782341079758809,0.0043838198417640245,0.0027910443843406456,0.00278364615494843,0.6349818777744995,0.6349818777744995,2.18386117001016
0.0014,1.6,2.75,8,0.004796139344231615,0.004407868564425657,0.00282271769046115,0.002822754809494607,0.6403899681301887,0.6403899681301887,1.9666747556476123
0.0014,1.6,4.0,1,0.004559601907943271,0.00433270446395844,0.002766567630563985,0.0027759740874600076,0.6407023859005203,0.6407023859005203,1.007567334333615
0.0014,1.6,4.0,0,0.004586159688626511,0.004384616892771096,0.0028015178527011717,0.0027974619000423915,0.638017406869585,0.638017406869585,0.8756330386342763
0.0014,1.6,6.0,1,0.004419373173317623,0.004304890677006568,0.0027823858357434055,0.00277641532395851,0.6449444439525484,0.6449444439525484,0.37804618002350443
0.0014,1.6,4.0,2,0.0045429867036353615,0.0043485526260747765,0.0027469360399133584,0.002758993853612607,0.6344625651001985,0.6344625651001985,0.8638629768617991
0.0014,1.6,4.0,8,0.004574281051609902,0.004367752923919419,0.0028298727447838576,0.0027935339591640346,0.6395814982723992,0.6395814982723992,0.8710591437096045
0.0014,1.6,4.0,3,0.004545106882831655,0.00432757083275338,0.0027752083887992067,0.0027628887732383074,0.6384387177044639,0.6384387177044639,0.8289921248857959
0.0014,1.6,4.0,4,0.004577432021815339,0.004358807617186889,0.002839358007606861,0.0028367156132757176,0.6508008295870815,0.6508008295870815,0.8022907018866188
0.0014,1.6,4.0,9,0.0045852258291484305,0.004345556175135345,0.002833260306872789,0.0028010163509970968,0.6445702777987578,0.6445702777987578,0.9451544669940977
0.0014,1.6,4.0,5,0.004567286177334555,0.004357714911702482,0.002751379627842108,0.0027513458347070583,0.631373527285693,0.631373527285693,0.8575965991533834
0.0014,1.6,6.0,0,0.004457093817725684,0.004330385263538414,0.0028021286525500514,0.0027862676123244084,0.6434225692999225,0.6434225692999225,0.43179884571137306
0.0014,1.6,6.0,3,0.004446629006932539,0.004323004433805036,0.0027963233037606667,0.0027913036814954956,0.6456860556672241,0.6456860556672241,0.409668589642016
0.0014,1.6,6.0,4,0.004449922049586596,0.004341693394016262,0.002839741745989617,0.002830225712719397,0.6518713911535127,0.6518713911535127,0.42073733517886636
0.0014,1.6,4.0,7,0.004558971665464282,0.004333345080854296,0.0027833699812165958,0.0027591073905576134,0.636715364014737,0.636715364014737,1.0037837781205097
0.0014,1.6,6.0,8,0.004452692513728736,0.004321370749942752,0.0028131006063085383,0.0028059183356480125,0.649312104425473,0.649312104425473,0.38579459623008194
0.0014,1.6,6.0,6,0.004456891433711291,0.00435228438068204,0.0028440478983295693,0.002855000992160106,0.6559775838252332,0.6559775838252332,0.3545203952120697
0.0016,0.8,2.0,0,0.0060670103201119555,0.003757566913591475,0.0031793572531826414,0.00321104569006683,0.8545544933483883,0.8545544933483883,6.815539853791785
0.0014,1.6,6.0,7,0.00443557432714356,0.004315829300441978,0.002792312706882639,0.0027805581127572834,0.6442697148546932,0.6442697148546932,0.4537904787023894
0.0014,1.6,6.0,2,0.004414482673413685,0.004302896606213523,0.00277113124839326,0.002784397857255724,0.6470984808779655,0.6470984808779655,0.3956929165696348
0.0014,1.6,6.0,9,0.004462102244746166,0.0043457177528272335,0.0028442350679008053,0.002810640145829576,0.6467608587789743,0.6467608587789743,0.40643842469663216
0.0014,1.6,6.0,5,0.0044412150436619925,0.004356946105366287,0.002791828610219326,0.0028044343206208066,0.6436697293929549,0.6436697293929549,0.3808102306186898
0.0016,0.8,2.0,1,0.006023482987137429,0.0037548540445778906,0.0031596213309562715,0.0031738407156575855,0.8452634051756809,0.8452634051756809,6.799242492896342
0.0016,0.8,2.0,4,0.006055326785216729,0.003743025179286674,0.0032394229405044335,0.0032259980577598575,0.861869184212822,0.861869184212822,6.88677049420474
0.0016,0.8,2.0,6,0.006051616813173102,0.0037773442621040205,0.0032149042150149965,0.0032077639826224753,0.849211445936812,0.849211445936812,6.765777215769333
0.0016,0.8,2.0,3,0.006062778504895833,0.0037740266438378925,0.0031864934590451754,0.0031952307182577773,0.8466370324848781,0.8466370324848781,6.737948516525584
0.0016,0.8,2.0,5,0.0060860944833651094,0.003785262021881125,0.003164858865173559,0.0032209406871225085,0.8509161766090445,0.8509161766090445,6.808541281948413
0.0016,0.8,2.0,8,0.006002820459235782,0.0037556262035428624,0.0032301779367028666,0.003210602762923262,0.8548781451930829,0.8548781451930829,6.834024876257995
0.0016,0.8,2.0,7,0.0060505855478119736,0.0037664835821935626,0.003193248206818936,0.0031949008514621903,0.8482449960930167,0.8482449960930167,6.743745060790916
0.0016,0.8,2.0,9,0.006081038151464611,0.00376612510526628,0.0031995446090625538,0.0031859809870358135,0.845957289783275,0.845957289783275,6.760750654840736
0.0016,0.8,2.0,2,0.0060936967651354325,0.003762575849336795,0.0031948916273968958,0.0031945691247372435,0.8490378008725936,0.8490378008725936,7.036174025615043
0.0016,0.8,2.75,0,0.004975549328132875,0.003519633526277063,0.0031937492923248744,0.003213538327552702,0.9130320823349649,0.9130320823349649,7.583177976720734
0.0016,0.8,2.75,3,0.004944348760827617,0.0035097324658011123,0.003232639903679703,0.0032133404471347154,0.9155513927188339,0.9155513927188339,7.229533582266113
0.0016,0.8,2.75,2,0.004940244221406876,0.0035051166609246323,0.003228634077651233,0.003214163008852141,0.9169917351636053,0.9169917351636053,7.135656990477411
0.0016,0.8,2.75,1,0.004983459263941511,0.0035118021451575254,0.003145913102099596,0.0031870012169019513,0.907511609472804,0.907511609472804,7.4436718193766005
0.0016,0.8,2.75,8,0.00498482334335677,0.0035015066951948268,0.0031521925215974014,0.0031730317468512846,0.9061903983235806,0.9061903983235806,7.480293194029221
0.0016,0.8,4.0,0,0.004047424091900444,0.0033133098090608257,0.0031921264184795756,0.0031996116102669574,0.9656844046147026,0.9656844046147026,5.641204945817256
0.0016,0.8,2.75,9,0.004948896267243018,0.003520988713355982,0.0032404090452435967,0.0031967788360432094,0.9079207848400751,0.9079207848400751,7.05141747286237
0.0016,0.8,2.75,5,0.004933791225142932,0.0035167202013901256,0.0032208926387247965,0.0032171776595726702,0.9148233226803062,0.9148233226803062,7.121038896687667
0.0016,0.8,2.75,4,0.004958815491905141,0.003503761321087507,0.0031645669262002087,0.003190483859252414,0.9105882412852663,0.9105882412852663,7.431922703140572
0.0016,0.8,2.75,7,0.004943111298777271,0.003531303311325888,0.003209497311386013,0.003210601272535199,0.9091830945922693,0.9091830945922693,7.441733586607674
0.0016,0.8,2.75,6,0.004991718448273889,0.003516970372763011,0.0032146846807890052,0.00321088785979364,0.9129698346793562,0.9129698346793562,7.325085654847856
0.0016,0.8,4.0,6,0.0040406020540619085,0.0033113664165845195,0.003219432858231678,0.003215049439071714,0.9709132227015363,0.9709132227015363,5.596763933478366
0.0016,0.8,4.0,5,0.00404966261682629,0.003330526847591565,0.003209045876570088,0.0032184118516630543,0.966337158936405,0.966337158936405,5.488237152898808
0.0016,0.8,4.0,1,0.0040367924334994395,0.003280877794470366,0.0031862018069346507,0.0031777263151595483,0.9685597922956257,0.9685597922956257,5.510051816750284
0.0016,0.8,4.0,7,0.004011847633234029,0.003305270486542547,0.0031757747404290784,0.0031870275796291392,0.9642259514327691,0.9642259514327691,5.031278947938768
0.0016,0.8,4.0,2,0.004038999096629585,0.003301108460397449,0.0031605738379984812,0.0031757016410301274,0.9620106940223883,0.9620106940223883,5.750352873541049
0.0016,0.8,4.0,9,0.004033494991994306,0.0033105328206486334,0.003206385367951322,0.0032081915887933856,0.9690861751265779,0.9690861751265779,5.630731721338746
0.0016,0.8,4.0,8,0.004038891856026473,0.0033037853583611546,0.003185319465701177,0.0031643637156046674,0.9577994247103124,0.9577994247103124,5.60525302437785
0.0016,0.8,4.0,3,0.003993082188212699,0.0033041213389804857,0.003172128815588239,0.003187573734967592,0.9647265968601336,0.9647265968601336,5.283713179485925
0.0016,0.8,4.0,4,0.004014953914171507,0.0033200160093785455,0.0031807131666216357,0.0032171605642752365,0.9690195936366699,0.9690195936366699,5.3116836544752
0.0016,0.8,6.0,0,0.0034538478783024316,0.0031642823865593497,0.003202209901124884,0.0032154392137125343,1.0161669601203986,1.0161669601203986,2.389677778361065
0.0016,0.8,6.0,1,0.0034465599992694923,0.003139302312325737,0.003192077534717691,0.003194832442509856,1.0176886851470446,1.0176886851470446,2.668509994696393
0.0016,0.8,6.0,7,0.0034509816420701753,0.003148530117793517,0.003190578323548805,0.003179648769030634,1.0098835488538775,1.0098835488538775,2.3566975728087307
0.0016,0.8,6.0,2,0.0034657356373082454,0.0031524107767467034,0.0032136573079615616,0.0031861993737876643,1.0107183357226786,1.0107183357226786,2.452732840324443
0.0016,0.8,6.0,3,0.0034669999002234393,0.00315673685315848,0.0032033988543061307,0.0031953019502453254,1.0122167601801395,1.0122167601801395,2.5733785302347325
0.0016,0.8,6.0,6,0.0034561096575321656,0.0031421390883749614,0.00318988258864084,0.0031659568375241812,1.0075801065705012,1.0075801065705012,2.531207487620816
0.0016,0.8,6.0,9,0.00344605985811045,0.003168746354615789,0.0031656262948549416,0.00320695865134605,1.0120591213224115,1.0120591213224115,2.4212289958171986
0.0016,0.8,6.0,8,0.003461351852226517,0.0031418070201740026,0.0031781807667669287,0.0031788144355977726,1.011779022449864,1.011779022449864,2.7465531566584005
0.0016,0.8,6.0,4,0.003423286510162812,0.0031521553359823867,0.003189391056751891,0.0031935024093003718,1.0131170798742057,1.0131170798742057,2.070738667361809
0.0016,0.8,6.0,5,0.0034596704465950172,0.003171540056600638,0.0032008805828670976,0.003209074692461557,1.0118348295121802,1.0118348295121802,2.3119934209625956
0.0016,1.1,2.0,1,0.005863970360692336,0.004258180273911102,0.0032156353834801948,0.0031698079416051725,0.7444043553124938,0.7444043553124938,5.301049688474603
0.0016,1.1,2.0,0,0.005876377191995638,0.004282684362392668,0.0031463154438748746,0.0031652849803336575,0.7390890181234984,0.7390890181234984,5.435892134276068
0.0016,1.1,2.0,2,0.005835899031003154,0.004264656207515122,0.003164218209807175,0.003193875217456473,0.748917394989136,0.748917394989136,5.423764892272157
0.0016,1.1,2.0,9,0.005899621548233191,0.004281957438976179,0.0032265096571704654,0.0031896537608496777,0.7449055265743902,0.7449055265743902,5.291373258515142
0.0016,1.1,2.0,3,0.005827102584253382,0.004282958684686462,0.0032250939067467507,0.003236973573670132,0.7557797802822134,0.7557797802822134,5.254545647354897
0.0016,1.1,2.0,4,0.005871953823678252,0.004295407267667228,0.003284293869747253,0.0032776139746031607,0.7630508052809587,0.7630508052809587,5.2054938006280835
0.0016,1.1,2.0,7,0.005824500597629591,0.004256199071371334,0.0032171913313517276,0.0032041015902204923,0.7528082066866626,0.7528082066866626,5.228222909942687
0.0016,1.1,2.0,8,0.005846349292494131,0.004245756257258301,0.003173458558600144,0.0031572358242277134,0.7436215441784451,0.7436215441784451,5.301907328399405
0.0016,1.1,2.0,6,0.00586955223335952,0.0043111845874148624,0.0031968495189674106,0.0032385461808806092,0.7511963626736184,0.7511963626736184,5.116260541813055
0.0016,1.1,2.0,5,0.0058824478435002235,0.004268059840932732,0.003202708562503604,0.0032013887777558895,0.7500805745629531,0.7500805745629531,5.28814099689072
0.0016,1.1,2.75,0,0.005146964295500901,0.0041124479727347625,0.003205427012203935,0.003203275687036456,0.7789218753097781,0.7789218753097781,4.5597501269821805
0.0016,1.1,2.75,3,0.0051460215110737,0.004115962842785451,0.00321851647174857,0.003201654302776572,0.7778627808529665,0.7778627808529665,4.458365494347641
0.0016,1.1,2.75,2,0.005168433994053529,0.004112002965022973,0.0031886480605834407,0.003204092647564294,0.779204848541833,0.779204848541833,4.742803642750576
0.0016,1.1,2.75,1,0.0051253217681200055,0.004108654549346582,0.003144821437733835,0.0031618549632695774,0.7695597002119396,0.7695597002119396,4.692969588400171
0.0016,1.1,2.75,4,0.00516483498061072,0.004136538114326038,0.0032351066522148253,0.003237913924202543,0.7827593593272362,0.7827593593272362,4.779242239021185
0.0016,1.1,2.75,7,0.005160131389401672,0.004125350479254151,0.0032343353885909863,0.003229470880462843,0.7828355182677037,0.7828355182677037,4.60300455574988
0.0016,1.1,2.75,8,0.005111121203899929,0.004099605316639436,0.003203479776600228,0.0031921465171140936,0.7786472771312501,0.7786472771312501,4.229534562336805
0.0016,1.1,2.75,6,0.005154747981169008,0.004136681731511825,0.0031823304392537798,0.0032186422675032416,0.7780734599388508,0.7780734599388508,4.44157350829735
0.0016,1.1,2.75,5,0.005167052275894188,0.004130945642882792,0.003205873056958923,0.003208538201228562,0.7767079208017549,0.7767079208017549,4.600047122035407
0.0016,1.1,2.75,9,0.005149517438440678,0.004095739987721181,0.003174217637076244,0.0031456000757622326,0.7680175219112005,0.7680175219112005,4.6412890633330095
0.0016,1.1,4.0,0,0.00457338310770372,0.00398667932814025,0.0032169781973499876,0.0031986585963891642,0.8023365646218928,0.8023365646218928,3.1059215180962827
0.0016,1.1,4.0,1,0.004533731522228029,0.00398333562913961,0.0031863513717906257,0.0032068939440175006,0.8050775135687426,0.8050775135687426,3.046994617584102
0.0016,1.1,4.0,4,0.0045530129490555585,0.003982342650280083,0.0032127245122332655,0.0032111102868908493,0.8063370153909303,0.8063370153909303,2.8480229290755563
0.0016,1.1,4.0,3,0.004553188444426542,0.003974727704966021,0.0032271833286633463,0.0032160680116890506,0.8091291405121659,0.8091291405121659,2.9478379151024976
0.0016,1.1,4.0,2,0.004558522649505985,0.0039539057138207176,0.0031922294712159105,0.00319740485740015,0.8086699807291182,0.8086699807291182,2.9473216589355973
0.0016,1.1,4.0,7,0.004573011466982384,0.003997196954072364,0.003228847644782775,0.0032175446907584467,0.8049502508202394,0.8049502508202394,2.9241308183293038
0.0016,1.1,6.0,0,0.004168104742562008,0.0038817740187568157,0.003198023587290169,0.00321941095269338,0.829365887127153,0.829365887127153,1.3913664010808766
0.0016,1.1,4.0,9,0.004557752836923384,0.00399261917024036,0.00321454017892571,0.003226055803932822,0.8080048876133132,0.8080048876133132,3.0318265025203015
0.0016,1.1,4.0,8,0.004563479319995053,0.003972892365018347,0.0031946719213844345,0.0031737830845784097,0.7988595695478282,0.7988595695478282,2.7410439451617865
0.0016,1.1,4.0,6,0.0045524908223544035,0.00398190441544264,0.0032289104616737936,0.0031974665415892833,0.8029993209251467,0.8029993209251467,2.9829716693795056
0.0016,1.1,4.0,5,0.0045378737167123965,0.004000851195375419,0.0032061379992038607,0.0032248725973211298,0.8060466235407,0.8060466235407,2.8000570115405834
0.0016,1.1,6.0,4,0.004145755163467481,0.0038775569993077953,0.003180783635258269,0.003194638507614511,0.8238791868655455,0.8238791868655455,1.3039900619466174
0.0016,1.1,6.0,1,0.004143532071436766,0.003855262000891621,0.0031656267675606352,0.0031629591926212444,0.8204265214373848,0.8204265214373848,1.231637641478878
0.0016,1.1,6.0,3,0.004145565800226083,0.0038657029297310772,0.0031906665147486864,0.0031942175726337096,0.826296699642132,0.826296699642132,1.4429529392823524
0.0016,1.1,6.0,5,0.004163853754105676,0.0038874991561251983,0.0032337723743399317,0.003229751848233656,0.8308045142967591,0.8308045142967591,1.277097367271466
0.0016,1.1,6.0,2,0.00416930376808186,0.0038545473154700228,0.00318567416874092,0.0031894452246557254,0.8274500125747724,0.8274500125747724,1.4353338395375541
0.0016,1.1,6.0,8,0.004169414404429107,0.003865673048674213,0.003179625195966317,0.003175574463083566,0.821480353640532,0.821480353640532,1.3438378243765596
0.0016,1.1,6.0,7,0.004166630983960277,0.0038744348846083063,0.003207288293287041,0.0031981964015423917,0.8254613890267303,0.8254613890267303,1.3680632066334235
0.0016,1.1,6.0,6,0.004154937595224417,0.0038452489817760644,0.0032127482236484536,0.0031953774238246036,0.8309936336940932,0.8309936336940932,1.3315070501831103
0.0016,1.4,2.0,0,0.005403756302375093,0.0044569348244649885,0.0031770466274106393,0.003152773907100492,0.7073861367221029,0.7073861367221029,4.002865746528375
0.0016,1.1,6.0,9,0.004166731066570314,0.003876553226000171,0.003193328572300584,0.0032045657086058298,0.8266533494529886,0.8266533494529886,1.3736554418202784
0.0016,1.4,2.0,1,0.005434362082908855,0.00445694732614525,0.0031324087399712108,0.00313452659241626,0.7032900240998063,0.7032900240998063,3.9113620527219704
0.0016,1.4,2.0,2,0.005394242334987444,0.004461960804217492,0.0031973925282180364,0.003202851516228961,0.7178125619574229,0.7178125619574229,3.955218277892442
0.0016,1.4,2.0,4,0.005376485551406836,0.004449119096558127,0.003184832026276188,0.0031785154992821606,0.714414568434701,0.714414568434701,4.0393903363867265
0.0016,1.4,2.0,3,0.0054186381916086586,0.0044778981248333885,0.003226368762661135,0.0032405532559566484,0.7236773069903687,0.7236773069903687,3.98432870733743
0.0016,1.4,2.0,5,0.0054082502716173144,0.004491285710473081,0.0032549153654553137,0.003229664567699208,0.7190957725463913,0.7190957725463913,3.9883685912022058
0.0016,1.4,2.0,6,0.005383630248582434,0.004484725613806045,0.0031779495990235046,0.0031912970815003517,0.7115924933458746,0.7115924933458746,3.807075777227384
0.0016,1.4,2.75,0,0.004999767394676515,0.004405865314863281,0.0032020955478825512,0.0032040646890263394,0.7272271075144667,0.7272271075144667,2.5521695163639206
0.0016,1.4,2.0,9,0.005418796948558305,0.004475127390166342,0.0031876962399039806,0.0031803807626932575,0.7106793808108872,0.7106793808108872,4.099391003979294
0.0016,1.4,2.0,8,0.005426838105428946,0.004464527823236329,0.003204826194797326,0.0031908349299959943,0.7147082639711188,0.7147082639711188,4.019549902048411
0.0016,1.4,2.75,1,0.00499916157204071,0.004372804248308804,0.003161227516853102,0.0031795182130753413,0.7271119475117209,0.7271119475117209,3.1509672403460867
0.0016,1.4,2.0,7,0.005372696083565065,0.004442580735001644,0.0031894729543138186,0.0031512044639088995,0.7093184461638676,0.7093184461638676,3.8747280891241553
0.0016,1.4,2.75,3,0.004972784799254123,0.0043666560525744726,0.003184467908787586,0.003168729190941753,0.7256649373777787,0.7256649373777787,2.65297840033392
0.0016,1.4,2.75,2,0.004958429102071777,0.0043854182881820965,0.003144595762910066,0.0031537038677710992,0.7191341077474313,0.7191341077474313,2.780857356371939
0.0016,1.4,2.75,5,0.005002664378747131,0.0043839438649907105,0.0031375896553530415,0.0031493067666620474,0.7183729681877943,0.7183729681877943,2.8182786728784768
0.0016,1.4,2.75,8,0.004996999527496832,0.004402970210998694,0.0032285663448563783,0.0031989571547737326,0.7265452640998304,0.7265452640998304,2.7233547493566688
0.0016,1.4,2.75,7,0.0049695887965269464,0.004367733492475946,0.0031821127972704996,0.0031589420201890393,0.7232451397574451,0.7232451397574451,2.7977238277338587
0.0016,1.4,2.75,4,0.004994498461066129,0.004400118727401152,0.003236703166272488,0.0032306928839232413,0.7342285706529991,0.7342285706529991,2.540012287242411
0.0016,1.4,4.0,0,0.004672943455177685,0.0043210235661300615,0.003164113927784729,0.0031265567666537773,0.723568552405268,0.723568552405268,1.5497948861596216
0.0016,1.4,2.75,6,0.005009500788735068,0.004414310651813813,0.003196404327506278,0.003226076073963091,0.7308221664548045,0.7308221664548045,2.973175865018482
0.0016,1.4,4.0,2,0.004623004397608829,0.004288491236533057,0.003155907565087282,0.003170460770868147,0.7392951497392451,0.7392951497392451,1.3618611866326589
0.0016,1.4,2.75,9,0.005021944890782325,0.004387729979132219,0.0032319400450950718,0.00319840860621754,0.7289438095390965,0.7289438095390965,2.90102759856556
0.0016,1.4,4.0,1,0.004628946590457214,0.0043077471539553274,0.0031703120167989817,0.0031847059468777584,0.739297324810161,0.739297324810161,1.4314742702815453
0.0016,1.4,4.0,4,0.004660291889419857,0.004319550988381113,0.003231803767285702,0.0032052412077556974,0.742031108413183,0.742031108413183,1.421782483332671
0.0016,1.4,4.0,5,0.004658418456075611,0.004335931254402897,0.0032106108270159436,0.0032115336762339546,0.7406791039347824,0.7406791039347824,1.482412336937462
0.0016,1.4,4.0,3,0.004658406073223039,0.0043216293575078285,0.0031694962586869173,0.003168315788888371,0.7331299208674981,0.7331299208674981,1.4975601031536563
0.0016,1.4,4.0,9,0.0046646763807544995,0.004326561462739349,0.0031956716167140216,0.003163802089714567,0.7312509291642919,0.7312509291642919,1.4760752527199354
0.0016,1.4,4.0,6,0.004659671531144008,0.00433275985984628,0.0032144469117994876,0.003217203415381422,0.7425298238189373,0.7425298238189373,1.4362694886634317
0.0016,1.4,6.0,6,0.0044518207307219105,0.004276591115233419,0.0032377418467715575,0.003224549094135801,0.7539998581229347,0.7539998581229347,0.7095454682004618
0.0016,1.4,6.0,2,0.004415951198056731,0.004233914498492603,0.0031803767676066635,0.0031841174228508773,0.7520504781059031,0.7520504781059031,0.5608111568471417
0.0016,1.4,4.0,8,0.00465211059286302,0.004292242342982498,0.0031803635395518948,0.003177501179061044,0.7402893231916473,0.7402893231916473,1.513636887823317
0.0016,1.4,4.0,7,0.004664518004336177,0.004318240936185213,0.0031945061071576453,0.0031752924287620334,0.7353208113410934,0.7353208113410934,1.6286132021688617
0.0016,1.4,6.0,3,0.004455062928473053,0.0042656421255793196,0.00320025371430766,0.0031835800542128366,0.7463307892432426,0.7463307892432426,0.7384534971103451
0.0016,1.4,6.0,1,0.0044233959775248,0.004223709723004342,0.003153514914112781,0.003154357787502665,0.7468216317808312,0.7468216317808312,0.6856664494404408
0.0016,1.4,6.0,0,0.004447251612868737,0.00428514259894468,0.0032168073132758128,0.003223000132960262,0.7521336941631777,0.7521336941631777,0.6476831147260884
0.0016,1.4,6.0,5,0.004434229923601108,0.004277992907088136,0.003197549326983026,0.003185116586277222,0.7445352658252086,0.7445352658252086,0.6237992120703697
0.0016,1.4,6.0,4,0.004436644791324745,0.004270165790421938,0.003184015656111849,0.0032210416018336506,0.7543130079535805,0.7543130079535805,0.6597828737886107
0.0016,1.4,6.0,8,0.004433117563261586,0.004249050319472717,0.0031988649565761057,0.0031626931517594868,0.74432941809735,0.74432941809735,0.697822564785481
0.0016,1.4,6.0,9,0.004451800654971627,0.004285562362949892,0.003217136113071662,0.0032010059526641765,0.7469278665357748,0.7469278665357748,0.6969573765976027
0.0016,1.6,2.0,3,0.005090614493111603,0.00454750218192421,0.00317901823946191,0.0031981590701489144,0.7032781826606314,0.7032781826606314,2.793154764239822
0.0016,1.4,6.0,7,0.004436880352674467,0.0042714571950961955,0.003233544333435959,0.003193026972484151,0.7475263889217652,0.7475263889217652,0.5991606844688091
0.0016,1.6,2.0,1,0.005114299235031664,0.004523434144004594,0.003155018883616299,0.0031656621925877475,0.6998360298410775,0.6998360298410775,3.012555762017575
0.0016,1.6,2.0,0,0.005106307684318212,0.00453031746018802,0.0031818871096641163,0.003202179496596289,0.7068333565443756,0.7068333565443756,2.901861029629332
0.0016,1.6,2.0,2,0.005064585226524533,0.00451943147602433,0.003219379750852281,0.003235164145111786,0.715834317275169,0.715834317275169,2.7790668872718802
0.0016,1.6,2.0,5,0.005073744459302889,0.004539587004986759,0.003211097786689904,0.0032404311778604514,0.713816295249066,0.713816295249066,2.714451451082737
0.0016,1.6,2.0,6,0.005095003645310983,0.004541559512980848,0.0031885823864671895,0.0032117138201307443,0.7071830306199686,0.7071830306199686,2.9494708831894547
0.0016,1.6,2.0,7,0.005095148786261755,0.004500042251047171,0.0032145359549809512,0.003171914633144278,0.7048633004292717,0.7048633004292717,3.079531364571931
0.0016,1.6,2.0,4,0.005084405255647659,0.004537530548278459,0.0031815732189573115,0.0031662535189058852,0.6977922209487192,0.6977922209487192,2.7573224155597353
0.0016,1.6,2.75,2,0.004842785289608418,0.004448768863386216,0.003232854427645639,0.003179081622381155,0.7145980652187381,0.7145980652187381,1.9252251813297185
0.0016,1.6,2.0,8,0.005082748939258856,0.004544773763558349,0.0032137421997591588,0.003210032524882775,0.7063129413881908,0.7063129413881908,2.806874806918814
0.0016,1.6,2.75,4,0.004842416910159368,0.00450037678069237,0.0031582743263950694,0.0031465201105957672,0.6991681505635367,0.6991681505635367,1.7643350258874122
0.0016,1.6,2.75,0,0.0048378006633727185,0.004466375381726663,0.003177102939010356,0.0031583166991124697,0.7071319423875857,0.7071319423875857,1.7876413200351795
0.0016,1.6,2.75,1,0.0048475567682977625,0.004485443909874561,0.0031345430234673358,0.0031513467752344792,0.7025718833083366,0.7025718833083366,1.7996596904458908
0.0016,1.6,2.75,3,0.004846674488797062,0.004489904469005242,0.0032385824564278927,0.0032284299591362722,0.7190420155757891,0.7190420155757891,1.8707959039390962
0.0016,1.6,2.0,9,0.005101268658812777,0.0045143856301673385,0.003138213318559655,0.003126760689007076,0.6926215315130652,0.6926215315130652,3.1948699927346658
0.0016,1.6,2.75,6,0.004845452282559565,0.004486605780171184,0.0032020663961176985,0.0032071423460880498,0.7148259738491406,0.7148259738491406,1.8167985623465333
0.0016,1.6,4.0,0,0.004651129828367328,0.004459701996817481,0.0032015178527011715,0.0031974619000423917,0.716967614052274,0.716967614052274,0.8142600079238589
0.0016,1.6,2.75,5,0.004816663181196145,0.00449038039996535,0.003258683486416166,0.003273439515028628,0.7289893557913016,0.7289893557913016,1.732978863005263
0.0016,1.6,2.75,9,0.00484447743470288,0.004473228893579555,0.0031910443843406458,0.00318364615494843,0.7117109878991283,0.7117109878991283,2.068874871298684
0.0016,1.6,2.75,8,0.004858748343007272,0.0045001556767949565,0.0032227176904611496,0.003222754809494607,0.716142960589727,0.716142960589727,1.8618428223365227
0.0016,1.6,4.0,1,0.0046241845894394885,0.004411824634309333,0.003166567630563985,0.003175974087460008,0.7198776811665369,0.7198776811665369,0.9431216422333826
0.0016,1.6,4.0,2,0.00460739550351147,0.0044299429949934315,0.0031469360399133586,0.0031589938536126074,0.7131003394812965,0.7131003394812965,0.8039659871567904
0.0016,1.6,2.75,7,0.004827699057188279,0.004458233728738811,0.0031947459860936205,0.003132226575201652,0.7025711897989088,0.7025711897989088,1.8819124094845767
0.0016,1.6,4.0,3,0.0046100627763078815,0.004408850826092084,0.003175208388799207,0.0031628887732383076,0.7173952800852252,0.7173952800852252,0.7743972932543537
0.0016,1.6,4.0,7,0.004623947938093843,0.004417214696685339,0.0031833699812165955,0.0031591073905576136,0.7151808565991135,0.7151808565991135,0.9376160623188818
0.0016,1.6,4.0,4,0.004643345835829921,0.004441292141568727,0.0032393580076068612,0.003236715613275718,0.7287779119462438,0.7287779119462438,0.7482092025020739
0.0016,1.6,4.0,5,0.00463143951607818,0.004436837064518646,0.0031513796278421083,0.0031513458347070585,0.7102685514210896,0.7102685514210896,0.7986756651653604
0.0016,1.6,4.0,6,0.004649288502079768,0.004457954795784274,0.0031916989488879255,0.003225246158203487,0.7234811266488134,0.7234811266488134,0.9761737139543802
0.0016,1.6,4.0,8,0.004640038885367266,0.004443190860913286,0.003229872744783858,0.003193533959164035,0.718747868172292,0.718747868172292,0.8110371020932634
0.0016,1.6,6.0,3,0.004513470082143397,0.004403039339476019,0.0031963233037606664,0.003191303681495496,0.7247956321633217,0.7247956321633217,0.37189533251676643
0.0016,1.6,6.0,4,0.004517705127591022,0.004422297794206859,0.003239741745989617,0.003230225712719397,0.7304405680121638,0.7304405680121638,0.38393082357706954
0.0016,1.6,4.0,9,0.004650904646267123,0.004426589009631052,0.003233260306872789,0.003201016350997097,0.7231338495696251,0.7231338495696251,0.8837152188704658
0.0016,1.6,6.0,1,0.004486327604857365,0.004383932264868964,0.0031823858357434053,0.0031764153239585103,0.7245584858627951,0.7245584858627951,0.34551696076556215
0.0016,1.6,6.0,7,0.00450253040390889,0.0043986672793141545,0.0031923127068826393,0.0031805581127572835,0.7230731289258141,0.7230731289258141,0.41599425157283765
0.0016,1.6,6.0,0,0.004523931411843436,0.004409891042545088,0.003202128652550052,0.0031862676123244086,0.722527514077879,0.722527514077879,0.39604479898183254
0.0016,1.6,6.0,2,0.0044812789771137024,0.004384815711106735,0.0031711312483932597,0.003184397857255724,0.7262329974757312,0.7262329974757312,0.36078375846954813
0.0016,1.6,6.0,9,0.004529808980118783,0.004422881711696679,0.0032442350679008055,0.003210640145829576,0.7259158971714688,0.7259158971714688,0.37004563374150745
0.0018,0.8,2.0,0,0.00612244318147341,0.003930539867691462,0.00357935725318264,0.0036110456900668294,0.918714937800063,0.918714937800063,6.558960901530574
0.0016,1.6,6.0,5,0.004508060315905193,0.004437636950190383,0.0031918286102193263,0.0032044343206208067,0.7221037585067275,0.7221037585067275,0.34258471596811724
0.0018,0.8,2.0,2,0.006149153857584314,0.003936408343072266,0.003594891627396895,0.003594569124737243,0.9131596144143354,0.9131596144143354,6.783893088052412
0.0016,1.6,6.0,6,0.0045246721271114876,0.004439183806783765,0.0032440478983295686,0.0032550009921601063,0.7332431216715913,0.7332431216715913,0.3208168479528779
0.0016,1.6,6.0,8,0.004519848476382342,0.004407431680196442,0.003213100606308538,0.0032059183356480127,0.7273892298893496,0.7273892298893496,0.34864377299323657
0.0018,0.8,2.0,5,0.00614111962793971,0.003958002573589487,0.0035648588651735593,0.0036209406871225078,0.9148404074529694,0.9148404074529694,6.554771656663254
0.0018,0.8,2.0,1,0.006078983887137604,0.003924380434557216,0.003559621330956271,0.0035738407156575853,0.9106764176549103,0.9106764176549103,6.547789364920087
0.0018,0.8,2.0,3,0.0061183472236230625,0.00394933395135329,0.0035864934590451756,0.0035952307182577766,0.9103384931592895,0.9103384931592895,6.4842370997034156
0.0018,0.8,2.0,4,0.006111854023051615,0.003920038022945748,0.003639422940504433,0.003625998057759857,0.9249905323711802,0.9249905323711802,6.630427687358917
0.0018,0.8,2.0,6,0.006107782732350756,0.003946838457303572,0.0036149042150149958,0.003607763982622475,0.9140895989665744,0.9140895989665744,6.520417867645243
0.0018,0.8,2.75,1,0.005050131019822172,0.003689727804191951,0.0035459131020995956,0.003587001216901951,0.972158762721388,0.972158762721388,7.040344535690231
0.0018,0.8,2.0,7,0.006106409150599013,0.003935241265821014,0.0035932482068189364,0.0035949008514621905,0.9135147272125848,0.9135147272125848,6.499459145734457
0.0018,0.8,2.75,2,0.005009163014246662,0.0036788800851194495,0.0036286340776512326,0.0036141630088521413,0.9824084844382182,0.9824084844382182,6.750737221411686
0.0018,0.8,2.75,5,0.005002629712670843,0.003691529682681564,0.003620892638724796,0.00361717765957267,0.979858749759562,0.979858749759562,6.7243124234749825
0.0018,0.8,2.0,9,0.006136684437568088,0.0039303116181447235,0.0035995446090625527,0.0035859809870358132,0.9123910100361332,0.9123910100361332,6.50999348798447
0.0018,0.8,2.0,8,0.006059688126127619,0.0039303166815862585,0.0036301779367028664,0.0036106027629232615,0.9186544127192413,0.9186544127192413,6.580596292871126
0.0018,0.8,2.75,8,0.00505161706459117,0.003687027275637531,0.0035521925215974007,0.003573031746851284,0.96908199471713,0.96908199471713,7.07163794221667
0.0018,0.8,2.75,4,0.0050261973043348425,0.0036751307843005724,0.003564566926200208,0.0035904838592524134,0.9769676427816518,0.9769676427816518,7.023867267664899
0.0018,0.8,2.75,0,0.005043279197560303,0.003697845356491801,0.0035937492923248738,0.0036135383275527023,0.9772010398457869,0.9772010398457869,7.167298644205678
0.0018,0.8,2.75,7,0.005011611154574628,0.0037058761892949247,0.003609497311386012,0.003610601272535198,0.9742908527179227,0.9742908527179227,7.029569250238531
0.0018,0.8,2.75,6,0.005059659377319132,0.0036924323200141543,0.0036146846807890054,0.00361088785979364,0.9779157874394834,0.9779157874394834,6.9236419753717
0.0018,0.8,4.0,1,0.004119794322339995,0.0034588489710975405,0.003586201806934651,0.003577726315159548,1.0343690473493805,1.0343690473493805,5.055186123182036
0.0018,0.8,2.75,3,0.005013252231016021,0.003689729309220928,0.003632639903679703,0.003613340447134715,0.9792968926215506,0.9792968926215506,6.829113592594609
0.0018,0.8,4.0,0,0.004130362119343487,0.0034820887867259578,0.003592126418479576,0.0035996116102669567,1.033750668273884,1.033750668273884,5.179140271538351
0.0018,0.8,4.0,2,0.004121359399584832,0.0034722523970682,0.003560573837998481,0.0035757016410301276,1.0297931233481976,1.0297931233481976,5.2728327301680284
0.0018,0.8,4.0,3,0.00407660688784156,0.0034738169831837404,0.003572128815588239,0.0035875737349675913,1.0327469041502564,1.0327469041502564,4.83761715062612
0.0018,0.8,2.75,9,0.005017929610973749,0.0036881673326430763,0.0036404090452435965,0.0035967788360432096,0.9752211631530356,0.9752211631530356,6.66095007527073
0.0018,0.8,4.0,4,0.0040982791432332315,0.003497259240252545,0.003580713166621636,0.0036171605642752363,1.0342843683541267,1.0342843683541267,4.847177115406044
0.0018,0.8,4.0,5,0.004132965852312775,0.0034993306575722334,0.003609045876570087,0.0036184118516630536,1.0340297061762767,1.0340297061762767,5.013708213432638
0.0018,0.8,6.0,2,0.0035628681426758367,0.0033188038510453353,0.0036136573079615614,0.003586199373787664,1.0805698482777482,1.0805698482777482,2.1554122867270085
0.0018,0.8,4.0,7,0.0040951280803517495,0.003479031114547283,0.0035757747404290777,0.0035870275796291394,1.0310421095776574,1.0310421095776574,4.588617511192932
0.0018,0.8,4.0,8,0.004121849506132727,0.003478365320730766,0.0035853194657011773,0.003564363715604667,1.024723796077818,1.024723796077818,5.145370985168279
0.0018,0.8,4.0,6,0.004124356251707683,0.003487306956864231,0.003619432858231678,0.003615049439071714,1.0366306963475187,1.0366306963475187,5.132013516797892
0.0018,0.8,6.0,3,0.0035637560093459346,0.003327534123887394,0.00360339885430613,0.003595301950245325,1.0804703472267059,1.0804703472267059,2.264657024137816
0.0018,0.8,6.0,4,0.00352088949563707,0.0033284322880499117,0.0035893910567518913,0.0035935024093003715,1.079638129398679,1.079638129398679,1.794223715865206
0.0018,0.8,4.0,9,0.004117076731420818,0.0034881130927362147,0.0036063853679513215,0.0036081915887933853,1.0344250581517058,1.0344250581517058,5.162853557730825
0.0018,0.8,6.0,0,0.003550961953827509,0.003334521695663809,0.0036022099011248842,0.003615439213712534,1.084245221260377,1.084245221260377,2.0853093964287304
0.0018,0.8,6.0,6,0.0035528346095440332,0.003309051517201372,0.003589882588640839,0.003565956837524181,1.0776371473781365,1.0776371473781365,2.215023877175935
0.0018,0.8,6.0,8,0.003557601014022993,0.0033124028927506263,0.003578180766766928,0.003578814435597772,1.0804284839353937,1.0804284839353937,2.417967699674943
0.0018,0.8,6.0,5,0.0035565891487696127,0.003345875821194382,0.0036008805828670973,0.0036090746924615567,1.0786636699425445,1.0786636699425445,2.020996505467804
0.0018,0.8,6.0,9,0.003542374366021871,0.0033399394743157196,0.0035656262948549405,0.00360695865134605,1.079947310148498,1.079947310148498,2.1096895310653494
0.0018,0.8,6.0,7,0.0035478708491525662,0.0033202798751192767,0.0035905783235488046,0.003579648769030634,1.0781165756100726,1.0781165756100726,2.058329221904544
0.0018,0.8,6.0,1,0.0035435804894600165,0.003320802336214533,0.0035920775347176906,0.003594832442509856,1.0825192464203386,1.0825192464203386,2.3392913810934495
0.0018,1.1,2.0,0,0.005933034513589963,0.004406019039201472,0.0035463154438748748,0.0035652849803336573,0.8091851053325939,0.8091851053325939,5.22590231095413
0.0018,1.1,2.0,2,0.005893261910444991,0.004397789279657425,0.0035642182098071743,0.003593875217456473,0.8172004134169033,0.8172004134169033,5.2062103562029804
0.0018,1.1,2.0,1,0.005921912294992285,0.004389263316521932,0.0036156353834801945,0.0035698079416051722,0.8133045762298674,0.8133045762298674,5.089769018342791
0.0018,1.1,2.0,4,0.005930985720316232,0.004426127830914459,0.0036842938697472525,0.0036776139746031605,0.8308874291692899,0.8308874291692899,4.991913960217686
0.0018,1.1,2.0,3,0.005885552608106748,0.004414414856045969,0.003625093906746751,0.0036369735736701317,0.8238857679379509,0.8238857679379509,5.046996473807068
0.0018,1.1,2.0,5,0.0059399970463383765,0.004405338166668723,0.003602708562503603,0.0036013887777558893,0.8175056355501595,0.8175056355501595,5.0786990247862605
0.0018,1.1,2.0,8,0.005903763548202615,0.0043804477074739,0.0035734585586001443,0.0035572358242277127,0.8120712908313854,0.8120712908313854,5.089039843553518
0.0018,1.1,2.0,7,0.005882877107580954,0.004392364669821362,0.003617191331351727,0.003604101590220492,0.8205378790570846,0.8205378790570846,5.018064256439439
0.0018,1.1,2.0,9,0.005957415379762305,0.004405859573372602,0.003626509657170465,0.0035896537608496775,0.8147453864721943,0.8147453864721943,5.085025664450816
0.0018,1.1,2.0,6,0.005927138983406814,0.004446459745580678,0.00359684951896741,0.003638546180880609,0.8183018376579139,0.8183018376579139,4.916396595680427
0.0018,1.1,2.75,1,0.005190150484281093,0.004245195916041555,0.0035448214377338345,0.0035618549632695775,0.8390319395649563,0.8390319395649563,4.455308218479258
0.0018,1.1,2.75,4,0.0052309114289456,0.004259107467781089,0.0036351066522148246,0.0036379139242025426,0.8541493615087915,0.8541493615087915,4.539773835830088
0.0018,1.1,2.75,0,0.005212691276653392,0.004233277068504783,0.003605427012203935,0.003603275687036456,0.8511787980627389,0.8511787980627389,4.325154741305803
0.0018,1.1,2.75,8,0.005177276077732648,0.004232680737809278,0.003603479776600227,0.0035921465171140934,0.8486693751849784,0.8486693751849784,4.0078975622055415
0.0018,1.1,2.75,9,0.005214627083933721,0.004219120830436799,0.0035742176370762444,0.0035456000757622323,0.840364667962155,0.840364667962155,4.401780054720466
0.0018,1.1,2.75,5,0.005232536119526615,0.004258598489049025,0.0036058730569589227,0.003608538201228562,0.847353468637137,0.847353468637137,4.360873492708685
0.0018,1.1,4.0,0,0.004647477980007598,0.00409912547698952,0.0036169781973499873,0.003598658596389164,0.877908865339758,0.877908865339758,2.8979470995149663
0.0018,1.1,2.75,6,0.005219947911539124,0.004258678933780218,0.003582330439253779,0.003618642267503242,0.8497100447746486,0.8497100447746486,4.2114375858621385
0.0018,1.1,2.75,7,0.0052262625849006095,0.0042558940464498835,0.0036343353885909865,0.003629470880462843,0.8528104414371921,0.8528104414371921,4.36620567377995
0.0018,1.1,2.75,2,0.0052335852131316024,0.0042382914499416065,0.003588648060583441,0.0036040926475642936,0.8503645136565465,0.8503645136565465,4.497382576207162
0.0018,1.1,4.0,1,0.004607793780732821,0.004105555075377066,0.003586351371790625,0.0036068939440175,0.8785398996714793,0.8785398996714793,2.844160363865254
0.0018,1.1,4.0,2,0.004632337340218605,0.004083892945039362,0.003592229471215911,0.00359740485740015,0.8808763857950436,0.8808763857950436,2.7445824541182287
0.0018,1.1,2.75,3,0.0052119888406895465,0.004242679327539215,0.0036185164717485703,0.003601654302776572,0.8489103287628288,0.8489103287628288,4.227963809050762
0.0018,1.1,4.0,3,0.0046278015966317015,0.004102229737045468,0.0036271833286633456,0.003616068011689051,0.8814884205616034,0.8814884205616034,2.7475661913657277
0.0018,1.1,4.0,5,0.004612304832121685,0.004128371870773407,0.0036061379992038604,0.0036248725973211295,0.87803926360976,0.87803926360976,2.60690583561148
0.0018,1.1,4.0,4,0.0046273496935216405,0.004114001246050156,0.003612724512233265,0.0036111102868908495,0.8777611067468365,0.8777611067468365,2.658169911834735
0.0018,1.1,4.0,6,0.004627193278582304,0.0041060821595095215,0.003628910461673793,0.0035974665415892822,0.8761311639265897,0.8761311639265897,2.781123408971763
0.0018,1.1,4.0,7,0.004647386467974539,0.004116250532546338,0.0036288476447827746,0.0036175446907584464,0.8788446335215196,0.8788446335215196,2.728954579333533
0.0018,1.1,4.0,9,0.00463206009842308,0.004113005664617702,0.00361454017892571,0.0036260558039328213,0.8816072963687148,0.8816072963687148,2.8307702387725877
0.0018,1.1,4.0,8,0.004637263172812254,0.004100784073199797,0.003594671921384434,0.00357378308457841,0.8714877498511708,0.8714877498511708,2.5552940995259057
0.0018,1.1,6.0,0,0.00424882639446111,0.004001905020306355,0.003598023587290169,0.00361941095269338,0.9044220026032267,0.9044220026032267,1.2625924175064211
0.0018,1.1,6.0,2,0.004249729801607185,0.003979473520093067,0.0035856741687409193,0.003589445224655725,0.9019899759432951,0.9019899759432951,1.306605359427456
0.0018,1.1,6.0,7,0.004247619216337143,0.003993321794208459,0.0036072882932870406,0.003598196401542391,0.9010534554868278,0.9010534554868278,1.2407251004850028
0.0018,1.1,6.0,1,0.004223950344556767,0.0039763209373502,0.0035656267675606354,0.003562959192621244,0.89604416966292,0.89604416966292,1.116937232012364
0.0018,1.1,6.0,8,0.004249691007916539,0.003984115843937383,0.0035796251959663164,0.003575574463083566,0.8974574543369532,0.8974574543369532,1.2186438571281846
0.0018,1.1,6.0,5,0.004245498978939092,0.004010685492553366,0.003633772374339931,0.0036297518482336557,0.905020315099005,0.905020315099005,1.1598435653584263
0.0018,1.1,6.0,9,0.004247384551702241,0.004001645707336692,0.003593328572300584,0.003604565708605829,0.9007708258622574,0.9007708258622574,1.2486636963978102
0.0018,1.4,2.0,2,0.005456858384530981,0.004557061035093625,0.0035973925282180358,0.0036028515162289613,0.7906085717271812,0.7906085717271812,3.7633850304662575
0.0018,1.1,6.0,6,0.0042362741999795945,0.003964840693213764,0.003612748223648453,0.0035953774238246037,0.9068151035622857,0.9068151035622857,1.20864769633212
0.0018,1.1,6.0,3,0.004226516232118628,0.003985954621510661,0.0035906665147486857,0.0035942175726337094,0.9017206450964348,0.9017206450964348,1.3112466541835213
0.0018,1.4,2.0,0,0.00546587746442396,0.004569443110301523,0.0035770466274106386,0.0035527739071004915,0.7775069787149741,0.7775069787149741,3.815581146332308
0.0018,1.1,6.0,4,0.004226504107401556,0.00400405105729687,0.0035807836352582693,0.00359463850761451,0.8977504173089257,0.8977504173089257,1.1797939371949315
0.0018,1.4,2.0,3,0.0054814687488026065,0.004586383489443262,0.003626368762661135,0.003640553255956648,0.7937742808328861,0.7937742808328861,3.7944940151351387
0.0018,1.4,2.0,5,0.005471743967006931,0.004596588427341918,0.0036549153654553135,0.0036296645676992083,0.7896431505829083,0.7896431505829083,3.8005449359566406
0.0018,1.4,2.0,1,0.005495320588284893,0.0045614480020560065,0.00353240873997121,0.00353452659241626,0.7748694254155968,0.7748694254155968,3.725794158778287
0.0018,1.4,2.0,4,0.005439067707857939,0.004556835157278944,0.003584832026276188,0.00357851549928216,0.7853072090101729,0.7853072090101729,3.8509660031662234
0.0018,1.4,2.0,7,0.005435416764301595,0.004537938948673427,0.0035894729543138187,0.0035512044639088997,0.7825588894154296,0.7825588894154296,3.6866884090716487
0.0018,1.4,2.0,9,0.0054809544529359384,0.004581655528179128,0.003587696239903981,0.0035803807626932573,0.7814600509951904,0.7814600509951904,3.914183808399457
0.0018,1.4,2.0,8,0.005489213851112969,0.004572612855282524,0.003604826194797326,0.003590834929995994,0.7852917016247444,0.7852917016247444,3.8328569343840257
0.0018,1.4,2.0,6,0.00544601028117607,0.004586632262520198,0.003577949599023504,0.0035912970815003514,0.7829921554528674,0.7829921554528674,3.6192581446672216
0.0018,1.4,2.75,0,0.005067338232960728,0.0045154206511877504,0.0036020955478825514,0.003604064689026339,0.7981680927287061,0.7981680927287061,2.4057226561833795
0.0018,1.4,2.75,5,0.005068925194405187,0.004494082202198547,0.0035375896553530408,0.0035493067666620467,0.7897734413771276,0.7897734413771276,2.657611659861746
0.0018,1.4,2.75,3,0.005040344565974554,0.004473316652515945,0.003584467908787586,0.003568729190941753,0.7977814825459716,0.7977814825459716,2.5063927678832103
0.0018,1.4,2.75,1,0.005065928873960243,0.004477020362906717,0.0035612275168531004,0.0035795182130753406,0.799531367498925,0.799531367498925,2.9790263691478556
0.0018,1.4,2.75,2,0.005025426674711012,0.004495837348504763,0.0035445957629100656,0.0035537038677710994,0.7904431571469104,0.7904431571469104,2.6188287977075477
0.0018,1.4,2.75,4,0.005062830051567397,0.004501787478255246,0.0036367031662724878,0.0036306928839232415,0.8065002849335717,0.8065002849335717,2.39486589447986
0.0018,1.4,2.75,9,0.0050898212245160356,0.004487810118894796,0.003631940045095071,0.0035984086062175397,0.8018183726328673,0.8018183726328673,2.7376447969303657
0.0018,1.4,4.0,3,0.0047301415735569305,0.00442009564301008,0.0035694962586869166,0.003568315788888371,0.8072937956741479,0.8072937956741479,1.3968890271228975
0.0018,1.4,2.75,6,0.005076843726898875,0.00452581287022304,0.0035964043275062783,0.0036260760739630906,0.8011988515522497,0.8011988515522497,2.8085291713772884
0.0018,1.4,2.75,8,0.0050651405421668575,0.0045051559804687715,0.0036285663448563784,0.0035989571547737323,0.7988529521233697,0.7988529521233697,2.569092825156277
0.0018,1.4,2.75,7,0.005037185024957375,0.004481138579986187,0.0035821127972704998,0.0035589420201890386,0.7942048559007093,0.7942048559007093,2.6355811315795092
0.0018,1.4,4.0,1,0.004701168126922295,0.004411436581902553,0.003570312016798982,0.0035847059468777586,0.8125937844337673,0.8125937844337673,1.3284512531110177
0.0018,1.4,4.0,4,0.004733347021013659,0.004420872728485558,0.0036318037672857023,0.0036052412077556967,0.815504410368025,0.815504410368025,1.319521266662072
0.0018,1.4,4.0,6,0.004732376905381389,0.004422490701883102,0.003614446911799487,0.003617203415381422,0.8179109147343627,0.8179109147343627,1.3319163175431097
0.0018,1.4,4.0,8,0.0047242076382212035,0.004396105257865841,0.003580363539551894,0.003577501179061043,0.8137887901250568,0.8137887901250568,1.4062073600755811
0.0018,1.4,4.0,0,0.004744370237065368,0.0044218835645607815,0.0035641139277847286,0.0035265567666537775,0.7975236604865386,0.7975236604865386,1.4487090556491067
0.0018,1.4,4.0,2,0.004695032059384564,0.004398338496008736,0.003555907565087282,0.0035704607708681472,0.8117748950218714,0.8117748950218714,1.2673398711134647
0.0018,1.4,4.0,5,0.004731047965338489,0.004443991594679471,0.0036106108270159433,0.003611533676233955,0.8126778818748962,0.8126778818748962,1.374729385897207
0.0018,1.4,4.0,7,0.00473673168282554,0.004430123563545219,0.0035945061071576455,0.0035752924287620336,0.8070412433148694,0.8070412433148694,1.5188112846135118
0.0018,1.4,4.0,9,0.00473690849275702,0.004428192486216385,0.003595671616714021,0.0035638020897145665,0.8047983688169829,0.8047983688169829,1.3670558939577289
0.0018,1.4,6.0,0,0.004523409252436934,0.0043875932817834026,0.003616807313275812,0.003623000132960261,0.8257374602159202,0.8257374602159202,0.5864292683089274
0.0018,1.4,6.0,1,0.004498545198836456,0.004334922306188533,0.003553514914112781,0.003554357787502665,0.8199357535032324,0.8199357535032324,0.6246100172156868
0.0018,1.4,6.0,2,0.004491845391283444,0.004337877486867645,0.0035803767676066637,0.003584117422850877,0.8262375859395114,0.8262375859395114,0.5056339890449446
0.0018,1.4,6.0,3,0.004530698139871845,0.004366262526384601,0.0036002537143076593,0.003583580054212836,0.8207431487588883,0.8207431487588883,0.6740986465703731
0.0018,1.4,6.0,6,0.004528379285084001,0.004374711295328922,0.0036377418467715573,0.0036245490941358006,0.8285230383101844,0.8285230383101844,0.6467340975021836
0.0018,1.4,6.0,4,0.00451226266988527,0.004369900559069646,0.0035840156561118487,0.00362104160183365,0.8286324946956165,0.8286324946956165,0.5935398411092745
0.0018,1.4,6.0,9,0.004527904378662497,0.004383189810727702,0.0036171361130716614,0.0036010059526641763,0.8215491703897563,0.8215491703897563,0.6341058918050475
0.0018,1.4,6.0,5,0.004510181338279101,0.0043784056083240605,0.003597549326983026,0.003585116586277222,0.8188178316466005,0.8188178316466005,0.5626390630947262
0.0018,1.6,2.0,5,0.005140518703829567,0.0046374653272656195,0.003611097786689904,0.0036404311778604516,0.7850045059004145,0.7850045059004145,2.560667274256022
0.0018,1.6,2.0,6,0.005161079530221203,0.004643106853516478,0.003588582386467189,0.0036117138201307436,0.7778657554252484,0.7778657554252484,2.7958401115310316
0.0018,1.6,2.0,2,0.005131654105338298,0.004609335492180909,0.0036193797508522804,0.003635164145111785,0.788652540323509,0.788652540323509,2.623681549549995
0.0018,1.6,2.0,7,0.0051617289672996,0.004598193876459268,0.0036145359549809505,0.0035719146331442777,0.776808183628557,0.776808183628557,2.9199956378571965
0.0018,1.6,2.0,4,0.005150474326719019,0.004635736587140349,0.0035815732189573117,0.003566253518905885,0.7692959795858036,0.7692959795858036,2.6099921613107613
0.0018,1.4,6.0,8,0.004509128084502804,0.004347542052204965,0.0035988649565761054,0.0035626931517594865,0.8194729594283228,0.8194729594283228,0.6356539081888148
0.0018,1.6,2.0,1,0.005179462741439485,0.004625036421517624,0.003555018883616299,0.003565662192587747,0.7709479164312695,0.7709479164312695,2.8489219664079313
0.0018,1.6,2.0,0,0.005172096315143112,0.0046253813683664515,0.003581887109664116,0.003602179496596289,0.7787854037792504,0.7787854037792504,2.73656177962384
0.0018,1.4,6.0,7,0.004513603184144611,0.004368237507326246,0.0036335443334359592,0.003593026972484151,0.822534710271147,0.822534710271147,0.5403458240346901
0.0018,1.6,2.0,3,0.005156525121249396,0.004641148737477207,0.0035790182394619093,0.0035981590701489137,0.7752733802935107,0.7752733802935107,2.6416560588393008
0.0018,1.6,2.0,8,0.005149467611534108,0.004632758141374207,0.003613742199759158,0.0036100325248827744,0.7792404469903832,0.7792404469903832,2.655522357615898
0.0018,1.6,2.75,2,0.004913157287914784,0.004547990993605909,0.0036328544276456386,0.003579081622381155,0.7869588192705397,0.7869588192705397,1.8104908212555735
0.0018,1.6,2.0,9,0.005166289504489601,0.004606698838984526,0.0035382133185596545,0.0035267606890070757,0.7655722269408204,0.7655722269408204,3.0289019477701675
0.0018,1.6,2.75,0,0.00490709290706522,0.004563284757043888,0.003577102939010355,0.0035583166991124695,0.7797709081423968,0.7797709081423968,1.6729642783044092
0.0018,1.6,2.75,1,0.004915840767821215,0.004587743033458155,0.003534543023467336,0.003551346775234479,0.7740945273819184,0.7740945273819184,1.6906655594019258
0.0018,1.6,2.75,3,0.004917067688779591,0.004586500423197478,0.0036385824564278925,0.003628429959136272,0.7911107869486933,0.7911107869486933,1.7570317253903287
0.0018,1.6,2.75,4,0.004911267806564112,0.004586415419571734,0.003558274326395069,0.003546520110595767,0.7732662190741829,0.7732662190741829,1.656053581553457
0.0018,1.6,2.75,7,0.004897512121955512,0.004552487159286134,0.0035947459860936203,0.0035322265752016514,0.7758894098134113,0.7758894098134113,1.7682650214587499
0.0018,1.6,2.75,5,0.004887924782326545,0.004587792717065107,0.0036586834864161654,0.0036734395150286284,0.8006986674364384,0.8006986674364384,1.6208816516696318
0.0018,1.6,4.0,0,0.004723678221216096,0.004542073974568677,0.0036015178527011712,0.0035974619000423915,0.7920306714916532,0.7920306714916532,0.7477702354098841
0.0018,1.6,4.0,7,0.004696548321820149,0.004514791224739626,0.0035833699812165953,0.0035591073905576137,0.788321588616287,0.788321588616287,0.865694447737174
0.0018,1.6,2.75,6,0.004915158619003724,0.004583253566879246,0.003602066396117698,0.0036071423460880495,0.787026572597895,0.787026572597895,1.7002727293918207
0.0018,1.6,4.0,2,0.0046794717080323395,0.004520239953856784,0.003546936039913358,0.0035589938536126063,0.7873462227543876,0.7873462227543876,0.7387602884127196
0.0018,1.6,4.0,4,0.004716823580535679,0.004538117408786006,0.0036393580076068605,0.003636715613275717,0.8013709839756166,0.8013709839756166,0.6886554327435359
0.0018,1.6,4.0,1,0.004696399654271942,0.004520035074663849,0.0035665676305639852,0.0035759740874600075,0.7911385704735818,0.7911385704735818,0.8727157198582596
0.0018,1.6,4.0,6,0.004721672015910487,0.0045603102281832255,0.0035916989488879256,0.0036252461582034863,0.7949560395692076,0.7949560395692076,0.9014310706034654
0.0018,1.6,2.75,8,0.004928682408242423,0.004596017614664893,0.0036227176904611493,0.0036227548094946074,0.7882377991622975,0.7882377991622975,1.7490610499594483
0.0018,1.6,2.75,9,0.004913973194089098,0.00456986919691781,0.003591044384340646,0.00358364615494843,0.7841900939671212,0.7841900939671212,1.9452959083026444
0.0018,1.6,4.0,9,0.0047241430627927,0.004522265856478693,0.003633260306872788,0.003601016350997097,0.7962858587445065,0.7962858587445065,0.8165107928340554
0.0018,1.6,4.0,3,0.0046826608568479415,0.0045090459472039365,0.0035752083887992062,0.0035628887732383073,0.7901646634245671,0.7901646634245671,0.7141286731634966
0.0018,1.6,6.0,2,0.0045558821617443295,0.004472799236628633,0.00357113124839326,0.0035843978572557243,0.8013768710883299,0.8013768710883299,0.32102806062607314
0.0018,1.6,4.0,5,0.0047032266625184685,0.004533606832694162,0.0035513796278421076,0.0035513458347070587,0.783337851243845,0.783337851243845,0.7344960334174693
0.0018,1.6,6.0,3,0.004588056943100609,0.004494210059332318,0.003596323303760666,0.003591303681495496,0.799095643969307,0.799095643969307,0.3296053239517982
0.0018,1.6,6.0,0,0.004598500277768445,0.004501088807956017,0.003602128652550051,0.003586267612324408,0.7967555774472628,0.7967555774472628,0.3553507545863468
0.0018,1.6,4.0,8,0.004713371038394514,0.0045431339661553775,0.0036298727447838576,0.0035935339591640345,0.7909812886730829,0.7909812886730829,0.7456706848206669
0.0018,1.6,6.0,1,0.004561072740958774,0.004473844802753168,0.0035823858357434055,0.00357641532395851,0.7994053172693011,0.7994053172693011,0.30800022556334783
0.0018,1.6,6.0,4,0.004593201551676915,0.004514275112688794,0.003639741745989616,0.0036302257127193965,0.8041658122508977,0.8041658122508977,0.3422921840643083
0.0018,1.6,6.0,7,0.0045772524708525865,0.004499044781781121,0.0035923127068826386,0.0035805581127572833,0.7958485159464851,0.7958485159464851,0.3732288972053217
0.002,0.8,2.0,0,0.006183848806602001,0.004120968280482028,0.003979357253182641,0.00401104569006683,0.9733260285123231,0.9733260285123231,6.287623216349129
0.0018,1.6,6.0,8,0.0045947341431630834,0.0044912505623835326,0.0036131006063085383,0.0036059183356480125,0.8028762335927949,0.8028762335927949,0.3071014082378234
0.0018,1.6,6.0,5,0.004582663487770381,0.004529651786214737,0.0035918286102193256,0.0036044343206208065,0.7957420328843642,0.7957420328843642,0.30015486456990503
0.0018,1.6,6.0,9,0.00460521203364675,0.004513989743051936,0.003644235067900805,0.0036106401458295754,0.7998777913457108,0.7998777913457108,0.3289454925723865
0.0018,1.6,6.0,6,0.004600155446390415,0.004531568767557015,0.0036440478983295692,0.003655000992160106,0.8065641678721628,0.8065641678721628,0.2825148551467982
0.002,0.8,2.0,2,0.006210558997964146,0.004117829257606427,0.003994891627396895,0.003994569124737244,0.9700667207991935,0.9700667207991935,6.51566878901488
0.002,0.8,2.0,4,0.006174344031913108,0.0041117188343512846,0.004039422940504432,0.004025998057759857,0.9791520821231076,0.9791520821231076,6.358985281296876
0.002,0.8,2.0,5,0.006202107270226825,0.00414513408668946,0.0039648588651735595,0.004020940687122508,0.9700387497799522,0.9700387497799522,6.286165727831598
0.002,0.8,2.0,6,0.006169922967497249,0.004131442765656482,0.004014904215014996,0.004007763982622476,0.9700640212029287,0.9700640212029287,6.259600732350153
0.002,0.8,2.75,0,0.00511793105453004,0.003889510577494633,0.003993749292324875,0.0040135383275527025,1.0318877523500554,1.0318877523500554,6.737953526055177
0.002,0.8,2.0,7,0.0061682152746917645,0.004124863007301539,0.0039932482068189366,0.003994900851462191,0.9684929764675096,0.9684929764675096,6.239696991596578
0.002,0.8,2.0,8,0.0061225630968816825,0.0041115648789031255,0.004030177936702866,0.004010602762923261,0.9754443578166767,0.9754443578166767,6.31170516209999
0.002,0.8,2.0,9,0.006198287045442205,0.004108997694577941,0.003999544609062554,0.003985980987035813,0.9700616265362098,0.9700616265362098,6.244407003037367
0.002,0.8,2.0,1,0.00614049802059812,0.004109976567949686,0.003959621330956271,0.0039738407156575855,0.9668767327401057,0.9668767327401057,6.280916088136291
0.002,0.8,2.0,3,0.006179887860780782,0.004134557424635073,0.003986493459045176,0.003995230718257777,0.9663019056049043,0.9663019056049043,6.215905403754672
0.002,0.8,2.75,1,0.0051237440838240575,0.0038711613478699296,0.003945913102099595,0.003987001216901951,1.0299238028649365,1.0299238028649365,6.623053511651225
0.002,0.8,2.75,3,0.00508908271385887,0.0038820591268943897,0.004032639903679703,0.004013340447134715,1.0338174448016069,1.0338174448016069,6.415929304390055
0.002,0.8,2.75,2,0.0050850184113311455,0.0038715056838558018,0.004028634077651232,0.0040141630088521415,1.0368480215827194,1.0368480215827194,6.351880656945555
0.002,0.8,2.75,4,0.0051005347860246,0.003874260333013153,0.003964566926200208,0.0039904838592524135,1.0299988943047793,1.0299988943047793,6.60227030974003
0.002,0.8,2.75,7,0.005087056431228906,0.0038887296642116757,0.004009497311386012,0.004010601272535198,1.031339696725416,1.031339696725416,6.604276853476497
0.002,0.8,2.75,6,0.005134495946952754,0.003877394977679514,0.004014684680789006,0.004010887859793639,1.0344284971953042,1.0344284971953042,6.50925913433664
0.002,0.8,2.75,5,0.005078414350307767,0.0038788520604104417,0.004020892638724797,0.00401717765957267,1.0356614784497844,1.0356614784497844,6.315056678168295
0.002,0.8,2.75,8,0.005125348587102718,0.003871634739327741,0.003952192521597401,0.003973031746851284,1.0261897142552112,1.0261897142552112,6.649376660768404
0.002,0.8,4.0,4,0.0041895007388470145,0.003693892487389627,0.003980713166621636,0.0040171605642752364,1.0875142083829445,1.0875142083829445,4.386903052583805
0.002,0.8,2.75,9,0.005093884217581562,0.0038771058313975125,0.004040409045243597,0.00399677883604321,1.0308665818912044,1.0308665818912044,6.257974200628242
0.002,0.8,4.0,0,0.0042211514970013336,0.0036726464629838937,0.003992126418479575,0.003999611610266957,1.0890271226970798,1.0890271226970798,4.717404452519685
0.002,0.8,4.0,1,0.004210663890974631,0.003645044381718746,0.003986201806934651,0.003977726315159549,1.09126965232833,1.09126965232833,4.600857105427408
0.002,0.8,4.0,3,0.004168056351321743,0.00365928264732227,0.0039721288155882386,0.0039875737349675915,1.089714602364907,1.089714602364907,4.392716646619791
0.002,0.8,4.0,7,0.004186314163315811,0.003669264199894545,0.003975774740429079,0.003987027579629139,1.0866013899309093,1.0866013899309093,4.149832214538024
0.002,0.8,4.0,2,0.004211613693425034,0.0036618547655294944,0.003960573837998482,0.003975701641030128,1.0857070789521748,1.0857070789521748,4.796629338481669
0.002,0.8,6.0,1,0.003648989254457334,0.0035088474063287565,0.00399207753471769,0.003994832442509856,1.1385027560060177,1.1385027560060177,2.01964091146999
0.002,0.8,4.0,5,0.004224100643351374,0.0036855314283135167,0.004009045876570088,0.004018411851663054,1.090320874974023,1.090320874974023,4.543540392121392
0.002,0.8,4.0,8,0.00421267507018868,0.0036646713107674794,0.0039853194657011775,0.003964363715604668,1.0817787952651134,1.0817787952651134,4.685737810898865
0.002,0.8,4.0,6,0.004215941139275603,0.003679316989927509,0.004019432858231678,0.0040150494390717145,1.0912485795769449,1.0912485795769449,4.668626717002331
0.002,0.8,6.0,2,0.003668341900724045,0.003509278048123514,0.004013657307961561,0.003986199373787663,1.1359029746643101,1.1359029746643101,1.8645451417517078
0.002,0.8,6.0,0,0.003656443038681753,0.003525523267715102,0.004002209901124884,0.004015439213712535,1.1389626188213893,1.1389626188213893,1.78988196039771
0.002,0.8,6.0,4,0.0036269026251489023,0.0035156944833720557,0.0039893910567518915,0.003993502409300372,1.135907123951803,1.135907123951803,1.5255901563506074
0.002,0.8,4.0,9,0.004208509866812053,0.0036791250528535207,0.004006385367951322,0.004008191588793385,1.0894415197125853,1.0894415197125853,4.696310918603624
0.002,0.8,6.0,3,0.0036688659220213697,0.003515507838501261,0.00400339885430613,0.003995301950245325,1.136479317863962,1.136479317863962,1.9628825844241558
0.002,0.8,6.0,7,0.003653149401259271,0.003512870484377673,0.003990578323548805,0.003979648769030635,1.1328765995583394,1.1328765995583394,1.7680843556554287
0.002,0.8,6.0,5,0.0036618729128361995,0.0035316684645953123,0.0040008805828670975,0.0040090746924615565,1.13517866488664,1.13517866488664,1.7373931082643148
0.002,0.8,6.0,6,0.003657946039485273,0.003502217420444178,0.003989882588640839,0.003965956837524181,1.1324130861701864,1.1324130861701864,1.9079726233846763
0.002,0.8,6.0,8,0.0036622513941967304,0.0035069606133640153,0.003978180766766928,0.003978814435597772,1.1345477962984978,1.1345477962984978,2.0976276114866383
0.002,1.1,2.0,0,0.0059958291705826915,0.004536429584111009,0.003946315443874875,0.0039652849803336575,0.8740982102361283,0.8740982102361283,5.002967647656176
0.002,1.1,2.0,2,0.005956790360107305,0.004538782060553042,0.0039642182098071745,0.003993875217456473,0.8799442590926755,0.8799442590926755,4.976166403058335
0.002,0.8,6.0,9,0.0036471220540450202,0.003529082994143915,0.003965626294854942,0.00400695865134605,1.1354107166068668,1.1354107166068668,1.8079946644133669
0.002,1.1,2.0,1,0.005985976537310316,0.004531712010427045,0.0040156353834801956,0.003969807941605173,0.8760062273310874,0.8760062273310874,4.866359131042466
0.002,1.1,2.0,3,0.005950150094896127,0.004560315716173899,0.004025093906746751,0.0040369735736701315,0.8852399318214635,0.8852399318214635,4.827033100856977
0.002,1.1,2.0,7,0.00594740940505241,0.004546984550169251,0.004017191331351727,0.004004101590220492,0.8806059369767264,0.8806059369767264,4.795812148865009
0.002,1.1,2.0,4,0.005996109490643096,0.004572256116503441,0.004084293869747253,0.004077613974603161,0.8918166154089922,0.8918166154089922,4.767021808303275
0.002,1.1,2.0,5,0.006003658657188278,0.004549513098361719,0.004002708562503603,0.004001388777755889,0.8795202236469636,0.8795202236469636,4.857132490569307
0.002,1.1,2.0,6,0.005990851801224185,0.004596459768134288,0.00399684951896741,0.00403854618088061,0.8786210223960828,0.8786210223960828,4.704404113340152
0.002,1.1,2.75,1,0.005261784289511302,0.004391596746750346,0.0039448214377338356,0.003961854963269578,0.9021445254966171,0.9021445254966171,4.206523111108061
0.002,1.1,2.75,0,0.005285171567579728,0.00437488141872013,0.004005427012203935,0.004003275687036456,0.9150592447846535,0.9150592447846535,4.0802762367944005
0.002,1.1,2.75,3,0.005284701470483646,0.00438169821833665,0.0040185164717485705,0.004001654302776572,0.9132656114997469,0.9132656114997469,3.9875489220434277
0.002,1.1,2.75,6,0.005291907153014178,0.0044012440895877854,0.003982330439253778,0.004018642267503241,0.9130696197946208,0.9130696197946208,3.971374880393398
0.002,1.1,2.75,4,0.005303709633832438,0.004404888193522177,0.004035106652214826,0.004037913924202543,0.9166893112385224,0.9166893112385224,4.289204230448864
0.002,1.1,2.0,9,0.006021300285350628,0.0045532060885423485,0.004026509657170466,0.003989653760849678,0.8762295585278274,0.8762295585278274,4.866406743780517
0.002,1.1,2.75,2,0.005305479753939201,0.0043777895892761565,0.00398864806058344,0.004004092647564294,0.914637984742969,0.914637984742969,4.241703684656248
0.002,1.1,2.0,8,0.005967331060497496,0.004526223460109193,0.0039734585586001445,0.003957235824227713,0.8742908650233204,0.8742908650233204,4.864005874123075
0.002,1.1,2.75,7,0.005299121151103154,0.004402316975677381,0.004034335388590986,0.0040294708804628435,0.9153068492626731,0.9153068492626731,4.119195084696221
0.002,1.1,2.75,8,0.005250219726680304,0.0043782340464071645,0.004003479776600228,0.003992146517114093,0.9118166079746468,0.9118166079746468,3.7766097603159254
0.002,1.1,2.75,5,0.005304754409488991,0.004401740398676241,0.004005873056958923,0.004008538201228562,0.9106711977912354,0.9106711977912354,4.111781181679082
0.002,1.1,4.0,1,0.004689219399113491,0.004241896537858134,0.003986351371790625,0.0040068939440175005,0.9445996403393436,0.9445996403393436,2.634479111669778
0.002,1.1,4.0,5,0.0046940807345540875,0.004264406471536669,0.00400613799920386,0.00402487259732113,0.9438294928463459,0.9438294928463459,2.4079159613168386
0.002,1.1,2.75,9,0.005286505171175912,0.004363847371021076,0.0039742176370762446,0.003945600075762232,0.9041562961078127,0.9041562961078127,4.151919105007688
0.002,1.1,4.0,0,0.004728874006145518,0.004234698417568916,0.004016978197349987,0.003998658596389164,0.9442605357206855,0.9442605357206855,2.6836118731355914
0.002,1.1,4.0,2,0.004713487745315083,0.004227454840949024,0.003992229471215911,0.00399740485740015,0.9455819181507259,0.9455819181507259,2.5360850437146754
0.002,1.1,4.0,3,0.004709726308261978,0.004245290382219657,0.004027183328663347,0.004016068011689051,0.9460054908162121,0.9460054908162121,2.541195235524169
0.002,1.1,4.0,6,0.0047092099394929,0.004241400175802296,0.004028910461673793,0.003997466541589283,0.9424874748662756,0.9424874748662756,2.5730516829780887
0.002,1.1,4.0,4,0.004709011675500688,0.004243386784136465,0.004012724512233265,0.00401111028689085,0.9452615306919555,0.9452615306919555,2.4616934699433743
0.002,1.1,6.0,1,0.0043121488885106505,0.0041109819495927895,0.003965626767560635,0.003962959192621244,0.9639933332749836,0.9639933332749836,0.9978077591191341
0.002,1.1,6.0,6,0.004325335529382842,0.004102114233937223,0.004012748223648454,0.0039953774238246035,0.9739800493049231,0.9739800493049231,1.08153971648313
0.002,1.1,4.0,8,0.004718375560833624,0.004236163906025969,0.003994671921384434,0.00397378308457841,0.938061692779564,0.938061692779564,2.3634107367956174
0.002,1.1,6.0,3,0.004315218973625891,0.00411851872266911,0.003990666514748687,0.003994217572633709,0.969818966865144,0.969818966865144,1.175430784304198
0.002,1.1,6.0,4,0.00431501744681837,0.004133561551494088,0.0039807836352582695,0.00399463850761451,0.966391441823489,0.966391441823489,1.051850262440544
0.002,1.1,4.0,7,0.0047290556991397975,0.004258062320348156,0.004028847644782776,0.004017544690758447,0.9435147699834409,0.9435147699834409,2.5273393072741337
0.002,1.1,6.0,2,0.00433789233002875,0.004109432406306168,0.0039856741687409195,0.003989445224655726,0.9708020062658009,0.9708020062658009,1.173551551852718
0.002,1.1,6.0,5,0.004334838538778664,0.004142783942341918,0.004033772374339931,0.004029751848233656,0.9727159089922598,0.9727159089922598,1.0380973253282697
0.002,1.1,4.0,9,0.004713687103850593,0.0042458843169763645,0.00401454017892571,0.004026055803932822,0.9482255057763586,0.9482255057763586,2.622971383470328
0.002,1.1,6.0,7,0.004336326091841869,0.004128992243599599,0.004007288293287042,0.003998196401542392,0.9683225750157425,0.9683225750157425,1.1095352003407246
0.002,1.1,6.0,8,0.004337709397703518,0.004116676331828949,0.003979625195966317,0.003975574463083566,0.9657243228828984,0.9657243228828984,1.0895920687338316
0.002,1.1,6.0,0,0.004337272597161536,0.004141616911266685,0.0039980235872901695,0.00401941095269338,0.9704931766526109,0.9704931766526109,1.129969363111102
0.002,1.1,6.0,9,0.004335769689875095,0.004133728798827794,0.0039933285723005845,0.004004565708605829,0.9687538548105545,0.9687538548105545,1.1194112065317618
0.002,1.4,2.0,0,0.0055345306940385065,0.004688029720321833,0.003977046627410639,0.003952773907100492,0.8431631501749809,0.8431631501749809,3.6184975075255625
0.002,1.4,2.0,3,0.005550793736958688,0.004714803212340819,0.004026368762661135,0.004040553255956648,0.8569929801907008,0.8569929801907008,3.595357007242531
0.002,1.4,2.0,1,0.005562803117587785,0.004684864531938192,0.00393240873997121,0.003934526592416261,0.8398378577637322,0.8398378577637322,3.5309622577063102
0.002,1.4,2.0,6,0.0055149412489186546,0.004700250789804491,0.003977949599023504,0.003991297081500351,0.8491668338544911,0.8491668338544911,3.42278804548362
0.002,1.4,2.0,2,0.005526007011686531,0.004668086549841761,0.003997392528218036,0.004002851516228961,0.8574929949327202,0.8574929949327202,3.5624500143921694
0.002,1.4,2.0,5,0.005541730159708218,0.004705478998710654,0.004054915365455314,0.0040296645676992085,0.8563771230948805,0.8563771230948805,3.603158804358028
0.002,1.4,2.0,4,0.005508203489236697,0.004665491717626903,0.0039848320262761885,0.00397851549928216,0.8527537374572444,0.8527537374572444,3.6524637688038943
0.002,1.4,2.0,8,0.005558089379743573,0.004690499926339401,0.004004826194797326,0.003990834929995994,0.8508335982664762,0.8508335982664762,3.6363630125047983
0.002,1.4,2.75,2,0.005099392549083567,0.004605014535166724,0.003944595762910067,0.003953703867771099,0.8585649051872007,0.8585649051872007,2.449965523930918
0.002,1.4,2.0,9,0.005549626887034468,0.0047041428758227725,0.003987696239903981,0.003980380762693258,0.8461436796808758,0.8461436796808758,3.7184749377647215
0.002,1.4,2.75,5,0.005142113811369876,0.0046134592290824035,0.003937589655353041,0.003949306766662047,0.8560402445449911,0.8560402445449911,2.4899375695347734
0.002,1.4,2.0,7,0.005504693208003466,0.004663182480349623,0.00398947295431382,0.003951204463908899,0.8473192890389862,0.8473192890389862,3.4895403409303487
0.002,1.4,2.75,1,0.005139613538567455,0.00460032478148939,0.0039612275168531014,0.003979518213075342,0.8650515783337677,0.8650515783337677,2.7988909629962624
0.002,1.4,2.75,3,0.005114832323881801,0.0045949007804787865,0.003984467908787585,0.003968729190941753,0.863724676668255,0.863724676668255,2.352274389228614
0.002,1.4,2.75,9,0.0051645546984902,0.004613881136736085,0.004031940045095072,0.00399840860621754,0.866604164199614,0.866604164199614,2.5670924958413517
0.002,1.4,2.75,0,0.005141803068972809,0.004623371248921105,0.004002095547882552,0.004004064689026339,0.8660487063332227,0.8660487063332227,2.252617908164253
0.002,1.4,2.75,7,0.0051117172126435885,0.004595566015688095,0.003982112797270501,0.003958942020189039,0.8614699487885098,0.8614699487885098,2.466567166039713
0.002,1.4,2.75,4,0.005138041347295261,0.004624897341641174,0.004036703166272489,0.004030692883923242,0.8715205087109944,0.8715205087109944,2.2429707383883555
0.002,1.4,2.75,8,0.005140163919103567,0.00462532038166383,0.004028566344856379,0.003998957154773733,0.8645794939150181,0.8645794939150181,2.4077844324105344
0.002,1.4,2.75,6,0.00515107580700313,0.00464774912653267,0.003996404327506278,0.004026076073963091,0.8662421237367082,0.8662421237367082,2.6362407525727347
0.002,1.4,4.0,0,0.004823036038008935,0.004528947949245823,0.003964113927784728,0.003926556766653778,0.8669909238651424,0.8669909238651424,1.3416202472988905
0.002,1.4,4.0,2,0.004774356440517876,0.004510130750559602,0.003955907565087282,0.003970460770868147,0.8803427196374531,0.8803427196374531,1.1673149610003986
0.002,1.4,4.0,4,0.004813607280417152,0.004543504413192018,0.0040318037672857025,0.004005241207755697,0.8815312682709233,0.8815312682709233,1.2123655946198921
0.002,1.4,4.0,6,0.0048123008258156115,0.004541022205230281,0.004014446911799487,0.004017203415381422,0.8846473841846595,0.8846473841846595,1.2228263892931155
0.002,1.4,4.0,5,0.004810898800772676,0.004558813963068457,0.004010610827015944,0.0040115336762339545,0.8799511690391205,0.8799511690391205,1.262344316682678
0.002,1.4,4.0,3,0.004809124987184519,0.004533051346908278,0.003969496258686917,0.003968315788888371,0.8754182305027101,0.8754182305027101,1.2905257528534868
0.002,1.4,4.0,1,0.004780668364885911,0.004520701271207438,0.003970312016798982,0.003984705946877758,0.8814353587697866,0.8814353587697866,1.2204450346065308
0.002,1.4,6.0,1,0.004581196227527553,0.00444988850624353,0.003953514914112782,0.003954357787502665,0.888641992255402,0.888641992255402,0.5586263569508634
0.002,1.4,6.0,2,0.0045752291810244134,0.004457138472827481,0.003980376767606664,0.003984117422850877,0.8938733779844777,0.8938733779844777,0.4458012763454202
0.002,1.4,4.0,7,0.004816173333122827,0.004545716816833097,0.003994506107157646,0.003975292428762033,0.8745138751365364,0.8745138751365364,1.4033638483109634
0.002,1.4,6.0,0,0.00460699412723937,0.004490056776571475,0.004016807313275812,0.004023000132960261,0.895979791158042,0.895979791158042,0.520634732392597
0.002,1.4,6.0,6,0.004612344929403665,0.004496269790782193,0.004037741846771557,0.0040245490941358,0.8950862117719298,0.8950862117719298,0.5789872188799614
0.002,1.4,6.0,4,0.004595345395254973,0.004483301900351702,0.003984015656111849,0.00402104160183365,0.8968928908218764,0.8968928908218764,0.5233528337584272
0.002,1.4,4.0,8,0.004803554373490507,0.004512292003629407,0.003980363539551895,0.003977501179061043,0.8814813349538968,0.8814813349538968,1.2937659202104514
0.002,1.4,4.0,9,0.004816367295485504,0.004549477050132127,0.003995671616714021,0.003963802089714566,0.8712654324961258,0.8712654324961258,1.253604749052462
0.002,1.4,6.0,9,0.004611431727533251,0.004497993959368514,0.004017136113071662,0.004001005952664177,0.889508965286803,0.889508965286803,0.5664906062929802
0.002,1.4,6.0,3,0.004613763891471044,0.004474275654331252,0.00400025371430766,0.003983580054212836,0.890329600134626,0.890329600134626,0.6048595508412515
0.002,1.6,2.0,0,0.005244688902673271,0.004731737634452808,0.003981887109664117,0.004002179496596289,0.8458160206211672,0.8458160206211672,2.564758082105122
0.002,1.4,6.0,5,0.004593588627149536,0.004492038464810586,0.003997549326983026,0.003985116586277222,0.8871510378852601,0.8871510378852601,0.4971308411249056
0.002,1.4,6.0,7,0.004597751609339642,0.004487091442234848,0.004033544333435959,0.003993026972484151,0.8898920434069374,0.8898920434069374,0.47701296922187675
0.002,1.4,6.0,8,0.00459259543226469,0.0044564399187710015,0.003998864956576107,0.003962693151759487,0.8892060083808601,0.8892060083808601,0.5685506313395625
0.002,1.6,2.0,5,0.005214111845084586,0.004735655641151011,0.004011097786689904,0.004040431177860452,0.8531936196438508,0.8531936196438508,2.4002834098101404
0.002,1.6,2.0,6,0.005233967649492085,0.004758843582155861,0.00398858238646719,0.004011713820130744,0.8430018240509911,0.8430018240509911,2.6340336610378623
0.002,1.6,2.0,1,0.005251436465541635,0.004728183712870969,0.003955018883616299,0.003965662192587747,0.8387284491066832,0.8387284491066832,2.677872433220511
0.002,1.6,2.0,3,0.005229254096742175,0.004747032664163731,0.0039790182394619095,0.003998159070148914,0.8422438506336372,0.8422438506336372,2.4828433980941993
0.002,1.6,2.0,4,0.0052233688629777725,0.004736571512226115,0.003981573218957311,0.003966253518905885,0.8373680221375581,0.8373680221375581,2.455096250998764
0.002,1.6,2.0,2,0.005205547156742278,0.004720673347581632,0.004019379750852281,0.004035164145111785,0.8547857155121678,0.8547857155121678,2.461354926562983
0.002,1.6,2.0,8,0.005222996128104397,0.004743708510926353,0.004013742199759158,0.004010032524882775,0.8453370428740139,0.8453370428740139,2.4966874124584626
0.002,1.6,2.0,9,0.00523814357226846,0.004717469115407058,0.0039382133185596555,0.003926760689007076,0.8323871535655504,0.8323871535655504,2.854393120123497
0.002,1.6,2.0,7,0.0052351074895238,0.00471330415952778,0.004014535954980951,0.003971914633144278,0.8427028043830339,0.8427028043830339,2.7520175425344995
0.002,1.6,2.75,1,0.004991207000758727,0.004695596677052624,0.003934543023467336,0.003951346775234479,0.8415004624534101,0.8415004624534101,1.575596359371696
0.002,1.6,2.75,0,0.004983451174149049,0.0046661543331569496,0.003977102939010355,0.003958316699112469,0.8483038529148728,0.8483038529148728,1.5529008182514739
0.002,1.6,2.75,4,0.004987192487340798,0.004690192807711516,0.003958274326395068,0.003946520110595767,0.8414409113644501,0.8414409113644501,1.5418407121714655
0.002,1.6,2.75,2,0.004990556753956415,0.00465766244713615,0.004032854427645639,0.003979081622381155,0.8543087154861914,0.8543087154861914,1.689278119055487
0.002,1.6,2.75,3,0.004994477688942539,0.004696690292199618,0.004038582456427893,0.004028429959136272,0.8577167555260756,0.8577167555260756,1.637138545887204
0.002,1.6,2.75,7,0.004974391570827432,0.004657814372774741,0.00399474598609362,0.003932226575201652,0.8442214009613175,0.8442214009613175,1.6482888128639273
0.002,1.6,4.0,1,0.004775900893572626,0.004631045322187497,0.0039665676305639845,0.003975974087460008,0.858547867888699,0.858547867888699,0.7973346153675882
0.002,1.6,2.75,6,0.004991909088164245,0.004688114624779035,0.004002066396117698,0.00400714234608805,0.8547449597132917,0.8547449597132917,1.5783748969212725
0.002,1.6,4.0,0,0.004803461508263777,0.004643436470495096,0.004001517852701171,0.003997461900042392,0.8608843742005954,0.8608843742005954,0.6769903159008024
0.002,1.6,2.75,8,0.005005634532325919,0.0047091274796131205,0.00402271769046115,0.0040227548094946075,0.854246317796667,0.854246317796667,1.6301613484467108
0.002,1.6,2.75,9,0.004990520916075909,0.00468030140430165,0.003991044384340645,0.0039836461549484295,0.8511516269629715,0.8511516269629715,1.8151983962694498
0.002,1.6,4.0,3,0.004762551655639317,0.004617629321890806,0.003975208388799207,0.003962888773238308,0.8582085085200389,0.8582085085200389,0.6489643012477675
0.002,1.6,2.75,5,0.004966221223101964,0.0046933287359451886,0.004058683486416166,0.004073439515028629,0.8679212013918901,0.8679212013918901,1.5033611635740414
0.002,1.6,4.0,5,0.0047823038558286604,0.0046394364162546005,0.003951379627842108,0.003951345834707058,0.8516866016017016,0.8516866016017016,0.6658569939265853
0.002,1.6,4.0,4,0.004797517725936565,0.004650554040660169,0.004039358007606861,0.004036715613275717,0.8680074627630142,0.8680074627630142,0.6243761566996247
0.002,1.6,4.0,9,0.004804595388945853,0.004636828117655654,0.004033260306872788,0.004001016350997097,0.8628778659623858,0.8628778659623858,0.7444509643432506
0.002,1.6,4.0,6,0.0048013003804405485,0.004658338839204252,0.003991698948887925,0.004025246158203487,0.864094755050298,0.864094755050298,0.8220697184011558
0.002,1.6,6.0,3,0.0046700184707862144,0.0045952092475324315,0.003996323303760666,0.003991303681495495,0.8685793108635421,0.8685793108635421,0.2831258254309348
0.002,1.6,4.0,7,0.004776425175952645,0.0046200175431065135,0.0039833699812165954,0.003959107390557614,0.8569463976311005,0.8569463976311005,0.7890094705469366
0.002,1.6,4.0,8,0.004793929933017902,0.004651577377789825,0.004029872744783857,0.003993533959164035,0.8585332748052756,0.8585332748052756,0.675793574610434
0.002,1.6,6.0,1,0.0046432323607240875,0.004577310537339735,0.003982385835743406,0.00397641532395851,0.8687230834614825,0.8687230834614825,0.26578269711194746
0.002,1.6,4.0,2,0.004758866946122768,0.004624534179737774,0.003946936039913358,0.003958993853612607,0.8560848941194538,0.8560848941194538,0.6690696696298137
0.002,1.6,6.0,0,0.0046804309050264455,0.00459961583750558,0.004002128652550051,0.003986267612324408,0.8666522929632756,0.8666522929632756,0.31006264958319996
0.002,1.6,6.0,5,0.004664652350922122,0.0046307570737501805,0.003991828610219327,0.004004434320620807,0.8647472231528329,0.8647472231528329,0.25381275588024277
0.002,1.6,6.0,4,0.00467603773196838,0.004626056534396869,0.004039741745989617,0.004030225712719397,0.8712011370273591,0.8712011370273591,0.29617556316687077
0.002,1.6,6.0,2,0.0046379155098822695,0.004572337215597615,0.00397113124839326,0.003984397857255724,0.8714138239112693,0.8714138239112693,0.27673538505834694
0.002,1.6,6.0,9,0.00468794004633261,0.0046179547906576145,0.004044235067900806,0.004010640145829575,0.868488395326721,0.868488395326721,0.28346953995696555
0.002,1.6,6.0,8,0.004676978235195712,0.004594953864689346,0.0040131006063085384,0.004005918335648013,0.8718081734034654,0.8718081734034654,0.2614675593536231
0.002,1.6,6.0,6,0.004682968937669401,0.004637842930598894,0.004044047898329569,0.004055000992160106,0.8743290906655341,0.8743290906655341,0.23988210006692468
0.002,1.6,6.0,7,0.004659366914401729,0.004600191479989265,0.003992312706882639,0.003980558112757284,0.8653027010011707,0.8653027010011707,0.3258779799260556
