loc,alpha,k,clip_factor,rep,model,bac,sd,mad,d_med,cdist_mad,kurt,secs,error
0.001,1.6,6.0,18,5,vae,0.6710816620654367,0.004343698667442889,0.004235984998725294,0.0019923140145847377,0.47033075310329736,0.4525986641742543,580.4,
0.001,1.6,6.0,18,5,jump,0.7059989375865733,0.004343698667442889,0.004235984998725294,0.0019923140145847377,0.47033075310329736,0.4525986641742543,24.1,
0.001,1.6,6.0,18,5,kmeans,0.6931774118353753,0.004343698667442889,0.004235984998725294,0.0019923140145847377,0.47033075310329736,0.4525986641742543,0.2,
0.0012,1.6,6.0,18,2,vae,0.7378181784035609,0.004371375919943777,0.004251084962389233,0.002404229233230562,0.5655566177814794,0.490970750091102,585.0,
0.0012,1.6,6.0,18,2,jump,0.749321972522373,0.004371375919943777,0.004251084962389233,0.002404229233230562,0.5655566177814794,0.490970750091102,22.4,
0.0012,1.6,6.0,18,2,kmeans,0.7394763850333455,0.004371375919943777,0.004251084962389233,0.002404229233230562,0.5655566177814794,0.490970750091102,0.3,
0.001,1.1,4.0,18,4,vae,0.7018053853058506,0.004416610759789867,0.003717545819392995,0.002011731254997003,0.5411449791694781,4.328937917559513,587.0,
0.001,1.1,4.0,18,4,jump,0.5011564972910736,0.004416610759789867,0.003717545819392995,0.002011731254997003,0.5411449791694781,4.328937917559513,24.3,
0.001,1.1,4.0,18,4,kmeans,0.702528758942387,0.004416610759789867,0.003717545819392995,0.002011731254997003,0.5411449791694781,4.328937917559513,0.2,
0.0005,0.8,2.0,18,3,vae,0.5092955318276967,0.006714533713418731,0.003161385472880925,0.0009835030171618621,0.3110987336402258,13.94800104545688,589.8,
0.0005,0.8,2.0,18,3,jump,0.5060471504103924,0.006714533713418731,0.003161385472880925,0.0009835030171618621,0.3110987336402258,13.94800104545688,25.0,
0.0005,0.8,2.0,18,3,kmeans,0.5117368300522518,0.006714533713418731,0.003161385472880925,0.0009835030171618621,0.3110987336402258,13.94800104545688,0.3,
0.001,0.8,4.0,18,1,vae,0.6096250336836069,0.003929581615532014,0.002884100788378151,0.0019669091695387756,0.6819835067708746,11.099795139511798,596.0,
0.001,0.8,4.0,18,1,jump,0.5022220500001445,0.003929581615532014,0.002884100788378151,0.0019669091695387756,0.6819835067708746,11.099795139511798,23.0,
0.001,0.8,4.0,18,1,kmeans,0.7388141585477581,0.003929581615532014,0.002884100788378151,0.0019669091695387756,0.6819835067708746,11.099795139511798,0.2,
0.002,0.8,2.75,18,0,vae,0.8010937748959958,0.005415907959891989,0.003895576701669454,0.004011247631729362,1.0296928898897915,11.921271710616187,611.5,
0.002,0.8,2.75,18,0,jump,0.8100617080306615,0.005415907959891989,0.003895576701669454,0.004011247631729362,1.0296928898897915,11.921271710616187,24.5,
0.002,0.8,2.75,18,0,kmeans,0.8130252153172404,0.005415907959891989,0.003895576701669454,0.004011247631729362,1.0296928898897915,11.921271710616187,0.2,
0.001,1.6,2.0,18,0,vae,0.6790527541031852,0.0050594609801101,0.00430994343757922,0.001986496535059114,0.46091011722763486,5.746287327586039,616.6,
0.001,1.6,2.0,18,0,jump,0.5017062293337131,0.0050594609801101,0.00430994343757922,0.001986496535059114,0.46091011722763486,5.746287327586039,24.3,
0.001,1.6,2.0,18,0,kmeans,0.682989514593791,0.0050594609801101,0.00430994343757922,0.001986496535059114,0.46091011722763486,5.746287327586039,0.2,
0.0014,0.8,6.0,18,5,vae,0.7973132195225352,0.0033800732074748866,0.003022798358640353,0.0027938921166873122,0.9242734000768738,2.8755492887298946,624.4,
0.0014,0.8,6.0,18,5,jump,0.8029426818670555,0.0033800732074748866,0.003022798358640353,0.0027938921166873122,0.9242734000768738,2.8755492887298946,25.9,
0.0014,0.8,6.0,18,5,kmeans,0.8214440209306332,0.0033800732074748866,0.003022798358640353,0.0027938921166873122,0.9242734000768738,2.8755492887298946,0.3,
0.002,1.1,2.75,18,2,vae,0.7940944565465451,0.0054826322145862146,0.004389681982380799,0.004019291097254709,0.9156223875413397,7.160147078619556,630.3,
0.002,1.1,2.75,18,2,jump,0.7945432914613084,0.0054826322145862146,0.004389681982380799,0.004019291097254709,0.9156223875413397,7.160147078619556,23.9,
0.002,1.1,2.75,18,2,kmeans,0.8056520518538255,0.0054826322145862146,0.004389681982380799,0.004019291097254709,0.9156223875413397,7.160147078619556,0.2,
0.0014,0.8,2.0,18,3,vae,0.5227096284254795,0.006836772027477131,0.0036530570737459645,0.002783503017161862,0.7619653788511895,12.917531338886805,629.5,
0.0014,0.8,2.0,18,3,jump,0.5099733803648004,0.006836772027477131,0.0036530570737459645,0.002783503017161862,0.7619653788511895,12.917531338886805,24.9,
0.0014,0.8,2.0,18,3,kmeans,0.5092029695710419,0.006836772027477131,0.0036530570737459645,0.002783503017161862,0.7619653788511895,12.917531338886805,0.2,
0.001,0.8,6.0,18,0,vae,0.7589103923876286,0.0032334339138440833,0.0027588461646354274,0.002011856543223868,0.729238392851719,3.830024597109812,628.2,
0.001,0.8,6.0,18,0,jump,0.780722449676894,0.0032334339138440833,0.0027588461646354274,0.002011856543223868,0.729238392851719,3.830024597109812,26.1,
0.001,0.8,6.0,18,0,kmeans,0.7620453189293006,0.0032334339138440833,0.0027588461646354274,0.002011856543223868,0.729238392851719,3.830024597109812,0.3,
0.001,1.1,2.75,18,4,vae,0.6655023948225038,0.005190091337981079,0.0038439981341501896,0.0020232176192330805,0.5263315820210102,9.214069447107903,635.4,
0.001,1.1,2.75,18,4,jump,0.5014993981075077,0.005190091337981079,0.0038439981341501896,0.0020232176192330805,0.5263315820210102,9.214069447107903,25.1,
0.001,1.1,2.75,18,4,kmeans,0.6746295200321116,0.005190091337981079,0.0038439981341501896,0.0020232176192330805,0.5263315820210102,9.214069447107903,0.3,
0.0005,0.8,4.0,18,5,vae,0.5636697994734682,0.003804455261838271,0.0026973491300032546,0.0010038979705426546,0.37217947034592563,10.111799752317696,571.8,
0.0005,0.8,4.0,18,5,jump,0.5008808617652201,0.003804455261838271,0.0026973491300032546,0.0010038979705426546,0.37217947034592563,10.111799752317696,21.7,
0.0005,0.8,4.0,18,5,kmeans,0.5141423381036272,0.003804455261838271,0.0026973491300032546,0.0010038979705426546,0.37217947034592563,10.111799752317696,0.2,
0.0008,1.6,6.0,18,1,vae,0.601661535172459,0.004280087325372393,0.004156607932257055,0.0015694834875571327,0.3775875697530358,0.4394346654205026,580.5,
0.0008,1.6,6.0,18,1,jump,0.6657203390335006,0.004280087325372393,0.004156607932257055,0.0015694834875571327,0.3775875697530358,0.4394346654205026,22.6,
0.0008,1.6,6.0,18,1,kmeans,0.6542625849674079,0.004280087325372393,0.004156607932257055,0.0015694834875571327,0.3775875697530358,0.4394346654205026,0.2,
0.0016,0.8,2.75,18,0,vae,0.7689951317231675,0.005281326490630021,0.0035309344717172975,0.003211247631729362,0.9094611235216571,13.204426467309666,582.5,
0.0016,0.8,2.75,18,0,jump,0.5076513212102821,0.005281326490630021,0.0035309344717172975,0.003211247631729362,0.9094611235216571,13.204426467309666,24.9,
0.0016,0.8,2.75,18,0,kmeans,0.7795682333619606,0.005281326490630021,0.0035309344717172975,0.003211247631729362,0.9094611235216571,13.204426467309666,0.2,
0.0008,1.6,2.75,18,4,vae,0.6260765554739478,0.004678736441767139,0.00423913758956917,0.0015375266343583757,0.36269797850902896,2.8416356760961197,590.2,
0.0008,1.6,2.75,18,4,jump,0.5005937177048366,0.004678736441767139,0.00423913758956917,0.0015375266343583757,0.36269797850902896,2.8416356760961197,24.4,
0.0008,1.6,2.75,18,4,kmeans,0.6456254841085133,0.004678736441767139,0.00423913758956917,0.0015375266343583757,0.36269797850902896,2.8416356760961197,0.7,
0.002,1.6,6.0,18,4,vae,0.8243520935600726,0.004689036888756607,0.004640716626889203,0.004023230403771102,0.8669416228648248,0.2848770603813282,593.7,
0.002,1.6,6.0,18,4,jump,0.8181294793482856,0.004689036888756607,0.004640716626889203,0.004023230403771102,0.8669416228648248,0.2848770603813282,24.4,
0.002,1.6,6.0,18,4,kmeans,0.8332096609058128,0.004689036888756607,0.004640716626889203,0.004023230403771102,0.8669416228648248,0.2848770603813282,0.2,
0.0005,1.1,6.0,18,5,vae,0.5885057545792964,0.0038878946822171975,0.0034896576582565727,0.001020801965178659,0.29252209389749995,2.1838810889745837,622.2,
0.0005,1.1,6.0,18,5,jump,0.5025563322465849,0.0038878946822171975,0.0034896576582565727,0.001020801965178659,0.29252209389749995,2.1838810889745837,24.4,
0.0005,1.1,6.0,18,5,kmeans,0.6267347869633739,0.0038878946822171975,0.0034896576582565727,0.001020801965178659,0.29252209389749995,2.1838810889745837,0.3,
0.001,1.1,4.0,18,5,vae,0.6853778948204303,0.004401526356574621,0.0037333968752877623,0.002014802538858583,0.5396700662056687,4.57777825318465,618.6,
0.001,1.1,4.0,18,5,jump,0.6985850177293043,0.004401526356574621,0.0037333968752877623,0.002014802538858583,0.5396700662056687,4.57777825318465,25.4,
0.001,1.1,4.0,18,5,kmeans,0.7046389011097385,0.004401526356574621,0.0037333968752877623,0.002014802538858583,0.5396700662056687,4.57777825318465,0.5,
0.0014,0.8,6.0,18,3,vae,0.8120107534449523,0.0033941311248266008,0.0030200246843146207,0.0028000513905810046,0.927161756367055,3.26446866701873,614.7,
0.0014,0.8,6.0,18,3,jump,0.8222432640654272,0.0033941311248266008,0.0030200246843146207,0.0028000513905810046,0.927161756367055,3.26446866701873,26.3,
0.0014,0.8,6.0,18,3,kmeans,0.8289683331130853,0.0033941311248266008,0.0030200246843146207,0.0028000513905810046,0.927161756367055,3.26446866701873,0.4,
0.0008,1.1,6.0,18,4,vae,0.6750711486675056,0.0039202916798886855,0.0035446929577728986,0.0015965456257321037,0.45040449053031667,1.7128994695769464,627.0,
0.0008,1.1,6.0,18,4,jump,0.6814889671987503,0.0039202916798886855,0.0035446929577728986,0.0015965456257321037,0.45040449053031667,1.7128994695769464,25.8,
0.0008,1.1,6.0,18,4,kmeans,0.6771486353267928,0.0039202916798886855,0.0035446929577728986,0.0015965456257321037,0.45040449053031667,1.7128994695769464,0.5,
0.0016,0.8,4.0,18,1,vae,0.8031726518357645,0.004121466736949148,0.003295954854854789,0.003166909169538776,0.9608472533760787,9.09399817200913,629.6,
0.0016,0.8,4.0,18,1,jump,0.7911198461455203,0.004121466736949148,0.003295954854854789,0.003166909169538776,0.9608472533760787,9.09399817200913,23.8,
0.0016,0.8,4.0,18,1,kmeans,0.813053728455736,0.004121466736949148,0.003295954854854789,0.003166909169538776,0.9608472533760787,9.09399817200913,0.4,
0.0014,1.6,2.0,18,4,vae,0.732214293979126,0.005154684762634377,0.004461281344753418,0.0028034169159145183,0.6283882811406658,5.583998431340303,639.6,
0.0014,1.6,2.0,18,4,jump,0.5000519404183866,0.005154684762634377,0.004461281344753418,0.0028034169159145183,0.6283882811406658,5.583998431340303,25.4,
0.0014,1.6,2.0,18,4,kmeans,0.7326859201822955,0.005154684762634377,0.004461281344753418,0.0028034169159145183,0.6283882811406658,5.583998431340303,0.2,
0.0008,1.6,4.0,18,4,vae,0.6685656187689759,0.004446674833197661,0.004189649619563522,0.0016298851531471896,0.38902660154120267,0.9636145903680191,643.8,
0.0008,1.6,4.0,18,4,jump,0.6641215461422828,0.004446674833197661,0.004189649619563522,0.0016298851531471896,0.38902660154120267,0.9636145903680191,25.5,
0.0008,1.6,4.0,18,4,kmeans,0.6691640992630925,0.004446674833197661,0.004189649619563522,0.0016298851531471896,0.38902660154120267,0.9636145903680191,0.5,
0.001,0.8,2.75,18,2,vae,0.567898009867038,0.005081040252839202,0.0030985678383120266,0.002010359605859718,0.6488028375570051,14.412820861534957,562.2,
0.001,0.8,2.75,18,2,jump,0.5050241909843789,0.005081040252839202,0.0030985678383120266,0.002010359605859718,0.6488028375570051,14.412820861534957,23.0,
0.001,0.8,2.75,18,2,kmeans,0.5054183346910133,0.005081040252839202,0.0030985678383120266,0.002010359605859718,0.6488028375570051,14.412820861534957,0.3,
0.0008,1.6,4.0,18,2,vae,0.6267809755917508,0.004417309343424004,0.004187538628168269,0.0015639632712530255,0.3734803210489167,1.0955342804402175,587.1,
0.0008,1.6,4.0,18,2,jump,0.663914475870772,0.004417309343424004,0.004187538628168269,0.0015639632712530255,0.3734803210489167,1.0955342804402175,23.8,
0.0008,1.6,4.0,18,2,kmeans,0.6613328288421891,0.004417309343424004,0.004187538628168269,0.0015639632712530255,0.3734803210489167,1.0955342804402175,0.3,
0.0014,1.1,6.0,18,0,vae,0.770628196497667,0.004112349485344314,0.0037772428556185145,0.0028370603026797265,0.7510929032428244,1.7085314578220379,587.3,
0.0014,1.1,6.0,18,0,jump,0.7868302022700191,0.004112349485344314,0.0037772428556185145,0.0028370603026797265,0.7510929032428244,1.7085314578220379,25.2,
0.0014,1.1,6.0,18,0,kmeans,0.7823829305277625,0.004112349485344314,0.0037772428556185145,0.0028370603026797265,0.7510929032428244,1.7085314578220379,0.3,
0.0008,0.8,6.0,18,0,vae,0.7165998385007527,0.00317745360147649,0.002668101432301452,0.0016118565432238679,0.604121164101888,4.143432004871308,599.6,
0.0008,0.8,6.0,18,0,jump,0.7346382261897629,0.00317745360147649,0.002668101432301452,0.0016118565432238679,0.604121164101888,4.143432004871308,25.8,
0.0008,0.8,6.0,18,0,kmeans,0.7264960316617517,0.00317745360147649,0.002668101432301452,0.0016118565432238679,0.604121164101888,4.143432004871308,0.2,
0.001,1.6,2.0,18,4,vae,0.676197568343925,0.005061244830798061,0.004333457881869761,0.002003416915914518,0.4623136927893947,6.014233349752558,594.7,
0.001,1.6,2.0,18,4,jump,0.5006841606718558,0.005061244830798061,0.004333457881869761,0.002003416915914518,0.4623136927893947,6.014233349752558,23.9,
0.001,1.6,2.0,18,4,kmeans,0.6805981955272286,0.005061244830798061,0.004333457881869761,0.002003416915914518,0.4623136927893947,6.014233349752558,0.4,
0.0012,0.8,6.0,18,0,vae,0.7894569034835763,0.003300599586041255,0.0028799912519732055,0.0024118565432238673,0.8374527323898644,3.48840004711764,609.6,
0.0012,0.8,6.0,18,0,jump,0.8001830819669455,0.003300599586041255,0.0028799912519732055,0.0024118565432238673,0.8374527323898644,3.48840004711764,25.1,
0.0012,0.8,6.0,18,0,kmeans,0.7941213429637708,0.003300599586041255,0.0028799912519732055,0.0024118565432238673,0.8374527323898644,3.48840004711764,0.4,
0.001,1.1,2.0,18,1,vae,0.5527940842636803,0.0062215372363349,0.003974717422077113,0.0019970904553325355,0.502448411612842,11.311982321379972,616.4,
0.001,1.1,2.0,18,1,jump,0.5006066475994415,0.0062215372363349,0.003974717422077113,0.0019970904553325355,0.502448411612842,11.311982321379972,24.6,
0.001,1.1,2.0,18,1,kmeans,0.5148812431557858,0.0062215372363349,0.003974717422077113,0.0019970904553325355,0.502448411612842,11.311982321379972,0.4,
0.0011,1.1,6.0,18,4,vae,0.7297738347485822,0.003991592702261677,0.003641340007345267,0.0021965456257321036,0.6032245330843201,1.5806209006573724,623.5,
0.0011,1.1,6.0,18,4,jump,0.7391522371161448,0.003991592702261677,0.003641340007345267,0.0021965456257321036,0.6032245330843201,1.5806209006573724,23.7,
0.0011,1.1,6.0,18,4,kmeans,0.7328731498314673,0.003991592702261677,0.003641340007345267,0.0021965456257321036,0.6032245330843201,1.5806209006573724,0.2,
0.0014,1.6,2.75,18,2,vae,0.7424768113127619,0.004830112406491021,0.0043879186794951695,0.002818479010228423,0.6423270839998086,3.0064277932769494,612.1,
0.0014,1.6,2.75,18,2,jump,0.7458582510087648,0.004830112406491021,0.0043879186794951695,0.002818479010228423,0.6423270839998086,3.0064277932769494,24.0,
0.0014,1.6,2.75,18,2,kmeans,0.7508508412950842,0.004830112406491021,0.0043879186794951695,0.002818479010228423,0.6423270839998086,3.0064277932769494,0.5,
0.002,1.1,4.0,18,4,vae,0.8174737453242117,0.004745269820452813,0.004260103614725276,0.004011731254997003,0.9416980472329919,3.2056755859726653,622.3,
0.002,1.1,4.0,18,4,jump,0.8054144529202082,0.004745269820452813,0.004260103614725276,0.004011731254997003,0.9416980472329919,3.2056755859726653,25.0,
0.002,1.1,4.0,18,4,kmeans,0.8268861275917628,0.004745269820452813,0.004260103614725276,0.004011731254997003,0.9416980472329919,3.2056755859726653,0.4,
0.002,1.1,4.0,18,1,vae,0.7654022991507294,0.0047351008511320155,0.004238521351321885,0.003995164671358924,0.9425845336635937,3.8692760315007533,614.9,
0.002,1.1,4.0,18,1,jump,0.8007521695854657,0.0047351008511320155,0.004238521351321885,0.003995164671358924,0.9425845336635937,3.8692760315007533,25.1,
0.002,1.1,4.0,18,1,kmeans,0.8165009047512093,0.0047351008511320155,0.004238521351321885,0.003995164671358924,0.9425845336635937,3.8692760315007533,0.2,
0.002,0.8,2.75,18,1,vae,0.7937734235073992,0.005409287840220369,0.003893266935598744,0.00397678452737576,1.021451802087691,11.772966206557395,615.3,
0.002,0.8,2.75,18,1,jump,0.7906843767524967,0.005409287840220369,0.003893266935598744,0.00397678452737576,1.021451802087691,11.772966206557395,25.6,
0.002,0.8,2.75,18,1,kmeans,0.8028369938745736,0.005409287840220369,0.003893266935598744,0.00397678452737576,1.021451802087691,11.772966206557395,0.4,
0.0012,1.6,4.0,18,2,vae,0.7197298338320294,0.004505401003263982,0.004296243271623882,0.002363963271253025,0.5502396214075421,0.9950049473081788,568.0,
0.0012,1.6,4.0,18,2,jump,0.7333268991912032,0.004505401003263982,0.004296243271623882,0.002363963271253025,0.5502396214075421,0.9950049473081788,25.5,
0.0012,1.6,4.0,18,2,kmeans,0.7247629000124614,0.004505401003263982,0.004296243271623882,0.002363963271253025,0.5502396214075421,0.9950049473081788,0.3,
0.0005,1.1,6.0,18,2,vae,0.5755537739828673,0.0038980619875247395,0.003480604657769658,0.0009801157623563817,0.2815935329421847,2.2591927853443465,577.9,
0.0005,1.1,6.0,18,2,jump,0.5017790542993095,0.0038980619875247395,0.003480604657769658,0.0009801157623563817,0.2815935329421847,2.2591927853443465,24.6,
0.0005,1.1,6.0,18,2,kmeans,0.5362090298574695,0.0038980619875247395,0.003480604657769658,0.0009801157623563817,0.2815935329421847,2.2591927853443465,0.6,
0.0012,1.6,4.0,18,5,vae,0.7287833909367618,0.004526182982373015,0.0042965488474886,0.002350189111471772,0.5469946217056264,1.0648802330586538,585.2,
0.0012,1.6,4.0,18,5,jump,0.7528799312729301,0.004526182982373015,0.0042965488474886,0.002350189111471772,0.5469946217056264,1.0648802330586538,24.4,
0.0012,1.6,4.0,18,5,kmeans,0.731757460108265,0.004526182982373015,0.0042965488474886,0.002350189111471772,0.5469946217056264,1.0648802330586538,0.6,
0.0012,1.6,6.0,18,0,vae,0.7246809933681306,0.0044078101846273645,0.004283413382202908,0.0023695291264527363,0.5531871232176325,0.46289836372488447,580.6,
0.0012,1.6,6.0,18,0,jump,0.7475861772914876,0.0044078101846273645,0.004283413382202908,0.0023695291264527363,0.5531871232176325,0.46289836372488447,23.6,
0.0012,1.6,6.0,18,0,kmeans,0.7341340424945082,0.0044078101846273645,0.004283413382202908,0.0023695291264527363,0.5531871232176325,0.46289836372488447,0.2,
0.0005,1.1,2.75,18,4,vae,0.5834292695174002,0.005115604786235783,0.0036888525316299803,0.00102321761923308,0.27738100410887245,9.695943208860562,584.6,
0.0005,1.1,2.75,18,4,jump,0.5014993981075077,0.005115604786235783,0.0036888525316299803,0.00102321761923308,0.27738100410887245,9.695943208860562,23.7,
0.0005,1.1,2.75,18,4,kmeans,0.5110305499312617,0.005115604786235783,0.0036888525316299803,0.00102321761923308,0.27738100410887245,9.695943208860562,0.3,
0.0005,1.6,4.0,18,5,vae,0.5690583936744456,0.004397911862686647,0.004141879610062822,0.0009501891114717719,0.22941012316322731,1.2004761688290095,583.1,
0.0005,1.6,4.0,18,5,jump,0.5001582173099743,0.004397911862686647,0.004141879610062822,0.0009501891114717719,0.22941012316322731,1.2004761688290095,24.9,
0.0005,1.6,4.0,18,5,kmeans,0.6056352899287177,0.004397911862686647,0.004141879610062822,0.0009501891114717719,0.22941012316322731,1.2004761688290095,0.4,
0.0016,1.1,6.0,18,4,vae,0.7906687472451366,0.0041560749375247315,0.003883371273157704,0.0031965456257321036,0.8231367543523289,1.3042679171730924,614.5,
0.0016,1.1,6.0,18,4,jump,0.7929073682711543,0.0041560749375247315,0.003883371273157704,0.0031965456257321036,0.8231367543523289,1.3042679171730924,25.3,
0.0016,1.1,6.0,18,4,kmeans,0.800715611090479,0.0041560749375247315,0.003883371273157704,0.0031965456257321036,0.8231367543523289,1.3042679171730924,0.4,
0.0008,1.1,6.0,18,5,vae,0.6730539150799308,0.003938336068865673,0.0035682583272404157,0.001620801965178659,0.4542277538611222,2.0757110247316497,612.6,
0.0008,1.1,6.0,18,5,jump,0.704200391408732,0.003938336068865673,0.0035682583272404157,0.001620801965178659,0.4542277538611222,2.0757110247316497,25.6,
0.0008,1.1,6.0,18,5,kmeans,0.6894578041278507,0.003938336068865673,0.0035682583272404157,0.001620801965178659,0.4542277538611222,2.0757110247316497,0.5,
0.0008,0.8,2.75,18,5,vae,0.5712340918158304,0.0050685645751149455,0.0030138654520623495,0.001604509387877576,0.5323759183674344,15.504358186094109,613.7,
0.0008,0.8,2.75,18,5,jump,0.5008201844462418,0.0050685645751149455,0.0030138654520623495,0.001604509387877576,0.5323759183674344,15.504358186094109,24.0,
0.0008,0.8,2.75,18,5,kmeans,0.5087795597804473,0.0050685645751149455,0.0030138654520623495,0.001604509387877576,0.5323759183674344,15.504358186094109,0.6,
0.0011,1.1,6.0,18,1,vae,0.7034769596425342,0.003988460772277493,0.003631867766738336,0.002141602876230369,0.5896698376091136,1.5361860885121024,622.2,
0.0011,1.1,6.0,18,1,jump,0.7306412471282328,0.003988460772277493,0.003631867766738336,0.002141602876230369,0.5896698376091136,1.5361860885121024,27.1,
0.0011,1.1,6.0,18,1,kmeans,0.7308591644188334,0.003988460772277493,0.003631867766738336,0.002141602876230369,0.5896698376091136,1.5361860885121024,0.4,
0.0011,1.6,2.75,18,2,vae,0.6991847299906855,0.004750106666632876,0.004286543851499956,0.0022184790102284233,0.5175449236223557,3.209887252192873,621.6,
0.0011,1.6,2.75,18,2,jump,0.7178479822619281,0.004750106666632876,0.004286543851499956,0.0022184790102284233,0.5175449236223557,3.209887252192873,25.0,
0.0011,1.6,2.75,18,2,kmeans,0.7075987108555228,0.004750106666632876,0.004286543851499956,0.0022184790102284233,0.5175449236223557,3.209887252192873,0.3,
0.0016,1.1,2.75,18,2,vae,0.7389248128491158,0.005349701857094775,0.004132392566843048,0.0032192910972547095,0.779038062135054,7.951417742794053,624.7,
0.0016,1.1,2.75,18,2,jump,0.7598160943375238,0.005349701857094775,0.004132392566843048,0.0032192910972547095,0.779038062135054,7.951417742794053,26.3,
0.0016,1.1,2.75,18,2,kmeans,0.7682338902866364,0.005349701857094775,0.004132392566843048,0.0032192910972547095,0.779038062135054,7.951417742794053,0.4,
0.0014,1.1,2.75,18,0,vae,0.726342719722195,0.005272544981967862,0.004018648292694554,0.0027865190203220837,0.6933970871219706,8.524631711093923,716.5,
0.0014,1.1,2.75,18,0,jump,0.5013196131369034,0.005272544981967862,0.004018648292694554,0.0027865190203220837,0.6933970871219706,8.524631711093923,29.6,
0.0014,1.1,2.75,18,0,kmeans,0.7346804932660844,0.005272544981967862,0.004018648292694554,0.0027865190203220837,0.6933970871219706,8.524631711093923,0.3,
0.0016,0.8,2.0,18,5,vae,0.544338509957164,0.006925321410742198,0.0038108065918324597,0.0031975605868190737,0.8390771113055882,12.496891844647159,747.3,
0.0016,0.8,2.0,18,5,jump,0.5079712626453774,0.006925321410742198,0.0038108065918324597,0.0031975605868190737,0.8390771113055882,12.496891844647159,29.7,
0.0016,0.8,2.0,18,5,kmeans,0.510287687339221,0.006925321410742198,0.0038108065918324597,0.0031975605868190737,0.8390771113055882,12.496891844647159,0.5,
0.0011,0.8,2.0,18,4,vae,0.5197910904542136,0.006726245314361838,0.00340861904767255,0.002221129999321922,0.6516216591697271,13.034326662252266,775.0,
0.0011,0.8,2.0,18,4,jump,0.5034240152402853,0.006726245314361838,0.00340861904767255,0.002221129999321922,0.6516216591697271,13.034326662252266,31.5,
0.0011,0.8,2.0,18,4,kmeans,0.5045196368801425,0.006726245314361838,0.00340861904767255,0.002221129999321922,0.6516216591697271,13.034326662252266,0.6,
0.0012,0.8,6.0,18,5,vae,0.770590984278971,0.003302605180598568,0.0028946031910778896,0.002393892116687312,0.8270190968026525,3.181993004278663,763.4,
0.0012,0.8,6.0,18,5,jump,0.7872661601791566,0.003302605180598568,0.0028946031910778896,0.002393892116687312,0.8270190968026525,3.181993004278663,30.5,
0.0012,0.8,6.0,18,5,kmeans,0.7968338446878368,0.003302605180598568,0.0028946031910778896,0.002393892116687312,0.8270190968026525,3.181993004278663,0.4,
0.0005,1.1,2.0,18,0,vae,0.5103960801203294,0.0061889437687502515,0.0038491626847399515,0.000977791424343842,0.2540270454715533,11.614387014312365,771.9,
0.0005,1.1,2.0,18,0,jump,0.5013005154212353,0.0061889437687502515,0.0038491626847399515,0.000977791424343842,0.2540270454715533,11.614387014312365,30.0,
0.0005,1.1,2.0,18,0,kmeans,0.5098888351883044,0.0061889437687502515,0.0038491626847399515,0.000977791424343842,0.2540270454715533,11.614387014312365,0.5,
0.002,1.6,6.0,18,2,vae,0.8212627366938536,0.004653985649116791,0.0045912113065104026,0.004004229233230562,0.8721509348856387,0.32357665550164816,787.3,
0.002,1.6,6.0,18,2,jump,0.8119122951425997,0.004653985649116791,0.0045912113065104026,0.004004229233230562,0.8721509348856387,0.32357665550164816,32.1,
0.002,1.6,6.0,18,2,kmeans,0.8271961827636772,0.004653985649116791,0.0045912113065104026,0.004004229233230562,0.8721509348856387,0.32357665550164816,0.4,
0.001,1.6,4.0,18,3,vae,0.697784322150862,0.004455565518225949,0.004218527237593913,0.0019709495300172853,0.46721270694969835,1.0578436432171916,792.7,
0.001,1.6,4.0,18,3,jump,0.7297543922658452,0.004455565518225949,0.004218527237593913,0.0019709495300172853,0.46721270694969835,1.0578436432171916,32.6,
0.001,1.6,4.0,18,3,kmeans,0.6999709565014876,0.004455565518225949,0.004218527237593913,0.0019709495300172853,0.46721270694969835,1.0578436432171916,0.9,
0.001,0.8,2.0,18,2,vae,0.5058963752509293,0.0068060899202473,0.003366102745712539,0.002010543853457398,0.5972912906530441,13.461167477178943,825.9,
0.001,0.8,2.0,18,2,jump,0.5078097375171018,0.0068060899202473,0.003366102745712539,0.002010543853457398,0.5972912906530441,13.461167477178943,30.3,
0.001,0.8,2.0,18,2,kmeans,0.5058790298677698,0.0068060899202473,0.003366102745712539,0.002010543853457398,0.5972912906530441,13.461167477178943,0.5,
0.0014,1.1,2.0,18,5,vae,0.5466110276464436,0.006331217416271304,0.004172589117923289,0.002783418451684336,0.6670722596979911,10.703763066118846,826.4,
0.0014,1.1,2.0,18,5,jump,0.5083375679377844,0.006331217416271304,0.004172589117923289,0.002783418451684336,0.6670722596979911,10.703763066118846,30.7,
0.0014,1.1,2.0,18,5,kmeans,0.5029899589443492,0.006331217416271304,0.004172589117923289,0.002783418451684336,0.6670722596979911,10.703763066118846,0.5,
0.001,1.1,6.0,18,2,vae,0.6888677770891959,0.003992439765044858,0.0036004565942978676,0.0019801157623563818,0.5499624035163596,2.0636804412639185,835.8,
0.001,1.1,6.0,18,2,jump,0.7179860853126245,0.003992439765044858,0.0036004565942978676,0.0019801157623563818,0.5499624035163596,2.0636804412639185,30.5,
0.001,1.1,6.0,18,2,kmeans,0.7149405380364853,0.003992439765044858,0.0036004565942978676,0.0019801157623563818,0.5499624035163596,2.0636804412639185,0.6,
0.001,0.8,6.0,18,3,vae,0.7646286219602016,0.0032488658469316516,0.0027701776551706725,0.0020000513905810043,0.721993907808696,3.9058920176567424,837.1,
0.001,0.8,6.0,18,3,jump,0.7844803769417895,0.0032488658469316516,0.0027701776551706725,0.0020000513905810043,0.721993907808696,3.9058920176567424,31.3,
0.001,0.8,6.0,18,3,kmeans,0.7723055811065083,0.0032488658469316516,0.0027701776551706725,0.0020000513905810043,0.721993907808696,3.9058920176567424,0.6,
0.001,1.1,4.0,18,1,vae,0.6519553160548099,0.004409256490628478,0.003705839230679243,0.0019951646713589244,0.5383840331878701,5.220009586829555,838.9,
0.001,1.1,4.0,18,1,jump,0.5014297717470835,0.004409256490628478,0.003705839230679243,0.0019951646713589244,0.5383840331878701,5.220009586829555,29.1,
0.001,1.1,4.0,18,1,kmeans,0.6937638245611581,0.004409256490628478,0.003705839230679243,0.0019951646713589244,0.5383840331878701,5.220009586829555,0.4,
0.0014,0.8,2.75,18,2,vae,0.6074506385846064,0.0051762660830230595,0.0033656317536863156,0.0028103596058597184,0.8350169630951403,13.404220219275604,818.8,
0.0014,0.8,2.75,18,2,jump,0.5046673681021614,0.0051762660830230595,0.0033656317536863156,0.0028103596058597184,0.8350169630951403,13.404220219275604,31.2,
0.0014,0.8,2.75,18,2,kmeans,0.7593396938138364,0.0051762660830230595,0.0033656317536863156,0.0028103596058597184,0.8350169630951403,13.404220219275604,0.4,
0.0012,1.1,4.0,18,5,vae,0.716787372905832,0.004450682847355353,0.0038045833838716127,0.002414802538858583,0.6347087959999542,4.371077701576065,799.5,
0.0012,1.1,4.0,18,5,jump,0.7394604377476323,0.004450682847355353,0.0038045833838716127,0.002414802538858583,0.6347087959999542,4.371077701576065,30.4,
0.0012,1.1,4.0,18,5,kmeans,0.7363286715861723,0.004450682847355353,0.0038045833838716127,0.002414802538858583,0.6347087959999542,4.371077701576065,0.5,
0.002,1.1,2.0,18,4,vae,0.7745903210756347,0.006420905280665004,0.004605057126827169,0.004064082218557079,0.8825259071991545,9.051079587332326,783.2,
0.002,1.1,2.0,18,4,jump,0.7748331632937513,0.006420905280665004,0.004605057126827169,0.004064082218557079,0.8825259071991545,9.051079587332326,29.6,
0.002,1.1,2.0,18,4,kmeans,0.7819966084937984,0.006420905280665004,0.004605057126827169,0.004064082218557079,0.8825259071991545,9.051079587332326,0.3,
0.001,1.6,2.0,18,2,vae,0.6225424269622115,0.005019928012413059,0.0043145370732983945,0.002015113916658768,0.4670521732516359,5.9358793318507015,829.4,
0.001,1.6,2.0,18,2,jump,0.5003952537311549,0.005019928012413059,0.0043145370732983945,0.002015113916658768,0.4670521732516359,5.9358793318507015,32.0,
0.001,1.6,2.0,18,2,kmeans,0.6778932446617746,0.005019928012413059,0.0043145370732983945,0.002015113916658768,0.4670521732516359,5.9358793318507015,0.6,
0.0005,1.6,2.75,18,3,vae,0.5822788132595378,0.004629699412378014,0.004187394235519702,0.0010435626635500583,0.24921528875834173,2.990247835240159,818.8,
0.0005,1.6,2.75,18,3,jump,0.5033659594174541,0.004629699412378014,0.004187394235519702,0.0010435626635500583,0.24921528875834173,2.990247835240159,31.0,
0.0005,1.6,2.75,18,3,kmeans,0.5998588423082437,0.004629699412378014,0.004187394235519702,0.0010435626635500583,0.24921528875834173,2.990247835240159,0.8,
0.0011,1.6,4.0,18,5,vae,0.7035851330002004,0.0045014240232285705,0.004264904170082792,0.002150189111471772,0.5041588335219339,1.0907243390900812,835.5,
0.0011,1.6,4.0,18,5,jump,0.7421594177282795,0.0045014240232285705,0.004264904170082792,0.002150189111471772,0.5041588335219339,1.0907243390900812,30.9,
0.0011,1.6,4.0,18,5,kmeans,0.7150108002425812,0.0045014240232285705,0.004264904170082792,0.002150189111471772,0.5041588335219339,1.0907243390900812,0.8,
0.0005,1.6,6.0,18,4,vae,0.6217199940973432,0.004263530544068171,0.00412682183090143,0.0010232304037711016,0.2479463484731046,0.5116095978810109,857.0,
0.0005,1.6,6.0,18,4,jump,0.5063849993109966,0.004263530544068171,0.00412682183090143,0.0010232304037711016,0.2479463484731046,0.5116095978810109,32.7,
0.0005,1.6,6.0,18,4,kmeans,0.6145206278605002,0.004263530544068171,0.00412682183090143,0.0010232304037711016,0.2479463484731046,0.5116095978810109,0.5,
0.0011,1.1,6.0,18,0,vae,0.7323906381417156,0.004019642161066837,0.003648094757914497,0.0022370603026797267,0.6132133212347217,1.888768316884594,852.6,
0.0011,1.1,6.0,18,0,jump,0.7544997954623647,0.004019642161066837,0.003648094757914497,0.0022370603026797267,0.6132133212347217,1.888768316884594,31.6,
0.0011,1.1,6.0,18,0,kmeans,0.739186833872753,0.004019642161066837,0.003648094757914497,0.0022370603026797267,0.6132133212347217,1.888768316884594,0.6,
0.0008,0.8,4.0,18,4,vae,0.6929516401985658,0.003858847635345639,0.002797964133874712,0.0016025880999654724,0.5727693506014161,11.514758190285903,843.8,
0.0008,0.8,4.0,18,4,jump,0.5041109975646137,0.003858847635345639,0.002797964133874712,0.0016025880999654724,0.5727693506014161,11.514758190285903,31.8,
0.0008,0.8,4.0,18,4,kmeans,0.6982903667703955,0.003858847635345639,0.002797964133874712,0.0016025880999654724,0.5727693506014161,11.514758190285903,0.5,
0.001,1.1,2.0,18,5,vae,0.5272278662268441,0.006256379465100163,0.003991497075594246,0.001983418451684336,0.49691091190115644,11.249099830049142,833.0,
0.001,1.1,2.0,18,5,jump,0.5070904809293908,0.006256379465100163,0.003991497075594246,0.001983418451684336,0.49691091190115644,11.249099830049142,32.6,
0.001,1.1,2.0,18,5,kmeans,0.5047770180571859,0.006256379465100163,0.003991497075594246,0.001983418451684336,0.49691091190115644,11.249099830049142,0.5,
0.0008,0.8,2.0,18,1,vae,0.5042042163906639,0.0066747252755942794,0.0032636648284125928,0.0015594089056739971,0.47780914636153826,13.535172001857877,859.2,
0.0008,0.8,2.0,18,1,jump,0.5023656189798041,0.0066747252755942794,0.0032636648284125928,0.0015594089056739971,0.47780914636153826,13.535172001857877,31.7,
0.0008,0.8,2.0,18,1,kmeans,0.5008801635394703,0.0066747252755942794,0.0032636648284125928,0.0015594089056739971,0.47780914636153826,13.535172001857877,0.6,
0.0014,1.1,6.0,18,5,vae,0.7674237162824624,0.004103643309418496,0.003807404487856573,0.0028208019651786587,0.7408726795840557,1.7440344172190363,870.9,
0.0014,1.1,6.0,18,5,jump,0.7895019352702686,0.004103643309418496,0.003807404487856573,0.0028208019651786587,0.7408726795840557,1.7440344172190363,32.1,
0.0014,1.1,6.0,18,5,kmeans,0.7829392589618318,0.004103643309418496,0.003807404487856573,0.0028208019651786587,0.7408726795840557,1.7440344172190363,0.5,
0.001,1.6,6.0,18,0,vae,0.6775152079191514,0.0043579765898609036,0.004225247679902494,0.0019695291264527365,0.4661334141003983,0.4879514258307478,840.3,
0.001,1.6,6.0,18,0,jump,0.701930521950173,0.0043579765898609036,0.004225247679902494,0.0019695291264527365,0.4661334141003983,0.4879514258307478,30.8,
0.001,1.6,6.0,18,0,kmeans,0.7033384357614321,0.0043579765898609036,0.004225247679902494,0.0019695291264527365,0.4661334141003983,0.4879514258307478,0.6,
0.0016,0.8,4.0,18,3,vae,0.8139881588408782,0.004048425366911407,0.00331404454002717,0.003182913049289521,0.9604315846833568,7.567913346080971,824.6,
0.0016,0.8,4.0,18,3,jump,0.8182612944679877,0.004048425366911407,0.00331404454002717,0.003182913049289521,0.9604315846833568,7.567913346080971,29.6,
0.0016,0.8,4.0,18,3,kmeans,0.8242973990957239,0.004048425366911407,0.00331404454002717,0.003182913049289521,0.9604315846833568,7.567913346080971,0.4,
0.002,1.1,6.0,18,4,vae,0.823444301920977,0.004324930047269913,0.004142833705407463,0.003996545625732104,0.9646888844501735,1.0541606524687506,794.5,
0.002,1.1,6.0,18,4,jump,0.8128835471205357,0.004324930047269913,0.004142833705407463,0.003996545625732104,0.9646888844501735,1.0541606524687506,29.2,
0.002,1.1,6.0,18,4,kmeans,0.8342889029531255,0.004324930047269913,0.004142833705407463,0.003996545625732104,0.9646888844501735,1.0541606524687506,0.5,
0.0012,0.8,2.0,18,1,vae,0.514377518591555,0.006732639824499201,0.0034817494178701223,0.0023594089056739966,0.6776504057311824,13.052768133551702,823.8,
0.0012,0.8,2.0,18,1,jump,0.503726535246347,0.006732639824499201,0.0034817494178701223,0.0023594089056739966,0.6776504057311824,13.052768133551702,31.2,
0.0012,0.8,2.0,18,1,kmeans,0.5020853245468858,0.006732639824499201,0.0034817494178701223,0.0023594089056739966,0.6776504057311824,13.052768133551702,0.4,
0.0016,1.1,4.0,18,1,vae,0.7631582478135158,0.004581419654523665,0.0039858164749078055,0.0031951646713589245,0.8016336656425784,4.4559571604766335,846.8,
0.0016,1.1,4.0,18,1,jump,0.7653900978635281,0.004581419654523665,0.0039858164749078055,0.0031951646713589245,0.8016336656425784,4.4559571604766335,32.9,
0.0016,1.1,4.0,18,1,kmeans,0.779089632096523,0.004581419654523665,0.0039858164749078055,0.0031951646713589245,0.8016336656425784,4.4559571604766335,0.4,
0.0014,1.1,2.75,18,1,vae,0.6518190508387067,0.005246862239587625,0.004013932419489417,0.0027499340097699946,0.6850972369185513,8.62477571859066,827.5,
0.0014,1.1,2.75,18,1,jump,0.5019300245223361,0.005246862239587625,0.004013932419489417,0.0027499340097699946,0.6850972369185513,8.62477571859066,30.0,
0.0014,1.1,2.75,18,1,kmeans,0.7334316950181259,0.005246862239587625,0.004013932419489417,0.0027499340097699946,0.6850972369185513,8.62477571859066,0.4,
0.002,0.8,6.0,18,2,vae,0.8604532624125667,0.0036774258423956014,0.003518819016235122,0.003990571326181309,1.1340655224862706,1.926295017905522,830.5,
0.002,0.8,6.0,18,2,jump,0.8456800860731013,0.0036774258423956014,0.003518819016235122,0.003990571326181309,1.1340655224862706,1.926295017905522,30.6,
0.002,0.8,6.0,18,2,kmeans,0.867819170125468,0.0036774258423956014,0.003518819016235122,0.003990571326181309,1.1340655224862706,1.926295017905522,0.2,
0.0016,1.6,4.0,18,2,vae,0.7730114358226173,0.004626515166022113,0.00444266403323064,0.0031639632712530254,0.7121770288248057,0.8673115798241278,830.5,
0.0016,1.6,4.0,18,2,jump,0.7659431296837347,0.004626515166022113,0.00444266403323064,0.0031639632712530254,0.7121770288248057,0.8673115798241278,29.0,
0.0016,1.6,4.0,18,2,kmeans,0.7774974349183373,0.004626515166022113,0.00444266403323064,0.0031639632712530254,0.7121770288248057,0.8673115798241278,0.5,
0.0012,1.6,4.0,18,3,vae,0.7320686990399362,0.004504053732343659,0.004271550518507771,0.002370949530017285,0.5550559497644794,1.0099980732509213,867.1,
0.0012,1.6,4.0,18,3,jump,0.7453825724347978,0.004504053732343659,0.004271550518507771,0.002370949530017285,0.5550559497644794,1.0099980732509213,31.2,
0.0012,1.6,4.0,18,3,kmeans,0.7309017516588403,0.004504053732343659,0.004271550518507771,0.002370949530017285,0.5550559497644794,1.0099980732509213,0.4,
0.0008,1.6,4.0,18,3,vae,0.6594030214131159,0.004415606393711947,0.0041708140510341015,0.0015709495300172854,0.3766529772833646,1.097456762213037,858.0,
0.0008,1.6,4.0,18,3,jump,0.7009793172877135,0.004415606393711947,0.0041708140510341015,0.0015709495300172854,0.3766529772833646,1.097456762213037,31.2,
0.0008,1.6,4.0,18,3,kmeans,0.6621991165857424,0.004415606393711947,0.0041708140510341015,0.0015709495300172854,0.3766529772833646,1.097456762213037,0.7,
0.0012,1.1,4.0,18,2,vae,0.6942480459393348,0.004479825844597551,0.00376727786584595,0.0023980945702525023,0.6365589838736265,4.307041404074761,850.7,
0.0012,1.1,4.0,18,2,jump,0.7385976556222127,0.004479825844597551,0.00376727786584595,0.0023980945702525023,0.6365589838736265,4.307041404074761,31.6,
0.0012,1.1,4.0,18,2,kmeans,0.7382421027680501,0.004479825844597551,0.00376727786584595,0.0023980945702525023,0.6365589838736265,4.307041404074761,0.5,
0.0011,1.1,2.75,18,4,vae,0.67983866071326,0.00521062048863776,0.0038858027331500665,0.00222321761923308,0.5721385700479977,9.081307518905845,861.2,
0.0011,1.1,2.75,18,4,jump,0.5014993981075077,0.00521062048863776,0.0038858027331500665,0.00222321761923308,0.5721385700479977,9.081307518905845,31.5,
0.0011,1.1,2.75,18,4,kmeans,0.6895139569537504,0.00521062048863776,0.0038858027331500665,0.00222321761923308,0.5721385700479977,9.081307518905845,0.4,
0.001,1.6,4.0,18,0,vae,0.6914434550702829,0.004498877624964471,0.004257887959693771,0.0020064940288052236,0.4712416220903876,1.254084906379858,834.9,
0.001,1.6,4.0,18,0,jump,0.7175522482838291,0.004498877624964471,0.004257887959693771,0.0020064940288052236,0.4712416220903876,1.254084906379858,32.6,
0.001,1.6,4.0,18,0,kmeans,0.7063069750810025,0.004498877624964471,0.004257887959693771,0.0020064940288052236,0.4712416220903876,1.254084906379858,0.7,
0.0005,1.1,6.0,18,1,vae,0.5850020557092864,0.0038708246925706715,0.0034647747895157977,0.0009416028762303686,0.2717645253826029,1.7696677380299963,794.5,
0.0005,1.1,6.0,18,1,jump,0.5012007437312372,0.0038708246925706715,0.0034647747895157977,0.0009416028762303686,0.2717645253826029,1.7696677380299963,31.6,
0.0005,1.1,6.0,18,1,kmeans,0.5262630730989372,0.0038708246925706715,0.0034647747895157977,0.0009416028762303686,0.2717645253826029,1.7696677380299963,0.6,
0.0012,1.6,2.0,18,3,vae,0.7255336014310687,0.005101651580464211,0.004397144532372292,0.0023992886467118185,0.5456469827288994,5.796498216133825,825.4,
0.0012,1.6,2.0,18,3,jump,0.5051984777930097,0.005101651580464211,0.004397144532372292,0.0023992886467118185,0.5456469827288994,5.796498216133825,32.0,
0.0012,1.6,2.0,18,3,kmeans,0.7269435259876722,0.005101651580464211,0.004397144532372292,0.0023992886467118185,0.5456469827288994,5.796498216133825,0.4,
0.0011,1.6,2.75,18,5,vae,0.7069096577158815,0.004707998960841088,0.004315906989715968,0.002264023777214121,0.5245765913419552,2.7858790419821835,824.5,
0.0011,1.6,2.75,18,5,jump,0.7267774371949725,0.004707998960841088,0.004315906989715968,0.002264023777214121,0.5245765913419552,2.7858790419821835,29.1,
0.0011,1.6,2.75,18,5,kmeans,0.7127457271320152,0.004707998960841088,0.004315906989715968,0.002264023777214121,0.5245765913419552,2.7858790419821835,0.2,
0.0005,1.1,2.0,18,4,vae,0.5542773469854886,0.0061091650641085776,0.0038469235697654014,0.0010640822185570792,0.2766060201767852,10.989587950233114,849.1,
0.0005,1.1,2.0,18,4,jump,0.5025584883531191,0.0061091650641085776,0.0038469235697654014,0.0010640822185570792,0.2766060201767852,10.989587950233114,23.5,
0.0005,1.1,2.0,18,4,kmeans,0.5059890174081549,0.0061091650641085776,0.0038469235697654014,0.0010640822185570792,0.2766060201767852,10.989587950233114,0.2,
0.001,1.1,6.0,18,0,vae,0.7164593267325932,0.003993271132887961,0.003617370947105377,0.002037060302679727,0.5631328200691676,1.9423931925275895,789.4,
0.001,1.1,6.0,18,0,jump,0.7450366722659622,0.003993271132887961,0.003617370947105377,0.002037060302679727,0.5631328200691676,1.9423931925275895,23.3,
0.001,1.1,6.0,18,0,kmeans,0.7221968047310794,0.003993271132887961,0.003617370947105377,0.002037060302679727,0.5631328200691676,1.9423931925275895,0.3,
0.0011,0.8,2.75,18,3,vae,0.7144992751442971,0.005120523375251668,0.0031553792870156953,0.0022184006815640957,0.7030535728914611,14.767884689978299,784.7,
0.0011,0.8,2.75,18,3,jump,0.5044159496855487,0.005120523375251668,0.0031553792870156953,0.0022184006815640957,0.7030535728914611,14.767884689978299,32.0,
0.0011,0.8,2.75,18,3,kmeans,0.5006630373743219,0.005120523375251668,0.0031553792870156953,0.0022184006815640957,0.7030535728914611,14.767884689978299,0.4,
0.0008,1.6,2.75,18,3,vae,0.6570711695699283,0.004673084096821671,0.00423849372539939,0.0016435626635500583,0.3877704604588477,2.904695190897736,786.9,
0.0008,1.6,2.75,18,3,jump,0.5029578162461652,0.004673084096821671,0.00423849372539939,0.0016435626635500583,0.3877704604588477,2.904695190897736,32.3,
0.0008,1.6,2.75,18,3,kmeans,0.6573451009740758,0.004673084096821671,0.00423849372539939,0.0016435626635500583,0.3877704604588477,2.904695190897736,0.4,
0.0014,0.8,6.0,18,0,vae,0.8110103312839421,0.003378283535476534,0.00301057533860034,0.0028118565432238675,0.9339930833722766,3.1320610228195607,809.4,
0.0014,0.8,6.0,18,0,jump,0.817342029353279,0.003378283535476534,0.00301057533860034,0.0028118565432238675,0.9339930833722766,3.1320610228195607,33.1,
0.0014,0.8,6.0,18,0,kmeans,0.8192013255275263,0.003378283535476534,0.00301057533860034,0.0028118565432238675,0.9339930833722766,3.1320610228195607,0.3,
0.0011,0.8,2.75,18,2,vae,0.601109718513682,0.005102074215673971,0.0031592716984221213,0.0022103596058597186,0.6996421380800103,14.183477843344512,796.8,
0.0011,0.8,2.75,18,2,jump,0.5050241909843789,0.005102074215673971,0.0031592716984221213,0.0022103596058597186,0.6996421380800103,14.183477843344512,31.6,
0.0011,0.8,2.75,18,2,kmeans,0.5040680698636633,0.005102074215673971,0.0031592716984221213,0.0022103596058597186,0.6996421380800103,14.183477843344512,0.6,
0.0016,1.1,6.0,18,1,vae,0.772855359638268,0.004150672263444559,0.00387396100187961,0.003141602876230369,0.8109536659522624,1.260758721969328,813.0,
0.0016,1.1,6.0,18,1,jump,0.7888950447275976,0.004150672263444559,0.00387396100187961,0.003141602876230369,0.8109536659522624,1.260758721969328,31.8,
0.0016,1.1,6.0,18,1,kmeans,0.7997184219056237,0.004150672263444559,0.00387396100187961,0.003141602876230369,0.8109536659522624,1.260758721969328,0.4,
0.001,0.8,2.75,18,1,vae,0.5414189277592851,0.005127620147188432,0.0031060310481927336,0.0019767845273757595,0.6364342457316922,14.59872413745222,816.4,
0.001,0.8,2.75,18,1,jump,0.5006385640456671,0.005127620147188432,0.0031060310481927336,0.0019767845273757595,0.6364342457316922,14.59872413745222,31.6,
0.001,0.8,2.75,18,1,kmeans,0.5023008055821084,0.005127620147188432,0.0031060310481927336,0.0019767845273757595,0.6364342457316922,14.59872413745222,0.6,
0.001,1.1,2.0,18,4,vae,0.669732662236312,0.0061744650111521335,0.004001414060975892,0.002064082218557079,0.5158381979728628,10.556194206320232,778.2,
0.001,1.1,2.0,18,4,jump,0.5005558255136539,0.0061744650111521335,0.004001414060975892,0.002064082218557079,0.5158381979728628,10.556194206320232,31.1,
0.001,1.1,2.0,18,4,kmeans,0.5088543954881737,0.0061744650111521335,0.004001414060975892,0.002064082218557079,0.5158381979728628,10.556194206320232,0.3,
0.0014,0.8,4.0,18,5,vae,0.7774032540974001,0.004021688492235916,0.0031763078773320397,0.0028038979705426546,0.8827538383646256,7.927513277155363,811.4,
0.0014,0.8,4.0,18,5,jump,0.7848932207264756,0.004021688492235916,0.0031763078773320397,0.0028038979705426546,0.8827538383646256,7.927513277155363,31.9,
0.0014,0.8,4.0,18,5,kmeans,0.7976871695167396,0.004021688492235916,0.0031763078773320397,0.0028038979705426546,0.8827538383646256,7.927513277155363,0.6,
0.0016,1.1,2.75,18,3,vae,0.7728235011313564,0.0053189388331276784,0.004119674705717777,0.0031761006480519405,0.7709590865618027,7.981503084049541,795.3,
0.0016,1.1,2.75,18,3,jump,0.7728121348908175,0.0053189388331276784,0.004119674705717777,0.0031761006480519405,0.7709590865618027,7.981503084049541,30.1,
0.0016,1.1,2.75,18,3,kmeans,0.7800190023513196,0.0053189388331276784,0.004119674705717777,0.0031761006480519405,0.7709590865618027,7.981503084049541,0.3,
0.0011,0.8,2.75,18,0,vae,0.6131578919199145,0.005151963796752901,0.00316207959941568,0.002211247631729362,0.6993016975720593,14.591041842122436,799.2,
0.0011,0.8,2.75,18,0,jump,0.5070128732709301,0.005151963796752901,0.00316207959941568,0.002211247631729362,0.6993016975720593,14.591041842122436,31.5,
0.0011,0.8,2.75,18,0,kmeans,0.5104237312916792,0.005151963796752901,0.00316207959941568,0.002211247631729362,0.6993016975720593,14.591041842122436,0.4,
0.0005,1.6,2.75,18,0,vae,0.5575112601242027,0.004647999981056506,0.004159609938055404,0.0009663912265855986,0.23232736746402272,3.499636117623573,814.5,
0.0005,1.6,2.75,18,0,jump,0.5013286667946717,0.004647999981056506,0.004159609938055404,0.0009663912265855986,0.23232736746402272,3.499636117623573,31.3,
0.0005,1.6,2.75,18,0,kmeans,0.6061974348256439,0.004647999981056506,0.004159609938055404,0.0009663912265855986,0.23232736746402272,3.499636117623573,0.7,
0.0012,1.1,2.0,18,4,vae,0.6949304790857718,0.006211670021806403,0.004092125479840827,0.002464082218557079,0.6021521653468274,10.313942835364184,835.2,
0.0012,1.1,2.0,18,4,jump,0.5028575635034902,0.006211670021806403,0.004092125479840827,0.002464082218557079,0.6021521653468274,10.313942835364184,30.8,
0.0012,1.1,2.0,18,4,kmeans,0.5084763440861506,0.006211670021806403,0.004092125479840827,0.002464082218557079,0.6021521653468274,10.313942835364184,0.5,
0.0012,1.1,2.0,18,3,vae,0.6987458560289284,0.006218577495249226,0.004096157926006218,0.0024409551552415,0.5959133410711651,10.997040754197458,873.4,
0.0012,1.1,2.0,18,3,jump,0.5080007618085024,0.006218577495249226,0.004096157926006218,0.0024409551552415,0.5959133410711651,10.997040754197458,31.4,
0.0012,1.1,2.0,18,3,kmeans,0.5189145258310884,0.006218577495249226,0.004096157926006218,0.0024409551552415,0.5959133410711651,10.997040754197458,0.5,
0.0014,0.8,2.75,18,3,vae,0.7533812913242959,0.005194514211361464,0.0033621049949747648,0.0028184006815640955,0.8382845526170873,13.941167895071136,873.2,
0.0014,0.8,2.75,18,3,jump,0.5044159496855487,0.005194514211361464,0.0033621049949747648,0.0028184006815640955,0.8382845526170873,13.941167895071136,30.4,
0.0014,0.8,2.75,18,3,kmeans,0.7619092964791814,0.005194514211361464,0.0033621049949747648,0.0028184006815640955,0.8382845526170873,13.941167895071136,0.4,
0.0008,0.8,2.0,18,0,vae,0.506224204640917,0.006711677265502578,0.0032584545746477908,0.0016112095478627594,0.49447046474076334,13.761530456830016,859.1,
0.0008,0.8,2.0,18,0,jump,0.5044148636490629,0.006711677265502578,0.0032584545746477908,0.0016112095478627594,0.49447046474076334,13.761530456830016,31.1,
0.0008,0.8,2.0,18,0,kmeans,0.5101280468322007,0.006711677265502578,0.0032584545746477908,0.0016112095478627594,0.49447046474076334,13.761530456830016,0.5,
0.002,1.1,2.0,18,3,vae,0.7829493193053962,0.00642222957370555,0.004593590350518781,0.0040409551552415,0.8796942798317074,9.655057625249714,876.6,
0.002,1.1,2.0,18,3,jump,0.7947779104695953,0.00642222957370555,0.004593590350518781,0.0040409551552415,0.8796942798317074,9.655057625249714,31.3,
0.002,1.1,2.0,18,3,kmeans,0.791542006881112,0.00642222957370555,0.004593590350518781,0.0040409551552415,0.8796942798317074,9.655057625249714,0.2,
0.0005,1.6,4.0,18,2,vae,0.5723035771860201,0.00437414010953033,0.004142604860481303,0.0009639632712530252,0.23269495974593832,1.149333484043968,879.4,
0.0005,1.6,4.0,18,2,jump,0.5032656521382557,0.00437414010953033,0.004142604860481303,0.0009639632712530252,0.23269495974593832,1.149333484043968,31.0,
0.0005,1.6,4.0,18,2,kmeans,0.6013403786089635,0.00437414010953033,0.004142604860481303,0.0009639632712530252,0.23269495974593832,1.149333484043968,0.7,
0.0011,0.8,4.0,18,5,vae,0.7328294394184199,0.003927763186153953,0.0029656208147104193,0.0022038979705426547,0.7431489419047176,8.785083255388987,878.6,
0.0011,0.8,4.0,18,5,jump,0.5004359481255352,0.003927763186153953,0.0029656208147104193,0.0022038979705426547,0.7431489419047176,8.785083255388987,31.6,
0.0011,0.8,4.0,18,5,kmeans,0.7562120206411751,0.003927763186153953,0.0029656208147104193,0.0022038979705426547,0.7431489419047176,8.785083255388987,0.6,
0.0008,1.1,6.0,18,2,vae,0.643361601857785,0.003947366503992944,0.0035410394870720612,0.0015801157623563818,0.4462293538734057,2.1568544961922065,829.8,
0.0008,1.1,6.0,18,2,jump,0.6039074053145834,0.003947366503992944,0.0035410394870720612,0.0015801157623563818,0.4462293538734057,2.1568544961922065,31.0,
0.0008,1.1,6.0,18,2,kmeans,0.6715451644326823,0.003947366503992944,0.0035410394870720612,0.0015801157623563818,0.4462293538734057,2.1568544961922065,0.7,
0.0014,1.6,6.0,18,1,vae,0.7441960267706347,0.0044301260257108505,0.004319503581270761,0.0027694834875571324,0.6411578172004603,0.3722970394856331,856.6,
0.0014,1.6,6.0,18,1,jump,0.7608593332058076,0.0044301260257108505,0.004319503581270761,0.0027694834875571324,0.6411578172004603,0.3722970394856331,31.8,
0.0014,1.6,6.0,18,1,kmeans,0.7544608111113575,0.0044301260257108505,0.004319503581270761,0.0027694834875571324,0.6411578172004603,0.3722970394856331,0.5,
0.0008,1.1,2.75,18,3,vae,0.6637432529094872,0.0051353311925462965,0.0037686330472604434,0.0015761006480519404,0.4182154718400258,9.184019010885144,853.0,
0.0008,1.1,2.75,18,3,jump,0.5036103285818909,0.0051353311925462965,0.0037686330472604434,0.0015761006480519404,0.4182154718400258,9.184019010885144,30.1,
0.0008,1.1,2.75,18,3,kmeans,0.5045530956451817,0.0051353311925462965,0.0037686330472604434,0.0015761006480519404,0.4182154718400258,9.184019010885144,0.3,
0.001,1.6,2.75,18,3,vae,0.6891059421343593,0.00471240067474348,0.004288046549334732,0.0020435626635500583,0.4765719401686781,2.8228803417787747,852.2,
0.001,1.6,2.75,18,3,jump,0.7202250163123076,0.00471240067474348,0.004288046549334732,0.0020435626635500583,0.4765719401686781,2.8228803417787747,30.8,
0.001,1.6,2.75,18,3,kmeans,0.689446298449076,0.00471240067474348,0.004288046549334732,0.0020435626635500583,0.4765719401686781,2.8228803417787747,0.3,
0.0014,1.6,2.0,18,5,vae,0.7175448387776417,0.00516344214997359,0.0044745189150725145,0.0028001702972271217,0.6258036562980407,6.260230360995452,849.8,
0.0014,1.6,2.0,18,5,jump,0.5004728908467864,0.00516344214997359,0.0044745189150725145,0.0028001702972271217,0.6258036562980407,6.260230360995452,30.6,
0.0014,1.6,2.0,18,5,kmeans,0.735301759994467,0.00516344214997359,0.0044745189150725145,0.0028001702972271217,0.6258036562980407,6.260230360995452,0.3,
0.0005,1.6,2.0,18,0,vae,0.5537823786187858,0.00498572095085279,0.004203654511507023,0.000986496535059114,0.23467593075470233,6.118635486952677,846.0,
0.0005,1.6,2.0,18,0,jump,0.5009240033065759,0.00498572095085279,0.004203654511507023,0.000986496535059114,0.23467593075470233,6.118635486952677,30.9,
0.0005,1.6,2.0,18,0,kmeans,0.5968997084512113,0.00498572095085279,0.004203654511507023,0.000986496535059114,0.23467593075470233,6.118635486952677,0.3,
0.0014,1.6,4.0,18,1,vae,0.7459949237242458,0.004576174532414454,0.004347827935969924,0.0027715899414215766,0.6374654154300804,1.1096868434136544,846.8,
0.0014,1.6,4.0,18,1,jump,0.7615300488188559,0.004576174532414454,0.004347827935969924,0.0027715899414215766,0.6374654154300804,1.1096868434136544,30.9,
0.0014,1.6,4.0,18,1,kmeans,0.7508784401514257,0.004576174532414454,0.004347827935969924,0.0027715899414215766,0.6374654154300804,1.1096868434136544,0.4,
0.0011,1.1,4.0,18,3,vae,0.7276414231710837,0.004453128632804596,0.0037494034085518778,0.00219941882239183,0.5866050095797255,5.108676271489994,868.9,
0.0011,1.1,4.0,18,3,jump,0.5055381331061073,0.004453128632804596,0.0037494034085518778,0.00219941882239183,0.5866050095797255,5.108676271489994,31.5,
0.0011,1.1,4.0,18,3,kmeans,0.7301680633356165,0.004453128632804596,0.0037494034085518778,0.00219941882239183,0.5866050095797255,5.108676271489994,0.4,
0.0016,0.8,6.0,18,2,vae,0.8335906840182099,0.003475330172794516,0.003162711124763031,0.003190571326181308,1.0088089617797025,2.5377809652967294,880.2,
0.0016,0.8,6.0,18,2,jump,0.8253382767225328,0.003475330172794516,0.003162711124763031,0.003190571326181308,1.0088089617797025,2.5377809652967294,32.7,
0.0016,0.8,6.0,18,2,kmeans,0.8432125165644909,0.003475330172794516,0.003162711124763031,0.003190571326181308,1.0088089617797025,2.5377809652967294,0.4,
0.002,0.8,4.0,18,1,vae,0.832176006974634,0.004291418278760156,0.0036471596151569294,0.003966909169538776,1.0876708420034664,7.658928253750599,874.0,
0.002,0.8,4.0,18,1,jump,0.8162272887596249,0.004291418278760156,0.0036471596151569294,0.003966909169538776,1.0876708420034664,7.658928253750599,33.3,
0.002,0.8,4.0,18,1,kmeans,0.8411273345041966,0.004291418278760156,0.0036471596151569294,0.003966909169538776,1.0876708420034664,7.658928253750599,0.3,
0.0008,0.8,2.75,18,1,vae,0.5256122177196688,0.005093017393686258,0.003007550179653242,0.0015767845273757593,0.5242753846778896,14.996235932426622,880.6,
0.0008,0.8,2.75,18,1,jump,0.5008432094974219,0.005093017393686258,0.003007550179653242,0.0015767845273757593,0.5242753846778896,14.996235932426622,31.7,
0.0008,0.8,2.75,18,1,kmeans,0.5022234657296558,0.005093017393686258,0.003007550179653242,0.0015767845273757593,0.5242753846778896,14.996235932426622,0.4,
0.002,1.6,2.75,18,1,vae,0.7952361872549305,0.005045293073699698,0.004714813322297303,0.003976584215184953,0.8434234705282783,2.525533901689453,884.9,
0.002,1.6,2.75,18,1,jump,0.797195021622692,0.005045293073699698,0.004714813322297303,0.003976584215184953,0.8434234705282783,2.525533901689453,31.6,
0.002,1.6,2.75,18,1,kmeans,0.8113381494350224,0.005045293073699698,0.004714813322297303,0.003976584215184953,0.8434234705282783,2.525533901689453,0.2,
0.0014,0.8,4.0,18,4,vae,0.784767551268725,0.0040237182002796695,0.003167296402159916,0.0028025880999654725,0.8848518560038355,9.584037619620956,831.9,
0.0014,0.8,4.0,18,4,jump,0.7872722981486878,0.0040237182002796695,0.003167296402159916,0.0028025880999654725,0.8848518560038355,9.584037619620956,31.7,
0.0014,0.8,4.0,18,4,kmeans,0.7946790558422634,0.0040237182002796695,0.003167296402159916,0.0028025880999654725,0.8848518560038355,9.584037619620956,0.4,
0.0005,0.8,2.0,18,5,vae,0.5005212405838086,0.006757127086902275,0.0031598872533928762,0.0009975605868190736,0.3156949937843382,13.758825882974016,862.2,
0.0005,0.8,2.0,18,5,jump,0.5002483127222567,0.006757127086902275,0.0031598872533928762,0.0009975605868190736,0.3156949937843382,13.758825882974016,30.8,
0.0005,0.8,2.0,18,5,kmeans,0.504460143166453,0.006757127086902275,0.0031598872533928762,0.0009975605868190736,0.3156949937843382,13.758825882974016,0.4,
0.0014,0.8,2.0,18,4,vae,0.5431463782449554,0.0067820267105605766,0.003618697827228157,0.002821129999321922,0.779598113469133,12.594396599327357,852.9,
0.0014,0.8,2.0,18,4,jump,0.504107475501953,0.0067820267105605766,0.003618697827228157,0.002821129999321922,0.779598113469133,12.594396599327357,30.2,
0.0014,0.8,2.0,18,4,kmeans,0.5036045809868092,0.0067820267105605766,0.003618697827228157,0.002821129999321922,0.779598113469133,12.594396599327357,0.4,
0.0005,1.1,2.0,18,2,vae,0.5056930707599331,0.006166488884305115,0.0038129607155001663,0.000999155399820846,0.2620418814595055,12.374910183111306,845.0,
0.0005,1.1,2.0,18,2,jump,0.5064277069880474,0.006166488884305115,0.0038129607155001663,0.000999155399820846,0.2620418814595055,12.374910183111306,30.7,
0.0005,1.1,2.0,18,2,kmeans,0.505485611177151,0.006166488884305115,0.0038129607155001663,0.000999155399820846,0.2620418814595055,12.374910183111306,0.5,
0.0016,1.1,4.0,18,2,vae,0.7690134225065031,0.004603652648061908,0.003973585856626159,0.0031980945702525026,0.804838421930538,3.8501379066363555,806.6,
0.0016,1.1,4.0,18,2,jump,0.7799658344452829,0.004603652648061908,0.003973585856626159,0.0031980945702525026,0.804838421930538,3.8501379066363555,28.3,
0.0016,1.1,4.0,18,2,kmeans,0.7909301066460559,0.004603652648061908,0.003973585856626159,0.0031980945702525026,0.804838421930538,3.8501379066363555,0.3,
0.0011,1.6,2.0,18,5,vae,0.6268371699329955,0.005090699017436733,0.004370601286634098,0.002200170297227122,0.5034021986758541,6.649803897025274,838.5,
0.0011,1.6,2.0,18,5,jump,0.5007656308936248,0.005090699017436733,0.004370601286634098,0.002200170297227122,0.5034021986758541,6.649803897025274,31.1,
0.0011,1.6,2.0,18,5,kmeans,0.6943286799112927,0.005090699017436733,0.004370601286634098,0.002200170297227122,0.5034021986758541,6.649803897025274,0.4,
0.0014,1.1,6.0,18,2,vae,0.7450719486393454,0.004110390761378466,0.0037627864835343837,0.0027801157623563817,0.7388449423112151,1.8298979472492887,825.8,
0.0014,1.1,6.0,18,2,jump,0.7694923930869633,0.004110390761378466,0.0037627864835343837,0.0027801157623563817,0.7388449423112151,1.8298979472492887,31.0,
0.0014,1.1,6.0,18,2,kmeans,0.7820392552471485,0.004110390761378466,0.0037627864835343837,0.0027801157623563817,0.7388449423112151,1.8298979472492887,0.3,
0.0005,1.1,2.75,18,0,vae,0.5451442487279285,0.0051091016945468215,0.0037065333739510057,0.0009865190203220838,0.2661567887814529,9.751362186079097,866.5,
0.0005,1.1,2.75,18,0,jump,0.5010612187429844,0.0051091016945468215,0.0037065333739510057,0.0009865190203220838,0.2661567887814529,9.751362186079097,30.4,
0.0005,1.1,2.75,18,0,kmeans,0.5119693007171827,0.0051091016945468215,0.0037065333739510057,0.0009865190203220838,0.2661567887814529,9.751362186079097,0.5,
0.002,1.1,4.0,18,3,vae,0.8178077163774689,0.004757911765383164,0.004250701477318848,0.003999418822391829,0.94088442666044,3.9160172970383034,879.8,
0.002,1.1,4.0,18,3,jump,0.8159043167239077,0.004757911765383164,0.004250701477318848,0.003999418822391829,0.94088442666044,3.9160172970383034,28.9,
0.002,1.1,4.0,18,3,kmeans,0.8257482721611948,0.004757911765383164,0.004250701477318848,0.003999418822391829,0.94088442666044,3.9160172970383034,0.2,
0.0008,1.1,6.0,18,1,vae,0.6446584810687099,0.003918619897300081,0.0035247678739371686,0.0015416028762303686,0.4373629502326339,1.6695653075914842,866.2,
0.0008,1.1,6.0,18,1,jump,0.6731339441901016,0.003918619897300081,0.0035247678739371686,0.0015416028762303686,0.4373629502326339,1.6695653075914842,30.9,
0.0008,1.1,6.0,18,1,kmeans,0.6746825471697311,0.003918619897300081,0.0035247678739371686,0.0015416028762303686,0.4373629502326339,1.6695653075914842,1.1,
0.0016,1.6,2.0,18,4,vae,0.7536481565063764,0.005212297395349014,0.00454993378203258,0.0032034169159145184,0.7040579202635042,5.334907934817581,872.4,
0.0016,1.6,2.0,18,4,jump,0.7616591680751916,0.005212297395349014,0.00454993378203258,0.0032034169159145184,0.7040579202635042,5.334907934817581,29.6,
0.0016,1.6,2.0,18,4,kmeans,0.756549465629051,0.005212297395349014,0.00454993378203258,0.0032034169159145184,0.7040579202635042,5.334907934817581,0.5,
0.001,0.8,4.0,18,0,vae,0.7156260750905974,0.003924081436216684,0.002901662148209663,0.0019982983427426397,0.6886736775939258,10.54397775669867,878.6,
0.001,0.8,4.0,18,0,jump,0.5013538069515465,0.003924081436216684,0.002901662148209663,0.0019982983427426397,0.6886736775939258,10.54397775669867,31.6,
0.001,0.8,4.0,18,0,kmeans,0.7237881526515528,0.003924081436216684,0.002901662148209663,0.0019982983427426397,0.6886736775939258,10.54397775669867,0.4,
0.001,1.1,2.0,18,0,vae,0.5280542091810512,0.006248303495640726,0.0040053081225236145,0.0019777914243438418,0.49379257820936373,11.199591250506115,818.7,
0.001,1.1,2.0,18,0,jump,0.5029727960393279,0.006248303495640726,0.0040053081225236145,0.0019777914243438418,0.49379257820936373,11.199591250506115,30.0,
0.001,1.1,2.0,18,0,kmeans,0.5117345558779203,0.006248303495640726,0.0040053081225236145,0.0019777914243438418,0.49379257820936373,11.199591250506115,0.4,
0.0005,1.6,2.0,18,1,vae,0.5467911009864274,0.005005252996070196,0.004205251889422608,0.0009716735492686019,0.23106191372569962,6.306038063210396,832.2,
0.0005,1.6,2.0,18,1,jump,0.5007451889884339,0.005005252996070196,0.004205251889422608,0.0009716735492686019,0.23106191372569962,6.306038063210396,29.1,
0.0005,1.6,2.0,18,1,kmeans,0.501499667763802,0.005005252996070196,0.004205251889422608,0.0009716735492686019,0.23106191372569962,6.306038063210396,0.5,
0.0008,0.8,6.0,18,1,vae,0.7156488216813242,0.0031694867205318933,0.002654323916371922,0.001609695771752118,0.6064428541759666,4.09750995572645,843.5,
0.0008,0.8,6.0,18,1,jump,0.7203813753188881,0.0031694867205318933,0.002654323916371922,0.001609695771752118,0.6064428541759666,4.09750995572645,30.7,
0.0008,0.8,6.0,18,1,kmeans,0.7275321200261282,0.0031694867205318933,0.002654323916371922,0.001609695771752118,0.6064428541759666,4.09750995572645,0.6,
0.0011,1.6,4.0,18,3,vae,0.7153699191552858,0.004478759660477317,0.004249375196225208,0.0021709495300172854,0.5108867609397675,1.034906665476707,796.2,
0.0011,1.6,4.0,18,3,jump,0.7372396675265487,0.004478759660477317,0.004249375196225208,0.0021709495300172854,0.5108867609397675,1.034906665476707,31.5,
0.0011,1.6,4.0,18,3,kmeans,0.717240992619895,0.004478759660477317,0.004249375196225208,0.0021709495300172854,0.5108867609397675,1.034906665476707,0.5,
0.0016,1.1,4.0,18,5,vae,0.7628662332480969,0.004573708029108561,0.004007039281456809,0.0032148025388585833,0.802288750633311,3.8950536027191704,835.9,
0.0016,1.1,4.0,18,5,jump,0.7826448779057071,0.004573708029108561,0.004007039281456809,0.0032148025388585833,0.802288750633311,3.8950536027191704,32.5,
0.0016,1.1,4.0,18,5,kmeans,0.7884913937468101,0.004573708029108561,0.004007039281456809,0.0032148025388585833,0.802288750633311,3.8950536027191704,0.4,
0.0014,1.1,6.0,18,1,vae,0.7479347532990275,0.004079215132602798,0.0037724306480648056,0.0027416028762303687,0.7267470583287636,1.3771291446358553,846.4,
0.0014,1.1,6.0,18,1,jump,0.7727723968883926,0.004079215132602798,0.0037724306480648056,0.0027416028762303687,0.7267470583287636,1.3771291446358553,31.6,
0.0014,1.1,6.0,18,1,kmeans,0.7764610376080691,0.004079215132602798,0.0037724306480648056,0.0027416028762303687,0.7267470583287636,1.3771291446358553,0.2,
0.001,0.8,2.75,18,3,vae,0.6968610128896573,0.005099542076317231,0.003099315281865597,0.0020184006815640956,0.6512408380567022,15.01253211882991,822.0,
0.001,0.8,2.75,18,3,jump,0.5044159496855487,0.005099542076317231,0.003099315281865597,0.0020184006815640956,0.6512408380567022,15.01253211882991,30.2,
0.001,0.8,2.75,18,3,kmeans,0.5020282179990057,0.005099542076317231,0.003099315281865597,0.0020184006815640956,0.6512408380567022,15.01253211882991,0.6,
0.0012,1.6,4.0,18,4,vae,0.7311011520787034,0.004538746588286556,0.004300887541551024,0.002429885153147189,0.5649729572494012,0.8862854807802134,843.7,
0.0012,1.6,4.0,18,4,jump,0.7372554963088582,0.004538746588286556,0.004300887541551024,0.002429885153147189,0.5649729572494012,0.8862854807802134,31.5,
0.0012,1.6,4.0,18,4,kmeans,0.7314876384205646,0.004538746588286556,0.004300887541551024,0.002429885153147189,0.5649729572494012,0.8862854807802134,0.5,
0.0011,0.8,6.0,18,4,vae,0.7758313278588472,0.003231566216220558,0.0028083912112315344,0.00218800586438115,0.779095823840606,3.0835843677663366,815.7,
0.0011,0.8,6.0,18,4,jump,0.7822139857986431,0.003231566216220558,0.0028083912112315344,0.00218800586438115,0.779095823840606,3.0835843677663366,30.3,
0.0011,0.8,6.0,18,4,kmeans,0.7843463846166869,0.003231566216220558,0.0028083912112315344,0.00218800586438115,0.779095823840606,3.0835843677663366,0.2,
0.0008,1.1,4.0,18,0,vae,0.6653409393929242,0.004402726587677905,0.003645859845610746,0.001591509451803396,0.43652513239624824,5.2129638171743515,856.8,
0.0008,1.1,4.0,18,0,jump,0.5020252032023458,0.004402726587677905,0.003645859845610746,0.001591509451803396,0.43652513239624824,5.2129638171743515,31.0,
0.0008,1.1,4.0,18,0,kmeans,0.670585003047081,0.004402726587677905,0.003645859845610746,0.001591509451803396,0.43652513239624824,5.2129638171743515,0.5,
0.0005,1.6,2.75,18,1,vae,0.5561438253517655,0.00466296724250771,0.004195068706382468,0.0009765842151849536,0.23279337802004466,3.4443887248439475,857.3,
0.0005,1.6,2.75,18,1,jump,0.5001838497359304,0.00466296724250771,0.004195068706382468,0.0009765842151849536,0.23279337802004466,3.4443887248439475,30.9,
0.0005,1.6,2.75,18,1,kmeans,0.5962286206459326,0.00466296724250771,0.004195068706382468,0.0009765842151849536,0.23279337802004466,3.4443887248439475,0.6,
0.0008,1.6,2.0,18,5,vae,0.5789199389192329,0.005034804198953257,0.004279452218339209,0.001600170297227122,0.37391942136185924,6.971096338630197,869.5,
0.0008,1.6,2.0,18,5,jump,0.5009268900744714,0.005034804198953257,0.004279452218339209,0.001600170297227122,0.37391942136185924,6.971096338630197,32.0,
0.0008,1.6,2.0,18,5,kmeans,0.6464323817720851,0.005034804198953257,0.004279452218339209,0.001600170297227122,0.37391942136185924,6.971096338630197,0.5,
0.0016,1.1,2.0,18,0,vae,0.5810808774853129,0.0063707967667683205,0.004302734279736043,0.0031777914243438423,0.7385516319959196,10.380049272883014,808.7,
0.0016,1.1,2.0,18,0,jump,0.5028848204963288,0.0063707967667683205,0.004302734279736043,0.0031777914243438423,0.7385516319959196,10.380049272883014,31.8,
0.0016,1.1,2.0,18,0,kmeans,0.5137305872945729,0.0063707967667683205,0.004302734279736043,0.0031777914243438423,0.7385516319959196,10.380049272883014,0.4,
0.001,1.6,2.0,18,5,vae,0.6057877837184983,0.005070164403388836,0.004337685871627845,0.0020001702972271217,0.4611146026755733,6.765344228794509,828.0,
0.001,1.6,2.0,18,5,jump,0.5007193224120563,0.005070164403388836,0.004337685871627845,0.0020001702972271217,0.4611146026755733,6.765344228794509,29.9,
0.001,1.6,2.0,18,5,kmeans,0.6786694488578255,0.005070164403388836,0.004337685871627845,0.0020001702972271217,0.4611146026755733,6.765344228794509,0.3,
0.002,1.1,2.0,18,2,vae,0.6093131897283611,0.006459803796238313,0.004559626976683825,0.003999155399820846,0.8770795111685639,10.213758161655058,819.4,
0.002,1.1,2.0,18,2,jump,0.7589984362754574,0.006459803796238313,0.004559626976683825,0.003999155399820846,0.8770795111685639,10.213758161655058,29.4,
0.002,1.1,2.0,18,2,kmeans,0.7811707810625537,0.006459803796238313,0.004559626976683825,0.003999155399820846,0.8770795111685639,10.213758161655058,0.4,
0.002,1.6,2.75,18,0,vae,0.8117973342410068,0.005031839146603149,0.004688147711981308,0.003966391226585599,0.8460465561801421,2.4441985056222615,854.9,
0.002,1.6,2.75,18,0,jump,0.8115112886757379,0.005031839146603149,0.004688147711981308,0.003966391226585599,0.8460465561801421,2.4441985056222615,30.7,
0.002,1.6,2.75,18,0,kmeans,0.8170376413774929,0.005031839146603149,0.004688147711981308,0.003966391226585599,0.8460465561801421,2.4441985056222615,0.5,
0.0008,1.1,2.0,18,4,vae,0.6401414824577866,0.006143547785284594,0.003923961415610108,0.0016640822185570792,0.4240822073165934,10.760776318496355,824.8,
0.0008,1.1,2.0,18,4,jump,0.5009648150342767,0.006143547785284594,0.003923961415610108,0.0016640822185570792,0.4240822073165934,10.760776318496355,30.0,
0.0008,1.1,2.0,18,4,kmeans,0.5081245380544662,0.006143547785284594,0.003923961415610108,0.0016640822185570792,0.4240822073165934,10.760776318496355,0.4,
0.001,1.1,2.75,18,2,vae,0.5539231361620778,0.005201862015647433,0.0038392553086751846,0.00201929109725471,0.525959055833541,8.959411127638937,844.6,
0.001,1.1,2.75,18,2,jump,0.5002139947271436,0.005201862015647433,0.0038392553086751846,0.00201929109725471,0.525959055833541,8.959411127638937,30.9,
0.001,1.1,2.75,18,2,kmeans,0.6829035003383225,0.005201862015647433,0.0038392553086751846,0.00201929109725471,0.525959055833541,8.959411127638937,0.2,
0.0011,0.8,6.0,18,1,vae,0.7697519654902976,0.00325903547849519,0.0028072358961876314,0.0022096957717521177,0.7871428884024305,3.6613252129643366,818.1,
0.0011,0.8,6.0,18,1,jump,0.7652983005612962,0.00325903547849519,0.0028072358961876314,0.0022096957717521177,0.7871428884024305,3.6613252129643366,30.5,
0.0011,0.8,6.0,18,1,kmeans,0.781309891173823,0.00325903547849519,0.0028072358961876314,0.0022096957717521177,0.7871428884024305,3.6613252129643366,0.3,
0.0005,0.8,4.0,18,3,vae,0.6083652365846416,0.0037550765288818367,0.0026933652955101056,0.0009829130492895212,0.3649386330655025,10.103946791787742,825.7,
0.0005,0.8,4.0,18,3,jump,0.5000873948732907,0.0037550765288818367,0.0026933652955101056,0.0009829130492895212,0.3649386330655025,10.103946791787742,29.0,
0.0005,0.8,4.0,18,3,kmeans,0.5122482908478951,0.0037550765288818367,0.0026933652955101056,0.0009829130492895212,0.3649386330655025,10.103946791787742,0.5,
0.0014,1.6,2.75,18,5,vae,0.7520308890780185,0.00478863550942512,0.00441965233510865,0.002864023777214121,0.6480201518257462,2.60054571651,836.4,
0.0014,1.6,2.75,18,5,jump,0.7560450379401347,0.00478863550942512,0.00441965233510865,0.002864023777214121,0.6480201518257462,2.60054571651,29.4,
0.0014,1.6,2.75,18,5,kmeans,0.7528365045637668,0.00478863550942512,0.00441965233510865,0.002864023777214121,0.6480201518257462,2.60054571651,0.3,
0.0005,1.6,2.75,18,2,vae,0.5621054819100955,0.004644410413858039,0.004163789794988478,0.0010184790102284232,0.24460384898734822,3.4877203576667997,856.2,
0.0005,1.6,2.75,18,2,jump,0.5029363098630849,0.004644410413858039,0.004163789794988478,0.0010184790102284232,0.24460384898734822,3.4877203576667997,30.7,
0.0005,1.6,2.75,18,2,kmeans,0.5993226390370963,0.004644410413858039,0.004163789794988478,0.0010184790102284232,0.24460384898734822,3.4877203576667997,0.5,
0.0014,1.6,4.0,18,5,vae,0.7579428051428752,0.004581849600091304,0.0043644457844624835,0.002750189111471772,0.6301347862453698,1.0075649411885843,860.1,
0.0014,1.6,4.0,18,5,jump,0.7691768745449201,0.004581849600091304,0.0043644457844624835,0.002750189111471772,0.6301347862453698,1.0075649411885843,31.6,
0.0014,1.6,4.0,18,5,kmeans,0.7586053326237769,0.004581849600091304,0.0043644457844624835,0.002750189111471772,0.6301347862453698,1.0075649411885843,0.5,
0.0005,0.8,6.0,18,3,vae,0.657975551787416,0.003130273383272967,0.0025628199737588097,0.0010000513905810045,0.39021523197911545,4.502050289546894,856.1,
0.0005,0.8,6.0,18,3,jump,0.5030366588997023,0.003130273383272967,0.0025628199737588097,0.0010000513905810045,0.39021523197911545,4.502050289546894,32.4,
0.0005,0.8,6.0,18,3,kmeans,0.6601429186078236,0.003130273383272967,0.0025628199737588097,0.0010000513905810045,0.39021523197911545,4.502050289546894,0.6,
0.0016,1.6,2.0,18,5,vae,0.7386272853255667,0.005220956697700392,0.004551374709896689,0.003200170297227122,0.7031216942583403,5.9714383425617115,836.1,
0.0016,1.6,2.0,18,5,jump,0.7645760048260082,0.005220956697700392,0.004551374709896689,0.003200170297227122,0.7031216942583403,5.9714383425617115,31.7,
0.0016,1.6,2.0,18,5,kmeans,0.7595662436224775,0.005220956697700392,0.004551374709896689,0.003200170297227122,0.7031216942583403,5.9714383425617115,0.4,
0.0005,0.8,6.0,18,4,vae,0.6490671596914017,0.0030809708792553657,0.0025582691538485465,0.0009880058643811495,0.3862009057549075,3.827202168431988,839.5,
0.0005,0.8,6.0,18,4,jump,0.5057551304345878,0.0030809708792553657,0.0025582691538485465,0.0009880058643811495,0.3862009057549075,3.827202168431988,32.2,
0.0005,0.8,6.0,18,4,kmeans,0.65368516417955,0.0030809708792553657,0.0025582691538485465,0.0009880058643811495,0.3862009057549075,3.827202168431988,0.7,
0.0011,0.8,2.0,18,3,vae,0.5130036701640772,0.0067830227456271465,0.003447557900612595,0.002183503017161862,0.6333477435647641,13.353286774537036,820.8,
0.0011,0.8,2.0,18,3,jump,0.5091495232047358,0.0067830227456271465,0.003447557900612595,0.002183503017161862,0.6333477435647641,13.353286774537036,30.9,
0.0011,0.8,2.0,18,3,kmeans,0.5093296105206964,0.0067830227456271465,0.003447557900612595,0.002183503017161862,0.6333477435647641,13.353286774537036,0.5,
0.001,0.8,2.0,18,0,vae,0.5012705283061409,0.006738904709349673,0.0033631287182533274,0.0020112095478627594,0.5980174166236789,13.559201987153145,851.8,
0.001,0.8,2.0,18,0,jump,0.5049050116737663,0.006738904709349673,0.0033631287182533274,0.0020112095478627594,0.5980174166236789,13.559201987153145,31.8,
0.001,0.8,2.0,18,0,kmeans,0.5107672500767034,0.006738904709349673,0.0033631287182533274,0.0020112095478627594,0.5980174166236789,13.559201987153145,0.6,
0.001,0.8,4.0,18,4,vae,0.7280904088670489,0.0039043461166110706,0.002897119073607168,0.002002588099965472,0.6912343086651505,10.933180548330398,829.6,
0.001,0.8,4.0,18,4,jump,0.5035570431467484,0.0039043461166110706,0.002897119073607168,0.002002588099965472,0.6912343086651505,10.933180548330398,31.9,
0.001,0.8,4.0,18,4,kmeans,0.7359390353366546,0.0039043461166110706,0.002897119073607168,0.002002588099965472,0.6912343086651505,10.933180548330398,0.6,
0.0011,1.6,6.0,18,2,vae,0.7239905029502102,0.004345122804883366,0.004221142752153365,0.0022042292332305623,0.5221877966828061,0.506284292800681,849.5,
0.0011,1.6,6.0,18,2,jump,0.7364635184791233,0.004345122804883366,0.004221142752153365,0.0022042292332305623,0.5221877966828061,0.506284292800681,33.0,
0.0011,1.6,6.0,18,2,kmeans,0.7234854317931882,0.004345122804883366,0.004221142752153365,0.0022042292332305623,0.5221877966828061,0.506284292800681,0.7,
0.0012,0.8,2.0,18,4,vae,0.5242352231160657,0.006743407836156395,0.0034753823471592184,0.002421129999321922,0.6966514062261254,12.896735523397835,839.9,
0.0012,0.8,2.0,18,4,jump,0.5034240152402853,0.006743407836156395,0.0034753823471592184,0.002421129999321922,0.6966514062261254,12.896735523397835,31.4,
0.0012,0.8,2.0,18,4,kmeans,0.504988061208166,0.006743407836156395,0.0034753823471592184,0.002421129999321922,0.6966514062261254,12.896735523397835,0.3,
0.0012,0.8,2.75,18,1,vae,0.5552234110714911,0.0051697314835937955,0.003230436098478483,0.0023767845273757592,0.7357472659791077,14.130633441503946,834.6,
0.0012,0.8,2.75,18,1,jump,0.500883015008804,0.0051697314835937955,0.003230436098478483,0.0023767845273757592,0.7357472659791077,14.130633441503946,30.9,
0.0012,0.8,2.75,18,1,kmeans,0.5019426760415374,0.0051697314835937955,0.003230436098478483,0.0023767845273757592,0.7357472659791077,14.130633441503946,0.5,
0.0012,1.1,6.0,18,0,vae,0.7472984160330616,0.004048311584095921,0.0036887295328819907,0.0024370603026797263,0.6606774177817424,1.8316723614257562,850.9,
0.0012,1.1,6.0,18,0,jump,0.771805277049981,0.004048311584095921,0.0036887295328819907,0.0024370603026797263,0.6606774177817424,1.8316723614257562,32.3,
0.0012,1.1,6.0,18,0,kmeans,0.7529461627792244,0.004048311584095921,0.0036887295328819907,0.0024370603026797263,0.6606774177817424,1.8316723614257562,0.4,
0.0011,1.6,2.0,18,0,vae,0.6951275884970287,0.005079987820954063,0.00434492340718863,0.0021864965350591138,0.5032301677496958,5.648563167385559,875.0,
0.0011,1.6,2.0,18,0,jump,0.5017552441361834,0.005079987820954063,0.00434492340718863,0.0021864965350591138,0.5032301677496958,5.648563167385559,32.5,
0.0011,1.6,2.0,18,0,kmeans,0.6996180877036131,0.005079987820954063,0.00434492340718863,0.0021864965350591138,0.5032301677496958,5.648563167385559,0.3,
0.0011,1.6,4.0,18,1,vae,0.6996690224505786,0.004494276161878128,0.004255800425082326,0.002171589941421577,0.5102659252118404,1.2000382482748329,874.9,
0.0011,1.6,4.0,18,1,jump,0.7248694629855819,0.004494276161878128,0.004255800425082326,0.002171589941421577,0.5102659252118404,1.2000382482748329,32.0,
0.0011,1.6,4.0,18,1,kmeans,0.707065898987089,0.004494276161878128,0.004255800425082326,0.002171589941421577,0.5102659252118404,1.2000382482748329,0.6,
0.002,0.8,4.0,18,3,vae,0.8408475065512606,0.004221587738737352,0.0036732924659561472,0.0039829130492895215,1.0842896628033076,6.3839940012267515,875.3,
0.002,0.8,4.0,18,3,jump,0.8354834922330423,0.004221587738737352,0.0036732924659561472,0.0039829130492895215,1.0842896628033076,6.3839940012267515,33.1,
0.002,0.8,4.0,18,3,kmeans,0.8554560097649926,0.004221587738737352,0.0036732924659561472,0.0039829130492895215,1.0842896628033076,6.3839940012267515,0.3,
0.0014,0.8,2.75,18,4,vae,0.7416878320619688,0.005209898970901565,0.0033576869686742935,0.0027911530767094793,0.8312725702990421,13.918055274109932,826.2,
0.0014,0.8,2.75,18,4,jump,0.504432185665213,0.005209898970901565,0.0033576869686742935,0.0027911530767094793,0.8312725702990421,13.918055274109932,31.1,
0.0014,0.8,2.75,18,4,kmeans,0.756890415302818,0.005209898970901565,0.0033576869686742935,0.0027911530767094793,0.8312725702990421,13.918055274109932,0.3,
0.0016,0.8,2.75,18,3,vae,0.7736356615786901,0.005252783038963268,0.0035255377662155546,0.0032184006815640957,0.9128822026543907,13.3277440567016,857.2,
0.0016,0.8,2.75,18,3,jump,0.5044159496855487,0.005252783038963268,0.0035255377662155546,0.0032184006815640957,0.9128822026543907,13.3277440567016,31.2,
0.0016,0.8,2.75,18,3,kmeans,0.783874701528532,0.005252783038963268,0.0035255377662155546,0.0032184006815640957,0.9128822026543907,13.3277440567016,0.4,
0.0014,1.1,2.0,18,0,vae,0.5546651952855473,0.0063239086452661275,0.0041948391990498405,0.002777791424343842,0.6621925877332868,10.68646162759078,845.6,
0.0014,1.1,2.0,18,0,jump,0.5034850630003027,0.0063239086452661275,0.0041948391990498405,0.002777791424343842,0.6621925877332868,10.68646162759078,31.6,
0.0014,1.1,2.0,18,0,kmeans,0.5127140966221764,0.0063239086452661275,0.0041948391990498405,0.002777791424343842,0.6621925877332868,10.68646162759078,0.5,
0.001,1.6,4.0,18,2,vae,0.6849632658385424,0.004457087784169487,0.004239076056408285,0.0019639632712530252,0.46329984296556037,1.049081129455189,847.3,
0.001,1.6,4.0,18,2,jump,0.7003103848564015,0.004457087784169487,0.004239076056408285,0.0019639632712530252,0.46329984296556037,1.049081129455189,31.4,
0.001,1.6,4.0,18,2,kmeans,0.6936312473142532,0.004457087784169487,0.004239076056408285,0.0019639632712530252,0.46329984296556037,1.049081129455189,0.6,
0.0016,0.8,2.75,18,1,vae,0.5946328433578538,0.005275728689111672,0.00352648090898495,0.0031767845273757596,0.9008370126949459,13.02624523953046,861.4,
0.0016,0.8,2.75,18,1,jump,0.5007386156012331,0.005275728689111672,0.00352648090898495,0.0031767845273757596,0.9008370126949459,13.02624523953046,31.4,
0.0016,0.8,2.75,18,1,kmeans,0.7728133980158636,0.005275728689111672,0.00352648090898495,0.0031767845273757596,0.9008370126949459,13.02624523953046,0.4,
0.0008,1.6,2.0,18,1,vae,0.5945785653889593,0.0050437027184165465,0.004266515475044845,0.001571673549268602,0.3683740416415769,6.1144793151472925,861.4,
0.0008,1.6,2.0,18,1,jump,0.5010715221446459,0.0050437027184165465,0.004266515475044845,0.001571673549268602,0.3683740416415769,6.1144793151472925,31.7,
0.0008,1.6,2.0,18,1,kmeans,0.6550479346502459,0.0050437027184165465,0.004266515475044845,0.001571673549268602,0.3683740416415769,6.1144793151472925,0.5,
0.0008,1.6,2.0,18,3,vae,0.6632064058409217,0.005023654219933409,0.004284946205127227,0.0015992886467118186,0.3732342414936649,6.17965718179984,845.5,
0.0008,1.6,2.0,18,3,jump,0.5034196461271724,0.005023654219933409,0.004284946205127227,0.0015992886467118186,0.3732342414936649,6.17965718179984,33.3,
0.0008,1.6,2.0,18,3,kmeans,0.6624255601373465,0.005023654219933409,0.004284946205127227,0.0015992886467118186,0.3732342414936649,6.17965718179984,0.6,
0.0016,1.1,6.0,18,5,vae,0.7893512826128581,0.004176479504219711,0.003905668789489207,0.003220801965178659,0.8246480023719276,1.6098616518478686,871.5,
0.0016,1.1,6.0,18,5,jump,0.8013985321532155,0.004176479504219711,0.003905668789489207,0.003220801965178659,0.8246480023719276,1.6098616518478686,32.8,
0.0016,1.1,6.0,18,5,kmeans,0.8045492699830104,0.004176479504219711,0.003905668789489207,0.003220801965178659,0.8246480023719276,1.6098616518478686,0.3,
0.002,1.6,2.75,18,4,vae,0.7993959482431291,0.005018807194947586,0.004700406837355549,0.003937526634358376,0.8376991121418822,2.0929480219501144,856.4,
0.002,1.6,2.75,18,4,jump,0.8088125429776694,0.005018807194947586,0.004700406837355549,0.003937526634358376,0.8376991121418822,2.0929480219501144,33.3,
0.002,1.6,2.75,18,4,kmeans,0.8073517374715329,0.005018807194947586,0.004700406837355549,0.003937526634358376,0.8376991121418822,2.0929480219501144,0.3,
0.0005,1.1,2.0,18,3,vae,0.5757482020610329,0.006121073106641621,0.0038267504216692584,0.0010409551552415003,0.2720206547432554,11.712786039567964,875.2,
0.0005,1.1,2.0,18,3,jump,0.5055130172195239,0.006121073106641621,0.0038267504216692584,0.0010409551552415003,0.2720206547432554,11.712786039567964,31.8,
0.0005,1.1,2.0,18,3,kmeans,0.5107083004480122,0.006121073106641621,0.0038267504216692584,0.0010409551552415003,0.2720206547432554,11.712786039567964,0.5,
0.0008,1.1,2.75,18,4,vae,0.6356966493857463,0.005154609894360125,0.0037749522025932636,0.0016232176192330803,0.4299968667465472,9.445195062556326,874.8,
0.0008,1.1,2.75,18,4,jump,0.5014993981075077,0.005154609894360125,0.0037749522025932636,0.0016232176192330803,0.4299968667465472,9.445195062556326,30.7,
0.0008,1.1,2.75,18,4,kmeans,0.5135441219795962,0.005154609894360125,0.0037749522025932636,0.0016232176192330803,0.4299968667465472,9.445195062556326,0.6,
0.0016,1.6,4.0,18,1,vae,0.7689054142709196,0.004640751706582302,0.004437702118320284,0.003171589941421577,0.7146919412026818,1.0401857957343994,868.6,
0.0016,1.6,4.0,18,1,jump,0.7774132632804358,0.004640751706582302,0.004437702118320284,0.003171589941421577,0.7146919412026818,1.0401857957343994,32.0,
0.0016,1.6,4.0,18,1,kmeans,0.7762459917971132,0.004640751706582302,0.004437702118320284,0.003171589941421577,0.7146919412026818,1.0401857957343994,0.4,
0.0012,0.8,4.0,18,3,vae,0.7705026550135896,0.003908644210148589,0.003019178451181825,0.0023829130492895208,0.7892587628786086,8.690463918663502,826.0,
0.0012,0.8,4.0,18,3,jump,0.78089483377429,0.003908644210148589,0.003019178451181825,0.0023829130492895208,0.7892587628786086,8.690463918663502,30.5,
0.0012,0.8,4.0,18,3,kmeans,0.7775646454680305,0.003908644210148589,0.003019178451181825,0.0023829130492895208,0.7892587628786086,8.690463918663502,0.4,
0.0008,0.8,2.0,18,5,vae,0.5033604267968972,0.0067857539204079316,0.0032779684425455684,0.0015975605868190734,0.48736301609372956,13.537363612735813,846.1,
0.0008,0.8,2.0,18,5,jump,0.5043367872976595,0.0067857539204079316,0.0032779684425455684,0.0015975605868190734,0.48736301609372956,13.537363612735813,30.5,
0.0008,0.8,2.0,18,5,kmeans,0.5069939415538133,0.0067857539204079316,0.0032779684425455684,0.0015975605868190734,0.48736301609372956,13.537363612735813,0.2,
0.002,1.1,6.0,18,5,vae,0.8332966307597824,0.004346159980163682,0.004157756864980553,0.004020801965178658,0.9670603875480499,1.3233725403445344,857.3,
0.002,1.1,6.0,18,5,jump,0.8286094279425618,0.004346159980163682,0.004157756864980553,0.004020801965178658,0.9670603875480499,1.3233725403445344,31.1,
0.002,1.1,6.0,18,5,kmeans,0.8388596122158973,0.004346159980163682,0.004157756864980553,0.004020801965178658,0.9670603875480499,1.3233725403445344,0.4,
0.0014,1.6,2.0,18,2,vae,0.7256504796190948,0.0051150471310312095,0.004447458071654113,0.0028151139166587673,0.6329714347620058,5.498742402648759,857.5,
0.0014,1.6,2.0,18,2,jump,0.5000426609423803,0.0051150471310312095,0.004447458071654113,0.0028151139166587673,0.6329714347620058,5.498742402648759,30.8,
0.0014,1.6,2.0,18,2,kmeans,0.735722252104549,0.0051150471310312095,0.004447458071654113,0.0028151139166587673,0.6329714347620058,5.498742402648759,0.4,
0.0014,0.8,4.0,18,3,vae,0.7936332949972238,0.003974122282929862,0.0031555757686594636,0.002782913049289521,0.881903415829481,8.144577179617684,870.3,
0.0014,0.8,4.0,18,3,jump,0.8049006141935844,0.003974122282929862,0.0031555757686594636,0.002782913049289521,0.881903415829481,8.144577179617684,31.8,
0.0014,0.8,4.0,18,3,kmeans,0.8019069867789893,0.003974122282929862,0.0031555757686594636,0.002782913049289521,0.881903415829481,8.144577179617684,0.2,
0.0011,0.8,2.0,18,5,vae,0.5069443910782888,0.006827452032330465,0.003446727196772269,0.0021975605868190737,0.6375789151160576,13.21805436947152,863.7,
0.0011,0.8,2.0,18,5,jump,0.5052811681296465,0.006827452032330465,0.003446727196772269,0.0021975605868190737,0.6375789151160576,13.21805436947152,31.8,
0.0011,0.8,2.0,18,5,kmeans,0.508221136327687,0.006827452032330465,0.003446727196772269,0.0021975605868190737,0.6375789151160576,13.21805436947152,0.5,
0.0012,1.6,2.75,18,1,vae,0.7139855996396383,0.004787022836335062,0.00435871534596388,0.0023765842151849534,0.5452487778045986,3.1283463830714435,856.9,
0.0012,1.6,2.75,18,1,jump,0.7400193195551736,0.004787022836335062,0.00435871534596388,0.0023765842151849534,0.5452487778045986,3.1283463830714435,30.1,
0.0012,1.6,2.75,18,1,kmeans,0.7169566605976394,0.004787022836335062,0.00435871534596388,0.0023765842151849534,0.5452487778045986,3.1283463830714435,0.3,
0.0005,0.8,4.0,18,0,vae,0.5717514483026287,0.0038282694983931874,0.0027007402038177137,0.0009982983427426393,0.36963879062912613,11.650725205725035,872.1,
0.0005,0.8,4.0,18,0,jump,0.5009219724861042,0.0038282694983931874,0.0027007402038177137,0.0009982983427426393,0.36963879062912613,11.650725205725035,30.8,
0.0005,0.8,4.0,18,0,kmeans,0.5049104238603438,0.0038282694983931874,0.0027007402038177137,0.0009982983427426393,0.36963879062912613,11.650725205725035,0.4,
0.0016,1.1,6.0,18,2,vae,0.768216169895193,0.004182484451169363,0.003865803046095981,0.003180115762356382,0.8226274656097483,1.6953619938878397,877.0,
0.0016,1.1,6.0,18,2,jump,0.7874139389739119,0.004182484451169363,0.003865803046095981,0.003180115762356382,0.8226274656097483,1.6953619938878397,32.5,
0.0016,1.1,6.0,18,2,kmeans,0.8050989296353557,0.004182484451169363,0.003865803046095981,0.003180115762356382,0.8226274656097483,1.6953619938878397,0.5,
0.001,1.1,6.0,18,1,vae,0.6899175226002207,0.003962795342753613,0.0035942741965192763,0.0019416028762303684,0.5401933102684909,1.58389000229195,870.9,
0.001,1.1,6.0,18,1,jump,0.7172028974810429,0.003962795342753613,0.0035942741965192763,0.0019416028762303684,0.5401933102684909,1.58389000229195,31.1,
0.001,1.1,6.0,18,1,kmeans,0.712864827116765,0.003962795342753613,0.0035942741965192763,0.0019416028762303684,0.5401933102684909,1.58389000229195,0.6,
0.0012,1.1,2.0,18,2,vae,0.5375770200763734,0.006260502916166614,0.004058755662767067,0.0023991553998208457,0.5911061416752581,11.622223186909412,862.0,
0.0012,1.1,2.0,18,2,jump,0.5076154582254722,0.006260502916166614,0.004058755662767067,0.0023991553998208457,0.5911061416752581,11.622223186909412,30.5,
0.0012,1.1,2.0,18,2,kmeans,0.5066879877376491,0.006260502916166614,0.004058755662767067,0.0023991553998208457,0.5911061416752581,11.622223186909412,0.5,
0.0014,1.1,6.0,18,3,vae,0.7785213324206159,0.004085763440994079,0.003776221061600206,0.0027879280085053347,0.7382851700223096,1.7240499028693472,836.9,
0.0014,1.1,6.0,18,3,jump,0.7911865489886569,0.004085763440994079,0.003776221061600206,0.0027879280085053347,0.7382851700223096,1.7240499028693472,31.5,
0.0014,1.1,6.0,18,3,kmeans,0.7852904644271921,0.004085763440994079,0.003776221061600206,0.0027879280085053347,0.7382851700223096,1.7240499028693472,0.3,
0.002,1.6,2.0,18,2,vae,0.7842485390502276,0.005311283228930435,0.004737684570103412,0.004015113916658767,0.8474844319513501,4.700020218099499,814.4,
0.002,1.6,2.0,18,2,jump,0.7865298444442638,0.005311283228930435,0.004737684570103412,0.004015113916658767,0.8474844319513501,4.700020218099499,29.6,
0.002,1.6,2.0,18,2,kmeans,0.8012786902462675,0.005311283228930435,0.004737684570103412,0.004015113916658767,0.8474844319513501,4.700020218099499,0.4,
0.0005,1.1,2.75,18,3,vae,0.5541135596185254,0.005097216952984555,0.0036957572284166238,0.0009761006480519404,0.2641138439902699,9.455363158283731,824.9,
0.0005,1.1,2.75,18,3,jump,0.503358078156393,0.005097216952984555,0.0036957572284166238,0.0009761006480519404,0.2641138439902699,9.455363158283731,31.8,
0.0005,1.1,2.75,18,3,kmeans,0.5039463887581132,0.005097216952984555,0.0036957572284166238,0.0009761006480519404,0.2641138439902699,9.455363158283731,0.4,
0.0011,1.1,6.0,18,3,vae,0.7365734255733962,0.003993620520245323,0.0036381215192315096,0.002187928008505335,0.6013894799664352,1.9133213262340467,844.2,
0.0011,1.1,6.0,18,3,jump,0.7571640462758809,0.003993620520245323,0.0036381215192315096,0.002187928008505335,0.6013894799664352,1.9133213262340467,31.9,
0.0011,1.1,6.0,18,3,kmeans,0.740510671267534,0.003993620520245323,0.0036381215192315096,0.002187928008505335,0.6013894799664352,1.9133213262340467,0.5,
0.0011,1.6,2.75,18,4,vae,0.6961996023351116,0.00473762383631342,0.004314589822073326,0.0021375266343583756,0.4954182720737083,2.6970387213166296,851.7,
0.0011,1.6,2.75,18,4,jump,0.719541292162342,0.00473762383631342,0.004314589822073326,0.0021375266343583756,0.4954182720737083,2.6970387213166296,31.8,
0.0011,1.6,2.75,18,4,kmeans,0.6978153785983223,0.00473762383631342,0.004314589822073326,0.0021375266343583756,0.4954182720737083,2.6970387213166296,0.4,
0.0014,1.1,2.0,18,1,vae,0.5742081036937523,0.006299658262327835,0.004174359533050978,0.002797090455332536,0.6700645771372221,10.761451468891083,859.8,
0.0014,1.1,2.0,18,1,jump,0.5006066475994415,0.006299658262327835,0.004174359533050978,0.002797090455332536,0.6700645771372221,10.761451468891083,30.8,
0.0014,1.1,2.0,18,1,kmeans,0.5135509276575126,0.006299658262327835,0.004174359533050978,0.002797090455332536,0.6700645771372221,10.761451468891083,0.4,
0.0011,0.8,6.0,18,3,vae,0.7799336503970333,0.003281218769609954,0.002824405390657661,0.0022000513905810048,0.7789432061906397,3.7542641258000886,848.0,
0.0011,0.8,6.0,18,3,jump,0.7957593728222634,0.003281218769609954,0.002824405390657661,0.0022000513905810048,0.7789432061906397,3.7542641258000886,31.4,
0.0011,0.8,6.0,18,3,kmeans,0.7888876942931138,0.003281218769609954,0.002824405390657661,0.0022000513905810048,0.7789432061906397,3.7542641258000886,0.5,
0.001,0.8,2.0,18,5,vae,0.5055055461310924,0.006812113566140644,0.0033854711302992906,0.001997560586819073,0.5900391732604968,13.334788594284824,838.6,
0.001,0.8,2.0,18,5,jump,0.5042855157636152,0.006812113566140644,0.0033854711302992906,0.001997560586819073,0.5900391732604968,13.334788594284824,30.4,
0.001,0.8,2.0,18,5,kmeans,0.5080747663042677,0.006812113566140644,0.0033854711302992906,0.001997560586819073,0.5900391732604968,13.334788594284824,0.5,
0.0012,1.6,6.0,18,5,vae,0.7275091272136014,0.004393474566297482,0.004292559467672978,0.0023923140145847375,0.5573164524804184,0.42529622778084386,870.9,
0.0012,1.6,6.0,18,5,jump,0.7362056359143128,0.004393474566297482,0.004292559467672978,0.0023923140145847375,0.5573164524804184,0.42529622778084386,31.1,
0.0012,1.6,6.0,18,5,kmeans,0.7266343491901259,0.004393474566297482,0.004292559467672978,0.0023923140145847375,0.5573164524804184,0.42529622778084386,0.4,
0.0011,1.1,6.0,18,5,vae,0.7249644821551047,0.004010637369334513,0.003669061905507259,0.002220801965178659,0.6052778673058737,1.925950842322525,863.8,
0.0011,1.1,6.0,18,5,jump,0.7585613855945961,0.004010637369334513,0.003669061905507259,0.002220801965178659,0.6052778673058737,1.925950842322525,30.8,
0.0011,1.1,6.0,18,5,kmeans,0.7402684146857683,0.004010637369334513,0.003669061905507259,0.002220801965178659,0.6052778673058737,1.925950842322525,0.6,
0.0011,1.6,6.0,18,3,vae,0.7238521388901318,0.004373483473831611,0.004234755572039205,0.0022108093153214298,0.5220630276558881,0.4581297875435837,862.1,
0.0011,1.6,6.0,18,3,jump,0.7571316900440024,0.004373483473831611,0.004234755572039205,0.0022108093153214298,0.5220630276558881,0.4581297875435837,31.5,
0.0011,1.6,6.0,18,3,kmeans,0.72656255163628,0.004373483473831611,0.004234755572039205,0.0022108093153214298,0.5220630276558881,0.4581297875435837,0.7,
0.0011,0.8,6.0,18,2,vae,0.7673637310648191,0.0032742902570898572,0.0028221905608773064,0.002190571326181308,0.7761953981946375,3.2977169486368565,862.8,
0.0011,0.8,6.0,18,2,jump,0.7785748987195127,0.0032742902570898572,0.0028221905608773064,0.002190571326181308,0.7761953981946375,3.2977169486368565,31.6,
0.0011,0.8,6.0,18,2,kmeans,0.7856473799506231,0.0032742902570898572,0.0028221905608773064,0.002190571326181308,0.7761953981946375,3.2977169486368565,0.4,
0.0005,0.8,2.75,18,3,vae,0.5235458933142031,0.005023245656183101,0.0028819230928954216,0.0010184006815640956,0.35337538467791824,15.941542522376562,835.5,
0.0005,0.8,2.75,18,3,jump,0.5002742919192659,0.005023245656183101,0.0028819230928954216,0.0010184006815640956,0.35337538467791824,15.941542522376562,32.7,
0.0005,0.8,2.75,18,3,kmeans,0.501863722961917,0.005023245656183101,0.0028819230928954216,0.0010184006815640956,0.35337538467791824,15.941542522376562,0.5,
0.002,1.1,6.0,18,2,vae,0.8295313743480593,0.004350735011782681,0.004116519594939701,0.003980115762356382,0.9668642819650378,1.4058284101424716,810.9,
0.002,1.1,6.0,18,2,jump,0.8209655501290023,0.004350735011782681,0.004116519594939701,0.003980115762356382,0.9668642819650378,1.4058284101424716,32.9,
0.002,1.1,6.0,18,2,kmeans,0.839815206517912,0.004350735011782681,0.004116519594939701,0.003980115762356382,0.9668642819650378,1.4058284101424716,0.3,
0.001,1.6,2.75,18,1,vae,0.6832642742478772,0.0047413786589426445,0.00429351517546756,0.001976584215184954,0.4603650236241929,3.2443518977331705,832.5,
0.001,1.6,2.75,18,1,jump,0.6989133080384992,0.0047413786589426445,0.00429351517546756,0.001976584215184954,0.4603650236241929,3.2443518977331705,30.0,
0.001,1.6,2.75,18,1,kmeans,0.6869435851599971,0.0047413786589426445,0.00429351517546756,0.001976584215184954,0.4603650236241929,3.2443518977331705,0.4,
0.001,1.6,6.0,18,1,vae,0.6688858952129443,0.004321434658299978,0.004202631901831469,0.0019694834875571324,0.46863097543680887,0.42207951266722166,830.2,
0.001,1.6,6.0,18,1,jump,0.6957812291095479,0.004321434658299978,0.004202631901831469,0.0019694834875571324,0.46863097543680887,0.42207951266722166,28.5,
0.001,1.6,6.0,18,1,kmeans,0.6921037091202726,0.004321434658299978,0.004202631901831469,0.0019694834875571324,0.46863097543680887,0.42207951266722166,0.5,
0.0012,1.1,2.75,18,0,vae,0.699328795826802,0.0052232842043096195,0.003920815368931581,0.0023865190203220836,0.6086792658569914,8.870016387551502,846.7,
0.0012,1.1,2.75,18,0,jump,0.5015767520235851,0.0052232842043096195,0.003920815368931581,0.0023865190203220836,0.6086792658569914,8.870016387551502,30.3,
0.0012,1.1,2.75,18,0,kmeans,0.7072802282850295,0.0052232842043096195,0.003920815368931581,0.0023865190203220836,0.6086792658569914,8.870016387551502,0.5,
0.0016,1.1,2.75,18,0,vae,0.7506555423456631,0.005328859405283282,0.004122311411523274,0.003186519020322084,0.7729932802783096,8.149897563200422,857.6,
0.0016,1.1,2.75,18,0,jump,0.7644078184027129,0.005328859405283282,0.004122311411523274,0.003186519020322084,0.7729932802783096,8.149897563200422,30.7,
0.0016,1.1,2.75,18,0,kmeans,0.7594249152600142,0.005328859405283282,0.004122311411523274,0.003186519020322084,0.7729932802783096,8.149897563200422,0.4,
0.001,1.6,2.75,18,4,vae,0.6789346112657417,0.004715956717847404,0.004283312085162967,0.0019375266343583757,0.45234309240968107,2.7493900679921417,829.9,
0.001,1.6,2.75,18,4,jump,0.7059652715016022,0.004715956717847404,0.004283312085162967,0.0019375266343583757,0.45234309240968107,2.7493900679921417,28.8,
0.001,1.6,2.75,18,4,kmeans,0.6822675531698383,0.004715956717847404,0.004283312085162967,0.0019375266343583757,0.45234309240968107,2.7493900679921417,0.5,
0.0016,0.8,2.75,18,2,vae,0.6536030530914428,0.005234702123720818,0.003525117101739029,0.0032103596058597186,0.9107100596107764,12.823116733389874,857.3,
0.0016,0.8,2.75,18,2,jump,0.7595798991199716,0.005234702123720818,0.003525117101739029,0.0032103596058597186,0.9107100596107764,12.823116733389874,31.4,
0.0016,0.8,2.75,18,2,kmeans,0.7827618312088513,0.005234702123720818,0.003525117101739029,0.0032103596058597186,0.9107100596107764,12.823116733389874,0.4,
0.0014,0.8,2.75,18,5,vae,0.645087194428061,0.005195581109158838,0.0033745742576616897,0.0028045093878775757,0.831070580684414,13.995070895835713,866.8,
0.0014,0.8,2.75,18,5,jump,0.501373404698826,0.005195581109158838,0.0033745742576616897,0.0028045093878775757,0.831070580684414,13.995070895835713,30.6,
0.0014,0.8,2.75,18,5,kmeans,0.7489514350906381,0.005195581109158838,0.0033745742576616897,0.0028045093878775757,0.831070580684414,13.995070895835713,0.4,
0.0008,0.8,4.0,18,1,vae,0.5531707383497642,0.0038841471329670247,0.0027875070486139608,0.0015669091695387758,0.5621184600476236,11.650760666862897,857.1,
0.0008,0.8,4.0,18,1,jump,0.5005053954252087,0.0038841471329670247,0.0027875070486139608,0.0015669091695387758,0.5621184600476236,11.650760666862897,31.2,
0.0008,0.8,4.0,18,1,kmeans,0.702837315040067,0.0038841471329670247,0.0027875070486139608,0.0015669091695387758,0.5621184600476236,11.650760666862897,0.7,
0.0005,0.8,2.0,18,2,vae,0.5010600684169113,0.006749535904403026,0.003138975983982705,0.001010543853457398,0.32193424180812913,13.894408720019939,801.9,
0.0005,0.8,2.0,18,2,jump,0.5053613284317451,0.006749535904403026,0.003138975983982705,0.001010543853457398,0.32193424180812913,13.894408720019939,28.8,
0.0005,0.8,2.0,18,2,kmeans,0.5047301794896649,0.006749535904403026,0.003138975983982705,0.001010543853457398,0.32193424180812913,13.894408720019939,0.3,
0.0014,1.1,2.75,18,2,vae,0.6040938594333549,0.005293329051333073,0.004023069576002065,0.0028192910972547093,0.7007810936385511,8.31792501516024,832.0,
0.0014,1.1,2.75,18,2,jump,0.5000301356656969,0.005293329051333073,0.004023069576002065,0.0028192910972547093,0.7007810936385511,8.31792501516024,29.8,
0.0014,1.1,2.75,18,2,kmeans,0.7433305751724055,0.005293329051333073,0.004023069576002065,0.0028192910972547093,0.7007810936385511,8.31792501516024,0.5,
0.0012,1.1,6.0,18,4,vae,0.7442371050181829,0.004020055704447801,0.0036787998412478795,0.002396545625732103,0.6514476810782874,1.5301352089221547,870.0,
0.0012,1.1,6.0,18,4,jump,0.748176802262477,0.004020055704447801,0.0036787998412478795,0.002396545625732103,0.6514476810782874,1.5301352089221547,31.2,
0.0012,1.1,6.0,18,4,kmeans,0.7494469461095196,0.004020055704447801,0.0036787998412478795,0.002396545625732103,0.6514476810782874,1.5301352089221547,0.7,
0.0005,1.1,4.0,18,2,vae,0.568385300631291,0.004344013015289468,0.0035688991576755162,0.0009980945702525025,0.2796645481298996,4.864580033821556,864.5,
0.0005,1.1,4.0,18,2,jump,0.5010705786490823,0.004344013015289468,0.0035688991576755162,0.0009980945702525025,0.2796645481298996,4.864580033821556,30.3,
0.0005,1.1,4.0,18,2,kmeans,0.5009760165602059,0.004344013015289468,0.0035688991576755162,0.0009980945702525025,0.2796645481298996,4.864580033821556,0.7,
0.0016,0.8,6.0,18,0,vae,0.8310807499337808,0.003465778546197874,0.0031695478076427517,0.0032118565432238677,1.013348508414701,2.7726674656015273,809.7,
0.0016,0.8,6.0,18,0,jump,0.8301756092478922,0.003465778546197874,0.0031695478076427517,0.0032118565432238677,1.013348508414701,2.7726674656015273,30.4,
0.0016,0.8,6.0,18,0,kmeans,0.8391000698192077,0.003465778546197874,0.0031695478076427517,0.0032118565432238677,1.013348508414701,2.7726674656015273,0.3,
0.002,1.6,2.0,18,5,vae,0.7865711327094616,0.005356569526579932,0.004751892709880228,0.004000170297227122,0.8418056849031734,5.348104929886352,819.2,
0.002,1.6,2.0,18,5,jump,0.8042696580104627,0.005356569526579932,0.004751892709880228,0.004000170297227122,0.8418056849031734,5.348104929886352,30.2,
0.002,1.6,2.0,18,5,kmeans,0.800240820114003,0.005356569526579932,0.004751892709880228,0.004000170297227122,0.8418056849031734,5.348104929886352,0.4,
0.0011,1.6,6.0,18,4,vae,0.7325511812738011,0.004377388120702922,0.004244736027807807,0.0022232304037711017,0.5237617579058946,0.4542193423645191,841.8,
0.0011,1.6,6.0,18,4,jump,0.7316526150374705,0.004377388120702922,0.004244736027807807,0.0022232304037711017,0.5237617579058946,0.4542193423645191,30.1,
0.0011,1.6,6.0,18,4,kmeans,0.7282826414461365,0.004377388120702922,0.004244736027807807,0.0022232304037711017,0.5237617579058946,0.4542193423645191,0.5,
0.0005,1.6,2.0,18,5,vae,0.5333173314915606,0.004996323182413437,0.004223731232094894,0.0010001702972271217,0.2367978079729887,7.207831989106063,840.0,
0.0005,1.6,2.0,18,5,jump,0.5002358650664505,0.004996323182413437,0.004223731232094894,0.0010001702972271217,0.2367978079729887,7.207831989106063,30.6,
0.0005,1.6,2.0,18,5,kmeans,0.5887068382537997,0.004996323182413437,0.004223731232094894,0.0010001702972271217,0.2367978079729887,7.207831989106063,0.6,
0.0016,1.6,6.0,18,0,vae,0.7773138075513888,0.0045323713169945915,0.0044215192047739596,0.0031695291264527367,0.7168416509489688,0.3971549622428179,823.6,
0.0016,1.6,6.0,18,0,jump,0.8004397106474987,0.0045323713169945915,0.0044215192047739596,0.0031695291264527367,0.7168416509489688,0.3971549622428179,30.2,
0.0016,1.6,6.0,18,0,kmeans,0.7854017401570408,0.0045323713169945915,0.0044215192047739596,0.0031695291264527367,0.7168416509489688,0.3971549622428179,0.4,
0.0008,1.6,4.0,18,5,vae,0.6333211578449209,0.004439847508822834,0.004200351102354748,0.001550189111471772,0.3690617935730955,1.1558098208255876,848.1,
0.0008,1.6,4.0,18,5,jump,0.6841986095127948,0.004439847508822834,0.004200351102354748,0.001550189111471772,0.3690617935730955,1.1558098208255876,30.8,
0.0008,1.6,4.0,18,5,kmeans,0.662326357202734,0.004439847508822834,0.004200351102354748,0.001550189111471772,0.3690617935730955,1.1558098208255876,0.9,
0.0011,1.1,4.0,18,2,vae,0.6810350640645653,0.00445394692368274,0.0037296190999745542,0.0021980945702525026,0.5893616777829938,4.4087877638591495,860.9,
0.0011,1.1,4.0,18,2,jump,0.7291613671746009,0.00445394692368274,0.0037296190999745542,0.0021980945702525026,0.5893616777829938,4.4087877638591495,31.1,
0.0011,1.1,4.0,18,2,kmeans,0.7232342512446099,0.00445394692368274,0.0037296190999745542,0.0021980945702525026,0.5893616777829938,4.4087877638591495,0.4,
0.002,0.8,2.0,18,2,vae,0.6113626400007176,0.0070253863940151024,0.004148153158352297,0.004010543853457399,0.9668263683519441,11.886711732553886,865.7,
0.002,0.8,2.0,18,2,jump,0.7362890046241122,0.0070253863940151024,0.004148153158352297,0.004010543853457399,0.9668263683519441,11.886711732553886,31.1,
0.002,0.8,2.0,18,2,kmeans,0.5081260245038813,0.0070253863940151024,0.004148153158352297,0.004010543853457399,0.9668263683519441,11.886711732553886,0.3,
0.002,0.8,6.0,18,0,vae,0.8625540204498019,0.003667315271593806,0.0035323379073431854,0.004011856543223868,1.1357510658546675,2.0797486864048107,806.8,
0.002,0.8,6.0,18,0,jump,0.8447981068831618,0.003667315271593806,0.0035323379073431854,0.004011856543223868,1.1357510658546675,2.0797486864048107,29.7,
0.002,0.8,6.0,18,0,kmeans,0.8663098078254596,0.003667315271593806,0.0035323379073431854,0.004011856543223868,1.1357510658546675,2.0797486864048107,0.3,
0.001,0.8,6.0,18,1,vae,0.7570331065894945,0.0032263648684935954,0.0027517911448090146,0.0020096957717521177,0.7303227846863352,3.815416948816395,829.4,
0.001,0.8,6.0,18,1,jump,0.7516380965947943,0.0032263648684935954,0.0027517911448090146,0.0020096957717521177,0.7303227846863352,3.815416948816395,29.7,
0.001,0.8,6.0,18,1,kmeans,0.7641977284474917,0.0032263648684935954,0.0027517911448090146,0.0020096957717521177,0.7303227846863352,3.815416948816395,0.4,
0.0008,1.1,6.0,18,3,vae,0.6828902108488693,0.003922300101895757,0.00354538504510494,0.001587928008505335,0.44788591036050185,2.071739090685143,853.7,
0.0008,1.1,6.0,18,3,jump,0.7179492546129611,0.003922300101895757,0.00354538504510494,0.001587928008505335,0.44788591036050185,2.071739090685143,29.0,
0.0008,1.1,6.0,18,3,kmeans,0.6868683850232566,0.003922300101895757,0.00354538504510494,0.001587928008505335,0.44788591036050185,2.071739090685143,0.3,
0.001,0.8,6.0,18,2,vae,0.7490280760301995,0.0032418491353418347,0.0027623041517242253,0.001990571326181308,0.7206198944235728,3.4375697541749552,866.8,
0.001,0.8,6.0,18,2,jump,0.7585139355728368,0.0032418491353418347,0.0027623041517242253,0.001990571326181308,0.7206198944235728,3.4375697541749552,30.8,
0.001,0.8,6.0,18,2,kmeans,0.7683878336872462,0.0032418491353418347,0.0027623041517242253,0.001990571326181308,0.7206198944235728,3.4375697541749552,0.5,
0.0014,1.1,4.0,18,3,vae,0.7664669987064316,0.004537207651219019,0.003891584524881852,0.0027994188223918297,0.7193519258011798,4.7504987224058715,843.6,
0.0014,1.1,4.0,18,3,jump,0.7801071282691561,0.004537207651219019,0.003891584524881852,0.0027994188223918297,0.7193519258011798,4.7504987224058715,31.6,
0.0014,1.1,4.0,18,3,kmeans,0.770819958389345,0.004537207651219019,0.003891584524881852,0.0027994188223918297,0.7193519258011798,4.7504987224058715,0.4,
0.0008,1.6,2.75,18,0,vae,0.6473628360593964,0.004689040136237895,0.004203566027344213,0.0015663912265855987,0.37263390568774646,3.362752130688323,824.7,
0.0008,1.6,2.75,18,0,jump,0.5013286667946717,0.004689040136237895,0.004203566027344213,0.0015663912265855987,0.37263390568774646,3.362752130688323,32.2,
0.0008,1.6,2.75,18,0,kmeans,0.661844536811317,0.004689040136237895,0.004203566027344213,0.0015663912265855987,0.37263390568774646,3.362752130688323,0.8,
0.001,0.8,6.0,18,5,vae,0.7444757623728898,0.0032356586891170024,0.0027799667994958394,0.0019938921166873123,0.7172359457850053,3.470391985958205,847.4,
0.001,0.8,6.0,18,5,jump,0.7666063735840092,0.0032356586891170024,0.0027799667994958394,0.0019938921166873123,0.7172359457850053,3.470391985958205,33.2,
0.001,0.8,6.0,18,5,kmeans,0.7621629206827367,0.0032356586891170024,0.0027799667994958394,0.0019938921166873123,0.7172359457850053,3.470391985958205,0.4,
0.001,0.8,2.75,18,5,vae,0.582314426664976,0.005103424226880212,0.003117114676022272,0.0020045093878775758,0.643065654047581,15.06951180989724,845.7,
0.001,0.8,2.75,18,5,jump,0.5014784292931525,0.005103424226880212,0.003117114676022272,0.0020045093878775758,0.643065654047581,15.06951180989724,30.6,
0.001,0.8,2.75,18,5,kmeans,0.5071876606988361,0.005103424226880212,0.003117114676022272,0.0020045093878775758,0.643065654047581,15.06951180989724,0.4,
0.0016,1.6,4.0,18,4,vae,0.7793693098426162,0.00466341871604634,0.004463559563467411,0.0032298851531471894,0.7236119754248622,0.7813197840381387,835.9,
0.0016,1.6,4.0,18,4,jump,0.786422150268083,0.00466341871604634,0.004463559563467411,0.0032298851531471894,0.7236119754248622,0.7813197840381387,31.4,
0.0016,1.6,4.0,18,4,kmeans,0.7813058839778928,0.00466341871604634,0.004463559563467411,0.0032298851531471894,0.7236119754248622,0.7813197840381387,0.4,
0.001,1.1,6.0,18,5,vae,0.7112593729647483,0.003984174115424135,0.0036354708982380794,0.0020208019651786592,0.5558570049778242,1.979934537115943,858.2,
0.001,1.1,6.0,18,5,jump,0.7414713945665142,0.003984174115424135,0.0036354708982380794,0.0020208019651786592,0.5558570049778242,1.979934537115943,31.0,
0.001,1.1,6.0,18,5,kmeans,0.7243561480052692,0.003984174115424135,0.0036354708982380794,0.0020208019651786592,0.5558570049778242,1.979934537115943,0.3,
0.0011,0.8,2.0,18,0,vae,0.5022153850377091,0.00675469772746011,0.0034223158343898376,0.0022112095478627595,0.6461149861280978,13.441946680255104,872.4,
0.0011,0.8,2.0,18,0,jump,0.5055542689802107,0.00675469772746011,0.0034223158343898376,0.0022112095478627595,0.6461149861280978,13.441946680255104,30.2,
0.0011,0.8,2.0,18,0,kmeans,0.5111224185683259,0.00675469772746011,0.0034223158343898376,0.0022112095478627595,0.6461149861280978,13.441946680255104,0.4,
0.0011,1.1,2.75,18,2,vae,0.5651670945411185,0.005222007330256306,0.003877434556181607,0.0022192910972547095,0.5723606846482039,8.812564610498976,877.3,
0.0011,1.1,2.75,18,2,jump,0.500134837978571,0.005222007330256306,0.003877434556181607,0.0022192910972547095,0.5723606846482039,8.812564610498976,31.8,
0.0011,1.1,2.75,18,2,kmeans,0.6985859867644477,0.005222007330256306,0.003877434556181607,0.0022192910972547095,0.5723606846482039,8.812564610498976,0.5,
0.0011,1.1,2.75,18,5,vae,0.6435707017243886,0.005229130586615181,0.0038862355833768542,0.0021783902402785753,0.5605399347369759,8.923450772234297,811.1,
0.0011,1.1,2.75,18,5,jump,0.5024124037247869,0.005229130586615181,0.0038862355833768542,0.0021783902402785753,0.5605399347369759,8.923450772234297,30.3,
0.0011,1.1,2.75,18,5,kmeans,0.7020314974521931,0.005229130586615181,0.0038862355833768542,0.0021783902402785753,0.5605399347369759,8.923450772234297,0.3,
0.0011,0.8,4.0,18,4,vae,0.7458132780881795,0.003930715033462424,0.0029605833577243446,0.0022025880999654726,0.7439709793067587,10.615015359974153,836.1,
0.0011,0.8,4.0,18,4,jump,0.5031156446461306,0.003930715033462424,0.0029605833577243446,0.0022025880999654726,0.7439709793067587,10.615015359974153,30.4,
0.0011,0.8,4.0,18,4,kmeans,0.7532398774018016,0.003930715033462424,0.0029605833577243446,0.0022025880999654726,0.7439709793067587,10.615015359974153,0.5,
0.002,1.1,2.0,18,1,vae,0.6289304415672352,0.00646163639949143,0.00456033855310833,0.003997090455332536,0.8764898502125716,9.713309518250318,818.6,
0.002,1.1,2.0,18,1,jump,0.7569335302788174,0.00646163639949143,0.00456033855310833,0.003997090455332536,0.8764898502125716,9.713309518250318,29.7,
0.002,1.1,2.0,18,1,kmeans,0.7684375481842038,0.00646163639949143,0.00456033855310833,0.003997090455332536,0.8764898502125716,9.713309518250318,0.4,
0.0014,0.8,4.0,18,1,vae,0.7809897762217893,0.004048648691816609,0.003135164630570232,0.002766909169538776,0.8825403114590263,9.800520248507546,861.6,
0.0014,0.8,4.0,18,1,jump,0.777820283013634,0.004048648691816609,0.003135164630570232,0.002766909169538776,0.8825403114590263,9.800520248507546,30.8,
0.0014,0.8,4.0,18,1,kmeans,0.794247382733849,0.004048648691816609,0.003135164630570232,0.002766909169538776,0.8825403114590263,9.800520248507546,0.5,
0.0011,1.1,2.0,18,2,vae,0.5295274922623041,0.006242355112668087,0.004011100438483312,0.002199155399820846,0.5482673479630933,11.762124952258745,828.1,
0.0011,1.1,2.0,18,2,jump,0.5079168748837662,0.006242355112668087,0.004011100438483312,0.002199155399820846,0.5482673479630933,11.762124952258745,28.1,
0.0011,1.1,2.0,18,2,kmeans,0.5069931644790033,0.006242355112668087,0.004011100438483312,0.002199155399820846,0.5482673479630933,11.762124952258745,0.2,
0.0016,1.1,6.0,18,3,vae,0.8026589211729287,0.004158089446506525,0.003876025250541974,0.003187928008505335,0.8224734882879248,1.5858224231818774,857.2,
0.0016,1.1,6.0,18,3,jump,0.8101425040154374,0.004158089446506525,0.003876025250541974,0.003187928008505335,0.8224734882879248,1.5858224231818774,30.6,
0.0016,1.1,6.0,18,3,kmeans,0.8089383434626731,0.004158089446506525,0.003876025250541974,0.003187928008505335,0.8224734882879248,1.5858224231818774,0.5,
0.0012,0.8,2.75,18,5,vae,0.6238790705835717,0.005145824609275036,0.0032355424632213997,0.0024045093878775755,0.7431549470327694,14.56256493385477,841.0,
0.0012,0.8,2.75,18,5,jump,0.5011220100810803,0.005145824609275036,0.0032355424632213997,0.0024045093878775755,0.7431549470327694,14.56256493385477,31.7,
0.0012,0.8,2.75,18,5,kmeans,0.5065260938087361,0.005145824609275036,0.0032355424632213997,0.0024045093878775755,0.7431549470327694,14.56256493385477,0.4,
0.002,1.6,2.75,18,5,vae,0.8110796464257377,0.005000244719290822,0.004707061220345928,0.004064023777214121,0.8633887657223737,2.15902949625026,843.9,
0.002,1.6,2.75,18,5,jump,0.8062337460031417,0.005000244719290822,0.004707061220345928,0.004064023777214121,0.8633887657223737,2.15902949625026,30.9,
0.002,1.6,2.75,18,5,kmeans,0.8174538868385612,0.005000244719290822,0.004707061220345928,0.004064023777214121,0.8633887657223737,2.15902949625026,0.2,
0.0011,1.6,6.0,18,1,vae,0.6872206729405596,0.004345412798740472,0.004232043497124762,0.0021694834875571325,0.5126326062175574,0.41153335210699105,823.1,
0.0011,1.6,6.0,18,1,jump,0.7118891743726625,0.004345412798740472,0.004232043497124762,0.0021694834875571325,0.5126326062175574,0.41153335210699105,31.9,
0.0011,1.6,6.0,18,1,kmeans,0.7088474620086984,0.004345412798740472,0.004232043497124762,0.0021694834875571325,0.5126326062175574,0.41153335210699105,0.4,
0.001,1.1,2.75,18,0,vae,0.6396019605880972,0.005181278262902287,0.0038404605427564903,0.001986519020322084,0.5172606249187656,9.179132780502862,845.3,
0.001,1.1,2.75,18,0,jump,0.5019339313275957,0.005181278262902287,0.0038404605427564903,0.001986519020322084,0.5172606249187656,9.179132780502862,31.1,
0.001,1.1,2.75,18,0,kmeans,0.6731805116585152,0.005181278262902287,0.0038404605427564903,0.001986519020322084,0.5172606249187656,9.179132780502862,0.6,
0.0005,0.8,2.75,18,4,vae,0.5956832759537296,0.00504634728811285,0.0028703368389962074,0.0009911530767094793,0.3453089767179025,15.894275166227995,799.6,
0.0005,0.8,2.75,18,4,jump,0.5002401906652613,0.00504634728811285,0.0028703368389962074,0.0009911530767094793,0.3453089767179025,15.894275166227995,28.7,
0.0005,0.8,2.75,18,4,kmeans,0.5051205387923383,0.00504634728811285,0.0028703368389962074,0.0009911530767094793,0.3453089767179025,15.894275166227995,0.3,
0.0005,1.6,2.0,18,4,vae,0.5905081952194483,0.004987274729745705,0.00423149941533717,0.0010034169159145183,0.23713034492634216,6.379079588255584,863.4,
0.0005,1.6,2.0,18,4,jump,0.500732979261975,0.004987274729745705,0.00423149941533717,0.0010034169159145183,0.23713034492634216,6.379079588255584,30.4,
0.0005,1.6,2.0,18,4,kmeans,0.5936799227099359,0.004987274729745705,0.00423149941533717,0.0010034169159145183,0.23713034492634216,6.379079588255584,0.4,
0.0016,1.1,2.75,18,5,vae,0.7437436320834767,0.005355507783831207,0.004138991811128992,0.0031783902402785754,0.7679141166050306,8.063965152848105,856.3,
0.0016,1.1,2.75,18,5,jump,0.757558929043719,0.005355507783831207,0.004138991811128992,0.0031783902402785754,0.7679141166050306,8.063965152848105,30.8,
0.0016,1.1,2.75,18,5,kmeans,0.7673560746801713,0.005355507783831207,0.004138991811128992,0.0031783902402785754,0.7679141166050306,8.063965152848105,0.7,
0.0005,0.8,2.0,18,4,vae,0.5085248725063346,0.006653966570393023,0.003129426510538838,0.001021129999321922,0.32629940210549935,13.641824041532757,824.2,
0.0005,0.8,2.0,18,4,jump,0.5013030231024497,0.006653966570393023,0.003129426510538838,0.001021129999321922,0.32629940210549935,13.641824041532757,29.0,
0.0005,0.8,2.0,18,4,kmeans,0.5030627336593403,0.006653966570393023,0.003129426510538838,0.001021129999321922,0.32629940210549935,13.641824041532757,0.4,
0.0014,1.1,4.0,18,0,vae,0.7558136712813344,0.004551014070596944,0.0038864901037020086,0.002791509451803396,0.7182597606885431,4.5587913012308805,819.9,
0.0014,1.1,4.0,18,0,jump,0.7687754129545878,0.004551014070596944,0.0038864901037020086,0.002791509451803396,0.7182597606885431,4.5587913012308805,29.6,
0.0014,1.1,4.0,18,0,kmeans,0.7630645757192364,0.004551014070596944,0.0038864901037020086,0.002791509451803396,0.7182597606885431,4.5587913012308805,0.6,
0.0005,1.6,6.0,18,5,vae,0.563584907261362,0.004257978316836955,0.004129483329578839,0.0009923140145847377,0.2402997991242509,0.5000755295270487,860.0,
0.0005,1.6,6.0,18,5,jump,0.5968629345792836,0.004257978316836955,0.004129483329578839,0.0009923140145847377,0.2402997991242509,0.5000755295270487,31.7,
0.0005,1.6,6.0,18,5,kmeans,0.5087029926886233,0.004257978316836955,0.004129483329578839,0.0009923140145847377,0.2402997991242509,0.5000755295270487,0.6,
0.0005,1.1,4.0,18,3,vae,0.6056905849353791,0.004342606488883163,0.003578673762096904,0.0009994188223918295,0.2792707267639355,5.605701450562945,831.9,
0.0005,1.1,4.0,18,3,jump,0.5032623714067608,0.004342606488883163,0.003578673762096904,0.0009994188223918295,0.2792707267639355,5.605701450562945,30.4,
0.0005,1.1,4.0,18,3,kmeans,0.6124927140895998,0.004342606488883163,0.003578673762096904,0.0009994188223918295,0.2792707267639355,5.605701450562945,0.5,
0.0014,1.1,2.0,18,2,vae,0.5466336201366688,0.006301404076694391,0.004161492689415976,0.002799155399820846,0.6726325404679924,11.31470903419252,856.3,
0.0014,1.1,2.0,18,2,jump,0.5085718243516,0.006301404076694391,0.004161492689415976,0.002799155399820846,0.6726325404679924,11.31470903419252,32.4,
0.0014,1.1,2.0,18,2,kmeans,0.5066870477168841,0.006301404076694391,0.004161492689415976,0.002799155399820846,0.6726325404679924,11.31470903419252,0.5,
0.0005,1.6,2.75,18,4,vae,0.5732488974843227,0.004638538740609375,0.0041868167031948135,0.0009375266343583757,0.22392349625503832,2.9450088469248374,832.3,
0.0005,1.6,2.75,18,4,jump,0.5030507266275421,0.004638538740609375,0.0041868167031948135,0.0009375266343583757,0.22392349625503832,2.9450088469248374,30.8,
0.0005,1.6,2.75,18,4,kmeans,0.5258521200355777,0.004638538740609375,0.0041868167031948135,0.0009375266343583757,0.22392349625503832,2.9450088469248374,0.6,
0.001,1.1,2.75,18,3,vae,0.6975627054961211,0.005170258205357043,0.0038273092314841297,0.0019761006480519404,0.5163159098293347,8.941406686927095,840.2,
0.001,1.1,2.75,18,3,jump,0.5038880453947819,0.005170258205357043,0.0038273092314841297,0.0019761006480519404,0.5163159098293347,8.941406686927095,31.3,
0.001,1.1,2.75,18,3,kmeans,0.7011062486523243,0.005170258205357043,0.0038273092314841297,0.0019761006480519404,0.5163159098293347,8.941406686927095,0.4,
0.0005,1.6,6.0,18,2,vae,0.5772291759924977,0.004234036489864636,0.004082190998804952,0.001004229233230562,0.24600251030011744,0.5699109814755898,824.3,
0.0005,1.6,6.0,18,2,jump,0.5771341838941222,0.004234036489864636,0.004082190998804952,0.001004229233230562,0.24600251030011744,0.5699109814755898,29.6,
0.0005,1.6,6.0,18,2,kmeans,0.6034489951883037,0.004234036489864636,0.004082190998804952,0.001004229233230562,0.24600251030011744,0.5699109814755898,0.6,
0.0008,1.6,2.75,18,5,vae,0.6489225133025815,0.004645366893378061,0.004234518186346791,0.0016640237772141213,0.3929664967739128,2.9359292610533867,853.3,
0.0008,1.6,2.75,18,5,jump,0.5006647288348226,0.004645366893378061,0.004234518186346791,0.0016640237772141213,0.3929664967739128,2.9359292610533867,30.3,
0.0008,1.6,2.75,18,5,kmeans,0.6619434416943797,0.004645366893378061,0.004234518186346791,0.0016640237772141213,0.3929664967739128,2.9359292610533867,0.6,
0.0014,1.6,2.0,18,3,vae,0.7544061256485717,0.005151858880286114,0.004475021438587553,0.0027992886467118187,0.6255363656079725,5.564601458806363,804.7,
0.0014,1.6,2.0,18,3,jump,0.5051946923842663,0.005151858880286114,0.004475021438587553,0.0027992886467118187,0.6255363656079725,5.564601458806363,30.1,
0.0014,1.6,2.0,18,3,kmeans,0.7547192931147741,0.005151858880286114,0.004475021438587553,0.0027992886467118187,0.6255363656079725,5.564601458806363,0.3,
0.0016,1.1,2.75,18,4,vae,0.7412653446364329,0.005340234817799456,0.004149641281442374,0.00322321761923308,0.7767460849321226,8.276733499791709,820.0,
0.0016,1.1,2.75,18,4,jump,0.7643665336167473,0.005340234817799456,0.004149641281442374,0.00322321761923308,0.7767460849321226,8.276733499791709,31.2,
0.0016,1.1,2.75,18,4,kmeans,0.7514521804549616,0.005340234817799456,0.004149641281442374,0.00322321761923308,0.7767460849321226,8.276733499791709,0.5,
0.0011,0.8,4.0,18,3,vae,0.7575408346461758,0.0038793565523241092,0.0029566129103000566,0.002182913049289521,0.7383154695986174,8.946424221440385,872.9,
0.0011,0.8,4.0,18,3,jump,0.5009518900986486,0.0038793565523241092,0.0029566129103000566,0.002182913049289521,0.7383154695986174,8.946424221440385,31.1,
0.0011,0.8,4.0,18,3,kmeans,0.7617241419229452,0.0038793565523241092,0.0029566129103000566,0.002182913049289521,0.7383154695986174,8.946424221440385,0.4,
0.0012,1.1,2.75,18,2,vae,0.5716249921960777,0.005243982449979924,0.00392039039273486,0.002419291097254709,0.6171046387977229,8.6561537580468,826.2,
0.0012,1.1,2.75,18,2,jump,0.5001163425700074,0.005243982449979924,0.00392039039273486,0.002419291097254709,0.6171046387977229,8.6561537580468,29.4,
0.0012,1.1,2.75,18,2,kmeans,0.7142909786877192,0.005243982449979924,0.00392039039273486,0.002419291097254709,0.6171046387977229,8.6561537580468,0.4,
0.0014,1.1,4.0,18,2,vae,0.7476654809304737,0.004537756069788471,0.0038630643960534776,0.0027980945702525024,0.7243199396600914,4.087235149948289,836.3,
0.0014,1.1,4.0,18,2,jump,0.7582503147494528,0.004537756069788471,0.0038630643960534776,0.0027980945702525024,0.7243199396600914,4.087235149948289,30.3,
0.0014,1.1,4.0,18,2,kmeans,0.7668305142860605,0.004537756069788471,0.0038630643960534776,0.0027980945702525024,0.7243199396600914,4.087235149948289,0.5,
0.001,1.6,2.75,18,5,vae,0.6831097398143754,0.004685081178335059,0.004289170388287183,0.002064023777214121,0.4812174827212585,2.840231780894759,867.3,
0.001,1.6,2.75,18,5,jump,0.7105616638457317,0.004685081178335059,0.004289170388287183,0.002064023777214121,0.4812174827212585,2.840231780894759,30.8,
0.001,1.6,2.75,18,5,kmeans,0.697445436841475,0.004685081178335059,0.004289170388287183,0.002064023777214121,0.4812174827212585,2.840231780894759,0.4,
0.0016,1.6,6.0,18,2,vae,0.7892953455341829,0.0044971391928169124,0.00439020404508789,0.0032042292332305623,0.7298588403460904,0.4167755152919912,827.6,
0.0016,1.6,6.0,18,2,jump,0.7861087951432847,0.0044971391928169124,0.00439020404508789,0.0032042292332305623,0.7298588403460904,0.4167755152919912,31.5,
0.0016,1.6,6.0,18,2,kmeans,0.7906930264089533,0.0044971391928169124,0.00439020404508789,0.0032042292332305623,0.7298588403460904,0.4167755152919912,0.5,
0.0014,0.8,6.0,18,1,vae,0.8055787916955728,0.0033729686867997656,0.003000777261797992,0.0028096957717521176,0.93632266797057,3.166841788830949,859.2,
0.0014,0.8,6.0,18,1,jump,0.8032514274280393,0.0033729686867997656,0.003000777261797992,0.0028096957717521176,0.93632266797057,3.166841788830949,32.6,
0.0014,0.8,6.0,18,1,kmeans,0.8194944422911683,0.0033729686867997656,0.003000777261797992,0.0028096957717521176,0.93632266797057,3.166841788830949,0.4,
0.002,0.8,2.75,18,4,vae,0.7950821018821462,0.005400110268102866,0.003884506457398113,0.00399115307670948,1.027454355007766,11.994336946946001,837.1,
0.002,0.8,2.75,18,4,jump,0.7874956889752915,0.005400110268102866,0.003884506457398113,0.00399115307670948,1.027454355007766,11.994336946946001,30.7,
0.002,0.8,2.75,18,4,kmeans,0.8091955973096084,0.005400110268102866,0.003884506457398113,0.00399115307670948,1.027454355007766,11.994336946946001,0.4,
0.0012,1.1,6.0,18,5,vae,0.7444732408220351,0.0040394029082548785,0.0037142194756871346,0.0024208019651786586,0.6517659984890386,1.868389474442548,843.3,
0.0012,1.1,6.0,18,5,jump,0.7685220317904324,0.0040394029082548785,0.0037142194756871346,0.0024208019651786586,0.6517659984890386,1.868389474442548,31.4,
0.0012,1.1,6.0,18,5,kmeans,0.7558647670663364,0.0040394029082548785,0.0037142194756871346,0.0024208019651786586,0.6517659984890386,1.868389474442548,0.5,
0.0014,1.1,2.0,18,4,vae,0.7181307160725607,0.006255050619113691,0.004195961434015654,0.002864082218557079,0.6825806823052879,10.037958382870597,814.5,
0.0014,1.1,2.0,18,4,jump,0.5042894020454138,0.006255050619113691,0.004195961434015654,0.002864082218557079,0.6825806823052879,10.037958382870597,29.5,
0.0014,1.1,2.0,18,4,kmeans,0.5094087401345724,0.006255050619113691,0.004195961434015654,0.002864082218557079,0.6825806823052879,10.037958382870597,0.3,
0.002,1.6,2.0,18,3,vae,0.7940142393056895,0.005344694863684531,0.004775652154192156,0.003999288646711818,0.8374329866552714,4.763643819468754,848.4,
0.002,1.6,2.0,18,3,jump,0.8123573186311529,0.005344694863684531,0.004775652154192156,0.003999288646711818,0.8374329866552714,4.763643819468754,28.0,
0.002,1.6,2.0,18,3,kmeans,0.8161823740232994,0.005344694863684531,0.004775652154192156,0.003999288646711818,0.8374329866552714,4.763643819468754,0.4,
0.0014,0.8,2.0,18,0,vae,0.5081092262084805,0.006810669894519167,0.003628985345379363,0.0028112095478627593,0.7746544227416504,13.03098578496629,787.3,
0.0014,0.8,2.0,18,0,jump,0.5067607864253236,0.006810669894519167,0.003628985345379363,0.0028112095478627593,0.7746544227416504,13.03098578496629,30.0,
0.0014,0.8,2.0,18,0,kmeans,0.5114615005608416,0.006810669894519167,0.003628985345379363,0.0028112095478627593,0.7746544227416504,13.03098578496629,0.4,
0.0016,0.8,4.0,18,5,vae,0.7756871586300438,0.004095329439712693,0.003331733845179245,0.0032038979705426547,0.9616308262973771,7.324159306577787,857.6,
0.0016,0.8,4.0,18,5,jump,0.798130322073288,0.004095329439712693,0.003331733845179245,0.0032038979705426547,0.9616308262973771,7.324159306577787,32.3,
0.0016,0.8,4.0,18,5,kmeans,0.8191590555855474,0.004095329439712693,0.003331733845179245,0.0032038979705426547,0.9616308262973771,7.324159306577787,0.5,
0.0012,0.8,2.75,18,3,vae,0.7291143177017049,0.005143362499695386,0.003215460635903862,0.0024184006815640953,0.752116401165112,14.506785587865217,824.3,
0.0012,0.8,2.75,18,3,jump,0.5044159496855487,0.005143362499695386,0.003215460635903862,0.0024184006815640953,0.752116401165112,14.506785587865217,31.3,
0.0012,0.8,2.75,18,3,kmeans,0.5019318603192986,0.005143362499695386,0.003215460635903862,0.0024184006815640953,0.752116401165112,14.506785587865217,0.3,
0.0012,1.6,2.75,18,3,vae,0.7187369400894774,0.004759797993223928,0.00435793103194509,0.002443562663550058,0.5607162310825774,2.7235241773824317,826.4,
0.0012,1.6,2.75,18,3,jump,0.7430473357552205,0.004759797993223928,0.00435793103194509,0.002443562663550058,0.5607162310825774,2.7235241773824317,32.4,
0.0012,1.6,2.75,18,3,kmeans,0.7198553881728369,0.004759797993223928,0.00435793103194509,0.002443562663550058,0.5607162310825774,2.7235241773824317,0.4,
0.0005,1.6,2.0,18,2,vae,0.5477209241552146,0.0049441503839839996,0.004201940540069057,0.0010151139166587673,0.24158217066110232,6.310514678607561,862.2,
0.0005,1.6,2.0,18,2,jump,0.5010933891529664,0.0049441503839839996,0.004201940540069057,0.0010151139166587673,0.24158217066110232,6.310514678607561,32.5,
0.0005,1.6,2.0,18,2,kmeans,0.5849619968105095,0.0049441503839839996,0.004201940540069057,0.0010151139166587673,0.24158217066110232,6.310514678607561,0.5,
0.0011,1.6,6.0,18,0,vae,0.7043177414107074,0.004381823579564279,0.004250851052461866,0.0021695291264527366,0.5103752400819269,0.47608485984606386,872.5,
0.0011,1.6,6.0,18,0,jump,0.7185397522453046,0.004381823579564279,0.004250851052461866,0.0021695291264527366,0.5103752400819269,0.47608485984606386,32.5,
0.0011,1.6,6.0,18,0,kmeans,0.7195160766901436,0.004381823579564279,0.004250851052461866,0.0021695291264527366,0.5103752400819269,0.47608485984606386,0.5,
0.0008,1.1,4.0,18,1,vae,0.6205846710751584,0.0043686994011421405,0.0036374681260901444,0.0015951646713589247,0.43853708570459454,5.418831359760555,861.8,
0.0008,1.1,4.0,18,1,jump,0.5013229066805834,0.0043686994011421405,0.0036374681260901444,0.0015951646713589247,0.43853708570459454,5.418831359760555,32.2,
0.0008,1.1,4.0,18,1,kmeans,0.6579362829872605,0.0043686994011421405,0.0036374681260901444,0.0015951646713589247,0.43853708570459454,5.418831359760555,0.9,
0.002,1.1,2.75,18,4,vae,0.7752102041039315,0.005474676729665166,0.004418014276179461,0.0040232176192330805,0.9106393433187848,7.513885739029828,880.1,
0.002,1.1,2.75,18,4,jump,0.7933906312893082,0.005474676729665166,0.004418014276179461,0.0040232176192330805,0.9106393433187848,7.513885739029828,33.1,
0.002,1.1,2.75,18,4,kmeans,0.7928526162061549,0.005474676729665166,0.004418014276179461,0.0040232176192330805,0.9106393433187848,7.513885739029828,0.3,
0.001,0.8,4.0,18,5,vae,0.7168955994694977,0.003901080464914586,0.0029087679234775826,0.0020038979705426546,0.6889164152177844,9.049652396386303,853.3,
0.001,0.8,4.0,18,5,jump,0.5006699720596155,0.003901080464914586,0.0029087679234775826,0.0020038979705426546,0.6889164152177844,9.049652396386303,33.0,
0.001,0.8,4.0,18,5,kmeans,0.7384506967165085,0.003901080464914586,0.0029087679234775826,0.0020038979705426546,0.6889164152177844,9.049652396386303,0.5,
0.001,1.6,6.0,18,3,vae,0.7070996823100719,0.004349436733335741,0.004214586611814604,0.00201080931532143,0.4771071282969006,0.47163804104497187,877.2,
0.001,1.6,6.0,18,3,jump,0.7421573741424697,0.004349436733335741,0.004214586611814604,0.00201080931532143,0.4771071282969006,0.47163804104497187,32.7,
0.001,1.6,6.0,18,3,kmeans,0.7114151384063605,0.004349436733335741,0.004214586611814604,0.00201080931532143,0.4771071282969006,0.47163804104497187,0.6,
0.0012,0.8,6.0,18,1,vae,0.7836389313049121,0.0032944176260482822,0.0028699726775662246,0.0024096957717521174,0.8396232447047446,3.500801452970687,846.8,
0.0012,0.8,6.0,18,1,jump,0.7803513372405667,0.0032944176260482822,0.0028699726775662246,0.0024096957717521174,0.8396232447047446,3.500801452970687,31.3,
0.0012,0.8,6.0,18,1,kmeans,0.7955627555322983,0.0032944176260482822,0.0028699726775662246,0.0024096957717521174,0.8396232447047446,3.500801452970687,0.5,
0.0005,0.8,2.75,18,1,vae,0.5129130839830456,0.0050555199846155285,0.002897749868750455,0.0009767845273757595,0.3370837966069724,15.439467761896605,898.0,
0.0005,0.8,2.75,18,1,jump,0.5025497038368901,0.0050555199846155285,0.002897749868750455,0.0009767845273757595,0.3370837966069724,15.439467761896605,32.8,
0.0005,0.8,2.75,18,1,kmeans,0.5023633227966039,0.0050555199846155285,0.002897749868750455,0.0009767845273757595,0.3370837966069724,15.439467761896605,0.7,
0.0016,1.6,4.0,18,3,vae,0.785425357167335,0.00462549747789035,0.004421324105437809,0.0031709495300172854,0.7171945449819702,0.8926254539325362,840.2,
0.0016,1.6,4.0,18,3,jump,0.7953639678518254,0.00462549747789035,0.004421324105437809,0.0031709495300172854,0.7171945449819702,0.8926254539325362,30.8,
0.0016,1.6,4.0,18,3,kmeans,0.786431955435204,0.00462549747789035,0.004421324105437809,0.0031709495300172854,0.7171945449819702,0.8926254539325362,0.4,
0.0011,1.6,4.0,18,4,vae,0.7171373142967448,0.004512582342662635,0.0042641579224485925,0.0022298851531471894,0.5229368127779682,0.9083965107610501,882.0,
0.0011,1.6,4.0,18,4,jump,0.7292515889005237,0.004512582342662635,0.0042641579224485925,0.0022298851531471894,0.5229368127779682,0.9083965107610501,30.3,
0.0011,1.6,4.0,18,4,kmeans,0.7181265736465905,0.004512582342662635,0.0042641579224485925,0.0022298851531471894,0.5229368127779682,0.9083965107610501,0.4,
0.0016,1.6,2.75,18,0,vae,0.7740019195155035,0.0048876087062289745,0.004482347584241055,0.0031663912265855985,0.7064135850860677,2.7947202753703593,923.0,
0.0016,1.6,2.75,18,0,jump,0.782906261958894,0.0048876087062289745,0.004482347584241055,0.0031663912265855985,0.7064135850860677,2.7947202753703593,33.0,
0.0016,1.6,2.75,18,0,kmeans,0.7790195166749319,0.0048876087062289745,0.004482347584241055,0.0031663912265855985,0.7064135850860677,2.7947202753703593,0.5,
0.0016,1.6,2.0,18,1,vae,0.7548316171840187,0.005229625799801717,0.0045293163878881515,0.003171673549268602,0.700254360183355,5.2732139883665745,887.2,
0.0016,1.6,2.0,18,1,jump,0.7563829465685372,0.005229625799801717,0.0045293163878881515,0.003171673549268602,0.700254360183355,5.2732139883665745,31.8,
0.0016,1.6,2.0,18,1,kmeans,0.7670775874100165,0.005229625799801717,0.0045293163878881515,0.003171673549268602,0.700254360183355,5.2732139883665745,0.4,
0.0012,0.8,6.0,18,3,vae,0.7938328901868146,0.003316270775302815,0.002883298822826719,0.0024000513905810044,0.8323977284560641,3.5957537097863552,905.1,
0.0012,0.8,6.0,18,3,jump,0.8031310758063552,0.003316270775302815,0.002883298822826719,0.0024000513905810044,0.8323977284560641,3.5957537097863552,30.5,
0.0012,0.8,6.0,18,3,kmeans,0.8037370917061134,0.003316270775302815,0.002883298822826719,0.0024000513905810044,0.8323977284560641,3.5957537097863552,0.4,
0.0005,1.1,2.0,18,1,vae,0.5208116590397867,0.006159112202118269,0.00381257805193217,0.0009970904553325357,0.26152656857142165,11.773524039346308,912.6,
0.0005,1.1,2.0,18,1,jump,0.5000438726071157,0.006159112202118269,0.00381257805193217,0.0009970904553325357,0.26152656857142165,11.773524039346308,31.3,
0.0005,1.1,2.0,18,1,kmeans,0.514090990946725,0.006159112202118269,0.00381257805193217,0.0009970904553325357,0.26152656857142165,11.773524039346308,0.7,
0.0014,0.8,6.0,18,4,vae,0.8154419554267762,0.0033448912320980604,0.003004360814881838,0.0027880058643811496,0.9279863625470706,2.625858066791692,917.2,
0.0014,0.8,6.0,18,4,jump,0.8083716947993422,0.0033448912320980604,0.003004360814881838,0.0027880058643811496,0.9279863625470706,2.625858066791692,30.7,
0.0014,0.8,6.0,18,4,kmeans,0.8234188370077051,0.0033448912320980604,0.003004360814881838,0.0027880058643811496,0.9279863625470706,2.625858066791692,0.4,
0.002,1.6,2.0,18,0,vae,0.789891504066558,0.005345953673146448,0.004734177127956985,0.003986496535059114,0.8420674654350059,4.540931144901269,911.5,
0.002,1.6,2.0,18,0,jump,0.8033383817396067,0.005345953673146448,0.004734177127956985,0.003986496535059114,0.8420674654350059,4.540931144901269,33.0,
0.002,1.6,2.0,18,0,kmeans,0.8003761299602652,0.005345953673146448,0.004734177127956985,0.003986496535059114,0.8420674654350059,4.540931144901269,0.3,
0.0016,1.1,2.0,18,1,vae,0.5819892932629255,0.0063478136470237955,0.0042924751646104846,0.003197090455332536,0.7448128021080006,10.437072275046134,910.0,
0.0016,1.1,2.0,18,1,jump,0.5005043248735641,0.0063478136470237955,0.0042924751646104846,0.003197090455332536,0.7448128021080006,10.437072275046134,33.2,
0.0016,1.1,2.0,18,1,kmeans,0.5140136510942723,0.0063478136470237955,0.0042924751646104846,0.003197090455332536,0.7448128021080006,10.437072275046134,0.6,
0.0011,1.1,4.0,18,1,vae,0.7010797844021046,0.004432779811854411,0.0037459528374921194,0.0021951646713589245,0.586009692751115,5.108155887126889,867.6,
0.0011,1.1,4.0,18,1,jump,0.710014373306421,0.004432779811854411,0.0037459528374921194,0.0021951646713589245,0.586009692751115,5.108155887126889,30.2,
0.0011,1.1,4.0,18,1,kmeans,0.7087408370659317,0.004432779811854411,0.0037459528374921194,0.0021951646713589245,0.586009692751115,5.108155887126889,0.6,
0.0016,1.6,2.75,18,5,vae,0.7743867988567689,0.004851960672055004,0.004507645952689455,0.003264023777214121,0.7241082843400033,2.461699419783865,872.8,
0.0016,1.6,2.75,18,5,jump,0.779041101439029,0.004851960672055004,0.004507645952689455,0.003264023777214121,0.7241082843400033,2.461699419783865,31.1,
0.0016,1.6,2.75,18,5,kmeans,0.7786978503258644,0.004851960672055004,0.004507645952689455,0.003264023777214121,0.7241082843400033,2.461699419783865,0.3,
0.0012,1.6,2.75,18,0,vae,0.7280904008028284,0.004772625021850408,0.004314577474664308,0.002366391226585598,0.5484641869293848,3.1089461245755814,857.3,
0.0012,1.6,2.75,18,0,jump,0.7194839337040557,0.004772625021850408,0.004314577474664308,0.002366391226585598,0.5484641869293848,3.1089461245755814,31.1,
0.0012,1.6,2.75,18,0,kmeans,0.7288696056093622,0.004772625021850408,0.004314577474664308,0.002366391226585598,0.5484641869293848,3.1089461245755814,0.4,
0.0012,1.1,2.75,18,1,vae,0.5950380671656298,0.005198185507251893,0.0039012542388280175,0.0023499340097699944,0.6023534652988783,8.956517826092291,913.4,
0.0012,1.1,2.75,18,1,jump,0.5018788631593974,0.005198185507251893,0.0039012542388280175,0.0023499340097699944,0.6023534652988783,8.956517826092291,31.0,
0.0012,1.1,2.75,18,1,kmeans,0.7051991070478707,0.005198185507251893,0.0039012542388280175,0.0023499340097699944,0.6023534652988783,8.956517826092291,0.5,
0.0016,0.8,6.0,18,4,vae,0.8301276059311375,0.003432948173494389,0.0031534161271073945,0.00318800586438115,1.0109689732910334,2.314176841172096,866.9,
0.0016,0.8,6.0,18,4,jump,0.8210795270142006,0.003432948173494389,0.0031534161271073945,0.00318800586438115,1.0109689732910334,2.314176841172096,31.3,
0.0016,0.8,6.0,18,4,kmeans,0.8399143674501535,0.003432948173494389,0.0031534161271073945,0.00318800586438115,1.0109689732910334,2.314176841172096,0.3,
0.0011,1.6,2.75,18,0,vae,0.7128219221847818,0.004748709753634441,0.0042797175402733666,0.0021663912265855985,0.5061995812104975,3.1790057808398435,912.4,
0.0011,1.6,2.75,18,0,jump,0.6991611631015047,0.004748709753634441,0.0042797175402733666,0.0021663912265855985,0.5061995812104975,3.1790057808398435,32.0,
0.0011,1.6,2.75,18,0,kmeans,0.7132062424540138,0.004748709753634441,0.0042797175402733666,0.0021663912265855985,0.5061995812104975,3.1790057808398435,0.8,
0.002,0.8,6.0,18,3,vae,0.8667597910598579,0.0036833760120855586,0.003529894376771613,0.004000051390581004,1.133192941098535,2.2515165805841235,915.8,
0.002,0.8,6.0,18,3,jump,0.8499891084377001,0.0036833760120855586,0.003529894376771613,0.004000051390581004,1.133192941098535,2.2515165805841235,33.0,
0.002,0.8,6.0,18,3,kmeans,0.8730639887496852,0.0036833760120855586,0.003529894376771613,0.004000051390581004,1.133192941098535,2.2515165805841235,0.3,
0.0008,0.8,2.75,18,2,vae,0.5478083210858128,0.005044659086749271,0.002999137200054603,0.0016103596058597183,0.5369409594967511,14.817653257876504,902.3,
0.0008,0.8,2.75,18,2,jump,0.5072134293446542,0.005044659086749271,0.002999137200054603,0.0016103596058597183,0.5369409594967511,14.817653257876504,31.3,
0.0008,0.8,2.75,18,2,kmeans,0.5047159691757591,0.005044659086749271,0.002999137200054603,0.0016103596058597183,0.5369409594967511,14.817653257876504,0.7,
0.0008,1.6,4.0,18,0,vae,0.6245264799431618,0.004458492734218198,0.004201482070404609,0.0016064940288052234,0.3823636521315717,1.305667952026015,919.0,
0.0008,1.6,4.0,18,0,jump,0.681515088911071,0.004458492734218198,0.004201482070404609,0.0016064940288052234,0.3823636521315717,1.305667952026015,32.1,
0.0008,1.6,4.0,18,0,kmeans,0.6684675675819788,0.004458492734218198,0.004201482070404609,0.0016064940288052234,0.3823636521315717,1.305667952026015,1.0,
0.0005,1.1,2.75,18,2,vae,0.5177484370629747,0.005129268618257195,0.003690207975101943,0.0010192910972547098,0.2762150816788454,9.523930224141269,872.3,
0.0005,1.1,2.75,18,2,jump,0.5001855440986691,0.005129268618257195,0.003690207975101943,0.0010192910972547098,0.2762150816788454,9.523930224141269,30.4,
0.0005,1.1,2.75,18,2,kmeans,0.5097705558315784,0.005129268618257195,0.003690207975101943,0.0010192910972547098,0.2762150816788454,9.523930224141269,0.5,
0.0011,0.8,4.0,18,0,vae,0.7311527030035405,0.003950563645999779,0.0029619556555529067,0.0021982983427426394,0.7421780061498875,10.259930199627918,865.6,
0.0011,0.8,4.0,18,0,jump,0.5013538069515465,0.003950563645999779,0.0029619556555529067,0.0021982983427426394,0.7421780061498875,10.259930199627918,32.5,
0.0011,0.8,4.0,18,0,kmeans,0.7418424317608557,0.003950563645999779,0.0029619556555529067,0.0021982983427426394,0.7421780061498875,10.259930199627918,0.4,
0.0012,1.6,2.0,18,1,vae,0.6493781280556058,0.005121915216456111,0.004370383285759657,0.0023716735492686014,0.5426694626524865,5.744246651198944,857.5,
0.0012,1.6,2.0,18,1,jump,0.5034808886671213,0.005121915216456111,0.004370383285759657,0.0023716735492686014,0.5426694626524865,5.744246651198944,31.7,
0.0012,1.6,2.0,18,1,kmeans,0.7168176389611803,0.005121915216456111,0.004370383285759657,0.0023716735492686014,0.5426694626524865,5.744246651198944,0.4,
0.0008,0.8,4.0,18,0,vae,0.6627087559644973,0.0038783145259093117,0.002803619297867955,0.0015982983427426396,0.5700839425517167,11.056570847238541,909.9,
0.0008,0.8,4.0,18,0,jump,0.5008146441243727,0.0038783145259093117,0.002803619297867955,0.0015982983427426396,0.5700839425517167,11.056570847238541,34.2,
0.0008,0.8,4.0,18,0,kmeans,0.6847899870026489,0.0038783145259093117,0.002803619297867955,0.0015982983427426396,0.5700839425517167,11.056570847238541,0.4,
0.0016,1.1,4.0,18,0,vae,0.7795632113330107,0.004616737321108363,0.003993720012246728,0.0031915094518033963,0.7991319977406137,4.295415483141371,863.9,
0.0016,1.1,4.0,18,0,jump,0.7874482969864656,0.004616737321108363,0.003993720012246728,0.0031915094518033963,0.7991319977406137,4.295415483141371,31.2,
0.0016,1.1,4.0,18,0,kmeans,0.7858443839895757,0.004616737321108363,0.003993720012246728,0.0031915094518033963,0.7991319977406137,4.295415483141371,0.3,
0.0014,1.6,2.0,18,1,vae,0.7323475113491231,0.005172186600141674,0.004444471761137791,0.0027716735492686016,0.6236227156405758,5.519073559919775,854.4,
0.0014,1.6,2.0,18,1,jump,0.501584331390122,0.005172186600141674,0.004444471761137791,0.0027716735492686016,0.6236227156405758,5.519073559919775,32.8,
0.0014,1.6,2.0,18,1,kmeans,0.7431482918833245,0.005172186600141674,0.004444471761137791,0.0027716735492686016,0.6236227156405758,5.519073559919775,0.5,
0.001,1.6,4.0,18,1,vae,0.6844069180407972,0.0044711169030234,0.004228042649713208,0.0019715899414215767,0.4663126899997831,1.2259447688204386,892.5,
0.001,1.6,4.0,18,1,jump,0.7090197157693388,0.0044711169030234,0.004228042649713208,0.0019715899414215767,0.4663126899997831,1.2259447688204386,32.7,
0.001,1.6,4.0,18,1,kmeans,0.6909008192831685,0.0044711169030234,0.004228042649713208,0.0019715899414215767,0.4663126899997831,1.2259447688204386,0.5,
0.002,1.1,2.75,18,3,vae,0.8074740311947323,0.005452573913206876,0.004389430502484805,0.00397610064805194,0.9058351979376632,7.213571753193987,848.8,
0.002,1.1,2.75,18,3,jump,0.8078522415968833,0.005452573913206876,0.004389430502484805,0.00397610064805194,0.9058351979376632,7.213571753193987,30.4,
0.002,1.1,2.75,18,3,kmeans,0.817686913769871,0.005452573913206876,0.004389430502484805,0.00397610064805194,0.9058351979376632,7.213571753193987,0.2,
0.0012,1.1,2.75,18,3,vae,0.7275488509001201,0.005212625541567822,0.003908736862755536,0.00237610064805194,0.6078947576882585,8.65587587289689,873.3,
0.0012,1.1,2.75,18,3,jump,0.5035507935158071,0.005212625541567822,0.003908736862755536,0.00237610064805194,0.6078947576882585,8.65587587289689,30.7,
0.0012,1.1,2.75,18,3,kmeans,0.730594773035504,0.005212625541567822,0.003908736862755536,0.00237610064805194,0.6078947576882585,8.65587587289689,0.5,
0.001,1.6,2.0,18,1,vae,0.629326935876788,0.005079024490942177,0.0043119029437084675,0.001971673549268602,0.45726297066715915,5.9441639834700535,899.6,
0.001,1.6,2.0,18,1,jump,0.5034319984744939,0.005079024490942177,0.0043119029437084675,0.001971673549268602,0.45726297066715915,5.9441639834700535,29.6,
0.001,1.6,2.0,18,1,kmeans,0.6877240323166124,0.005079024490942177,0.0043119029437084675,0.001971673549268602,0.45726297066715915,5.9441639834700535,0.4,
0.0012,0.8,2.0,18,2,vae,0.5098762531664325,0.006838823348411722,0.0034909212165072194,0.002410543853457398,0.6905179761888828,13.21359647104044,919.5,
0.0012,0.8,2.0,18,2,jump,0.5078097375171018,0.006838823348411722,0.0034909212165072194,0.002410543853457398,0.6905179761888828,13.21359647104044,31.8,
0.0012,0.8,2.0,18,2,kmeans,0.5066311614823571,0.006838823348411722,0.0034909212165072194,0.002410543853457398,0.6905179761888828,13.21359647104044,0.4,
0.0011,0.8,4.0,18,1,vae,0.7340688283265484,0.003955895337765225,0.0029370262490712694,0.002166909169538776,0.7377901951758125,10.795637688009277,910.6,
0.0011,0.8,4.0,18,1,jump,0.5022426105948133,0.003955895337765225,0.0029370262490712694,0.002166909169538776,0.7377901951758125,10.795637688009277,32.6,
0.0011,0.8,4.0,18,1,kmeans,0.7554796160913757,0.003955895337765225,0.0029370262490712694,0.002166909169538776,0.7377901951758125,10.795637688009277,0.3,
0.0008,1.1,6.0,18,0,vae,0.6795564776125202,0.003947604497173553,0.003562811268917042,0.0016370603026797268,0.4594855520307508,2.0378040484423714,905.4,
0.0008,1.1,6.0,18,0,jump,0.7075974164322127,0.003947604497173553,0.003562811268917042,0.0016370603026797268,0.4594855520307508,2.0378040484423714,31.3,
0.0008,1.1,6.0,18,0,kmeans,0.6855523500049254,0.003947604497173553,0.003562811268917042,0.0016370603026797268,0.4594855520307508,2.0378040484423714,0.8,
0.002,1.1,2.75,18,0,vae,0.7881641662047885,0.005461749198712055,0.004381636111908938,0.003986519020322083,0.9098243027272489,7.339893203311428,882.2,
0.002,1.1,2.75,18,0,jump,0.8002828772852519,0.005461749198712055,0.004381636111908938,0.003986519020322083,0.9098243027272489,7.339893203311428,31.7,
0.002,1.1,2.75,18,0,kmeans,0.7962955913818742,0.005461749198712055,0.004381636111908938,0.003986519020322083,0.9098243027272489,7.339893203311428,0.3,
0.0014,0.8,2.0,18,5,vae,0.5257889412304143,0.006881983829163924,0.003647649160327612,0.0027975605868190735,0.7669489207585446,12.811016524313462,850.0,
0.0014,0.8,2.0,18,5,jump,0.5069168941665882,0.006881983829163924,0.003647649160327612,0.0027975605868190735,0.7669489207585446,12.811016524313462,30.2,
0.0014,0.8,2.0,18,5,kmeans,0.5097022072455443,0.006881983829163924,0.003647649160327612,0.0027975605868190735,0.7669489207585446,12.811016524313462,0.3,
0.0008,1.1,2.0,18,2,vae,0.5120936821494386,0.006197281228636691,0.003894517852751309,0.001599155399820846,0.4106170417709375,12.119891025818383,874.9,
0.0008,1.1,2.0,18,2,jump,0.5081225744276691,0.006197281228636691,0.003894517852751309,0.001599155399820846,0.4106170417709375,12.119891025818383,32.8,
0.0008,1.1,2.0,18,2,kmeans,0.5061832765885799,0.006197281228636691,0.003894517852751309,0.001599155399820846,0.4106170417709375,12.119891025818383,0.5,
0.0016,1.1,2.75,18,1,vae,0.7331414704683177,0.0053026377579242145,0.0041283379380703525,0.0031499340097699948,0.7630029462273918,8.261494969273873,913.6,
0.0016,1.1,2.75,18,1,jump,0.7438619196085551,0.0053026377579242145,0.0041283379380703525,0.0031499340097699948,0.7630029462273918,8.261494969273873,32.6,
0.0016,1.1,2.75,18,1,kmeans,0.7587868152580344,0.0053026377579242145,0.0041283379380703525,0.0031499340097699948,0.7630029462273918,8.261494969273873,0.2,
0.0012,0.8,4.0,18,4,vae,0.7617286887893026,0.003959434255771779,0.0030223717613968508,0.0024025880999654723,0.7949346703977499,10.282290467381294,872.8,
0.0012,0.8,4.0,18,4,jump,0.5023470445231545,0.003959434255771779,0.0030223717613968508,0.0024025880999654723,0.7949346703977499,10.282290467381294,30.6,
0.0012,0.8,4.0,18,4,kmeans,0.7688732329201273,0.003959434255771779,0.0030223717613968508,0.0024025880999654723,0.7949346703977499,10.282290467381294,0.4,
0.0005,0.8,2.0,18,0,vae,0.5064984304308784,0.006681858678005539,0.00314662760377815,0.0010112095478627594,0.32136295589875397,13.9791936839942,876.9,
0.0005,0.8,2.0,18,0,jump,0.5027322738659646,0.006681858678005539,0.00314662760377815,0.0010112095478627594,0.32136295589875397,13.9791936839942,31.0,
0.0005,0.8,2.0,18,0,kmeans,0.5089066983952186,0.006681858678005539,0.00314662760377815,0.0010112095478627594,0.32136295589875397,13.9791936839942,0.5,
0.0016,1.6,2.75,18,3,vae,0.7627527416273469,0.004877852559386308,0.004515551445910715,0.0032435626635500584,0.718309314466438,2.4814848049232427,901.4,
0.0016,1.6,2.75,18,3,jump,0.7881709001089117,0.004877852559386308,0.004515551445910715,0.0032435626635500584,0.718309314466438,2.4814848049232427,34.6,
0.0016,1.6,2.75,18,3,kmeans,0.7749471655079644,0.004877852559386308,0.004515551445910715,0.0032435626635500584,0.718309314466438,2.4814848049232427,0.4,
0.001,1.6,6.0,18,2,vae,0.695253983160488,0.0043210249011782515,0.004186048977169085,0.002004229233230562,0.4787878126036571,0.5202629916226815,862.4,
0.001,1.6,6.0,18,2,jump,0.7197816749772002,0.0043210249011782515,0.004186048977169085,0.002004229233230562,0.4787878126036571,0.5202629916226815,33.3,
0.001,1.6,6.0,18,2,kmeans,0.7048995912319703,0.0043210249011782515,0.004186048977169085,0.002004229233230562,0.4787878126036571,0.5202629916226815,0.6,
0.002,1.6,4.0,18,2,vae,0.8114550000409508,0.0047781413728732,0.0046345301226696995,0.003963963271253025,0.8553107146425456,0.7195162810089264,878.7,
0.002,1.6,4.0,18,2,jump,0.80957469850509,0.0047781413728732,0.0046345301226696995,0.003963963271253025,0.8553107146425456,0.7195162810089264,31.3,
0.002,1.6,4.0,18,2,kmeans,0.8179621937848607,0.0047781413728732,0.0046345301226696995,0.003963963271253025,0.8553107146425456,0.7195162810089264,0.2,
0.001,0.8,4.0,18,2,vae,0.7090035268879089,0.003920795964716153,0.0028998230882031307,0.0019803648818510168,0.6829261032879581,11.03943693707328,913.0,
0.001,0.8,4.0,18,2,jump,0.5006310889407547,0.003920795964716153,0.0028998230882031307,0.0019803648818510168,0.6829261032879581,11.03943693707328,32.6,
0.001,0.8,4.0,18,2,kmeans,0.7226627436200066,0.003920795964716153,0.0028998230882031307,0.0019803648818510168,0.6829261032879581,11.03943693707328,0.5,
0.0005,1.6,6.0,18,1,vae,0.563963614811076,0.004235046867243422,0.0041086026792819036,0.0009694834875571325,0.2359642835375305,0.4564324761529286,892.2,
0.0005,1.6,6.0,18,1,jump,0.5055336814507148,0.004235046867243422,0.0041086026792819036,0.0009694834875571325,0.2359642835375305,0.4564324761529286,32.2,
0.0005,1.6,6.0,18,1,kmeans,0.524467042622393,0.004235046867243422,0.0041086026792819036,0.0009694834875571325,0.2359642835375305,0.4564324761529286,0.5,
0.0014,1.1,2.75,18,5,vae,0.7086697402370354,0.005299661856049834,0.004024106329536148,0.002778390240278575,0.6904365870965531,8.430370891740509,908.3,
0.0014,1.1,2.75,18,5,jump,0.502854835838234,0.005299661856049834,0.004024106329536148,0.002778390240278575,0.6904365870965531,8.430370891740509,31.7,
0.0014,1.1,2.75,18,5,kmeans,0.743877954697257,0.005299661856049834,0.004024106329536148,0.002778390240278575,0.6904365870965531,8.430370891740509,0.6,
0.0014,1.6,6.0,18,0,vae,0.7545598947430752,0.004466049770899476,0.0043466803425565755,0.0027695291264527365,0.637159604155246,0.4325929000140478,877.5,
0.0014,1.6,6.0,18,0,jump,0.7740385743244128,0.004466049770899476,0.0043466803425565755,0.0027695291264527365,0.637159604155246,0.4325929000140478,32.4,
0.0014,1.6,6.0,18,0,kmeans,0.7624608117925723,0.004466049770899476,0.0043466803425565755,0.0027695291264527365,0.637159604155246,0.4325929000140478,0.7,
0.0012,0.8,4.0,18,2,vae,0.7433504006103495,0.003976021826596779,0.0030218967101662006,0.0023803648818510165,0.7877055737355428,10.452214983630054,853.4,
0.0012,0.8,4.0,18,2,jump,0.501024987641977,0.003976021826596779,0.0030218967101662006,0.0023803648818510165,0.7877055737355428,10.452214983630054,30.6,
0.0012,0.8,4.0,18,2,kmeans,0.7551118704212176,0.003976021826596779,0.0030218967101662006,0.0023803648818510165,0.7877055737355428,10.452214983630054,0.5,
0.0016,0.8,4.0,18,2,vae,0.7818131802531518,0.0041135091728638565,0.003312749777881419,0.003180364881851017,0.9600377617065105,9.130760583815666,890.4,
0.0016,0.8,4.0,18,2,jump,0.7825251659809165,0.0041135091728638565,0.003312749777881419,0.003180364881851017,0.9600377617065105,9.130760583815666,30.6,
0.0016,0.8,4.0,18,2,kmeans,0.8031017055166749,0.0041135091728638565,0.003312749777881419,0.003180364881851017,0.9600377617065105,9.130760583815666,0.6,
0.001,0.8,2.0,18,3,vae,0.5074803181778252,0.006767965376820372,0.0033794292039879513,0.0019835030171618624,0.5869343304547397,13.479424764378404,892.9,
0.001,0.8,2.0,18,3,jump,0.5080895887279581,0.006767965376820372,0.0033794292039879513,0.0019835030171618624,0.5869343304547397,13.479424764378404,33.2,
0.001,0.8,2.0,18,3,kmeans,0.5097886864667712,0.006767965376820372,0.0033794292039879513,0.0019835030171618624,0.5869343304547397,13.479424764378404,0.4,
0.0012,1.1,2.0,18,0,vae,0.5437562679698225,0.006283038192657685,0.004093972189560481,0.002377791424343842,0.5808030231390302,10.961047421142508,882.0,
0.0012,1.1,2.0,18,0,jump,0.503534077802773,0.006283038192657685,0.004093972189560481,0.002377791424343842,0.5808030231390302,10.961047421142508,30.5,
0.0012,1.1,2.0,18,0,kmeans,0.5121998188488132,0.006283038192657685,0.004093972189560481,0.002377791424343842,0.5808030231390302,10.961047421142508,0.4,
0.001,1.1,4.0,18,0,vae,0.6990344519089158,0.004443714440379458,0.0037237142722129782,0.001991509451803396,0.5348180086384167,5.023508148817552,862.7,
0.001,1.1,4.0,18,0,jump,0.5023703176320266,0.004443714440379458,0.0037237142722129782,0.001991509451803396,0.5348180086384167,5.023508148817552,32.6,
0.001,1.1,4.0,18,0,kmeans,0.7060153972806553,0.004443714440379458,0.0037237142722129782,0.001991509451803396,0.5348180086384167,5.023508148817552,0.6,
0.0011,1.1,2.75,18,0,vae,0.6863263076915704,0.005201362682027891,0.00388014297940406,0.002186519020322084,0.5635150642458813,9.02953233739381,895.6,
0.0011,1.1,2.75,18,0,jump,0.5016277776384437,0.005201362682027891,0.00388014297940406,0.002186519020322084,0.5635150642458813,9.02953233739381,30.1,
0.0011,1.1,2.75,18,0,kmeans,0.6921733699631989,0.005201362682027891,0.00388014297940406,0.002186519020322084,0.5635150642458813,9.02953233739381,0.7,
0.0008,1.6,2.0,18,2,vae,0.5855377395286662,0.004983739339549144,0.004259685440965141,0.0016151139166587674,0.37916271965209286,6.111765831392759,867.8,
0.0008,1.6,2.0,18,2,jump,0.5007947925569676,0.004983739339549144,0.004259685440965141,0.0016151139166587674,0.37916271965209286,6.111765831392759,31.8,
0.0008,1.6,2.0,18,2,kmeans,0.6414064836692243,0.004983739339549144,0.004259685440965141,0.0016151139166587674,0.37916271965209286,6.111765831392759,0.4,
0.0005,1.6,6.0,18,3,vae,0.582409870519393,0.0042624675576979605,0.004128765218162521,0.0010108093153214297,0.24482121455462255,0.5207881167244501,866.8,
0.0005,1.6,6.0,18,3,jump,0.506498675567598,0.0042624675576979605,0.004128765218162521,0.0010108093153214297,0.24482121455462255,0.5207881167244501,31.6,
0.0005,1.6,6.0,18,3,kmeans,0.5100539655080766,0.0042624675576979605,0.004128765218162521,0.0010108093153214297,0.24482121455462255,0.5207881167244501,0.7,
0.002,1.6,2.75,18,3,vae,0.8075879639864625,0.005025039396900956,0.0047044132521277095,0.004043562663550058,0.8595253960143144,2.1981514220699676,895.9,
0.002,1.6,2.75,18,3,jump,0.8138164735300386,0.005025039396900956,0.0047044132521277095,0.004043562663550058,0.8595253960143144,2.1981514220699676,33.2,
0.002,1.6,2.75,18,3,kmeans,0.8156978316898317,0.005025039396900956,0.0047044132521277095,0.004043562663550058,0.8595253960143144,2.1981514220699676,0.5,
0.0014,1.1,4.0,18,1,vae,0.7413311105079337,0.00451591392708136,0.003880997005747679,0.0027951646713589243,0.7202181983699913,4.732226262823735,876.7,
0.0014,1.1,4.0,18,1,jump,0.752286690808907,0.00451591392708136,0.003880997005747679,0.0027951646713589243,0.7202181983699913,4.732226262823735,31.2,
0.0014,1.1,4.0,18,1,kmeans,0.753378653486355,0.00451591392708136,0.003880997005747679,0.0027951646713589243,0.7202181983699913,4.732226262823735,0.4,
0.0014,1.6,6.0,18,3,vae,0.7648333745188475,0.0044583134257331885,0.004332572062333981,0.0028108093153214296,0.6487622767449668,0.4103146932904469,894.7,
0.0014,1.6,6.0,18,3,jump,0.7817303876470856,0.0044583134257331885,0.004332572062333981,0.0028108093153214296,0.6487622767449668,0.4103146932904469,31.7,
0.0014,1.6,6.0,18,3,kmeans,0.7682681923239201,0.0044583134257331885,0.004332572062333981,0.0028108093153214296,0.6487622767449668,0.4103146932904469,0.5,
0.0005,1.1,4.0,18,4,vae,0.6058911340837648,0.004330215456768294,0.003584917500351797,0.0010117312549970028,0.28221883903819794,4.67809526148678,872.4,
0.0005,1.1,4.0,18,4,jump,0.5034925253625533,0.004330215456768294,0.003584917500351797,0.0010117312549970028,0.28221883903819794,4.67809526148678,31.5,
0.0005,1.1,4.0,18,4,kmeans,0.5051164664073868,0.004330215456768294,0.003584917500351797,0.0010117312549970028,0.28221883903819794,4.67809526148678,0.9,
0.0016,0.8,6.0,18,1,vae,0.8278167707037759,0.003461303376849839,0.0031490147587888476,0.0032096957717521178,1.0192698407633405,2.825225694140764,878.8,
0.0016,0.8,6.0,18,1,jump,0.8198713415035634,0.003461303376849839,0.0031490147587888476,0.0032096957717521178,1.0192698407633405,2.825225694140764,31.9,
0.0016,0.8,6.0,18,1,kmeans,0.8369818283663388,0.003461303376849839,0.0031490147587888476,0.0032096957717521178,1.0192698407633405,2.825225694140764,0.4,
0.0011,0.8,6.0,18,0,vae,0.774438020704745,0.003265659021234718,0.002820235146709557,0.0022118565432238677,0.7842808943802076,3.661860728725954,876.1,
0.0011,0.8,6.0,18,0,jump,0.7890328471605814,0.003265659021234718,0.002820235146709557,0.0022118565432238677,0.7842808943802076,3.661860728725954,32.8,
0.0011,0.8,6.0,18,0,kmeans,0.7798565348386401,0.003265659021234718,0.002820235146709557,0.0022118565432238677,0.7842808943802076,3.661860728725954,0.5,
0.0012,1.6,6.0,18,1,vae,0.704741886446667,0.004371546698394667,0.0042601797039854,0.002369483487557132,0.5561933186387605,0.399723794210622,901.9,
0.0012,1.6,6.0,18,1,jump,0.7255181822641389,0.004371546698394667,0.0042601797039854,0.002369483487557132,0.5561933186387605,0.399723794210622,33.6,
0.0012,1.6,6.0,18,1,kmeans,0.7248876273454948,0.004371546698394667,0.0042601797039854,0.002369483487557132,0.5561933186387605,0.399723794210622,0.7,
0.0011,1.6,6.0,18,5,vae,0.6948095356568104,0.004367513128636207,0.004264718745619235,0.002192314014584738,0.5140582873927398,0.4395430055948526,867.9,
0.0011,1.6,6.0,18,5,jump,0.725231206201062,0.004367513128636207,0.004264718745619235,0.002192314014584738,0.5140582873927398,0.4395430055948526,31.8,
0.0011,1.6,6.0,18,5,kmeans,0.7108510818493807,0.004367513128636207,0.004264718745619235,0.002192314014584738,0.5140582873927398,0.4395430055948526,0.6,
0.0008,0.8,2.75,18,0,vae,0.546107222779075,0.0050963576836853125,0.0030002265895180368,0.001611247631729362,0.5370419812152243,15.238430757742453,900.4,
0.0008,0.8,2.75,18,0,jump,0.5048657758220899,0.0050963576836853125,0.0030002265895180368,0.001611247631729362,0.5370419812152243,15.238430757742453,32.6,
0.0008,0.8,2.75,18,0,kmeans,0.5086438672087911,0.0050963576836853125,0.0030002265895180368,0.001611247631729362,0.5370419812152243,15.238430757742453,0.5,
0.0016,1.6,6.0,18,5,vae,0.779287372905832,0.0045180040188741565,0.004439938840698071,0.003192314014584738,0.7189995468682684,0.356586686073753,865.0,
0.0016,1.6,6.0,18,5,jump,0.7823703090348688,0.0045180040188741565,0.004439938840698071,0.003192314014584738,0.7189995468682684,0.356586686073753,31.9,
0.0016,1.6,6.0,18,5,kmeans,0.7823256415625867,0.0045180040188741565,0.004439938840698071,0.003192314014584738,0.7189995468682684,0.356586686073753,0.4,
0.0016,0.8,2.75,18,5,vae,0.71402423346455,0.005252484678396569,0.0035332751335407937,0.003204509387877576,0.9069515581896527,13.379099952152952,923.5,
0.0016,0.8,2.75,18,5,jump,0.5009069978399515,0.005252484678396569,0.0035332751335407937,0.003204509387877576,0.9069515581896527,13.379099952152952,32.5,
0.0016,0.8,2.75,18,5,kmeans,0.7706317293388125,0.005252484678396569,0.0035332751335407937,0.003204509387877576,0.9069515581896527,13.379099952152952,0.4,
0.001,1.6,2.75,18,0,vae,0.6916131086120103,0.004726788959321382,0.0042477255949696585,0.001966391226585599,0.46292802645121073,3.2449038435821347,919.6,
0.001,1.6,2.75,18,0,jump,0.5012266155649544,0.004726788959321382,0.0042477255949696585,0.001966391226585599,0.46292802645121073,3.2449038435821347,31.5,
0.001,1.6,2.75,18,0,kmeans,0.6981624746213718,0.004726788959321382,0.0042477255949696585,0.001966391226585599,0.46292802645121073,3.2449038435821347,0.5,
0.002,1.1,6.0,18,0,vae,0.8351482232336687,0.004354201271390176,0.0041495099921361285,0.004037060302679727,0.9729004895350274,1.2930829877814505,928.7,
0.002,1.1,6.0,18,0,jump,0.8282808737558061,0.004354201271390176,0.0041495099921361285,0.004037060302679727,0.9729004895350274,1.2930829877814505,34.1,
0.002,1.1,6.0,18,0,kmeans,0.8416400409929615,0.004354201271390176,0.0041495099921361285,0.004037060302679727,0.9729004895350274,1.2930829877814505,0.4,
0.0012,1.1,6.0,18,2,vae,0.7216817169491274,0.0040469056379294,0.0036757020780373863,0.0023801157623563815,0.6475268429881093,1.9536948670809435,894.9,
0.0012,1.1,6.0,18,2,jump,0.7454692474156754,0.0040469056379294,0.0036757020780373863,0.0023801157623563815,0.6475268429881093,1.9536948670809435,33.4,
0.0012,1.1,6.0,18,2,kmeans,0.7519676759659621,0.0040469056379294,0.0036757020780373863,0.0023801157623563815,0.6475268429881093,1.9536948670809435,0.6,
0.0014,1.1,4.0,18,5,vae,0.7406599354867218,0.004508181610181668,0.0038997429702675433,0.002814802538858583,0.7217918104652606,4.141637585374628,858.9,
0.0014,1.1,4.0,18,5,jump,0.7652597853783991,0.004508181610181668,0.0038997429702675433,0.002814802538858583,0.7217918104652606,4.141637585374628,33.1,
0.0014,1.1,4.0,18,5,kmeans,0.7645377813170212,0.004508181610181668,0.0038997429702675433,0.002814802538858583,0.7217918104652606,4.141637585374628,0.4,
0.0011,1.1,6.0,18,2,vae,0.7082156744842494,0.004018520951095338,0.003635088748795906,0.002180115762356382,0.5997421006787049,2.010605280287524,867.9,
0.0011,1.1,6.0,18,2,jump,0.7362878995997022,0.004018520951095338,0.003635088748795906,0.002180115762356382,0.5997421006787049,2.010605280287524,31.8,
0.0011,1.1,6.0,18,2,kmeans,0.7318385613138194,0.004018520951095338,0.003635088748795906,0.002180115762356382,0.5997421006787049,2.010605280287524,0.5,
0.001,0.8,4.0,18,3,vae,0.7425940480796581,0.0038524411581485635,0.002898303818484422,0.0019829130492895215,0.6841632808276202,9.188045189220396,890.0,
0.001,0.8,4.0,18,3,jump,0.5009074966675384,0.0038524411581485635,0.002898303818484422,0.0019829130492895215,0.6841632808276202,9.188045189220396,33.1,
0.001,0.8,4.0,18,3,kmeans,0.7436474532270689,0.0038524411581485635,0.002898303818484422,0.0019829130492895215,0.6841632808276202,9.188045189220396,0.4,
0.002,1.1,6.0,18,1,vae,0.8258342691405455,0.004317889256443627,0.004122187853565643,0.003941602876230368,0.9561919583118779,1.013291445650922,902.5,
0.002,1.1,6.0,18,1,jump,0.8134834598920477,0.004317889256443627,0.004122187853565643,0.003941602876230368,0.9561919583118779,1.013291445650922,32.8,
0.002,1.1,6.0,18,1,kmeans,0.8329491653754263,0.004317889256443627,0.004122187853565643,0.003941602876230368,0.9561919583118779,1.013291445650922,0.4,
0.0014,1.6,4.0,18,3,vae,0.7600230813795985,0.00456079901268343,0.004331913668558915,0.0027709495300172853,0.6396594535410233,0.9546511573404759,855.7,
0.0014,1.6,4.0,18,3,jump,0.7695291239935269,0.00456079901268343,0.004331913668558915,0.0027709495300172853,0.6396594535410233,0.9546511573404759,32.1,
0.0014,1.6,4.0,18,3,kmeans,0.759022000995903,0.00456079901268343,0.004331913668558915,0.0027709495300172853,0.6396594535410233,0.9546511573404759,0.3,
0.0011,1.1,2.0,18,1,vae,0.5586275551929154,0.0062387561143168015,0.004021859217418685,0.002197090455332536,0.546287260831242,11.188010290945233,859.7,
0.0011,1.1,2.0,18,1,jump,0.5009136157770738,0.0062387561143168015,0.004021859217418685,0.002197090455332536,0.546287260831242,11.188010290945233,30.9,
0.0011,1.1,2.0,18,1,kmeans,0.5149994640738426,0.0062387561143168015,0.004021859217418685,0.002197090455332536,0.546287260831242,11.188010290945233,0.4,
0.0005,0.8,2.75,18,0,vae,0.5237492049162783,0.005057958646205842,0.0028904687852100907,0.001011247631729362,0.3498559254137943,15.704390205130313,885.5,
0.0005,0.8,2.75,18,0,jump,0.5028958849664853,0.005057958646205842,0.0028904687852100907,0.001011247631729362,0.3498559254137943,15.704390205130313,30.9,
0.0005,0.8,2.75,18,0,kmeans,0.5062240445762493,0.005057958646205842,0.0028904687852100907,0.001011247631729362,0.3498559254137943,15.704390205130313,0.4,
0.0008,0.8,4.0,18,5,vae,0.6404124792912633,0.003854948008739974,0.0028054298454346367,0.0016038979705426545,0.5717120223671704,9.533259702263683,904.9,
0.0008,0.8,4.0,18,5,jump,0.5006699720596155,0.003854948008739974,0.0028054298454346367,0.0016038979705426545,0.5717120223671704,9.533259702263683,32.5,
0.0008,0.8,4.0,18,5,kmeans,0.6989965908632445,0.003854948008739974,0.0028054298454346367,0.0016038979705426545,0.5717120223671704,9.533259702263683,0.7,
0.002,0.8,4.0,18,2,vae,0.7112161857655436,0.004284058109013652,0.0036708006164520297,0.003980364881851017,1.084331539014013,7.738481418637358,914.0,
0.002,0.8,4.0,18,2,jump,0.8108529967426981,0.004284058109013652,0.0036708006164520297,0.003980364881851017,1.084331539014013,7.738481418637358,32.6,
0.002,0.8,4.0,18,2,kmeans,0.8372785454830698,0.004284058109013652,0.0036708006164520297,0.003980364881851017,1.084331539014013,7.738481418637358,0.3,
0.0011,0.8,2.75,18,4,vae,0.7028361189446988,0.005138475775550174,0.003155465653939997,0.0021911530767094794,0.6943992795401048,14.736778369572978,910.2,
0.0011,0.8,2.75,18,4,jump,0.503251634287104,0.005138475775550174,0.003155465653939997,0.0021911530767094794,0.6943992795401048,14.736778369572978,32.3,
0.0011,0.8,2.75,18,4,kmeans,0.5051959929813296,0.005138475775550174,0.003155465653939997,0.0021911530767094794,0.6943992795401048,14.736778369572978,0.4,
0.0014,0.8,6.0,18,2,vae,0.8005451940433364,0.003387498311133967,0.00300954183928821,0.002790571326181308,0.9272412464088917,2.848612357045444,891.3,
0.0014,0.8,6.0,18,2,jump,0.8134113332563516,0.003387498311133967,0.00300954183928821,0.002790571326181308,0.9272412464088917,2.848612357045444,32.6,
0.0014,0.8,6.0,18,2,kmeans,0.8247538838132935,0.003387498311133967,0.00300954183928821,0.002790571326181308,0.9272412464088917,2.848612357045444,0.2,
0.0011,1.6,2.75,18,1,vae,0.6997316597269407,0.004763206166217435,0.004323692447437176,0.0021765842151849537,0.5034086586050082,3.18861325498482,856.0,
0.0011,1.6,2.75,18,1,jump,0.7271216335065296,0.004763206166217435,0.004323692447437176,0.0021765842151849537,0.5034086586050082,3.18861325498482,31.0,
0.0011,1.6,2.75,18,1,kmeans,0.7018705118560542,0.004763206166217435,0.004323692447437176,0.0021765842151849537,0.5034086586050082,3.18861325498482,0.5,
0.0005,1.6,4.0,18,0,vae,0.580258600277098,0.004414238886920657,0.0041485442729843275,0.0010064940288052233,0.24261378511966183,1.364565189879035,894.4,
0.0005,1.6,4.0,18,0,jump,0.501464431645029,0.004414238886920657,0.0041485442729843275,0.0010064940288052233,0.24261378511966183,1.364565189879035,30.6,
0.0005,1.6,4.0,18,0,kmeans,0.5447975536596541,0.004414238886920657,0.0041485442729843275,0.0010064940288052233,0.24261378511966183,1.364565189879035,0.6,
0.0008,1.6,2.75,18,2,vae,0.6242587748763371,0.004687966946206881,0.004213685685112206,0.0016184790102284233,0.3841005549955549,3.3732539383501967,876.5,
0.0008,1.6,2.75,18,2,jump,0.5030367820825162,0.004687966946206881,0.004213685685112206,0.0016184790102284233,0.3841005549955549,3.3732539383501967,32.2,
0.0008,1.6,2.75,18,2,kmeans,0.6565572183489533,0.004687966946206881,0.004213685685112206,0.0016184790102284233,0.3841005549955549,3.3732539383501967,0.4,
0.001,1.1,2.75,18,1,vae,0.5787069519052472,0.0051568085878324985,0.0038220584915823635,0.0019499340097699944,0.5101790080043244,9.249845515551707,888.8,
0.001,1.1,2.75,18,1,jump,0.5023824676617614,0.0051568085878324985,0.0038220584915823635,0.0019499340097699944,0.5101790080043244,9.249845515551707,31.6,
0.001,1.1,2.75,18,1,kmeans,0.5063680113725801,0.0051568085878324985,0.0038220584915823635,0.0019499340097699944,0.5101790080043244,9.249845515551707,0.6,
0.002,0.8,6.0,18,4,vae,0.8584122405445526,0.0036357622698083144,0.0035158286834994393,0.003988005864381149,1.1343003949816275,1.7104510790211238,883.3,
0.002,0.8,6.0,18,4,jump,0.8410000132477584,0.0036357622698083144,0.0035158286834994393,0.003988005864381149,1.1343003949816275,1.7104510790211238,31.1,
0.002,0.8,6.0,18,4,kmeans,0.8641535428808528,0.0036357622698083144,0.0035158286834994393,0.003988005864381149,1.1343003949816275,1.7104510790211238,0.5,
0.0008,0.8,2.75,18,3,vae,0.5760941263314675,0.005063243293246678,0.0029967739365472793,0.0016184006815640954,0.5400476365023146,15.446815292176698,885.5,
0.0008,0.8,2.75,18,3,jump,0.5002780773280093,0.005063243293246678,0.0029967739365472793,0.0016184006815640954,0.5400476365023146,15.446815292176698,32.8,
0.0008,0.8,2.75,18,3,kmeans,0.5004334994012845,0.005063243293246678,0.0029967739365472793,0.0016184006815640954,0.5400476365023146,15.446815292176698,0.7,
0.0012,1.6,2.75,18,4,vae,0.7114029660330277,0.004761292717288032,0.00434495087288012,0.0023375266343583752,0.537986896226725,2.64091715175657,842.1,
0.0012,1.6,2.75,18,4,jump,0.7323523848506639,0.004761292717288032,0.00434495087288012,0.0023375266343583752,0.537986896226725,2.64091715175657,30.3,
0.0012,1.6,2.75,18,4,kmeans,0.713104582567735,0.004761292717288032,0.00434495087288012,0.0023375266343583752,0.537986896226725,2.64091715175657,0.5,
0.0005,1.1,2.0,18,5,vae,0.507651546006856,0.006197954059567628,0.0038396577237064127,0.000983418451684336,0.25612138436523046,11.707018942296745,897.0,
0.0005,1.1,2.0,18,5,jump,0.5046021505066476,0.006197954059567628,0.0038396577237064127,0.000983418451684336,0.25612138436523046,11.707018942296745,29.7,
0.0005,1.1,2.0,18,5,kmeans,0.5053889544225281,0.006197954059567628,0.0038396577237064127,0.000983418451684336,0.25612138436523046,11.707018942296745,0.5,
0.0008,1.1,2.75,18,2,vae,0.5347343522818419,0.005167144465572939,0.003769993576093072,0.0016192910972547096,0.42952091683212285,9.221283169635056,916.2,
0.0008,1.1,2.75,18,2,jump,0.5001604685447502,0.005167144465572939,0.003769993576093072,0.0016192910972547096,0.42952091683212285,9.221283169635056,32.7,
0.0008,1.1,2.75,18,2,kmeans,0.5158232745361345,0.005167144465572939,0.003769993576093072,0.0016192910972547096,0.42952091683212285,9.221283169635056,0.6,
0.0012,1.6,2.75,18,2,vae,0.7131638887903033,0.004774830356324126,0.004312299183339997,0.002418479010228423,0.5608328428537379,3.146046531381147,885.1,
0.0012,1.6,2.75,18,2,jump,0.7272885558041977,0.004774830356324126,0.004312299183339997,0.002418479010228423,0.5608328428537379,3.146046531381147,30.6,
0.0012,1.6,2.75,18,2,kmeans,0.7225934020882521,0.004774830356324126,0.004312299183339997,0.002418479010228423,0.5608328428537379,3.146046531381147,0.3,
0.0016,1.6,2.75,18,4,vae,0.7635213086191797,0.004875365832004746,0.004499352141289434,0.0031375266343583756,0.6973285343830004,2.384826463967981,867.8,
0.0016,1.6,2.75,18,4,jump,0.7815230211421016,0.004875365832004746,0.004499352141289434,0.0031375266343583756,0.6973285343830004,2.384826463967981,30.7,
0.0016,1.6,2.75,18,4,kmeans,0.7679891851864126,0.004875365832004746,0.004499352141289434,0.0031375266343583756,0.6973285343830004,2.384826463967981,0.3,
0.0008,0.8,4.0,18,2,vae,0.6480177197114284,0.0038751166992004663,0.0028022731652326493,0.0015803648818510168,0.5639581827561813,11.550114436539209,878.5,
0.0008,0.8,4.0,18,2,jump,0.5005273266486457,0.0038751166992004663,0.0028022731652326493,0.0015803648818510168,0.5639581827561813,11.550114436539209,32.2,
0.0008,0.8,4.0,18,2,kmeans,0.6802541768147659,0.0038751166992004663,0.0028022731652326493,0.0015803648818510168,0.5639581827561813,11.550114436539209,0.6,
0.0012,0.8,2.0,18,3,vae,0.5178002136572821,0.0067995167263531515,0.0035119843746324315,0.0023835030171618617,0.6786769993563317,13.217281042550667,856.6,
0.0012,0.8,2.0,18,3,jump,0.5095132729449147,0.0067995167263531515,0.0035119843746324315,0.0023835030171618617,0.6786769993563317,13.217281042550667,29.1,
0.0012,0.8,2.0,18,3,kmeans,0.5093815747692934,0.0067995167263531515,0.0035119843746324315,0.0023835030171618617,0.6786769993563317,13.217281042550667,0.4,
0.0011,1.1,2.0,18,0,vae,0.5361891457767852,0.006264897073671757,0.00404594322703504,0.0021777914243438423,0.5382654432202149,11.085074814396563,881.4,
0.0011,1.1,2.0,18,0,jump,0.5029727960393279,0.006264897073671757,0.00404594322703504,0.0021777914243438423,0.5382654432202149,11.085074814396563,31.9,
0.0011,1.1,2.0,18,0,kmeans,0.511799657179497,0.006264897073671757,0.00404594322703504,0.0021777914243438423,0.5382654432202149,11.085074814396563,0.5,
0.001,1.1,4.0,18,3,vae,0.7133030659527559,0.004429262268194969,0.0037159920836841985,0.0019994188223918293,0.5380578799321654,5.214239734271709,896.8,
0.001,1.1,4.0,18,3,jump,0.5053822403603164,0.004429262268194969,0.0037159920836841985,0.0019994188223918293,0.5380578799321654,5.214239734271709,31.2,
0.001,1.1,4.0,18,3,kmeans,0.7152075070944368,0.004429262268194969,0.0037159920836841985,0.0019994188223918293,0.5380578799321654,5.214239734271709,0.5,
0.0014,1.1,2.75,18,3,vae,0.7515332808129568,0.005262253494157153,0.0040084755541019606,0.0027761006480519403,0.6925577094292358,8.333702471346358,890.9,
0.0014,1.1,2.75,18,3,jump,0.5034468650186132,0.005262253494157153,0.0040084755541019606,0.0027761006480519403,0.6925577094292358,8.333702471346358,31.8,
0.0014,1.1,2.75,18,3,kmeans,0.7556567025228327,0.005262253494157153,0.0040084755541019606,0.0027761006480519403,0.6925577094292358,8.333702471346358,0.4,
0.0008,1.1,2.75,18,0,vae,0.5783126640994228,0.005146704796544543,0.0037741838148828504,0.0015865190203220839,0.42036082452209045,9.445361500053586,893.2,
0.0008,1.1,2.75,18,0,jump,0.5006294142896672,0.005146704796544543,0.0037741838148828504,0.0015865190203220839,0.42036082452209045,9.445361500053586,31.1,
0.0008,1.1,2.75,18,0,kmeans,0.5086687222504764,0.005146704796544543,0.0037741838148828504,0.0015865190203220839,0.42036082452209045,9.445361500053586,0.6,
0.002,1.6,4.0,18,5,vae,0.8135332354811503,0.004795233712421918,0.004641069957229785,0.003950189111471773,0.8511375928126725,0.7987493824695613,911.5,
0.002,1.6,4.0,18,5,jump,0.812013180586588,0.004795233712421918,0.004641069957229785,0.003950189111471773,0.8511375928126725,0.7987493824695613,32.7,
0.002,1.6,4.0,18,5,kmeans,0.8181013650635687,0.004795233712421918,0.004641069957229785,0.003950189111471773,0.8511375928126725,0.7987493824695613,0.4,
0.0016,1.1,2.0,18,5,vae,0.5629484358059581,0.0063777189555713825,0.004294968673962,0.003183418451684336,0.7411971293256753,10.38241218154825,861.3,
0.0016,1.1,2.0,18,5,jump,0.5091066409484489,0.0063777189555713825,0.004294968673962,0.003183418451684336,0.7411971293256753,10.38241218154825,32.2,
0.0016,1.1,2.0,18,5,kmeans,0.5034216244358931,0.0063777189555713825,0.004294968673962,0.003183418451684336,0.7411971293256753,10.38241218154825,0.4,
0.002,0.8,2.75,18,3,vae,0.8063466603621918,0.005389720605008177,0.00389181523600442,0.004018400681564095,1.0325260676274128,12.00510935707412,880.2,
0.002,0.8,2.75,18,3,jump,0.8082858811984917,0.005389720605008177,0.00389181523600442,0.004018400681564095,1.0325260676274128,12.00510935707412,31.6,
0.002,0.8,2.75,18,3,kmeans,0.8206602521947459,0.005389720605008177,0.00389181523600442,0.004018400681564095,1.0325260676274128,12.00510935707412,0.5,
0.0005,0.8,6.0,18,2,vae,0.5949823481600709,0.003122918542807256,0.002568124659623317,0.000990571326181308,0.38571777365612825,3.9963610776414606,864.3,
0.0005,0.8,6.0,18,2,jump,0.5039187215645593,0.003122918542807256,0.002568124659623317,0.000990571326181308,0.38571777365612825,3.9963610776414606,30.3,
0.0005,0.8,6.0,18,2,kmeans,0.5128828745826995,0.003122918542807256,0.002568124659623317,0.000990571326181308,0.38571777365612825,3.9963610776414606,0.5,
0.0012,0.8,4.0,18,5,vae,0.7493570045320674,0.0039567933380330895,0.003030718936278289,0.0024038979705426544,0.7931774674871804,8.508378052514248,899.4,
0.0012,0.8,4.0,18,5,jump,0.7688057262738874,0.0039567933380330895,0.003030718936278289,0.0024038979705426544,0.7931774674871804,8.508378052514248,31.6,
0.0012,0.8,4.0,18,5,kmeans,0.7706804392973854,0.0039567933380330895,0.003030718936278289,0.0024038979705426544,0.7931774674871804,8.508378052514248,0.7,
0.0011,0.8,6.0,18,5,vae,0.7574423773597714,0.003267773944962084,0.002834719773168068,0.0021938921166873124,0.7739361532146897,3.3291647382038683,867.5,
0.0011,0.8,6.0,18,5,jump,0.7810425323991268,0.003267773944962084,0.002834719773168068,0.0021938921166873124,0.7739361532146897,3.3291647382038683,31.4,
0.0011,0.8,6.0,18,5,kmeans,0.7804402819910358,0.003267773944962084,0.002834719773168068,0.0021938921166873124,0.7739361532146897,3.3291647382038683,0.3,
0.0011,1.1,4.0,18,5,vae,0.6998777728253985,0.004425043336213527,0.003764804317975409,0.0022148025388585833,0.5882915423475802,4.477620847734626,916.5,
0.0011,1.1,4.0,18,5,jump,0.7148486605201663,0.004425043336213527,0.003764804317975409,0.0022148025388585833,0.5882915423475802,4.477620847734626,33.6,
0.0011,1.1,4.0,18,5,kmeans,0.7200938465193633,0.004425043336213527,0.003764804317975409,0.0022148025388585833,0.5882915423475802,4.477620847734626,0.7,
0.0016,0.8,2.0,18,1,vae,0.5262085850217758,0.006813575614667607,0.0037707362334685737,0.003159408905673997,0.837875870932442,12.419425540174679,865.2,
0.0016,0.8,2.0,18,1,jump,0.5054501233940837,0.006813575614667607,0.0037707362334685737,0.003159408905673997,0.837875870932442,12.419425540174679,30.6,
0.0016,0.8,2.0,18,1,kmeans,0.5024832595988387,0.006813575614667607,0.0037707362334685737,0.003159408905673997,0.837875870932442,12.419425540174679,0.3,
0.0008,0.8,6.0,18,2,vae,0.6741983630418396,0.0031854044996983038,0.0026627615878535493,0.0015905713261813084,0.5973389932605522,3.693683344034942,886.5,
0.0008,0.8,6.0,18,2,jump,0.730665545401898,0.0031854044996983038,0.0026627615878535493,0.0015905713261813084,0.5973389932605522,3.693683344034942,30.7,
0.0008,0.8,6.0,18,2,kmeans,0.7288146345152764,0.0031854044996983038,0.0026627615878535493,0.0015905713261813084,0.5973389932605522,3.693683344034942,0.4,
0.002,1.6,4.0,18,1,vae,0.8069438901171384,0.004792379535850747,0.004631709643227327,0.003971589941421577,0.8574781770331819,0.8837833734770721,863.6,
0.002,1.6,4.0,18,1,jump,0.800786597325736,0.004792379535850747,0.004631709643227327,0.003971589941421577,0.8574781770331819,0.8837833734770721,32.2,
0.002,1.6,4.0,18,1,kmeans,0.8134834598920477,0.004792379535850747,0.004631709643227327,0.003971589941421577,0.8574781770331819,0.8837833734770721,0.4,
0.001,1.1,2.75,18,5,vae,0.6346114714393941,0.005209247581714674,0.0038518474073189067,0.0019783902402785757,0.5136211358008187,9.069400419658423,911.8,
0.001,1.1,2.75,18,5,jump,0.5014522932184211,0.005209247581714674,0.0038518474073189067,0.0019783902402785757,0.5136211358008187,9.069400419658423,33.4,
0.001,1.1,2.75,18,5,kmeans,0.6850689047791954,0.005209247581714674,0.0038518474073189067,0.0019783902402785757,0.5136211358008187,9.069400419658423,0.6,
0.001,0.8,2.75,18,4,vae,0.6860657175268123,0.0051183547861157605,0.0030963950628526875,0.0019911530767094793,0.6430552420772315,14.978636277506247,877.2,
0.001,0.8,2.75,18,4,jump,0.5029099041562701,0.0051183547861157605,0.0030963950628526875,0.0019911530767094793,0.6430552420772315,14.978636277506247,32.0,
0.001,0.8,2.75,18,4,kmeans,0.5050765630383778,0.0051183547861157605,0.0030963950628526875,0.0019911530767094793,0.6430552420772315,14.978636277506247,0.2,
0.0005,1.1,4.0,18,0,vae,0.5782852280149703,0.004357759469943211,0.0035747217035368554,0.0009915094518033961,0.2773668928751543,5.428040882657742,847.5,
0.0005,1.1,4.0,18,0,jump,0.5009167153621734,0.004357759469943211,0.0035747217035368554,0.0009915094518033961,0.2773668928751543,5.428040882657742,31.8,
0.0005,1.1,4.0,18,0,kmeans,0.502952567866944,0.004357759469943211,0.0035747217035368554,0.0009915094518033961,0.2773668928751543,5.428040882657742,0.7,
0.0012,1.1,6.0,18,1,vae,0.7161358126228865,0.004016451791660094,0.0036771285660250645,0.0023416028762303686,0.6368020139044568,1.4856264689399294,915.6,
0.0012,1.1,6.0,18,1,jump,0.7459992209385574,0.004016451791660094,0.0036771285660250645,0.0023416028762303686,0.6368020139044568,1.4856264689399294,32.7,
0.0012,1.1,6.0,18,1,kmeans,0.7468663377551819,0.004016451791660094,0.0036771285660250645,0.0023416028762303686,0.6368020139044568,1.4856264689399294,0.5,
0.0008,1.1,4.0,18,5,vae,0.6459997556897394,0.004360994245583671,0.003663171520312026,0.0016148025388585832,0.4408208924710781,4.7562147924505656,880.3,
0.0008,1.1,4.0,18,5,jump,0.5049750598608168,0.004360994245583671,0.003663171520312026,0.0016148025388585832,0.4408208924710781,4.7562147924505656,31.1,
0.0008,1.1,4.0,18,5,kmeans,0.6671505242584399,0.004360994245583671,0.003663171520312026,0.0016148025388585832,0.4408208924710781,4.7562147924505656,0.3,
0.002,1.6,6.0,18,1,vae,0.8141759317158539,0.004653240057085374,0.004590899328116232,0.003969483487557133,0.8646418062898185,0.26053412418683397,883.8,
0.002,1.6,6.0,18,1,jump,0.8097270442486308,0.004653240057085374,0.004590899328116232,0.003969483487557133,0.8646418062898185,0.26053412418683397,33.3,
0.002,1.6,6.0,18,1,kmeans,0.8208053928108615,0.004653240057085374,0.004590899328116232,0.003969483487557133,0.8646418062898185,0.26053412418683397,0.4,
0.0016,1.6,6.0,18,1,vae,0.777669665401885,0.004496841748189738,0.004398299002375698,0.0031694834875571325,0.720615739367689,0.3398341970878138,921.6,
0.0016,1.6,6.0,18,1,jump,0.7822383295888539,0.004496841748189738,0.004398299002375698,0.0031694834875571325,0.720615739367689,0.3398341970878138,33.3,
0.0016,1.6,6.0,18,1,kmeans,0.7797397871149024,0.004496841748189738,0.004398299002375698,0.0031694834875571325,0.720615739367689,0.3398341970878138,0.4,
0.0016,1.1,6.0,18,0,vae,0.7968571282483836,0.004184971823539024,0.003888536708230744,0.0032370603026797267,0.8324623233793684,1.575886204544502,921.1,
0.0016,1.1,6.0,18,0,jump,0.8057946540982022,0.004184971823539024,0.003888536708230744,0.0032370603026797267,0.8324623233793684,1.575886204544502,32.6,
0.0016,1.1,6.0,18,0,kmeans,0.8057489056153576,0.004184971823539024,0.003888536708230744,0.0032370603026797267,0.8324623233793684,1.575886204544502,0.3,
0.002,1.6,2.0,18,4,vae,0.7883826284024977,0.005348134713562814,0.004747036108055797,0.004003416915914519,0.8433508456193656,4.792138903793985,876.5,
0.002,1.6,2.0,18,4,jump,0.7911477877904416,0.005348134713562814,0.004747036108055797,0.004003416915914519,0.8433508456193656,4.792138903793985,34.6,
0.002,1.6,2.0,18,4,kmeans,0.7961157272144859,0.005348134713562814,0.004747036108055797,0.004003416915914519,0.8433508456193656,4.792138903793985,0.6,
0.0011,0.8,2.0,18,1,vae,0.5127267279556483,0.006715975635904208,0.003418750744037891,0.002159408905673997,0.6316368367714097,13.188703880950026,879.9,
0.0011,0.8,2.0,18,1,jump,0.5034172958984034,0.006715975635904208,0.003418750744037891,0.002159408905673997,0.6316368367714097,13.188703880950026,31.7,
0.0011,0.8,2.0,18,1,kmeans,0.5011735046952344,0.006715975635904208,0.003418750744037891,0.002159408905673997,0.6316368367714097,13.188703880950026,0.7,
0.0011,1.6,4.0,18,2,vae,0.7044675116873331,0.004480193660154275,0.004265381902478527,0.0021639632712530253,0.5073316576871089,1.022946371267957,882.3,
0.0011,1.6,4.0,18,2,jump,0.723239091351528,0.004480193660154275,0.004265381902478527,0.0021639632712530253,0.5073316576871089,1.022946371267957,32.7,
0.0011,1.6,4.0,18,2,kmeans,0.7100034089753042,0.004480193660154275,0.004265381902478527,0.0021639632712530253,0.5073316576871089,1.022946371267957,0.6,
0.002,1.1,2.75,18,5,vae,0.7485356593719401,0.00548739460387492,0.004401871954415783,0.003978390240278576,0.903795085699304,7.2707849999448495,895.2,
0.002,1.1,2.75,18,5,jump,0.8012908659341842,0.00548739460387492,0.004401871954415783,0.003978390240278576,0.903795085699304,7.2707849999448495,32.6,
0.002,1.1,2.75,18,5,kmeans,0.8034832543407497,0.00548739460387492,0.004401871954415783,0.003978390240278576,0.903795085699304,7.2707849999448495,0.5,
0.0016,1.1,4.0,18,3,vae,0.786757500587139,0.004603273324018854,0.0039946438575242495,0.00319941882239183,0.8009271756142801,4.484874625746234,916.2,
0.0016,1.1,4.0,18,3,jump,0.7938638944869988,0.004603273324018854,0.0039946438575242495,0.00319941882239183,0.8009271756142801,4.484874625746234,31.2,
0.0016,1.1,4.0,18,3,kmeans,0.7915437293422334,0.004603273324018854,0.0039946438575242495,0.00319941882239183,0.8009271756142801,4.484874625746234,0.2,
0.0014,0.8,4.0,18,0,vae,0.7748527682669075,0.004043826904057011,0.003162529093832402,0.0027982983427426392,0.8848292805273824,9.327039604637612,840.4,
0.0014,0.8,4.0,18,0,jump,0.7915152500761833,0.004043826904057011,0.003162529093832402,0.0027982983427426392,0.8848292805273824,9.327039604637612,30.2,
0.0014,0.8,4.0,18,0,kmeans,0.7858893771672694,0.004043826904057011,0.003162529093832402,0.0027982983427426392,0.8848292805273824,9.327039604637612,0.2,
0.0016,0.8,2.0,18,3,vae,0.726955563186904,0.006879638615003829,0.0038059415248573457,0.003183503017161862,0.8364561032716303,12.584113482937493,874.5,
0.0016,0.8,2.0,18,3,jump,0.510073523453251,0.006879638615003829,0.0038059415248573457,0.003183503017161862,0.8364561032716303,12.584113482937493,30.6,
0.0016,0.8,2.0,18,3,kmeans,0.5092256820235025,0.006879638615003829,0.0038059415248573457,0.003183503017161862,0.8364561032716303,12.584113482937493,0.5,
0.0008,1.1,2.75,18,5,vae,0.6002737523686568,0.005175050993076095,0.003780765130339441,0.0015783902402785755,0.4174790514259917,9.328929314763478,894.7,
0.0008,1.1,2.75,18,5,jump,0.5005856401921438,0.005175050993076095,0.003780765130339441,0.0015783902402785755,0.4174790514259917,9.328929314763478,30.4,
0.0008,1.1,2.75,18,5,kmeans,0.5264682790503471,0.005175050993076095,0.003780765130339441,0.0015783902402785755,0.4174790514259917,9.328929314763478,0.6,
0.0011,1.1,2.0,18,5,vae,0.5352378326766094,0.0062727823946456505,0.004031732450322401,0.002183418451684336,0.5415583694076073,11.126280984962253,881.5,
0.0011,1.1,2.0,18,5,jump,0.5076544678038781,0.0062727823946456505,0.004031732450322401,0.002183418451684336,0.5415583694076073,11.126280984962253,30.9,
0.0011,1.1,2.0,18,5,kmeans,0.5050573504728348,0.0062727823946456505,0.004031732450322401,0.002183418451684336,0.5415583694076073,11.126280984962253,0.4,
0.002,0.8,2.0,18,3,vae,0.7634606330909857,0.0069817787080821625,0.004154653308573637,0.003983503017161862,0.9588051568445953,11.833184835883866,880.6,
0.002,0.8,2.0,18,3,jump,0.7761784848663165,0.0069817787080821625,0.004154653308573637,0.003983503017161862,0.9588051568445953,11.833184835883866,33.8,
0.002,0.8,2.0,18,3,kmeans,0.5078615328726297,0.0069817787080821625,0.004154653308573637,0.003983503017161862,0.9588051568445953,11.833184835883866,0.4,
0.0014,0.8,2.75,18,1,vae,0.570490057821895,0.005219169655051972,0.003370493298937388,0.0027767845273757594,0.8238510749305431,13.602703920517992,920.8,
0.0014,0.8,2.75,18,1,jump,0.5005896738530398,0.005219169655051972,0.003370493298937388,0.0027767845273757594,0.8238510749305431,13.602703920517992,31.2,
0.0014,0.8,2.75,18,1,kmeans,0.7520220394367014,0.005219169655051972,0.003370493298937388,0.0027767845273757594,0.8238510749305431,13.602703920517992,0.3,
0.002,0.8,2.0,18,5,vae,0.6000608214075985,0.007028283383874771,0.004162818235207497,0.003997560586819073,0.9603014979153451,11.783958014121842,916.8,
0.002,0.8,2.0,18,5,jump,0.7525087429772808,0.007028283383874771,0.004162818235207497,0.003997560586819073,0.9603014979153451,11.783958014121842,31.5,
0.002,0.8,2.0,18,5,kmeans,0.5118084626768847,0.007028283383874771,0.004162818235207497,0.003997560586819073,0.9603014979153451,11.783958014121842,0.3,
0.0008,1.1,2.0,18,3,vae,0.5796703361631232,0.00615331234293078,0.0039219547743208575,0.0016409551552415001,0.41840236557180976,11.470757723157954,907.6,
0.0008,1.1,2.0,18,3,jump,0.5059249457995563,0.00615331234293078,0.0039219547743208575,0.0016409551552415001,0.41840236557180976,11.470757723157954,31.6,
0.0008,1.1,2.0,18,3,kmeans,0.5145071984654555,0.00615331234293078,0.0039219547743208575,0.0016409551552415001,0.41840236557180976,11.470757723157954,0.6,
0.0005,0.8,2.75,18,5,vae,0.5287405165673096,0.005030747611014589,0.0028984902620683406,0.0010045093878775758,0.346562967977945,15.998929288504716,868.6,
0.0005,0.8,2.75,18,5,jump,0.5016231583072853,0.005030747611014589,0.0028984902620683406,0.0010045093878775758,0.346562967977945,15.998929288504716,31.1,
0.0005,0.8,2.75,18,5,kmeans,0.5109221975884048,0.005030747611014589,0.0028984902620683406,0.0010045093878775758,0.346562967977945,15.998929288504716,0.6,
0.0005,0.8,6.0,18,0,vae,0.6300319792199247,0.003115741851592409,0.002565094929307664,0.0010118565432238676,0.39447138258425946,4.5291025350098515,889.6,
0.0005,0.8,6.0,18,0,jump,0.5015631765389535,0.003115741851592409,0.002565094929307664,0.0010118565432238676,0.39447138258425946,4.5291025350098515,32.9,
0.0005,0.8,6.0,18,0,kmeans,0.6533989046914844,0.003115741851592409,0.002565094929307664,0.0010118565432238676,0.39447138258425946,4.5291025350098515,0.5,
0.0016,0.8,2.0,18,4,vae,0.731920211752811,0.006826288220019611,0.0037754119979409692,0.003221129999321922,0.8531863545167148,12.259232484846649,915.6,
0.0016,0.8,2.0,18,4,jump,0.5050959543947318,0.006826288220019611,0.0037754119979409692,0.003221129999321922,0.8531863545167148,12.259232484846649,31.4,
0.0016,0.8,2.0,18,4,kmeans,0.5052369969949201,0.006826288220019611,0.0037754119979409692,0.003221129999321922,0.8531863545167148,12.259232484846649,0.5,
0.001,1.1,6.0,18,3,vae,0.7221493959428991,0.003967471237180559,0.003607681983285857,0.001987928008505335,0.5510263980348792,1.9700638431493136,825.9,
0.001,1.1,6.0,18,3,jump,0.7424622898181839,0.003967471237180559,0.003607681983285857,0.001987928008505335,0.5510263980348792,1.9700638431493136,31.4,
0.001,1.1,6.0,18,3,kmeans,0.7216982212865031,0.003967471237180559,0.003607681983285857,0.001987928008505335,0.5510263980348792,1.9700638431493136,0.4,
0.002,1.1,6.0,18,3,vae,0.8390325432591104,0.004326898746767812,0.004131128624832115,0.003987928008505335,0.9653362000238859,1.2933380340374692,903.7,
0.002,1.1,6.0,18,3,jump,0.8322823683391778,0.004326898746767812,0.004131128624832115,0.003987928008505335,0.9653362000238859,1.2933380340374692,31.8,
0.002,1.1,6.0,18,3,kmeans,0.844267863694361,0.004326898746767812,0.004131128624832115,0.003987928008505335,0.9653362000238859,1.2933380340374692,0.4,
0.0005,1.1,6.0,18,4,vae,0.6075951720365516,0.0038709860874923956,0.003476064726795584,0.0009965456257321037,0.2866878795582069,1.8105362317125016,861.3,
0.0005,1.1,6.0,18,4,jump,0.5066484736120862,0.0038709860874923956,0.003476064726795584,0.0009965456257321037,0.2866878795582069,1.8105362317125016,31.6,
0.0005,1.1,6.0,18,4,kmeans,0.5091983869433294,0.0038709860874923956,0.003476064726795584,0.0009965456257321037,0.2866878795582069,1.8105362317125016,0.9,
0.0016,1.6,2.0,18,2,vae,0.7469594103333743,0.005173559471997233,0.004529937503120476,0.0032151139166587675,0.7097479632873557,5.246824984144855,868.6,
0.0016,1.6,2.0,18,2,jump,0.7576136406853228,0.005173559471997233,0.004529937503120476,0.0032151139166587675,0.7097479632873557,5.246824984144855,31.7,
0.0016,1.6,2.0,18,2,kmeans,0.7611505438155128,0.005173559471997233,0.004529937503120476,0.0032151139166587675,0.7097479632873557,5.246824984144855,0.4,
0.0005,1.6,4.0,18,1,vae,0.5725901649861157,0.0043877814389709216,0.004131705123932555,0.0009715899414215768,0.23515471513049752,1.3190769571021486,872.3,
0.0005,1.6,4.0,18,1,jump,0.5074121794219344,0.0043877814389709216,0.004131705123932555,0.0009715899414215768,0.23515471513049752,1.3190769571021486,32.8,
0.0005,1.6,4.0,18,1,kmeans,0.5972522030877291,0.0043877814389709216,0.004131705123932555,0.0009715899414215768,0.23515471513049752,1.3190769571021486,0.6,
0.002,1.6,4.0,18,0,vae,0.82537719063879,0.004821649199062056,0.004664612787866363,0.004006494028805223,0.858912456619541,0.8854223464988888,883.8,
0.002,1.6,4.0,18,0,jump,0.8157519569481266,0.004821649199062056,0.004664612787866363,0.004006494028805223,0.858912456619541,0.8854223464988888,32.6,
0.002,1.6,4.0,18,0,kmeans,0.8289067566187416,0.004821649199062056,0.004664612787866363,0.004006494028805223,0.858912456619541,0.8854223464988888,0.3,
0.002,1.6,4.0,18,4,vae,0.8088394187171775,0.004818161232011522,0.004666687246545171,0.00402988515314719,0.8635430103293473,0.6542413608742419,918.3,
0.002,1.6,4.0,18,4,jump,0.806027071694267,0.004818161232011522,0.004666687246545171,0.00402988515314719,0.8635430103293473,0.6542413608742419,32.4,
0.002,1.6,4.0,18,4,kmeans,0.8188209843212579,0.004818161232011522,0.004666687246545171,0.00402988515314719,0.8635430103293473,0.6542413608742419,0.5,
0.002,0.8,2.0,18,4,vae,0.7633382213959783,0.00693129298823968,0.004137973117359851,0.004021129999321922,0.9717632003098953,11.507576041187058,908.0,
0.002,0.8,2.0,18,4,jump,0.7510456923992967,0.00693129298823968,0.004137973117359851,0.004021129999321922,0.9717632003098953,11.507576041187058,31.6,
0.002,0.8,2.0,18,4,kmeans,0.5060132516006673,0.00693129298823968,0.004137973117359851,0.004021129999321922,0.9717632003098953,11.507576041187058,0.5,
0.002,1.1,4.0,18,2,vae,0.772311920370321,0.004757981066229678,0.004237031637128827,0.003998094570252502,0.9436074385703106,3.3444625537963093,863.0,
0.002,1.1,4.0,18,2,jump,0.8016959244629713,0.004757981066229678,0.004237031637128827,0.003998094570252502,0.9436074385703106,3.3444625537963093,32.6,
0.002,1.1,4.0,18,2,kmeans,0.8260318220429489,0.004757981066229678,0.004237031637128827,0.003998094570252502,0.9436074385703106,3.3444625537963093,0.2,
0.0012,1.1,4.0,18,1,vae,0.7118732811830608,0.004458421714004325,0.00378562295564961,0.002395164671358924,0.6327002713739398,4.9890408211375235,903.7,
0.0012,1.1,4.0,18,1,jump,0.7220892903904453,0.004458421714004325,0.00378562295564961,0.002395164671358924,0.6327002713739398,4.9890408211375235,32.9,
0.0012,1.1,4.0,18,1,kmeans,0.7240329469372273,0.004458421714004325,0.00378562295564961,0.002395164671358924,0.6327002713739398,4.9890408211375235,0.3,
0.0005,1.1,4.0,18,1,vae,0.5742862639689605,0.0043245197870138575,0.003566770827729984,0.0009951646713589244,0.27900998393896853,5.644198738332703,885.5,
0.0005,1.1,4.0,18,1,jump,0.5018322491396592,0.0043245197870138575,0.003566770827729984,0.0009951646713589244,0.27900998393896853,5.644198738332703,29.7,
0.0005,1.1,4.0,18,1,kmeans,0.5997323360754563,0.0043245197870138575,0.003566770827729984,0.0009951646713589244,0.27900998393896853,5.644198738332703,0.2,
0.0005,0.8,4.0,18,1,vae,0.5131596810520493,0.003834583329554632,0.002672306899927395,0.0009669091695387759,0.36182564568652137,12.295536216622002,899.4,
0.0005,0.8,4.0,18,1,jump,0.5009078728177843,0.003834583329554632,0.002672306899927395,0.0009669091695387759,0.36182564568652137,12.295536216622002,31.7,
0.0005,0.8,4.0,18,1,kmeans,0.515129926299723,0.003834583329554632,0.002672306899927395,0.0009669091695387759,0.36182564568652137,12.295536216622002,0.5,
0.0012,1.6,4.0,18,0,vae,0.7255145001131907,0.004547705088751131,0.0043146026510580944,0.0024064940288052233,0.5577556552548507,1.193701253879694,839.0,
0.0012,1.6,4.0,18,0,jump,0.7390981230326864,0.004547705088751131,0.0043146026510580944,0.0024064940288052233,0.5577556552548507,1.193701253879694,30.7,
0.0012,1.6,4.0,18,0,kmeans,0.7375095312257105,0.004547705088751131,0.0043146026510580944,0.0024064940288052233,0.5577556552548507,1.193701253879694,0.4,
0.0011,1.6,2.75,18,3,vae,0.7038059861452437,0.00473510343800514,0.004316965010029389,0.0022435626635500584,0.5197083271089067,2.77525739225588,875.9,
0.0011,1.6,2.75,18,3,jump,0.7407003122341327,0.00473510343800514,0.004316965010029389,0.0022435626635500584,0.5197083271089067,2.77525739225588,33.1,
0.0011,1.6,2.75,18,3,kmeans,0.7073147896640636,0.00473510343800514,0.004316965010029389,0.0022435626635500584,0.5197083271089067,2.77525739225588,0.5,
0.002,0.8,4.0,18,5,vae,0.7288445885757576,0.0042669840929761655,0.003693059866458832,0.004003897970542654,1.084168173634801,6.10869767831438,899.9,
0.002,0.8,4.0,18,5,jump,0.8215480048849244,0.0042669840929761655,0.003693059866458832,0.004003897970542654,1.084168173634801,6.10869767831438,30.4,
0.002,0.8,4.0,18,5,kmeans,0.8502773946087803,0.0042669840929761655,0.003693059866458832,0.004003897970542654,1.084168173634801,6.10869767831438,0.6,
0.002,0.8,2.75,18,2,vae,0.7642248467268642,0.005372043266777924,0.003886066340640183,0.004010359605859718,1.0319843395156911,11.564807487500769,903.0,
0.002,0.8,2.75,18,2,jump,0.7878068976543692,0.005372043266777924,0.003886066340640183,0.004010359605859718,1.0319843395156911,11.564807487500769,34.3,
0.002,0.8,2.75,18,2,kmeans,0.815181347355963,0.005372043266777924,0.003886066340640183,0.004010359605859718,1.0319843395156911,11.564807487500769,0.5,
0.0012,0.8,2.0,18,5,vae,0.5094169518020363,0.006844216996134628,0.0035099582165320255,0.0023975605868190733,0.683073825644556,13.091555127451777,900.7,
0.0012,0.8,2.0,18,5,jump,0.5054664020559205,0.006844216996134628,0.0035099582165320255,0.0023975605868190733,0.683073825644556,13.091555127451777,31.2,
0.0012,0.8,2.0,18,5,kmeans,0.5084675678929569,0.006844216996134628,0.0035099582165320255,0.0023975605868190733,0.683073825644556,13.091555127451777,0.6,
0.0014,1.6,2.75,18,4,vae,0.7385772703926328,0.004814515179827541,0.004409356320926736,0.0027375266343583754,0.6208449567493823,2.518573006073156,874.1,
0.0014,1.6,2.75,18,4,jump,0.7565741400793962,0.004814515179827541,0.004409356320926736,0.0027375266343583754,0.6208449567493823,2.518573006073156,32.4,
0.0014,1.6,2.75,18,4,kmeans,0.7419747300809245,0.004814515179827541,0.004409356320926736,0.0027375266343583754,0.6208449567493823,2.518573006073156,0.4,
0.0005,0.8,6.0,18,5,vae,0.5898287282610297,0.003118511735959286,0.0025749040597294465,0.0009938921166873123,0.3859919024679093,4.034143754776242,907.0,
0.0005,0.8,6.0,18,5,jump,0.5045136961036516,0.003118511735959286,0.0025749040597294465,0.0009938921166873123,0.3859919024679093,4.034143754776242,31.3,
0.0005,0.8,6.0,18,5,kmeans,0.6402364910514563,0.003118511735959286,0.0025749040597294465,0.0009938921166873123,0.3859919024679093,4.034143754776242,0.7,
0.0016,0.8,2.75,18,4,vae,0.7639751243918489,0.005266476462040285,0.00351584900174718,0.0031911530767094794,0.9076479322984734,13.309394575620168,909.6,
0.0016,0.8,2.75,18,4,jump,0.5024677251985853,0.005266476462040285,0.00351584900174718,0.0031911530767094794,0.9076479322984734,13.309394575620168,32.2,
0.0016,0.8,2.75,18,4,kmeans,0.7775198267113153,0.005266476462040285,0.00351584900174718,0.0031911530767094794,0.9076479322984734,13.309394575620168,0.4,
0.0012,1.6,6.0,18,3,vae,0.7289384363954593,0.004399670830058912,0.004263648302785501,0.0024108093153214294,0.5654334373091735,0.44339925400383606,914.2,
0.0012,1.6,6.0,18,3,jump,0.7659250042831198,0.004399670830058912,0.004263648302785501,0.0024108093153214294,0.5654334373091735,0.44339925400383606,33.2,
0.0012,1.6,6.0,18,3,kmeans,0.7421807475393141,0.004399670830058912,0.004263648302785501,0.0024108093153214294,0.5654334373091735,0.44339925400383606,0.6,
0.0008,0.8,2.0,18,2,vae,0.5007732320806967,0.0067791011364582736,0.003256700310965984,0.001610543853457398,0.4945324100084873,13.667741696458535,896.3,
0.0008,0.8,2.0,18,2,jump,0.5071599581634758,0.0067791011364582736,0.003256700310965984,0.001610543853457398,0.4945324100084873,13.667741696458535,31.3,
0.0008,0.8,2.0,18,2,kmeans,0.505732081621683,0.0067791011364582736,0.003256700310965984,0.001610543853457398,0.4945324100084873,13.667741696458535,0.5,
0.0005,1.1,2.75,18,1,vae,0.5309661065250313,0.0050863948390196985,0.00368308749393871,0.0009499340097699945,0.2579178505352668,9.774226679550718,843.7,
0.0005,1.1,2.75,18,1,jump,0.5019754479285631,0.0050863948390196985,0.00368308749393871,0.0009499340097699945,0.2579178505352668,9.774226679550718,31.8,
0.0005,1.1,2.75,18,1,kmeans,0.5027593418612677,0.0050863948390196985,0.00368308749393871,0.0009499340097699945,0.2579178505352668,9.774226679550718,0.5,
0.0014,1.1,4.0,18,4,vae,0.7617476699054033,0.004524482525511155,0.003887953530962258,0.002811731254997003,0.7231905506599785,3.9250675773501813,860.6,
0.0014,1.1,4.0,18,4,jump,0.7661075132040328,0.004524482525511155,0.003887953530962258,0.002811731254997003,0.7231905506599785,3.9250675773501813,31.7,
0.0014,1.1,4.0,18,4,kmeans,0.7651532543518786,0.004524482525511155,0.003887953530962258,0.002811731254997003,0.7231905506599785,3.9250675773501813,0.5,
0.0005,1.6,2.0,18,3,vae,0.587324542799734,0.004985445267923415,0.004226534047596088,0.0009992886467118187,0.2364321771594815,6.379874910744654,869.3,
0.0005,1.6,2.0,18,3,jump,0.5032967905862612,0.004985445267923415,0.004226534047596088,0.0009992886467118187,0.2364321771594815,6.379874910744654,32.6,
0.0005,1.6,2.0,18,3,kmeans,0.6098239408396293,0.004985445267923415,0.004226534047596088,0.0009992886467118187,0.2364321771594815,6.379874910744654,0.7,
0.0011,0.8,2.0,18,2,vae,0.509162137391615,0.006821743382092343,0.0034255340627955162,0.002210543853457398,0.6453136395477596,13.342302135044648,887.0,
0.0011,0.8,2.0,18,2,jump,0.5078097375171018,0.006821743382092343,0.0034255340627955162,0.002210543853457398,0.6453136395477596,13.342302135044648,31.7,
0.0011,0.8,2.0,18,2,kmeans,0.5063809209545439,0.006821743382092343,0.0034255340627955162,0.002210543853457398,0.6453136395477596,13.342302135044648,0.4,
0.0014,1.6,2.75,18,3,vae,0.7440315019712767,0.004815037427361784,0.0044280869000257505,0.002843562663550058,0.6421650540628555,2.6089101172229734,907.4,
0.0014,1.6,2.75,18,3,jump,0.768092401146454,0.004815037427361784,0.0044280869000257505,0.002843562663550058,0.6421650540628555,2.6089101172229734,32.3,
0.0014,1.6,2.75,18,3,kmeans,0.7491811399800491,0.004815037427361784,0.0044280869000257505,0.002843562663550058,0.6421650540628555,2.6089101172229734,0.6,
0.001,1.1,2.0,18,2,vae,0.5239860098509577,0.0062257607722276,0.003965749973271247,0.0019991553998208456,0.5041052545659587,11.892046495716302,879.6,
0.001,1.1,2.0,18,2,jump,0.5078140526124222,0.0062257607722276,0.003965749973271247,0.0019991553998208456,0.5041052545659587,11.892046495716302,30.9,
0.001,1.1,2.0,18,2,kmeans,0.5067311736916269,0.0062257607722276,0.003965749973271247,0.0019991553998208456,0.5041052545659587,11.892046495716302,0.4,
0.0008,0.8,4.0,18,3,vae,0.7010601427744019,0.003805924048911977,0.002803246625193156,0.0015829130492895213,0.5646713475238561,9.619221153168722,877.0,
0.0008,0.8,4.0,18,3,jump,0.5008593178276849,0.003805924048911977,0.002803246625193156,0.0015829130492895213,0.5646713475238561,9.619221153168722,30.3,
0.0008,0.8,4.0,18,3,kmeans,0.7037381992886715,0.003805924048911977,0.002803246625193156,0.0015829130492895213,0.5646713475238561,9.619221153168722,0.5,
0.0016,1.1,2.0,18,4,vae,0.7398361676532245,0.006304479323270125,0.0043213611606699644,0.0032640822185570793,0.7553365935401314,9.732505874227941,890.5,
0.0016,1.1,2.0,18,4,jump,0.5042894020454138,0.006304479323270125,0.0043213611606699644,0.0032640822185570793,0.7553365935401314,9.732505874227941,35.9,
0.0016,1.1,2.0,18,4,kmeans,0.746989767087197,0.006304479323270125,0.0043213611606699644,0.0032640822185570793,0.7553365935401314,9.732505874227941,0.4,
0.001,1.1,6.0,18,4,vae,0.7143886345599437,0.003965447466570954,0.0036045465273133307,0.001996545625732104,0.5538964778518868,1.6281073303370572,890.5,
0.001,1.1,6.0,18,4,jump,0.7309808616318061,0.003965447466570954,0.0036045465273133307,0.001996545625732104,0.5538964778518868,1.6281073303370572,33.3,
0.001,1.1,6.0,18,4,kmeans,0.7161730495847589,0.003965447466570954,0.0036045465273133307,0.001996545625732104,0.5538964778518868,1.6281073303370572,0.5,
0.0008,1.1,4.0,18,4,vae,0.6666860680288804,0.004375406963518842,0.003650035293689905,0.001611731254997003,0.44156593712486175,4.492910247703632,886.8,
0.0008,1.1,4.0,18,4,jump,0.5014542516679468,0.004375406963518842,0.003650035293689905,0.001611731254997003,0.44156593712486175,4.492910247703632,31.6,
0.0008,1.1,4.0,18,4,kmeans,0.6682352953183502,0.004375406963518842,0.003650035293689905,0.001611731254997003,0.44156593712486175,4.492910247703632,0.4,
0.0016,1.6,2.0,18,0,vae,0.7538493026567663,0.005210264174627521,0.0045239218630054884,0.003186496535059114,0.7043659531604177,5.072627877582002,910.0,
0.0016,1.6,2.0,18,0,jump,0.7666426562995716,0.005210264174627521,0.0045239218630054884,0.003186496535059114,0.7043659531604177,5.072627877582002,30.4,
0.0016,1.6,2.0,18,0,kmeans,0.7648047237564448,0.005210264174627521,0.0045239218630054884,0.003186496535059114,0.7043659531604177,5.072627877582002,0.5,
0.0008,1.6,6.0,18,0,vae,0.6213264420958711,0.004316840112670854,0.004172861153668904,0.0015695291264527364,0.376127809829656,0.5077319679264845,858.3,
0.0008,1.6,6.0,18,0,jump,0.6747685332351123,0.004316840112670854,0.004172861153668904,0.0015695291264527364,0.376127809829656,0.5077319679264845,31.3,
0.0008,1.6,6.0,18,0,kmeans,0.6659542371713596,0.004316840112670854,0.004172861153668904,0.0015695291264527364,0.376127809829656,0.5077319679264845,1.0,
0.002,0.8,2.75,18,5,vae,0.7523422005470244,0.00538679867957032,0.0039015821522901083,0.004004509387877575,1.02638089666446,12.049570339207229,912.6,
0.002,0.8,2.75,18,5,jump,0.7867094577849161,0.00538679867957032,0.0039015821522901083,0.004004509387877575,1.02638089666446,12.049570339207229,32.4,
0.002,0.8,2.75,18,5,kmeans,0.8060708858376255,0.00538679867957032,0.0039015821522901083,0.004004509387877575,1.02638089666446,12.049570339207229,0.5,
0.0014,0.8,4.0,18,2,vae,0.7668401094980188,0.004040402843571523,0.003155486726981017,0.0027803648818510167,0.8811207659590143,9.809260571491397,885.1,
0.0014,0.8,4.0,18,2,jump,0.765884018377966,0.004040402843571523,0.003155486726981017,0.0027803648818510167,0.8811207659590143,9.809260571491397,32.8,
0.0014,0.8,4.0,18,2,kmeans,0.7814213815983195,0.004040402843571523,0.003155486726981017,0.0027803648818510167,0.8811207659590143,9.809260571491397,0.5,
0.0005,0.8,2.75,18,2,vae,0.5109974829343981,0.005004598141717811,0.002889535297975137,0.0010103596058597185,0.3496616243337589,15.272081833394868,903.4,
0.0005,0.8,2.75,18,2,jump,0.5055955336053374,0.005004598141717811,0.002889535297975137,0.0010103596058597185,0.3496616243337589,15.272081833394868,32.7,
0.0005,0.8,2.75,18,2,kmeans,0.5015243586730831,0.005004598141717811,0.002889535297975137,0.0010103596058597185,0.3496616243337589,15.272081833394868,0.5,
0.002,1.6,2.75,18,2,vae,0.7956624761840989,0.005040130024820284,0.004675833679638417,0.004018479010228423,0.8594144457548741,2.518756000149865,896.5,
0.002,1.6,2.75,18,2,jump,0.7958370150396623,0.005040130024820284,0.004675833679638417,0.004018479010228423,0.8594144457548741,2.518756000149865,32.0,
0.002,1.6,2.75,18,2,kmeans,0.8159795399880383,0.005040130024820284,0.004675833679638417,0.004018479010228423,0.8594144457548741,2.518756000149865,0.4,
0.0008,1.6,2.0,18,4,vae,0.642751280860123,0.005025822580220304,0.004284888215795686,0.0016034169159145181,0.37420274115990454,6.186262029106935,916.1,
0.0008,1.6,2.0,18,4,jump,0.5006841606718558,0.005025822580220304,0.004284888215795686,0.0016034169159145181,0.37420274115990454,6.186262029106935,32.4,
0.0008,1.6,2.0,18,4,kmeans,0.6477845985723079,0.005025822580220304,0.004284888215795686,0.0016034169159145181,0.37420274115990454,6.186262029106935,0.5,
0.0016,0.8,2.0,18,0,vae,0.5081021833631005,0.006855026416950792,0.0037959921622727644,0.0032112095478627595,0.8459473598965811,12.712488864123383,899.6,
0.0016,0.8,2.0,18,0,jump,0.5078793283274375,0.006855026416950792,0.0037959921622727644,0.0032112095478627595,0.8459473598965811,12.712488864123383,31.9,
0.0016,0.8,2.0,18,0,kmeans,0.5111573576840779,0.006855026416950792,0.0037959921622727644,0.0032112095478627595,0.8459473598965811,12.712488864123383,0.3,
0.001,1.1,2.0,18,3,vae,0.6464430036212943,0.006182799009367194,0.003994511333082483,0.0020409551552415003,0.5109398835192531,11.25398749175989,862.0,
0.001,1.1,2.0,18,3,jump,0.5070946571298934,0.006182799009367194,0.003994511333082483,0.0020409551552415003,0.5109398835192531,11.25398749175989,30.0,
0.001,1.1,2.0,18,3,kmeans,0.5180424898311704,0.006182799009367194,0.003994511333082483,0.0020409551552415003,0.5109398835192531,11.25398749175989,0.3,
0.0012,1.1,2.75,18,4,vae,0.6953694561683104,0.005232980081381632,0.003934005741689288,0.00242321761923308,0.6159669757351534,8.938080349837659,903.4,
0.0012,1.1,2.75,18,4,jump,0.5014993981075077,0.005232980081381632,0.003934005741689288,0.00242321761923308,0.6159669757351534,8.938080349837659,29.9,
0.0012,1.1,2.75,18,4,kmeans,0.701913178433818,0.005232980081381632,0.003934005741689288,0.00242321761923308,0.6159669757351534,8.938080349837659,0.6,
0.002,1.1,2.75,18,1,vae,0.7754386507823616,0.0054345831454039204,0.004401628392917642,0.003949934009769994,0.8973801641514222,7.468002123068704,868.0,
0.002,1.1,2.75,18,1,jump,0.7759958028772647,0.0054345831454039204,0.004401628392917642,0.003949934009769994,0.8973801641514222,7.468002123068704,30.7,
0.002,1.1,2.75,18,1,kmeans,0.7970532485684548,0.0054345831454039204,0.004401628392917642,0.003949934009769994,0.8973801641514222,7.468002123068704,0.3,
0.0012,0.8,4.0,18,0,vae,0.7480557670104299,0.003979382607988217,0.003020463036580193,0.002398298342742639,0.7940167827572633,9.96075032243209,904.1,
0.0012,0.8,4.0,18,0,jump,0.7663344717899478,0.003979382607988217,0.003020463036580193,0.002398298342742639,0.7940167827572633,9.96075032243209,31.3,
0.0012,0.8,4.0,18,0,kmeans,0.7580645656651743,0.003979382607988217,0.003020463036580193,0.002398298342742639,0.7940167827572633,9.96075032243209,0.4,
0.002,0.8,2.0,18,0,vae,0.7618454931977068,0.006960147304950713,0.004153348594649959,0.0040112095478627595,0.9657772412914504,11.987424979167702,862.4,
0.002,0.8,2.0,18,0,jump,0.7665121985933537,0.006960147304950713,0.004153348594649959,0.0040112095478627595,0.9657772412914504,11.987424979167702,29.9,
0.002,0.8,2.0,18,0,kmeans,0.5115796382896655,0.006960147304950713,0.004153348594649959,0.0040112095478627595,0.9657772412914504,11.987424979167702,0.3,
0.0005,1.6,2.75,18,5,vae,0.5732640203030472,0.004601474559156411,0.004168161998098654,0.001064023777214121,0.2552740938810645,3.0428269730014446,888.4,
0.0005,1.6,2.75,18,5,jump,0.5000792487411457,0.004601474559156411,0.004168161998098654,0.001064023777214121,0.2552740938810645,3.0428269730014446,29.6,
0.0005,1.6,2.75,18,5,kmeans,0.6097303685658828,0.004601474559156411,0.004168161998098654,0.001064023777214121,0.2552740938810645,3.0428269730014446,0.3,
0.001,0.8,6.0,18,4,vae,0.7602007839871342,0.0031991543016712705,0.0027535131203753494,0.0019880058643811493,0.721988883826401,3.2284142661268813,900.7,
0.001,0.8,6.0,18,4,jump,0.7604459675764514,0.0031991543016712705,0.0027535131203753494,0.0019880058643811493,0.721988883826401,3.2284142661268813,31.5,
0.001,0.8,6.0,18,4,kmeans,0.7672412071405499,0.0031991543016712705,0.0027535131203753494,0.0019880058643811493,0.721988883826401,3.2284142661268813,0.4,
0.0005,1.1,6.0,18,0,vae,0.5850706043748735,0.003897382811432307,0.00349830293916608,0.001037060302679727,0.2964466830671159,2.146397955408922,895.7,
0.0005,1.1,6.0,18,0,jump,0.5101772467094431,0.003897382811432307,0.00349830293916608,0.001037060302679727,0.2964466830671159,2.146397955408922,31.3,
0.0005,1.1,6.0,18,0,kmeans,0.6246503549899195,0.003897382811432307,0.00349830293916608,0.001037060302679727,0.2964466830671159,2.146397955408922,0.4,
0.001,1.1,4.0,18,2,vae,0.6562963925873122,0.004430174494427231,0.0036923422791037587,0.0019980945702525025,0.5411455437271919,4.504205335326037,890.7,
0.001,1.1,4.0,18,2,jump,0.5014762276098679,0.004430174494427231,0.0036923422791037587,0.0019980945702525025,0.5411455437271919,4.504205335326037,33.4,
0.001,1.1,4.0,18,2,kmeans,0.7054197577224481,0.004430174494427231,0.0036923422791037587,0.0019980945702525025,0.5411455437271919,4.504205335326037,0.5,
0.0014,1.1,6.0,18,4,vae,0.7693468903128429,0.004083737213091995,0.0037709810765100887,0.0027965456257321034,0.7415963031880841,1.4213810178650457,899.9,
0.0014,1.1,6.0,18,4,jump,0.781096001062062,0.004083737213091995,0.0037709810765100887,0.0027965456257321034,0.7415963031880841,1.4213810178650457,32.9,
0.0014,1.1,6.0,18,4,kmeans,0.7774052396045219,0.004083737213091995,0.0037709810765100887,0.0027965456257321034,0.7415963031880841,1.4213810178650457,0.3,
0.0016,1.6,2.75,18,1,vae,0.7651977687582634,0.00490156493818712,0.004513577649260742,0.0031765842151849537,0.7037841069833443,2.84898544608789,906.5,
0.0016,1.6,2.75,18,1,jump,0.7732439698852422,0.00490156493818712,0.004513577649260742,0.0031765842151849537,0.7037841069833443,2.84898544608789,31.6,
0.0016,1.6,2.75,18,1,kmeans,0.7708593461124583,0.00490156493818712,0.004513577649260742,0.0031765842151849537,0.7037841069833443,2.84898544608789,0.3,
0.0012,1.1,4.0,18,4,vae,0.7327964449099971,0.004466397050484185,0.003795380787769608,0.002411731254997003,0.6354385475019175,4.137960880733959,888.2,
0.0012,1.1,4.0,18,4,jump,0.7336088606931763,0.004466397050484185,0.003795380787769608,0.002411731254997003,0.6354385475019175,4.137960880733959,33.3,
0.0012,1.1,4.0,18,4,kmeans,0.7365942190384377,0.004466397050484185,0.003795380787769608,0.002411731254997003,0.6354385475019175,4.137960880733959,0.3,
0.002,1.6,2.0,18,1,vae,0.7921651898006523,0.005365058124188756,0.004739582319995382,0.003971673549268601,0.8379796532941053,4.7377065351092025,860.3,
0.002,1.6,2.0,18,1,jump,0.7854666331013708,0.005365058124188756,0.004739582319995382,0.003971673549268601,0.8379796532941053,4.7377065351092025,32.0,
0.002,1.6,2.0,18,1,kmeans,0.8015556886307946,0.005365058124188756,0.004739582319995382,0.003971673549268601,0.8379796532941053,4.7377065351092025,0.5,
0.0011,1.1,4.0,18,0,vae,0.7143909060699614,0.004467425272287884,0.0037599283381171337,0.0021915094518033962,0.5828593671816741,4.916954415171299,903.6,
0.0011,1.1,4.0,18,0,jump,0.7302937809904579,0.004467425272287884,0.0037599283381171337,0.0021915094518033962,0.5828593671816741,4.916954415171299,33.3,
0.0011,1.1,4.0,18,0,kmeans,0.7219306221906713,0.004467425272287884,0.0037599283381171337,0.0021915094518033962,0.5828593671816741,4.916954415171299,0.9,
0.0011,0.8,4.0,18,2,vae,0.730442595476934,0.003947238991464579,0.002959628310103548,0.002180364881851017,0.7367022657567203,10.75409398751504,859.4,
0.0011,0.8,4.0,18,2,jump,0.5012785182424679,0.003947238991464579,0.002959628310103548,0.002180364881851017,0.7367022657567203,10.75409398751504,30.5,
0.0011,0.8,4.0,18,2,kmeans,0.7400021366471985,0.003947238991464579,0.002959628310103548,0.002180364881851017,0.7367022657567203,10.75409398751504,0.2,
0.0008,1.6,6.0,18,2,vae,0.6391719043073661,0.004279437108296849,0.004136170026533564,0.0016042292332305622,0.3878537929870916,0.5441780833249066,898.6,
0.0008,1.6,6.0,18,2,jump,0.6674894798426096,0.004279437108296849,0.004136170026533564,0.0016042292332305622,0.3878537929870916,0.5441780833249066,31.0,
0.0008,1.6,6.0,18,2,kmeans,0.6656409690090054,0.004279437108296849,0.004136170026533564,0.0016042292332305622,0.3878537929870916,0.5441780833249066,0.7,
0.001,1.6,6.0,18,4,vae,0.7166164792749226,0.004352879762564442,0.004213381696316173,0.0020232304037711016,0.48019157759669495,0.4669352357307699,853.5,
0.001,1.6,6.0,18,4,jump,0.6991323998986767,0.004352879762564442,0.004213381696316173,0.0020232304037711016,0.48019157759669495,0.4669352357307699,29.9,
0.001,1.6,6.0,18,4,kmeans,0.7115910561861449,0.004352879762564442,0.004213381696316173,0.0020232304037711016,0.48019157759669495,0.4669352357307699,0.8,
0.0012,0.8,2.75,18,2,vae,0.6053008810964634,0.005124973346716048,0.003223659072601133,0.0024103596058597182,0.7477092184921488,13.937982691138807,864.1,
0.0012,0.8,2.75,18,2,jump,0.5051701992097005,0.005124973346716048,0.003223659072601133,0.0024103596058597182,0.7477092184921488,13.937982691138807,32.3,
0.0012,0.8,2.75,18,2,kmeans,0.5064704729327472,0.005124973346716048,0.003223659072601133,0.0024103596058597182,0.7477092184921488,13.937982691138807,0.5,
0.0014,1.6,4.0,18,2,vae,0.7492310105130222,0.004561977848341515,0.004367117146062582,0.002763963271253025,0.6329033957206828,0.9341239037783073,886.0,
0.0014,1.6,4.0,18,2,jump,0.7488027460526603,0.004561977848341515,0.004367117146062582,0.002763963271253025,0.6329033957206828,0.9341239037783073,32.2,
0.0014,1.6,4.0,18,2,kmeans,0.7532344439488668,0.004561977848341515,0.004367117146062582,0.002763963271253025,0.6329033957206828,0.9341239037783073,0.4,
0.0012,0.8,4.0,18,1,vae,0.7594626735210386,0.00398454482128946,0.0029998040816525025,0.0023669091695387758,0.7890212510928101,10.475935514895337,872.9,
0.0012,0.8,4.0,18,1,jump,0.5022426105948133,0.00398454482128946,0.0029998040816525025,0.0023669091695387758,0.7890212510928101,10.475935514895337,32.3,
0.0012,0.8,4.0,18,1,kmeans,0.7682805973089873,0.00398454482128946,0.0029998040816525025,0.0023669091695387758,0.7890212510928101,10.475935514895337,0.6,
0.002,1.6,6.0,18,0,vae,0.8167025810097538,0.004687846622127884,0.004621878250949614,0.003969529126452737,0.858856272476921,0.3119019937330436,858.4,
0.002,1.6,6.0,18,0,jump,0.8238044302278564,0.004687846622127884,0.004621878250949614,0.003969529126452737,0.858856272476921,0.3119019937330436,31.9,
0.002,1.6,6.0,18,0,kmeans,0.8243436030590718,0.004687846622127884,0.004621878250949614,0.003969529126452737,0.858856272476921,0.3119019937330436,0.4,
0.002,1.1,2.0,18,0,vae,0.7539991231857583,0.006482086934206157,0.004575704574450332,0.003977791424343843,0.8693287251442987,9.689686953637242,896.8,
0.002,1.1,2.0,18,0,jump,0.7496116255928558,0.006482086934206157,0.004575704574450332,0.003977791424343843,0.8693287251442987,9.689686953637242,31.7,
0.002,1.1,2.0,18,0,kmeans,0.7656530614933739,0.006482086934206157,0.004575704574450332,0.003977791424343843,0.8693287251442987,9.689686953637242,0.2,
0.0008,1.1,4.0,18,2,vae,0.6071993730341503,0.004389082991736468,0.003631115740533734,0.0015980945702525028,0.44011116264159633,4.673469331675334,890.7,
0.0008,1.1,4.0,18,2,jump,0.5008255082354769,0.004389082991736468,0.003631115740533734,0.0015980945702525028,0.44011116264159633,4.673469331675334,30.3,
0.0008,1.1,4.0,18,2,kmeans,0.670160338841885,0.004389082991736468,0.003631115740533734,0.0015980945702525028,0.44011116264159633,4.673469331675334,0.6,
0.0016,0.8,2.0,18,2,vae,0.5450738956823556,0.0069211838134629975,0.003791451517855914,0.0032105438534573982,0.8467848892006874,12.609537730036545,906.8,
0.0016,0.8,2.0,18,2,jump,0.509710719509794,0.0069211838134629975,0.003791451517855914,0.0032105438534573982,0.8467848892006874,12.609537730036545,32.3,
0.0016,0.8,2.0,18,2,kmeans,0.506874821864815,0.0069211838134629975,0.003791451517855914,0.0032105438534573982,0.8467848892006874,12.609537730036545,0.3,
0.0008,1.6,2.0,18,0,vae,0.6455349475741694,0.005024128596639904,0.004257251166141092,0.0015864965350591142,0.37265749027844297,5.919913383326277,869.1,
0.0008,1.6,2.0,18,0,jump,0.5009240033065759,0.005024128596639904,0.004257251166141092,0.0015864965350591142,0.37265749027844297,5.919913383326277,31.4,
0.0008,1.6,2.0,18,0,kmeans,0.6516223169322638,0.005024128596639904,0.004257251166141092,0.0015864965350591142,0.37265749027844297,5.919913383326277,0.4,
0.0014,1.6,2.75,18,1,vae,0.7411800176512955,0.00484050376725979,0.004431453003792567,0.0027765842151849535,0.626562938342948,2.9956097835231974,932.8,
0.0014,1.6,2.75,18,1,jump,0.7581758704442813,0.00484050376725979,0.004431453003792567,0.0027765842151849535,0.626562938342948,2.9956097835231974,33.2,
0.0014,1.6,2.75,18,1,kmeans,0.7457942203037804,0.00484050376725979,0.004431453003792567,0.0027765842151849535,0.626562938342948,2.9956097835231974,0.2,
0.0011,1.6,2.0,18,3,vae,0.7100805915524337,0.0050793139486643,0.0043648323133466315,0.002199288646711819,0.5038655528614263,5.903217340043801,878.9,
0.0011,1.6,2.0,18,3,jump,0.5052390858153765,0.0050793139486643,0.0043648323133466315,0.002199288646711819,0.5038655528614263,5.903217340043801,32.1,
0.0011,1.6,2.0,18,3,kmeans,0.7121632974058654,0.0050793139486643,0.0043648323133466315,0.002199288646711819,0.5038655528614263,5.903217340043801,0.5,
0.0008,1.6,6.0,18,3,vae,0.6572597590340983,0.004307905297859949,0.004166893268270345,0.00161080931532143,0.3865732121307893,0.4949716478446584,889.5,
0.0008,1.6,6.0,18,3,jump,0.6878427171880269,0.004307905297859949,0.004166893268270345,0.00161080931532143,0.3865732121307893,0.4949716478446584,33.0,
0.0008,1.6,6.0,18,3,kmeans,0.6744217307457587,0.004307905297859949,0.004166893268270345,0.00161080931532143,0.3865732121307893,0.4949716478446584,0.5,
0.0011,1.6,2.0,18,4,vae,0.6913496119867639,0.005081815410386717,0.004362465828749383,0.0022034169159145184,0.5050851977781994,5.916621587935829,865.6,
0.0011,1.6,2.0,18,4,jump,0.5006841606718558,0.005081815410386717,0.004362465828749383,0.0022034169159145184,0.5050851977781994,5.916621587935829,33.6,
0.0011,1.6,2.0,18,4,kmeans,0.6952854069457237,0.005081815410386717,0.004362465828749383,0.0022034169159145184,0.5050851977781994,5.916621587935829,0.9,
0.0014,0.8,2.0,18,1,vae,0.5220325981775149,0.00677027616224329,0.003616487324792242,0.002759408905673997,0.7630080400827944,12.753001683375553,874.1,
0.0014,0.8,2.0,18,1,jump,0.5043450139422343,0.00677027616224329,0.003616487324792242,0.002759408905673997,0.7630080400827944,12.753001683375553,32.4,
0.0014,0.8,2.0,18,1,kmeans,0.5023877503838953,0.00677027616224329,0.003616487324792242,0.002759408905673997,0.7630080400827944,12.753001683375553,0.4,
0.0014,1.6,6.0,18,2,vae,0.7632318447914515,0.004430191381244545,0.004307603970736946,0.002804229233230562,0.6509951361083024,0.45640871145353445,894.9,
0.0014,1.6,6.0,18,2,jump,0.7711915456212428,0.004430191381244545,0.004307603970736946,0.002804229233230562,0.6509951361083024,0.45640871145353445,31.8,
0.0014,1.6,6.0,18,2,kmeans,0.7680906471223949,0.004430191381244545,0.004307603970736946,0.002804229233230562,0.6509951361083024,0.45640871145353445,0.4,
0.001,1.6,2.75,18,2,vae,0.6865638261949207,0.004727369353894156,0.004263110365684478,0.0020184790102284232,0.4734756637960837,3.2692645680498877,912.4,
0.001,1.6,2.75,18,2,jump,0.7028047149561534,0.004727369353894156,0.004263110365684478,0.0020184790102284232,0.4734756637960837,3.2692645680498877,31.7,
0.001,1.6,2.75,18,2,kmeans,0.6918974240140965,0.004727369353894156,0.004263110365684478,0.0020184790102284232,0.4734756637960837,3.2692645680498877,0.5,
0.0012,1.6,4.0,18,1,vae,0.7108237553729062,0.0045195291056964095,0.004285542037042889,0.0023715899414215764,0.5533932279562987,1.1719459443766427,894.7,
0.0012,1.6,4.0,18,1,jump,0.7362326633290868,0.0045195291056964095,0.004285542037042889,0.0023715899414215764,0.5533932279562987,1.1719459443766427,33.3,
0.0012,1.6,4.0,18,1,kmeans,0.7222420591106391,0.0045195291056964095,0.004285542037042889,0.0023715899414215764,0.5533932279562987,1.1719459443766427,0.3,
0.0011,1.6,4.0,18,0,vae,0.7114181000265918,0.004522252018741853,0.004287225406216739,0.0022064940288052236,0.5146671377729924,1.2249311057464407,862.6,
0.0011,1.6,4.0,18,0,jump,0.7255896554767092,0.004522252018741853,0.004287225406216739,0.0022064940288052236,0.5146671377729924,1.2249311057464407,30.7,
0.0011,1.6,4.0,18,0,kmeans,0.721952240924856,0.004522252018741853,0.004287225406216739,0.0022064940288052236,0.5146671377729924,1.2249311057464407,0.4,
0.0014,1.6,4.0,18,4,vae,0.7571652062313774,0.004597157122170961,0.004372029407648142,0.0028298851531471892,0.6472703839083912,0.8369394232041061,857.2,
0.0014,1.6,4.0,18,4,jump,0.7649160354269875,0.004597157122170961,0.004372029407648142,0.0028298851531471892,0.6472703839083912,0.8369394232041061,30.1,
0.0014,1.6,4.0,18,4,kmeans,0.7582210145549639,0.004597157122170961,0.004372029407648142,0.0028298851531471892,0.6472703839083912,0.8369394232041061,0.5,
0.0016,1.6,4.0,18,0,vae,0.7840655303149024,0.004669582717277783,0.004464357633092135,0.0032064940288052237,0.7182430916907343,1.0506968226380424,865.3,
0.0016,1.6,4.0,18,0,jump,0.7881764961862242,0.004669582717277783,0.004464357633092135,0.0032064940288052237,0.7182430916907343,1.0506968226380424,31.2,
0.0016,1.6,4.0,18,0,kmeans,0.790355001324085,0.004669582717277783,0.004464357633092135,0.0032064940288052237,0.7182430916907343,1.0506968226380424,0.3,
0.0012,1.6,6.0,18,4,vae,0.7423029523009855,0.004404030899834717,0.004276320913539349,0.0024232304037711014,0.5666624308056163,0.44023632949130187,886.1,
0.0012,1.6,6.0,18,4,jump,0.7522204703962829,0.004404030899834717,0.004276320913539349,0.0024232304037711014,0.5666624308056163,0.44023632949130187,29.6,
0.0012,1.6,6.0,18,4,kmeans,0.7443827803314733,0.004404030899834717,0.004276320913539349,0.0024232304037711014,0.5666624308056163,0.44023632949130187,0.4,
0.002,1.6,6.0,18,3,vae,0.8242499012288719,0.0046813068913926755,0.004604302931950438,0.004010809315321429,0.8711002239860014,0.2838482086000673,905.6,
0.002,1.6,6.0,18,3,jump,0.8291397280089683,0.0046813068913926755,0.004604302931950438,0.004010809315321429,0.8711002239860014,0.2838482086000673,32.0,
0.002,1.6,6.0,18,3,kmeans,0.8286775376128428,0.0046813068913926755,0.004604302931950438,0.004010809315321429,0.8711002239860014,0.2838482086000673,0.4,
0.0016,1.1,2.0,18,3,vae,0.7491398409703721,0.0063085629135055865,0.004316540390919375,0.0032409551552415004,0.7508223859226331,10.379580906279056,920.9,
0.0016,1.1,2.0,18,3,jump,0.5102937280904447,0.0063085629135055865,0.004316540390919375,0.0032409551552415004,0.7508223859226331,10.379580906279056,32.9,
0.0016,1.1,2.0,18,3,kmeans,0.5221992892324269,0.0063085629135055865,0.004316540390919375,0.0032409551552415004,0.7508223859226331,10.379580906279056,0.4,
0.0016,1.1,4.0,18,4,vae,0.7829895399942022,0.004590552160332952,0.0039908826581665615,0.0032117312549970033,0.804767148045514,3.695435404885104,864.1,
0.0016,1.1,4.0,18,4,jump,0.7848023816667993,0.004590552160332952,0.0039908826581665615,0.0032117312549970033,0.804767148045514,3.695435404885104,31.2,
0.0016,1.1,4.0,18,4,kmeans,0.7899173271834917,0.004590552160332952,0.0039908826581665615,0.0032117312549970033,0.804767148045514,3.695435404885104,0.4,
0.0014,1.6,6.0,18,5,vae,0.7554742869054183,0.0044516850178753075,0.004365523122163122,0.0027923140145847377,0.6396287309551902,0.39325646802015113,893.4,
0.0014,1.6,6.0,18,5,jump,0.7698467665553022,0.0044516850178753075,0.004365523122163122,0.0027923140145847377,0.6396287309551902,0.39325646802015113,31.6,
0.0014,1.6,6.0,18,5,kmeans,0.7573284272759118,0.0044516850178753075,0.004365523122163122,0.0027923140145847377,0.6396287309551902,0.39325646802015113,0.3,
0.0005,0.8,6.0,18,1,vae,0.624072728436236,0.003106431912459161,0.0025456679147159936,0.0010096957717521176,0.3966329488285843,4.429867630486375,904.4,
0.0005,0.8,6.0,18,1,jump,0.5016328563945716,0.003106431912459161,0.0025456679147159936,0.0010096957717521176,0.3966329488285843,4.429867630486375,29.5,
0.0005,0.8,6.0,18,1,kmeans,0.5021308129866239,0.003106431912459161,0.0025456679147159936,0.0010096957717521176,0.3966329488285843,4.429867630486375,0.6,
0.0008,0.8,2.0,18,4,vae,0.5130189143970275,0.006683474967013156,0.0032505259692125117,0.0016211299993219223,0.4987285179926328,13.387203643043442,863.2,
0.0008,0.8,2.0,18,4,jump,0.5028845893308957,0.006683474967013156,0.0032505259692125117,0.0016211299993219223,0.4987285179926328,13.387203643043442,31.5,
0.0008,0.8,2.0,18,4,kmeans,0.5031724779299749,0.006683474967013156,0.0032505259692125117,0.0016211299993219223,0.4987285179926328,13.387203643043442,0.4,
0.0005,1.6,6.0,18,0,vae,0.5662353447416291,0.004271977596379348,0.004122661886781353,0.0009695291264527364,0.23517066232411016,0.5276629645697781,884.9,
0.0005,1.6,6.0,18,0,jump,0.6147762407490249,0.004271977596379348,0.004122661886781353,0.0009695291264527364,0.23517066232411016,0.5276629645697781,32.1,
0.0005,1.6,6.0,18,0,kmeans,0.5464464498301959,0.004271977596379348,0.004122661886781353,0.0009695291264527364,0.23517066232411016,0.5276629645697781,0.6,
0.0016,0.8,4.0,18,4,vae,0.8034897557405518,0.004096765088059658,0.00331883367266339,0.0032025880999654727,0.9649739685192993,8.859199737710616,902.5,
0.0016,0.8,4.0,18,4,jump,0.7964485521300695,0.004096765088059658,0.00331883367266339,0.0032025880999654727,0.9649739685192993,8.859199737710616,38.0,
0.0016,0.8,4.0,18,4,kmeans,0.8166653118732454,0.004096765088059658,0.00331883367266339,0.0032025880999654727,0.9649739685192993,8.859199737710616,0.3,
0.0012,1.6,2.75,18,5,vae,0.721894153780341,0.00473291852915311,0.004345645178094335,0.002464023777214121,0.567009886042894,2.7275987960721153,849.3,
0.0012,1.6,2.75,18,5,jump,0.7331160957235138,0.00473291852915311,0.004345645178094335,0.002464023777214121,0.567009886042894,2.7275987960721153,30.6,
0.0012,1.6,2.75,18,5,kmeans,0.7266716521329278,0.00473291852915311,0.004345645178094335,0.002464023777214121,0.567009886042894,2.7275987960721153,0.4,
0.0014,1.1,2.0,18,3,vae,0.7254200491830747,0.006260539929768745,0.004197872172140876,0.0028409551552415003,0.6767607584850873,10.70406762383756,885.7,
0.0014,1.1,2.0,18,3,jump,0.5097183359471347,0.006260539929768745,0.004197872172140876,0.0028409551552415003,0.6767607584850873,10.70406762383756,32.0,
0.0014,1.1,2.0,18,3,kmeans,0.5198970296718763,0.006260539929768745,0.004197872172140876,0.0028409551552415003,0.6767607584850873,10.70406762383756,0.5,
0.0005,1.1,6.0,18,3,vae,0.6174011274269127,0.0038729526958878016,0.0034756354533528335,0.0009879280085053348,0.28424385174006456,2.1894276975830964,868.1,
0.0005,1.1,6.0,18,3,jump,0.5068021391685296,0.0038729526958878016,0.0034756354533528335,0.0009879280085053348,0.28424385174006456,2.1894276975830964,30.9,
0.0005,1.1,6.0,18,3,kmeans,0.62278266678561,0.0038729526958878016,0.0034756354533528335,0.0009879280085053348,0.28424385174006456,2.1894276975830964,0.5,
0.0005,1.1,2.75,18,5,vae,0.5655572403250895,0.005137942589759047,0.003709242263893337,0.0009783902402785755,0.2637709188753895,9.626780663610633,899.2,
0.0005,1.1,2.75,18,5,jump,0.5009784417808328,0.005137942589759047,0.003709242263893337,0.0009783902402785755,0.2637709188753895,9.626780663610633,31.8,
0.0005,1.1,2.75,18,5,kmeans,0.5136620026781271,0.005137942589759047,0.003709242263893337,0.0009783902402785755,0.2637709188753895,9.626780663610633,1.0,
0.0011,1.1,2.0,18,3,vae,0.6759538699275072,0.006199908133845491,0.004042907824077388,0.0022409551552415004,0.5542929131096126,11.130287030138188,905.7,
0.0011,1.1,2.0,18,3,jump,0.5075141565274126,0.006199908133845491,0.004042907824077388,0.0022409551552415004,0.5542929131096126,11.130287030138188,31.6,
0.0011,1.1,2.0,18,3,kmeans,0.5166356697103089,0.006199908133845491,0.004042907824077388,0.0022409551552415004,0.5542929131096126,11.130287030138188,0.2,
0.0012,1.6,2.0,18,0,vae,0.7083681178032737,0.005102391785178392,0.004377457862955049,0.0023864965350591134,0.5451786424388524,5.544270543748176,874.4,
0.0012,1.6,2.0,18,0,jump,0.5017062293337131,0.005102391785178392,0.004377457862955049,0.0023864965350591134,0.5451786424388524,5.544270543748176,31.1,
0.0012,1.6,2.0,18,0,kmeans,0.7145839340551976,0.005102391785178392,0.004377457862955049,0.0023864965350591134,0.5451786424388524,5.544270543748176,0.3,
0.0008,1.6,4.0,18,1,vae,0.6228795185871328,0.004431207783540775,0.0041882617285870245,0.001571589941421577,0.37523680306191787,1.2707603145852104,930.4,
0.0008,1.6,4.0,18,1,jump,0.6738762817092019,0.004431207783540775,0.0041882617285870245,0.001571589941421577,0.37523680306191787,1.2707603145852104,33.3,
0.0008,1.6,4.0,18,1,kmeans,0.6548785523692504,0.004431207783540775,0.0041882617285870245,0.001571589941421577,0.37523680306191787,1.2707603145852104,0.4,
0.0016,1.6,6.0,18,4,vae,0.7863988766381144,0.004531148039008447,0.0044332777322451744,0.0032232304037711017,0.7270535703926538,0.3718596507458214,907.6,
0.0016,1.6,6.0,18,4,jump,0.7947075625369242,0.004531148039008447,0.0044332777322451744,0.0032232304037711017,0.7270535703926538,0.3718596507458214,32.0,
0.0016,1.6,6.0,18,4,kmeans,0.7955074109601548,0.004531148039008447,0.0044332777322451744,0.0032232304037711017,0.7270535703926538,0.3718596507458214,0.5,
0.0012,1.1,2.0,18,1,vae,0.5633993090299501,0.006257525340263147,0.0040719671312590576,0.0023970904553325357,0.5886811897205447,11.054575462529678,910.3,
0.0012,1.1,2.0,18,1,jump,0.5006066475994415,0.006257525340263147,0.0040719671312590576,0.0023970904553325357,0.5886811897205447,11.054575462529678,31.0,
0.0012,1.1,2.0,18,1,kmeans,0.5155554255552344,0.006257525340263147,0.0040719671312590576,0.0023970904553325357,0.5886811897205447,11.054575462529678,0.5,
0.0005,0.8,4.0,18,4,vae,0.6242880080290221,0.0038093124511960424,0.0026845803905260987,0.0010025880999654725,0.3734617534656859,12.210187716604636,880.0,
0.0005,0.8,4.0,18,4,jump,0.5034884629834616,0.0038093124511960424,0.0026845803905260987,0.0010025880999654725,0.3734617534656859,12.210187716604636,31.7,
0.0005,0.8,4.0,18,4,kmeans,0.5064728307485996,0.0038093124511960424,0.0026845803905260987,0.0010025880999654725,0.3734617534656859,12.210187716604636,0.5,
0.002,1.1,4.0,18,0,vae,0.8166123495553439,0.004770667682238432,0.004256772947647934,0.003991509451803396,0.9376843681570781,3.735349990100274,862.5,
0.002,1.1,4.0,18,0,jump,0.8199501230492131,0.004770667682238432,0.004256772947647934,0.003991509451803396,0.9376843681570781,3.735349990100274,31.1,
0.002,1.1,4.0,18,0,kmeans,0.8233293783021278,0.004770667682238432,0.004256772947647934,0.003991509451803396,0.9376843681570781,3.735349990100274,0.5,
0.0014,1.6,4.0,18,0,vae,0.7617479737988945,0.004604706562922051,0.004381134911692875,0.0028064940288052235,0.6405860776656137,1.125541690628677,907.3,
0.0014,1.6,4.0,18,0,jump,0.7663908145529876,0.004604706562922051,0.004381134911692875,0.0028064940288052235,0.6405860776656137,1.125541690628677,31.7,
0.0014,1.6,4.0,18,0,kmeans,0.7651757336481513,0.004604706562922051,0.004381134911692875,0.0028064940288052235,0.6405860776656137,1.125541690628677,0.5,
0.0008,1.1,2.0,18,0,vae,0.5207877084420877,0.006219807350987215,0.003932713552827536,0.001577791424343842,0.40119663004935713,11.39825728858019,862.4,
0.0008,1.1,2.0,18,0,jump,0.5028317840690817,0.006219807350987215,0.003932713552827536,0.001577791424343842,0.40119663004935713,11.39825728858019,29.6,
0.0008,1.1,2.0,18,0,kmeans,0.5111953930507465,0.006219807350987215,0.003932713552827536,0.001577791424343842,0.40119663004935713,11.39825728858019,0.6,
0.0008,0.8,6.0,18,4,vae,0.722326613357847,0.003142883221592729,0.002656861153097975,0.0015880058643811495,0.5976999823756276,3.49764363555561,912.0,
0.0008,0.8,6.0,18,4,jump,0.7311590259719702,0.003142883221592729,0.002656861153097975,0.0015880058643811495,0.5976999823756276,3.49764363555561,34.4,
0.0008,0.8,6.0,18,4,kmeans,0.7261752372659525,0.003142883221592729,0.002656861153097975,0.0015880058643811495,0.5976999823756276,3.49764363555561,0.5,
0.001,0.8,2.0,18,4,vae,0.5157661132665734,0.006710529017053247,0.003350753212114483,0.002021129999321922,0.6031867676839423,13.162228302943404,875.1,
0.001,0.8,2.0,18,4,jump,0.5034240152402853,0.006710529017053247,0.003350753212114483,0.002021129999321922,0.6031867676839423,13.162228302943404,33.6,
0.001,0.8,2.0,18,4,kmeans,0.5044244211179836,0.006710529017053247,0.003350753212114483,0.002021129999321922,0.6031867676839423,13.162228302943404,0.5,
0.0011,1.1,2.75,18,1,vae,0.5880673302145862,0.005176572906859328,0.0038601106277348757,0.0021499340097699948,0.5569617601948321,9.108401957133625,885.4,
0.0011,1.1,2.75,18,1,jump,0.5014877416183785,0.005176572906859328,0.0038601106277348757,0.0021499340097699948,0.5569617601948321,9.108401957133625,30.3,
0.0011,1.1,2.75,18,1,kmeans,0.6903594403160005,0.005176572906859328,0.0038601106277348757,0.0021499340097699948,0.5569617601948321,9.108401957133625,0.3,
0.002,1.6,6.0,18,5,vae,0.8149629948403465,0.004673544928047973,0.004636427230450411,0.003992314014584738,0.8610755256471264,0.27024786827624725,861.3,
0.002,1.6,6.0,18,5,jump,0.8127815331541511,0.004673544928047973,0.004636427230450411,0.003992314014584738,0.8610755256471264,0.27024786827624725,31.8,
0.002,1.6,6.0,18,5,kmeans,0.8214538269617345,0.004673544928047973,0.004636427230450411,0.003992314014584738,0.8610755256471264,0.27024786827624725,0.4,
0.0012,1.1,4.0,18,0,vae,0.7295761860749361,0.0044932364633908815,0.0037941071438795334,0.002391509451803396,0.630322065538202,4.803484455658702,900.5,
0.0012,1.1,4.0,18,0,jump,0.7440885492147682,0.0044932364633908815,0.0037941071438795334,0.002391509451803396,0.630322065538202,4.803484455658702,32.9,
0.0012,1.1,4.0,18,0,kmeans,0.7351500329648182,0.0044932364633908815,0.0037941071438795334,0.002391509451803396,0.630322065538202,4.803484455658702,0.6,
0.002,0.8,6.0,18,5,vae,0.8568608036686884,0.003668495210559544,0.0035376574812166607,0.003993892116687312,1.128965180459965,1.944140852680178,901.0,
0.002,0.8,6.0,18,5,jump,0.8392673830112473,0.003668495210559544,0.0035376574812166607,0.003993892116687312,1.128965180459965,1.944140852680178,31.3,
0.002,0.8,6.0,18,5,kmeans,0.864897986857837,0.003668495210559544,0.0035376574812166607,0.003993892116687312,1.128965180459965,1.944140852680178,0.4,
0.0016,0.8,6.0,18,5,vae,0.83169492564707,0.003467357622077301,0.0031775394267125803,0.0031938921166873124,1.005146337394671,2.561590472472777,907.5,
0.0016,0.8,6.0,18,5,jump,0.8193568972660945,0.003467357622077301,0.0031775394267125803,0.0031938921166873124,1.005146337394671,2.561590472472777,32.3,
0.0016,0.8,6.0,18,5,kmeans,0.8394964438928518,0.003467357622077301,0.0031775394267125803,0.0031938921166873124,1.005146337394671,2.561590472472777,0.5,
0.0012,0.8,2.75,18,0,vae,0.6620964785983185,0.005174232023915181,0.003232813974226807,0.0024112476317293616,0.7458664961710518,14.34073106209556,900.1,
0.0012,0.8,2.75,18,0,jump,0.5073801066368824,0.005174232023915181,0.003232813974226807,0.0024112476317293616,0.7458664961710518,14.34073106209556,31.9,
0.0012,0.8,2.75,18,0,kmeans,0.5115852555590984,0.005174232023915181,0.003232813974226807,0.0024112476317293616,0.7458664961710518,14.34073106209556,0.5,
0.001,1.6,4.0,18,4,vae,0.700288256814721,0.004488493631658428,0.004233954072221884,0.0020298851531471897,0.47943013044587696,0.9286989308813611,880.7,
0.001,1.6,4.0,18,4,jump,0.7120531468048948,0.004488493631658428,0.004233954072221884,0.0020298851531471897,0.47943013044587696,0.9286989308813611,32.8,
0.001,1.6,4.0,18,4,kmeans,0.7029834352190016,0.004488493631658428,0.004233954072221884,0.0020298851531471897,0.47943013044587696,0.9286989308813611,0.6,
0.0012,1.6,2.0,18,4,vae,0.7076441647286317,0.005104262274678651,0.004393918271735844,0.002403416915914518,0.5469871689181496,5.811997854116429,850.8,
0.0012,1.6,2.0,18,4,jump,0.5003936705492205,0.005104262274678651,0.004393918271735844,0.002403416915914518,0.5469871689181496,5.811997854116429,32.4,
0.0012,1.6,2.0,18,4,kmeans,0.7093670337096216,0.005104262274678651,0.004393918271735844,0.002403416915914518,0.5469871689181496,5.811997854116429,0.8,
0.0008,1.6,2.75,18,1,vae,0.6068819151820741,0.004703799376727962,0.004246113065384825,0.0015765842151849536,0.3713005732319254,3.3409508411104314,891.9,
0.0008,1.6,2.75,18,1,jump,0.5005907494072621,0.004703799376727962,0.004246113065384825,0.0015765842151849536,0.3713005732319254,3.3409508411104314,31.4,
0.0008,1.6,2.75,18,1,kmeans,0.6522998085683571,0.004703799376727962,0.004246113065384825,0.0015765842151849536,0.3713005732319254,3.3409508411104314,0.4,
0.0012,0.8,2.75,18,4,vae,0.7169636726052245,0.005160456157238211,0.003220220596407654,0.002391153076709479,0.7425432528991807,14.478425519966905,875.3,
0.0012,0.8,2.75,18,4,jump,0.5033315410837202,0.005160456157238211,0.003220220596407654,0.002391153076709479,0.7425432528991807,14.478425519966905,30.2,
0.0012,0.8,2.75,18,4,kmeans,0.5050475060214263,0.005160456157238211,0.003220220596407654,0.002391153076709479,0.7425432528991807,14.478425519966905,0.5,
0.0012,0.8,6.0,18,2,vae,0.7868675069032275,0.0033094360259812187,0.002882094991238065,0.002390571326181308,0.8294561190553914,3.1519985083512747,905.6,
0.0012,0.8,6.0,18,2,jump,0.7912888095698034,0.0033094360259812187,0.002882094991238065,0.002390571326181308,0.8294561190553914,3.1519985083512747,33.0,
0.0012,0.8,6.0,18,2,kmeans,0.7999946418816392,0.0033094360259812187,0.002882094991238065,0.002390571326181308,0.8294561190553914,3.1519985083512747,0.5,
0.0008,1.1,4.0,18,3,vae,0.6742328108093969,0.004387977579246963,0.003645976712451264,0.0015994188223918296,0.4386804822229673,5.400113867834266,901.9,
0.0008,1.1,4.0,18,3,jump,0.5050081658677185,0.004387977579246963,0.003645976712451264,0.0015994188223918296,0.4386804822229673,5.400113867834266,32.6,
0.0008,1.1,4.0,18,3,kmeans,0.6777471121837726,0.004387977579246963,0.003645976712451264,0.0015994188223918296,0.4386804822229673,5.400113867834266,0.5,
0.0016,1.6,6.0,18,3,vae,0.7880036010653462,0.004525037620273985,0.004417033959497529,0.00321080931532143,0.7269152432974918,0.3725247860949499,851.7,
0.0016,1.6,6.0,18,3,jump,0.8021502944266886,0.004525037620273985,0.004417033959497529,0.00321080931532143,0.7269152432974918,0.3725247860949499,30.6,
0.0016,1.6,6.0,18,3,kmeans,0.7927471588504519,0.004525037620273985,0.004417033959497529,0.00321080931532143,0.7269152432974918,0.3725247860949499,0.4,
0.002,0.8,4.0,18,4,vae,0.8357336990835313,0.004267294078887571,0.003681215362025587,0.004002588099965472,1.0873007162946995,7.401088127846158,851.2,
0.002,0.8,4.0,18,4,jump,0.8237061252551945,0.004267294078887571,0.003681215362025587,0.004002588099965472,1.0873007162946995,7.401088127846158,32.3,
0.002,0.8,4.0,18,4,kmeans,0.8442822654659474,0.004267294078887571,0.003681215362025587,0.004002588099965472,1.0873007162946995,7.401088127846158,0.5,
0.0008,0.8,2.75,18,4,vae,0.6563048083479609,0.005083777255577807,0.002987052672741907,0.0015911530767094794,0.5326833005756512,15.407343982688985,878.9,
0.0008,0.8,2.75,18,4,jump,0.5018653424191344,0.005083777255577807,0.002987052672741907,0.0015911530767094794,0.5326833005756512,15.407343982688985,30.8,
0.0008,0.8,2.75,18,4,kmeans,0.505078984456457,0.005083777255577807,0.002987052672741907,0.0015911530767094794,0.5326833005756512,15.407343982688985,0.6,
0.0012,1.1,4.0,18,3,vae,0.7417165142241842,0.004479099565599961,0.003790625171699205,0.0023994188223918295,0.6329876243913227,4.99568440421635,910.2,
0.0012,1.1,4.0,18,3,jump,0.7540926677674128,0.004479099565599961,0.003790625171699205,0.0023994188223918295,0.6329876243913227,4.99568440421635,32.9,
0.0012,1.1,4.0,18,3,kmeans,0.743757580581438,0.004479099565599961,0.003790625171699205,0.0023994188223918295,0.6329876243913227,4.99568440421635,0.4,
0.0016,1.1,2.0,18,2,vae,0.5637842889949439,0.006348345210868584,0.004280897385391175,0.003199155399820846,0.7473095269085777,10.974175656680952,870.1,
0.0016,1.1,2.0,18,2,jump,0.5086220604613156,0.006348345210868584,0.004280897385391175,0.003199155399820846,0.7473095269085777,10.974175656680952,30.2,
0.0016,1.1,2.0,18,2,kmeans,0.7432694738226767,0.006348345210868584,0.004280897385391175,0.003199155399820846,0.7473095269085777,10.974175656680952,0.2,
0.001,0.8,2.0,18,1,vae,0.5077427197460579,0.006700762026588601,0.0033644075591833162,0.001959408905673997,0.5823934440777526,13.314706841227725,865.5,
0.001,0.8,2.0,18,1,jump,0.5029261228018186,0.006700762026588601,0.0033644075591833162,0.001959408905673997,0.5823934440777526,13.314706841227725,30.6,
0.001,0.8,2.0,18,1,kmeans,0.5017317373469374,0.006700762026588601,0.0033644075591833162,0.001959408905673997,0.5823934440777526,13.314706841227725,0.4,
0.0008,0.8,6.0,18,3,vae,0.729523482332496,0.0031925786444833007,0.002672534051458492,0.0016000513905810045,0.5987019659142613,4.181764782742713,905.4,
0.0008,0.8,6.0,18,3,jump,0.7473717146006901,0.0031925786444833007,0.002672534051458492,0.0016000513905810045,0.5987019659142613,4.181764782742713,31.8,
0.0008,0.8,6.0,18,3,kmeans,0.7342353748730336,0.0031925786444833007,0.002672534051458492,0.0016000513905810045,0.5987019659142613,4.181764782742713,0.6,
0.0011,1.1,2.0,18,4,vae,0.6824820487870515,0.006192288177977926,0.004042533323017202,0.0022640822185570793,0.5600651961644808,10.439540504273088,895.9,
0.0011,1.1,2.0,18,4,jump,0.5015737516519174,0.006192288177977926,0.004042533323017202,0.0022640822185570793,0.5600651961644808,10.439540504273088,31.9,
0.0011,1.1,2.0,18,4,kmeans,0.5088204956350637,0.006192288177977926,0.004042533323017202,0.0022640822185570793,0.5600651961644808,10.439540504273088,0.5,
0.001,1.6,2.0,18,3,vae,0.69601238032951,0.005058853570537855,0.0043406546998837605,0.0019992886467118188,0.46059610472248763,6.003014717666691,874.2,
0.001,1.6,2.0,18,3,jump,0.502688711738881,0.005058853570537855,0.0043406546998837605,0.0019992886467118188,0.46059610472248763,6.003014717666691,30.9,
0.001,1.6,2.0,18,3,kmeans,0.6965296193813568,0.005058853570537855,0.0043406546998837605,0.0019992886467118188,0.46059610472248763,6.003014717666691,0.5,
0.0011,0.8,2.75,18,5,vae,0.5909040296143739,0.005123692746852594,0.003172735485990341,0.002204509387877576,0.6948292404494155,14.824347340687105,888.0,
0.0011,0.8,2.75,18,5,jump,0.5015933799924306,0.005123692746852594,0.003172735485990341,0.002204509387877576,0.6948292404494155,14.824347340687105,30.5,
0.0011,0.8,2.75,18,5,kmeans,0.5069850560888969,0.005123692746852594,0.003172735485990341,0.002204509387877576,0.6948292404494155,14.824347340687105,0.5,
0.0005,1.6,4.0,18,4,vae,0.6030553533371283,0.00440027347156694,0.004141497946578101,0.0010298851531471895,0.2486745536112432,1.0009645808421546,913.5,
0.0005,1.6,4.0,18,4,jump,0.5823933428372992,0.00440027347156694,0.004141497946578101,0.0010298851531471895,0.2486745536112432,1.0009645808421546,32.6,
0.0005,1.6,4.0,18,4,kmeans,0.6103607316588887,0.00440027347156694,0.004141497946578101,0.0010298851531471895,0.2486745536112432,1.0009645808421546,0.4,
0.0011,1.1,2.75,18,3,vae,0.7133034064392567,0.005190522470246224,0.0038634741861504614,0.0021761006480519405,0.563249692686621,8.803625222089016,858.2,
0.0011,1.1,2.75,18,3,jump,0.5035507935158071,0.005190522470246224,0.0038634741861504614,0.0021761006480519405,0.563249692686621,8.803625222089016,30.0,
0.0011,1.1,2.75,18,3,kmeans,0.7170961055995249,0.005190522470246224,0.0038634741861504614,0.0021761006480519405,0.563249692686621,8.803625222089016,0.6,
0.0012,1.1,6.0,18,3,vae,0.7526124928342612,0.004022085232811352,0.0036815039527422866,0.0023879280085053346,0.6486283972957871,1.8531476128397149,912.9,
0.0012,1.1,6.0,18,3,jump,0.7667974007981564,0.004022085232811352,0.0036815039527422866,0.0023879280085053346,0.6486283972957871,1.8531476128397149,33.3,
0.0012,1.1,6.0,18,3,kmeans,0.7570483910230293,0.004022085232811352,0.0036815039527422866,0.0023879280085053346,0.6486283972957871,1.8531476128397149,0.4,
0.0012,1.6,2.0,18,5,vae,0.6479791731106299,0.005113106777244155,0.004403809265076055,0.0024001702972271215,0.5450214014174999,6.526662938635049,852.6,
0.0012,1.6,2.0,18,5,jump,0.5004728908467864,0.005113106777244155,0.004403809265076055,0.0024001702972271215,0.5450214014174999,6.526662938635049,31.6,
0.0012,1.6,2.0,18,5,kmeans,0.7094272061088451,0.005113106777244155,0.004403809265076055,0.0024001702972271215,0.5450214014174999,6.526662938635049,0.5,
0.0005,0.8,2.0,18,1,vae,0.501610009621858,0.0066467680567953,0.0031436296220070446,0.000959408905673997,0.30519145733887826,13.78134634549885,882.8,
0.0005,0.8,2.0,18,1,jump,0.5011274659719407,0.0066467680567953,0.0031436296220070446,0.000959408905673997,0.30519145733887826,13.78134634549885,31.3,
0.0005,0.8,2.0,18,1,kmeans,0.5001419881650816,0.0066467680567953,0.0031436296220070446,0.000959408905673997,0.30519145733887826,13.78134634549885,0.4,
0.002,0.8,2.0,18,1,vae,0.5489097677142054,0.006916724546758992,0.00412798183609544,0.003959408905673997,0.9591633546089214,11.668084434924594,889.9,
0.002,0.8,2.0,18,1,jump,0.7518540928955282,0.006916724546758992,0.00412798183609544,0.003959408905673997,0.9591633546089214,11.668084434924594,31.8,
0.002,0.8,2.0,18,1,kmeans,0.5019512054366495,0.006916724546758992,0.00412798183609544,0.003959408905673997,0.9591633546089214,11.668084434924594,0.4,
0.0014,1.6,2.0,18,0,vae,0.7328375486980495,0.005152731092942142,0.004449323405802905,0.0027864965350591136,0.6262742176540603,5.318205842539447,856.4,
0.0014,1.6,2.0,18,0,jump,0.5023675515144873,0.005152731092942142,0.004449323405802905,0.0027864965350591136,0.6262742176540603,5.318205842539447,30.5,
0.0014,1.6,2.0,18,0,kmeans,0.7405270753437097,0.005152731092942142,0.004449323405802905,0.0027864965350591136,0.6262742176540603,5.318205842539447,0.5,
0.0008,0.8,6.0,18,5,vae,0.6762846621185894,0.0031798983330470084,0.0026839812078072144,0.0015938921166873126,0.5938536797690571,3.728931187271466,871.2,
0.0008,0.8,6.0,18,5,jump,0.7360113564246554,0.0031798983330470084,0.0026839812078072144,0.0015938921166873126,0.5938536797690571,3.728931187271466,32.8,
0.0008,0.8,6.0,18,5,kmeans,0.7199658477950279,0.0031798983330470084,0.0026839812078072144,0.0015938921166873126,0.5938536797690571,3.728931187271466,0.4,
0.0005,0.8,4.0,18,2,vae,0.5862903411536361,0.003825226329041574,0.0026925136475966396,0.0009803648818510168,0.36410767415277495,12.129443499584413,894.9,
0.0005,0.8,4.0,18,2,jump,0.5001784939429312,0.003825226329041574,0.0026925136475966396,0.0009803648818510168,0.36410767415277495,12.129443499584413,30.7,
0.0005,0.8,4.0,18,2,kmeans,0.5190014647423562,0.003825226329041574,0.0026925136475966396,0.0009803648818510168,0.36410767415277495,12.129443499584413,0.6,
0.0005,1.6,4.0,18,3,vae,0.5963290688267023,0.004372157684451345,0.004134992516146135,0.0009709495300172853,0.23481288689785162,1.1401306251060666,905.9,
0.0005,1.6,4.0,18,3,jump,0.5980464727220842,0.004372157684451345,0.004134992516146135,0.0009709495300172853,0.23481288689785162,1.1401306251060666,32.4,
0.0005,1.6,4.0,18,3,kmeans,0.6025090089723801,0.004372157684451345,0.004134992516146135,0.0009709495300172853,0.23481288689785162,1.1401306251060666,0.6,
0.002,1.1,2.0,18,5,vae,0.6482658694403406,0.006488236242008621,0.004568169038652463,0.0039834184516843365,0.8719945382886667,9.665019652703318,850.8,
0.002,1.1,2.0,18,5,jump,0.7716884992946061,0.006488236242008621,0.004568169038652463,0.0039834184516843365,0.8719945382886667,9.665019652703318,31.1,
0.002,1.1,2.0,18,5,kmeans,0.7852844613551118,0.006488236242008621,0.004568169038652463,0.0039834184516843365,0.8719945382886667,9.665019652703318,0.3,
0.0011,1.6,2.0,18,2,vae,0.6355896601755933,0.005040901293318179,0.004342279528798601,0.0022151139166587674,0.5101269740853448,5.836417728699889,886.6,
0.0011,1.6,2.0,18,2,jump,0.5003952537311549,0.005040901293318179,0.004342279528798601,0.0022151139166587674,0.5101269740853448,5.836417728699889,30.1,
0.0011,1.6,2.0,18,2,kmeans,0.6941734492914948,0.005040901293318179,0.004342279528798601,0.0022151139166587674,0.5101269740853448,5.836417728699889,0.4,
0.002,1.6,4.0,18,3,vae,0.8214686172190273,0.004777421951909131,0.00462494646067037,0.003970949530017286,0.8585936213068529,0.7521205681411751,860.4,
0.002,1.6,4.0,18,3,jump,0.8252134980545602,0.004777421951909131,0.00462494646067037,0.003970949530017286,0.8585936213068529,0.7521205681411751,31.5,
0.002,1.6,4.0,18,3,kmeans,0.8255620961454565,0.004777421951909131,0.00462494646067037,0.003970949530017286,0.8585936213068529,0.7521205681411751,0.5,
0.0016,0.8,6.0,18,3,vae,0.8419501119980273,0.0034817455397438747,0.003170587184423616,0.003200051390581005,1.0092929809033921,2.9238058561814704,911.4,
0.0016,0.8,6.0,18,3,jump,0.8378841824352308,0.0034817455397438747,0.003170587184423616,0.003200051390581005,1.0092929809033921,2.9238058561814704,34.0,
0.0016,0.8,6.0,18,3,kmeans,0.8489391381982232,0.0034817455397438747,0.003170587184423616,0.003200051390581005,1.0092929809033921,2.9238058561814704,0.5,
0.001,1.6,4.0,18,5,vae,0.6829915471211414,0.004478760889409507,0.004242314332541696,0.0019501891114717717,0.4596993430006766,1.114555983139529,904.3,
0.001,1.6,4.0,18,5,jump,0.7227303080486622,0.004478760889409507,0.004242314332541696,0.0019501891114717717,0.4596993430006766,1.114555983139529,32.6,
0.001,1.6,4.0,18,5,kmeans,0.6975943284157489,0.004478760889409507,0.004242314332541696,0.0019501891114717717,0.4596993430006766,1.114555983139529,0.9,
0.0012,1.1,2.75,18,5,vae,0.6588661090116865,0.005250842602552225,0.0039260005893149656,0.002378390240278575,0.6058048607408825,8.767749040723217,869.0,
0.0012,1.1,2.75,18,5,jump,0.5080018814771837,0.005250842602552225,0.0039260005893149656,0.002378390240278575,0.6058048607408825,8.767749040723217,29.9,
0.0012,1.1,2.75,18,5,kmeans,0.7174352113523902,0.005250842602552225,0.0039260005893149656,0.002378390240278575,0.6058048607408825,8.767749040723217,0.6,
0.0014,0.8,2.0,18,2,vae,0.5112063075473338,0.006877219393272114,0.003632526590045423,0.002810543853457398,0.7737159753102464,12.928456044122832,878.2,
0.0014,0.8,2.0,18,2,jump,0.5091102362451186,0.006877219393272114,0.003632526590045423,0.002810543853457398,0.7737159753102464,12.928456044122832,31.3,
0.0014,0.8,2.0,18,2,kmeans,0.5064297470331119,0.006877219393272114,0.003632526590045423,0.002810543853457398,0.7737159753102464,12.928456044122832,0.6,
0.0016,0.8,4.0,18,0,vae,0.7969194734364631,0.004116984987306731,0.003322642643054184,0.0031982983427426394,0.9625766855874556,8.662223884002287,891.9,
0.0016,0.8,4.0,18,0,jump,0.8088159647379137,0.004116984987306731,0.003322642643054184,0.0031982983427426394,0.9625766855874556,8.662223884002287,31.1,
0.0016,0.8,4.0,18,0,kmeans,0.8099159191304879,0.004116984987306731,0.003322642643054184,0.0031982983427426394,0.9625766855874556,8.662223884002287,0.4,
0.0008,1.1,2.75,18,1,vae,0.5667074586863865,0.005122908362681166,0.0037607252579910477,0.0015499340097699945,0.4121369957767024,9.498262259531487,884.9,
0.0008,1.1,2.75,18,1,jump,0.5020754994841292,0.005122908362681166,0.0037607252579910477,0.0015499340097699945,0.4121369957767024,9.498262259531487,30.7,
0.0008,1.1,2.75,18,1,kmeans,0.5035483984542395,0.005122908362681166,0.0037607252579910477,0.0015499340097699945,0.4121369957767024,9.498262259531487,0.4,
0.0016,1.6,2.0,18,3,vae,0.7711630385960676,0.005209261240323174,0.00456111946963895,0.003199288646711819,0.7014261889011798,5.31203366254708,933.1,
0.0016,1.6,2.0,18,3,jump,0.785014119574613,0.005209261240323174,0.00456111946963895,0.003199288646711819,0.7014261889011798,5.31203366254708,32.9,
0.0016,1.6,2.0,18,3,kmeans,0.779122891952938,0.005209261240323174,0.00456111946963895,0.003199288646711819,0.7014261889011798,5.31203366254708,0.5,
0.0012,1.6,2.0,18,2,vae,0.6753016224128391,0.005063762800445563,0.004376108688740399,0.002415113916658767,0.5518861820943308,5.730017694857592,904.8,
0.0012,1.6,2.0,18,2,jump,0.5000071051569529,0.005063762800445563,0.004376108688740399,0.002415113916658767,0.5518861820943308,5.730017694857592,31.6,
0.0012,1.6,2.0,18,2,kmeans,0.7090596781282898,0.005063762800445563,0.004376108688740399,0.002415113916658767,0.5518861820943308,5.730017694857592,0.5,
0.0008,1.1,2.0,18,5,vae,0.5132590748614028,0.006228261326784092,0.003920869575270363,0.001583418451684336,0.4038436936722517,11.464757934135415,881.9,
0.0008,1.1,2.0,18,5,jump,0.5063238894449642,0.006228261326784092,0.003920869575270363,0.001583418451684336,0.4038436936722517,11.464757934135415,30.1,
0.0008,1.1,2.0,18,5,kmeans,0.5056163742948463,0.006228261326784092,0.003920869575270363,0.001583418451684336,0.4038436936722517,11.464757934135415,0.4,
0.0008,0.8,2.0,18,3,vae,0.5202710240500036,0.006742198057409979,0.0032736888328109524,0.0015835030171618622,0.48370602645279137,13.700390188177447,923.1,
0.0008,0.8,2.0,18,3,jump,0.5071476929095369,0.006742198057409979,0.0032736888328109524,0.0015835030171618622,0.48370602645279137,13.700390188177447,31.8,
0.0008,0.8,2.0,18,3,kmeans,0.5106022188744165,0.006742198057409979,0.0032736888328109524,0.0015835030171618622,0.48370602645279137,13.700390188177447,0.5,
0.0012,1.1,2.0,18,5,vae,0.537215088768196,0.006290731988445746,0.004074995064984073,0.0023834184516843358,0.5848886719311036,10.994106477881255,873.5,
0.0012,1.1,2.0,18,5,jump,0.5078620354662932,0.006290731988445746,0.004074995064984073,0.0023834184516843358,0.5848886719311036,10.994106477881255,32.2,
0.0012,1.1,2.0,18,5,kmeans,0.5032487981408085,0.006290731988445746,0.004074995064984073,0.0023834184516843358,0.5848886719311036,10.994106477881255,0.4,
0.001,0.8,2.75,18,0,vae,0.5860145307305604,0.005131547496167712,0.003100244723997466,0.0020112476317293623,0.6487383451252366,14.82499029276336,878.7,
0.001,0.8,2.75,18,0,jump,0.5072008892312583,0.005131547496167712,0.003100244723997466,0.0020112476317293623,0.6487383451252366,14.82499029276336,29.7,
0.001,0.8,2.75,18,0,kmeans,0.5097322469250802,0.005131547496167712,0.003100244723997466,0.0020112476317293623,0.6487383451252366,14.82499029276336,0.4,
0.002,1.1,4.0,18,5,vae,0.793184880428859,0.004727467905060888,0.004276361088520827,0.004014802538858582,0.9388361870646623,3.3716444582019856,906.9,
0.002,1.1,4.0,18,5,jump,0.8148101408290155,0.004727467905060888,0.004276361088520827,0.004014802538858582,0.9388361870646623,3.3716444582019856,32.9,
0.002,1.1,4.0,18,5,kmeans,0.8262303246989029,0.004727467905060888,0.004276361088520827,0.004014802538858582,0.9388361870646623,3.3716444582019856,0.3,
0.0011,1.1,4.0,18,4,vae,0.7181842974519598,0.00444044796955023,0.003756513445253496,0.0022117312549970033,0.5887723516048142,4.236512245713913,896.4,
0.0011,1.1,4.0,18,4,jump,0.719472481864279,0.00444044796955023,0.003756513445253496,0.0022117312549970033,0.5887723516048142,4.236512245713913,33.5,
0.0011,1.1,4.0,18,4,kmeans,0.7201293865739531,0.00444044796955023,0.003756513445253496,0.0022117312549970033,0.5887723516048142,4.236512245713913,0.6,
0.0008,1.1,2.0,18,1,vae,0.5418932471713349,0.006191801096556171,0.0039047185770392516,0.0015970904553325356,0.4090155087549299,11.529563360458402,822.8,
0.0008,1.1,2.0,18,1,jump,0.5006578089623802,0.006191801096556171,0.0039047185770392516,0.0015970904553325356,0.4090155087549299,11.529563360458402,29.6,
0.0008,1.1,2.0,18,1,kmeans,0.5138510823242108,0.006191801096556171,0.0039047185770392516,0.0015970904553325356,0.4090155087549299,11.529563360458402,0.4,
0.0008,1.6,6.0,18,5,vae,0.6259571887093438,0.004302650060707048,0.004193163092602021,0.001592314014584738,0.3797405394018779,0.47513556162319004,884.1,
0.0008,1.6,6.0,18,5,jump,0.677228322507475,0.004302650060707048,0.004193163092602021,0.001592314014584738,0.3797405394018779,0.47513556162319004,33.3,
0.0008,1.6,6.0,18,5,kmeans,0.6550647310121618,0.004302650060707048,0.004193163092602021,0.001592314014584738,0.3797405394018779,0.47513556162319004,0.6,
0.0012,0.8,2.0,18,0,vae,0.5022259393017373,0.006771930368339866,0.003481105390011484,0.002411209547862759,0.6926562909532609,13.314519896797979,883.5,
0.0012,0.8,2.0,18,0,jump,0.5059114482842213,0.006771930368339866,0.003481105390011484,0.002411209547862759,0.6926562909532609,13.314519896797979,33.0,
0.0012,0.8,2.0,18,0,kmeans,0.5109572768494199,0.006771930368339866,0.003481105390011484,0.002411209547862759,0.6926562909532609,13.314519896797979,0.4,
0.0008,1.6,6.0,18,4,vae,0.6804787655842768,0.004310408772957261,0.004175575674009101,0.0016232304037711017,0.38874409913701485,0.4885652018238571,905.6,
0.0008,1.6,6.0,18,4,jump,0.673044601840622,0.004310408772957261,0.004175575674009101,0.0016232304037711017,0.38874409913701485,0.4885652018238571,32.9,
0.0008,1.6,6.0,18,4,kmeans,0.6736386197212536,0.004310408772957261,0.004175575674009101,0.0016232304037711017,0.38874409913701485,0.4885652018238571,0.6,
0.002,0.8,4.0,18,0,vae,0.8348860623180372,0.004287605613478093,0.003681146530381163,0.003998298342742639,1.0861557152761958,7.307122003267237,916.0,
0.002,0.8,4.0,18,0,jump,0.8292639259187105,0.004287605613478093,0.003681146530381163,0.003998298342742639,1.0861557152761958,7.307122003267237,31.2,
0.002,0.8,4.0,18,0,kmeans,0.8449650043113919,0.004287605613478093,0.003681146530381163,0.003998298342742639,1.0861557152761958,7.307122003267237,0.2,
0.0011,0.8,2.75,18,1,vae,0.5474332568829392,0.005147747989510901,0.0031631689176306417,0.0021767845273757596,0.688165755310428,14.37284923117587,920.1,
0.0011,0.8,2.75,18,1,jump,0.5005407836604123,0.005147747989510901,0.0031631689176306417,0.0021767845273757596,0.688165755310428,14.37284923117587,32.2,
0.0011,0.8,2.75,18,1,kmeans,0.5020984313006649,0.005147747989510901,0.0031631689176306417,0.0021767845273757596,0.688165755310428,14.37284923117587,0.4,
0.0012,0.8,6.0,18,4,vae,0.7904523805321348,0.003266718391480088,0.002868164359234133,0.0023880058643811495,0.8325903139730816,2.9339540709014704,867.0,
0.0012,0.8,6.0,18,4,jump,0.7935545072616328,0.003266718391480088,0.002868164359234133,0.0023880058643811495,0.8325903139730816,2.9339540709014704,27.3,
0.0012,0.8,6.0,18,4,kmeans,0.7998949905022377,0.003266718391480088,0.002868164359234133,0.0023880058643811495,0.8325903139730816,2.9339540709014704,0.2,
0.0016,1.6,2.75,18,2,vae,0.7660092361440265,0.004892950417808251,0.004470173239112428,0.0032184790102284234,0.719989771776153,2.853374560638846,891.8,
0.0016,1.6,2.75,18,2,jump,0.7611985948769608,0.004892950417808251,0.004470173239112428,0.0032184790102284234,0.719989771776153,2.853374560638846,29.9,
0.0016,1.6,2.75,18,2,kmeans,0.7754143089020837,0.004892950417808251,0.004470173239112428,0.0032184790102284234,0.719989771776153,2.853374560638846,0.4,
0.0014,0.8,2.75,18,0,vae,0.7442517301414944,0.005224227563545749,0.003369290576259647,0.0028112476317293618,0.8343737555726685,13.796688018238807,897.9,
0.0014,0.8,2.75,18,0,jump,0.5070000530914495,0.005224227563545749,0.003369290576259647,0.0028112476317293618,0.8343737555726685,13.796688018238807,27.3,
0.0014,0.8,2.75,18,0,kmeans,0.7595965996222134,0.005224227563545749,0.003369290576259647,0.0028112476317293618,0.8343737555726685,13.796688018238807,0.2,
0.0014,1.6,2.75,18,0,vae,0.7516009092833595,0.0048263179131652935,0.004387333967415012,0.0027663912265855984,0.6305403799053706,2.9578625080204546,823.7,
0.0014,1.6,2.75,18,0,jump,0.7562020231793847,0.0048263179131652935,0.004387333967415012,0.0027663912265855984,0.6305403799053706,2.9578625080204546,26.4,
0.0014,1.6,2.75,18,0,kmeans,0.7554333526287955,0.0048263179131652935,0.004387333967415012,0.0027663912265855984,0.6305403799053706,2.9578625080204546,0.5,
0.0016,1.6,4.0,18,5,vae,0.7785704119461634,0.004645464369501237,0.004445614271857076,0.003150189111471772,0.7086060370585945,0.9434804040137625,812.9,
0.0016,1.6,4.0,18,5,jump,0.7837247020407432,0.004645464369501237,0.004445614271857076,0.003150189111471772,0.7086060370585945,0.9434804040137625,27.1,
0.0016,1.6,4.0,18,5,kmeans,0.782042027128365,0.004645464369501237,0.004445614271857076,0.003150189111471772,0.7086060370585945,0.9434804040137625,0.2,
0.002,0.8,6.0,18,1,vae,0.8545613769319192,0.003664416295530779,0.003510991929955177,0.004009695771752118,1.1420407257396652,2.155391550487243,830.0,
0.002,0.8,6.0,18,1,jump,0.8333895372946726,0.003664416295530779,0.003510991929955177,0.004009695771752118,1.1420407257396652,2.155391550487243,24.4,
0.002,0.8,6.0,18,1,kmeans,0.861923115362115,0.003664416295530779,0.003510991929955177,0.004009695771752118,1.1420407257396652,2.155391550487243,0.3,
0.0011,1.6,2.0,18,1,vae,0.6401357305405903,0.005099534880990056,0.004339899736593209,0.002171673549268602,0.500397170689789,5.847641505580555,650.7,
0.0011,1.6,2.0,18,1,jump,0.5016412307097724,0.005099534880990056,0.004339899736593209,0.002171673549268602,0.500397170689789,5.847641505580555,21.3,
0.0011,1.6,2.0,18,1,kmeans,0.701979167845399,0.005099534880990056,0.004339899736593209,0.002171673549268602,0.500397170689789,5.847641505580555,0.4,
0.0005,1.1,4.0,18,5,vae,0.5753625910079736,0.004316884093685932,0.0035807091434689616,0.0010148025388585832,0.2834082574703208,4.959806697974276,592.4,
0.0005,1.1,4.0,18,5,jump,0.5031665075287904,0.004316884093685932,0.0035807091434689616,0.0010148025388585832,0.2834082574703208,4.959806697974276,18.7,
0.0005,1.1,4.0,18,5,kmeans,0.5206847619559934,0.004316884093685932,0.0035807091434689616,0.0010148025388585832,0.2834082574703208,4.959806697974276,0.2,
0.0014,1.6,6.0,18,4,vae,0.7654019600038566,0.004463563778871616,0.004343537822962332,0.0028232304037711015,0.6499840726253037,0.4085018796894566,583.9,
0.0014,1.6,6.0,18,4,jump,0.7736545630583095,0.004463563778871616,0.004343537822962332,0.0028232304037711015,0.6499840726253037,0.4085018796894566,19.2,
0.0014,1.6,6.0,18,4,kmeans,0.7704597220316105,0.004463563778871616,0.004343537822962332,0.0028232304037711015,0.6499840726253037,0.4085018796894566,0.2,
0.0014,1.1,2.75,18,4,vae,0.7201997677920098,0.005283095727855721,0.0040396227915307625,0.00282321761923308,0.6988814958545321,8.623434877863655,574.2,
0.0014,1.1,2.75,18,4,jump,0.5014505795173886,0.005283095727855721,0.0040396227915307625,0.00282321761923308,0.6988814958545321,8.623434877863655,17.6,
0.0014,1.1,2.75,18,4,kmeans,0.7280663547800134,0.005283095727855721,0.0040396227915307625,0.00282321761923308,0.6988814958545321,8.623434877863655,0.2,
