loc,alpha,k,clip_factor,rep,model,bac,sd,mad,d_med,cdist_mad,kurt,secs,error
0.0011,0.8,4.0,20,2,vae,0.7322863462053877,0.003955454374910605,0.002959758902733729,0.002180085219633407,0.736575272269579,11.507494158535174,908.1,
0.0011,0.8,4.0,20,2,jump,0.500031850703582,0.003955454374910605,0.002959758902733729,0.002180085219633407,0.736575272269579,11.507494158535174,33.9,
0.0011,0.8,4.0,20,2,kmeans,0.7411693174302221,0.003955454374910605,0.002959758902733729,0.002180085219633407,0.736575272269579,11.507494158535174,0.4,
0.0016,1.6,4.0,12,4,vae,0.7762808511176484,0.004661825727100347,0.004463559563467411,0.0032298851531471894,0.7236119754248622,0.7389088203459875,921.9,
0.0016,1.6,4.0,12,4,jump,0.7817734478019708,0.004661825727100347,0.004463559563467411,0.0032298851531471894,0.7236119754248622,0.7389088203459875,34.3,
0.0016,1.6,4.0,12,4,kmeans,0.7819473996751458,0.004661825727100347,0.004463559563467411,0.0032298851531471894,0.7236119754248622,0.7389088203459875,0.6,
0.002,1.6,4.0,12,2,vae,0.8105150842782116,0.004775389298053944,0.004634285883661494,0.00396421382384653,0.8554098567424702,0.6534667171805011,929.7,
0.002,1.6,4.0,12,2,jump,0.804437815031334,0.004775389298053944,0.004634285883661494,0.00396421382384653,0.8554098567424702,0.6534667171805011,35.5,
0.002,1.6,4.0,12,2,kmeans,0.8172987841301415,0.004775389298053944,0.004634285883661494,0.00396421382384653,0.8554098567424702,0.6534667171805011,0.3,
0.0016,1.6,2.75,8,2,vae,0.7697628990624403,0.004786725311623468,0.004464126669139703,0.0032175439056853147,0.7207555125906359,1.066152207461399,932.0,
0.0016,1.6,2.75,8,2,jump,0.7748324610490646,0.004786725311623468,0.004464126669139703,0.0032175439056853147,0.7207555125906359,1.066152207461399,35.0,
0.0016,1.6,2.75,8,2,kmeans,0.77789697374415,0.004786725311623468,0.004464126669139703,0.0032175439056853147,0.7207555125906359,1.066152207461399,0.6,
0.0005,1.1,4.0,20,2,vae,0.5695890872229368,0.00434763637435244,0.0035688991576755162,0.0009980945702525025,0.2796645481298996,5.119687769484186,940.5,
0.0005,1.1,4.0,20,2,jump,0.501611895606774,0.00434763637435244,0.0035688991576755162,0.0009980945702525025,0.2796645481298996,5.119687769484186,34.0,
0.0005,1.1,4.0,20,2,kmeans,0.5129142952767827,0.00434763637435244,0.0035688991576755162,0.0009980945702525025,0.2796645481298996,5.119687769484186,0.6,
0.0014,1.6,4.0,8,2,vae,0.7572072167074171,0.0045419232119367926,0.004366248399411156,0.00276494735377917,0.6332547076689586,0.6113010337933136,940.6,
0.0014,1.6,4.0,8,2,jump,0.7678030257688393,0.0045419232119367926,0.004366248399411156,0.00276494735377917,0.6332547076689586,0.6113010337933136,34.7,
0.0014,1.6,4.0,8,2,kmeans,0.7602576290910266,0.0045419232119367926,0.004366248399411156,0.00276494735377917,0.6332547076689586,0.6113010337933136,0.4,
0.0014,1.1,2.0,8,3,vae,0.7335412530840566,0.005295412250680545,0.004151184112159025,0.002845685672341086,0.6855117950576876,2.679812319430222,942.8,
0.0014,1.1,2.0,8,3,jump,0.7632816874062336,0.005295412250680545,0.004151184112159025,0.002845685672341086,0.6855117950576876,2.679812319430222,33.7,
0.0014,1.1,2.0,8,3,kmeans,0.7423930909440645,0.005295412250680545,0.004151184112159025,0.002845685672341086,0.6855117950576876,2.679812319430222,0.5,
0.0011,0.8,2.0,12,2,vae,0.511478363557051,0.0059956338304194235,0.0033979709554498297,0.00220710432020962,0.6495359581192888,7.580290449443778,945.1,
0.0011,0.8,2.0,12,2,jump,0.5272443418275109,0.0059956338304194235,0.0033979709554498297,0.00220710432020962,0.6495359581192888,7.580290449443778,34.2,
0.0011,0.8,2.0,12,2,kmeans,0.502515240561664,0.0059956338304194235,0.0033979709554498297,0.00220710432020962,0.6495359581192888,7.580290449443778,0.6,
0.002,0.8,2.75,20,3,vae,0.8089637998357573,0.0054499872482121885,0.0038924438380866203,0.004018404610956593,1.032360331480567,13.855279335566987,956.3,
0.002,0.8,2.75,20,3,jump,0.8121591154304917,0.0054499872482121885,0.0038924438380866203,0.004018404610956593,1.032360331480567,13.855279335566987,33.4,
0.002,0.8,2.75,20,3,kmeans,0.8216076558830319,0.0054499872482121885,0.0038924438380866203,0.004018404610956593,1.032360331480567,13.855279335566987,0.4,
0.0012,0.8,4.0,8,0,vae,0.7487819453937585,0.003801055344320472,0.0030156254658230894,0.0023975491367716293,0.7950420779847204,3.88296905782558,957.7,
0.0012,0.8,4.0,8,0,jump,0.777569690930833,0.003801055344320472,0.0030156254658230894,0.0023975491367716293,0.7950420779847204,3.88296905782558,33.2,
0.0012,0.8,4.0,8,0,kmeans,0.7628167355893454,0.003801055344320472,0.0030156254658230894,0.0023975491367716293,0.7950420779847204,3.88296905782558,0.4,
0.002,0.8,2.75,12,5,vae,0.7254942079576623,0.005080595250612012,0.0038933130186989376,0.004005043021683788,1.028697924479288,6.340498942958037,957.3,
0.002,0.8,2.75,12,5,jump,0.7925138677292082,0.005080595250612012,0.0038933130186989376,0.004005043021683788,1.028697924479288,6.340498942958037,33.7,
0.002,0.8,2.75,12,5,kmeans,0.8192856534482968,0.005080595250612012,0.0038933130186989376,0.004005043021683788,1.028697924479288,6.340498942958037,0.3,
0.001,0.8,4.0,12,3,vae,0.7383350426423291,0.0038032444317497066,0.002897558164024199,0.0019823497367303057,0.6841449332555142,6.500990579075232,958.4,
0.001,0.8,4.0,12,3,jump,0.5009859287344128,0.0038032444317497066,0.002897558164024199,0.0019823497367303057,0.6841449332555142,6.500990579075232,34.9,
0.001,0.8,4.0,12,3,kmeans,0.7380167278213803,0.0038032444317497066,0.002897558164024199,0.0019823497367303057,0.6841449332555142,6.500990579075232,0.6,
0.0011,1.1,6.0,20,3,vae,0.7365734255733962,0.003993620520245323,0.0036381215192315096,0.002187928008505335,0.6013894799664352,1.9133213262340467,962.7,
0.0011,1.1,6.0,20,3,jump,0.7571640462758809,0.003993620520245323,0.0036381215192315096,0.002187928008505335,0.6013894799664352,1.9133213262340467,32.9,
0.0011,1.1,6.0,20,3,kmeans,0.740510671267534,0.003993620520245323,0.0036381215192315096,0.002187928008505335,0.6013894799664352,1.9133213262340467,0.6,
0.0014,1.1,2.0,8,0,vae,0.7134636464478014,0.005312808148802576,0.0041439361234810665,0.0027813352961633996,0.6711819905725213,2.6323961336264974,965.8,
0.0014,1.1,2.0,8,0,jump,0.7408090692720766,0.005312808148802576,0.0041439361234810665,0.0027813352961633996,0.6711819905725213,2.6323961336264974,34.0,
0.0014,1.1,2.0,8,0,kmeans,0.7323582000363967,0.005312808148802576,0.0041439361234810665,0.0027813352961633996,0.6711819905725213,2.6323961336264974,0.6,
0.0008,0.8,2.75,20,3,vae,0.5571629767476962,0.005127042111138946,0.002997747552462891,0.001618404610956593,0.5398735492676637,17.693048689788824,967.1,
0.0008,0.8,2.75,20,3,jump,0.5052181258669637,0.005127042111138946,0.002997747552462891,0.001618404610956593,0.5398735492676637,17.693048689788824,34.1,
0.0008,0.8,2.75,20,3,kmeans,0.5118565611288033,0.005127042111138946,0.002997747552462891,0.001618404610956593,0.5398735492676637,17.693048689788824,0.5,
0.0014,0.8,2.75,12,0,vae,0.7523602710731163,0.004923929942716789,0.003362825011575157,0.0028127809457652907,0.8364339316150667,7.968640094112654,967.3,
0.0014,0.8,2.75,12,0,jump,0.7622272824443803,0.004923929942716789,0.003362825011575157,0.0028127809457652907,0.8364339316150667,7.968640094112654,34.0,
0.0014,0.8,2.75,12,0,kmeans,0.7699374574321771,0.004923929942716789,0.003362825011575157,0.0028127809457652907,0.8364339316150667,7.968640094112654,0.5,
0.001,1.6,6.0,12,4,vae,0.7166164792749226,0.004352879762564442,0.004213381696316173,0.0020232304037711016,0.48019157759669495,0.4669352357307699,981.9,
0.001,1.6,6.0,12,4,jump,0.6991323998986767,0.004352879762564442,0.004213381696316173,0.0020232304037711016,0.48019157759669495,0.4669352357307699,34.3,
0.001,1.6,6.0,12,4,kmeans,0.7115910561861449,0.004352879762564442,0.004213381696316173,0.0020232304037711016,0.48019157759669495,0.4669352357307699,0.9,
0.0014,1.6,2.0,8,2,vae,0.7088472334353866,0.004877035192046546,0.004434226688017868,0.002813529734462146,0.634502909394516,1.4355281069219403,986.6,
0.0014,1.6,2.0,8,2,jump,0.7414767342210589,0.004877035192046546,0.004434226688017868,0.002813529734462146,0.634502909394516,1.4355281069219403,35.1,
0.0014,1.6,2.0,8,2,kmeans,0.7397524211309827,0.004877035192046546,0.004434226688017868,0.002813529734462146,0.634502909394516,1.4355281069219403,1.0,
0.0005,1.1,4.0,8,4,vae,0.6103071402736299,0.004228703583465353,0.0035802403852952733,0.001010610061224602,0.28227435939088596,2.3387418478377704,988.8,
0.0005,1.1,4.0,8,4,jump,0.5004093797491563,0.004228703583465353,0.0035802403852952733,0.001010610061224602,0.28227435939088596,2.3387418478377704,34.5,
0.0005,1.1,4.0,8,4,kmeans,0.5055883327511924,0.004228703583465353,0.0035802403852952733,0.001010610061224602,0.28227435939088596,2.3387418478377704,1.0,
0.0011,1.1,2.0,12,0,vae,0.5552442992493397,0.005776868660425086,0.004032549996831426,0.0021803270659867665,0.5406819674151485,5.860930883991109,930.4,
0.0011,1.1,2.0,12,0,jump,0.5110913910328911,0.005776868660425086,0.004032549996831426,0.0021803270659867665,0.5406819674151485,5.860930883991109,34.3,
0.0011,1.1,2.0,12,0,kmeans,0.5105023680617206,0.005776868660425086,0.004032549996831426,0.0021803270659867665,0.5406819674151485,5.860930883991109,0.7,
0.0011,1.6,2.0,8,4,vae,0.6979256731912478,0.004822274692326509,0.004350816125413962,0.00220260818947459,0.506251729786678,1.5021078593932486,912.7,
0.0011,1.6,2.0,8,4,jump,0.7218897475117327,0.004822274692326509,0.004350816125413962,0.00220260818947459,0.506251729786678,1.5021078593932486,36.0,
0.0011,1.6,2.0,8,4,kmeans,0.6971212220724945,0.004822274692326509,0.004350816125413962,0.00220260818947459,0.506251729786678,1.5021078593932486,0.6,
0.001,1.6,6.0,8,4,vae,0.709615969496376,0.004348618936482239,0.004213077351480461,0.002023113617527189,0.48019854580079663,0.39469546694025937,933.4,
0.001,1.6,6.0,8,4,jump,0.7086338243128706,0.004348618936482239,0.004213077351480461,0.002023113617527189,0.48019854580079663,0.39469546694025937,35.7,
0.001,1.6,6.0,8,4,kmeans,0.7070556900943469,0.004348618936482239,0.004213077351480461,0.002023113617527189,0.48019854580079663,0.39469546694025937,0.6,
0.0005,1.6,2.75,20,5,vae,0.5722311450434475,0.004604871925627649,0.0041682247863120666,0.00106434391561049,0.25534705304417926,3.242951207965409,954.1,
0.0005,1.6,2.75,20,5,jump,0.5001795904553137,0.004604871925627649,0.0041682247863120666,0.00106434391561049,0.25534705304417926,3.242951207965409,34.7,
0.0005,1.6,2.75,20,5,kmeans,0.6094640847907097,0.004604871925627649,0.0041682247863120666,0.00106434391561049,0.25534705304417926,3.242951207965409,0.6,
0.001,1.6,2.0,12,2,vae,0.6091586913154912,0.004917925266605517,0.0043121154169441815,0.002013794030315842,0.46700837885803503,3.1789188458100615,949.0,
0.001,1.6,2.0,12,2,jump,0.5104675512282066,0.004917925266605517,0.0043121154169441815,0.002013794030315842,0.46700837885803503,3.1789188458100615,34.3,
0.001,1.6,2.0,12,2,kmeans,0.6729312050503196,0.004917925266605517,0.0043121154169441815,0.002013794030315842,0.46700837885803503,3.1789188458100615,0.5,
0.0012,0.8,4.0,8,2,vae,0.7321096773027715,0.0037838138770522434,0.003016984400840035,0.0023797753772130123,0.7887927350736049,3.829793065335812,956.7,
0.0012,0.8,4.0,8,2,jump,0.7641812707642712,0.0037838138770522434,0.003016984400840035,0.0023797753772130123,0.7887927350736049,3.829793065335812,33.9,
0.0012,0.8,4.0,8,2,kmeans,0.7662896673387515,0.0037838138770522434,0.003016984400840035,0.0023797753772130123,0.7887927350736049,3.829793065335812,0.5,
0.0011,1.1,4.0,20,0,vae,0.7239414946032346,0.004474790780577584,0.0037599194644781326,0.002191533417230768,0.5828671166856887,5.414410922999407,957.5,
0.0011,1.1,4.0,20,0,jump,0.7242853035054693,0.004474790780577584,0.0037599194644781326,0.002191533417230768,0.5828671166856887,5.414410922999407,34.1,
0.0011,1.1,4.0,20,0,kmeans,0.7263361670748599,0.004474790780577584,0.0037599194644781326,0.002191533417230768,0.5828671166856887,5.414410922999407,0.6,
0.0014,1.6,2.0,20,2,vae,0.7197934802379784,0.005130788831642387,0.004447578597622212,0.0028151139166587673,0.6329542817216988,6.154417264077884,958.3,
0.0014,1.6,2.0,20,2,jump,0.5012839933634134,0.005130788831642387,0.004447578597622212,0.0028151139166587673,0.6329542817216988,6.154417264077884,33.0,
0.0014,1.6,2.0,20,2,kmeans,0.732778062067391,0.005130788831642387,0.004447578597622212,0.0028151139166587673,0.6329542817216988,6.154417264077884,0.3,
0.001,0.8,4.0,20,3,vae,0.7425940480796581,0.0038524411581485635,0.002898303818484422,0.0019829130492895215,0.6841632808276202,9.188045189220396,979.3,
0.001,0.8,4.0,20,3,jump,0.5009074966675384,0.0038524411581485635,0.002898303818484422,0.0019829130492895215,0.6841632808276202,9.188045189220396,33.5,
0.001,0.8,4.0,20,3,kmeans,0.7436474532270689,0.0038524411581485635,0.002898303818484422,0.0019829130492895215,0.6841632808276202,9.188045189220396,0.4,
0.0012,0.8,2.0,8,4,vae,0.7049628144226385,0.005172865187512333,0.003399701240961388,0.002416135300674493,0.7106904781995619,3.8937422749195134,975.0,
0.0012,0.8,2.0,8,4,jump,0.7227047448067486,0.005172865187512333,0.003399701240961388,0.002416135300674493,0.7106904781995619,3.8937422749195134,33.6,
0.0012,0.8,2.0,8,4,kmeans,0.5068487108790392,0.005172865187512333,0.003399701240961388,0.002416135300674493,0.7106904781995619,3.8937422749195134,0.6,
0.0005,1.6,2.0,12,3,vae,0.5938124730139412,0.004874222697669668,0.004224996663410249,0.0009996650659192946,0.23660730304870936,3.369858772178289,976.5,
0.0005,1.6,2.0,12,3,jump,0.5038487792898004,0.004874222697669668,0.004224996663410249,0.0009996650659192946,0.23660730304870936,3.369858772178289,32.4,
0.0005,1.6,2.0,12,3,kmeans,0.5043593488119564,0.004874222697669668,0.004224996663410249,0.0009996650659192946,0.23660730304870936,3.369858772178289,0.5,
0.0016,0.8,6.0,20,2,vae,0.8335906840182099,0.003475330172794516,0.003162711124763031,0.003190571326181308,1.0088089617797025,2.5377809652967294,990.0,
0.0016,0.8,6.0,20,2,jump,0.8253382767225328,0.003475330172794516,0.003162711124763031,0.003190571326181308,1.0088089617797025,2.5377809652967294,35.7,
0.0016,0.8,6.0,20,2,kmeans,0.8432125165644909,0.003475330172794516,0.003162711124763031,0.003190571326181308,1.0088089617797025,2.5377809652967294,0.3,
0.0011,1.6,4.0,20,3,vae,0.7153699191552858,0.004478759660477317,0.004249375196225208,0.0021709495300172854,0.5108867609397675,1.034906665476707,986.7,
0.0011,1.6,4.0,20,3,jump,0.7372396675265487,0.004478759660477317,0.004249375196225208,0.0021709495300172854,0.5108867609397675,1.034906665476707,34.5,
0.0011,1.6,4.0,20,3,kmeans,0.717240992619895,0.004478759660477317,0.004249375196225208,0.0021709495300172854,0.5108867609397675,1.034906665476707,0.5,
0.0008,0.8,2.75,12,2,vae,0.571409117427404,0.004748514633557402,0.0029932122576830523,0.0016106086314068321,0.5380870091229519,8.34917733788993,1002.3,
0.0008,0.8,2.75,12,2,jump,0.5085984749403114,0.004748514633557402,0.0029932122576830523,0.0016106086314068321,0.5380870091229519,8.34917733788993,35.7,
0.0008,0.8,2.75,12,2,kmeans,0.5090534149899372,0.004748514633557402,0.0029932122576830523,0.0016106086314068321,0.5380870091229519,8.34917733788993,0.7,
0.002,0.8,2.0,12,3,vae,0.7746883657244819,0.0061820811430563435,0.004127722285822116,0.0039835875271735715,0.9650812848665672,6.208324969299719,978.0,
0.002,0.8,2.0,12,3,jump,0.8006371423745104,0.0061820811430563435,0.004127722285822116,0.0039835875271735715,0.9650812848665672,6.208324969299719,35.6,
0.002,0.8,2.0,12,3,kmeans,0.7891747043846129,0.0061820811430563435,0.004127722285822116,0.0039835875271735715,0.9650812848665672,6.208324969299719,0.4,
0.0008,1.6,2.0,12,5,vae,0.5625638392637007,0.004892619957540666,0.004275740333799732,0.0016016852893582859,0.37459835357562804,3.209990963997969,1009.4,
0.0008,1.6,2.0,12,5,jump,0.5128125202124314,0.004892619957540666,0.004275740333799732,0.0016016852893582859,0.37459835357562804,3.209990963997969,35.4,
0.0008,1.6,2.0,12,5,kmeans,0.652250840356853,0.004892619957540666,0.004275740333799732,0.0016016852893582859,0.37459835357562804,3.209990963997969,0.7,
0.0012,1.1,2.0,8,5,vae,0.6619568899656045,0.005260257876814463,0.004019970482561185,0.0023918965657927,0.5950035146200342,2.7808600375251507,1012.5,
0.0012,1.1,2.0,8,5,jump,0.7118486553970154,0.005260257876814463,0.004019970482561185,0.0023918965657927,0.5950035146200342,2.7808600375251507,35.0,
0.0012,1.1,2.0,8,5,kmeans,0.5030643246822526,0.005260257876814463,0.004019970482561185,0.0023918965657927,0.5950035146200342,2.7808600375251507,0.6,
0.0008,1.1,6.0,20,1,vae,0.6446584810687099,0.003918619897300081,0.0035247678739371686,0.0015416028762303686,0.4373629502326339,1.6695653075914842,1004.9,
0.0008,1.1,6.0,20,1,jump,0.6731339441901016,0.003918619897300081,0.0035247678739371686,0.0015416028762303686,0.4373629502326339,1.6695653075914842,34.8,
0.0008,1.1,6.0,20,1,kmeans,0.6746825471697311,0.003918619897300081,0.0035247678739371686,0.0015416028762303686,0.4373629502326339,1.6695653075914842,1.1,
0.0011,0.8,2.75,20,0,vae,0.5991720965187145,0.005225026428013703,0.003162813649792712,0.002210738361271609,0.6989783800308623,16.92330689852534,1011.5,
0.0011,0.8,2.75,20,0,jump,0.5037014854371314,0.005225026428013703,0.003162813649792712,0.002210738361271609,0.6989783800308623,16.92330689852534,35.6,
0.0011,0.8,2.75,20,0,kmeans,0.5047742188321505,0.005225026428013703,0.003162813649792712,0.002210738361271609,0.6989783800308623,16.92330689852534,0.5,
0.0011,0.8,2.75,8,2,vae,0.6614765170162609,0.004432137319218076,0.0031354247500017993,0.0022085337230089643,0.7043810325882313,4.177636271899198,903.5,
0.0011,0.8,2.75,8,2,jump,0.7242828794088061,0.004432137319218076,0.0031354247500017993,0.0022085337230089643,0.7043810325882313,4.177636271899198,33.7,
0.0011,0.8,2.75,8,2,kmeans,0.7251854693470179,0.004432137319218076,0.0031354247500017993,0.0022085337230089643,0.7043810325882313,4.177636271899198,0.5,
0.0005,1.6,2.0,12,5,vae,0.5254458101910999,0.004852808921214293,0.004219716102748211,0.001001685289358286,0.2373821520139494,3.3230485315461413,932.1,
0.0005,1.6,2.0,12,5,jump,0.5133160699156409,0.004852808921214293,0.004219716102748211,0.001001685289358286,0.2373821520139494,3.3230485315461413,34.1,
0.0005,1.6,2.0,12,5,kmeans,0.513733846865176,0.004852808921214293,0.004219716102748211,0.001001685289358286,0.2373821520139494,3.3230485315461413,0.6,
0.0008,1.6,6.0,20,2,vae,0.6391719043073661,0.004279437108296849,0.004136170026533564,0.0016042292332305622,0.3878537929870916,0.5441780833249066,936.0,
0.0008,1.6,6.0,20,2,jump,0.6674894798426096,0.004279437108296849,0.004136170026533564,0.0016042292332305622,0.3878537929870916,0.5441780833249066,34.9,
0.0008,1.6,6.0,20,2,kmeans,0.6656409690090054,0.004279437108296849,0.004136170026533564,0.0016042292332305622,0.3878537929870916,0.5441780833249066,0.6,
0.0012,1.6,4.0,12,2,vae,0.7215862748408113,0.004502328004397252,0.0042962311761548305,0.00236421382384653,0.5502994896942498,0.9030538456188806,930.9,
0.0012,1.6,4.0,12,2,jump,0.7370753919954092,0.004502328004397252,0.0042962311761548305,0.00236421382384653,0.5502994896942498,0.9030538456188806,34.3,
0.0012,1.6,4.0,12,2,kmeans,0.7239793327034594,0.004502328004397252,0.0042962311761548305,0.00236421382384653,0.5502994896942498,0.9030538456188806,0.7,
0.0016,1.1,4.0,12,1,vae,0.758087534925872,0.004542104213555272,0.003985451290995453,0.003195280660998789,0.80173622199776,3.0116329468997467,915.6,
0.0016,1.1,4.0,12,1,jump,0.766650602388905,0.004542104213555272,0.003985451290995453,0.003195280660998789,0.80173622199776,3.0116329468997467,33.8,
0.0016,1.1,4.0,12,1,kmeans,0.7833213226443454,0.004542104213555272,0.003985451290995453,0.003195280660998789,0.80173622199776,3.0116329468997467,0.5,
0.002,0.8,2.0,12,1,vae,0.751675270750265,0.006150171395672847,0.0041023246438456045,0.003964407993134673,0.9663808541047971,6.29187745273285,961.2,
0.002,0.8,2.0,12,1,jump,0.7747500009279782,0.006150171395672847,0.0041023246438456045,0.003964407993134673,0.9663808541047971,6.29187745273285,36.4,
0.002,0.8,2.0,12,1,kmeans,0.7844376678858849,0.006150171395672847,0.0041023246438456045,0.003964407993134673,0.9663808541047971,6.29187745273285,0.5,
0.0016,0.8,6.0,12,4,vae,0.8307142094696338,0.0034289885233930854,0.0031533991909019118,0.00318800586438115,1.0109744029804677,2.0678645415373893,959.3,
0.0016,0.8,6.0,12,4,jump,0.8212110640475488,0.0034289885233930854,0.0031533991909019118,0.00318800586438115,1.0109744029804677,2.0678645415373893,36.4,
0.0016,0.8,6.0,12,4,kmeans,0.843362756964989,0.0034289885233930854,0.0031533991909019118,0.00318800586438115,1.0109744029804677,2.0678645415373893,0.4,
0.0014,1.1,2.75,8,0,vae,0.7294198329066927,0.004841322499871803,0.0039952076608930145,0.002788213709728541,0.6978895582877701,2.4190811043372857,971.9,
0.0014,1.1,2.75,8,0,jump,0.7474715809934371,0.004841322499871803,0.0039952076608930145,0.002788213709728541,0.6978895582877701,2.4190811043372857,35.9,
0.0014,1.1,2.75,8,0,kmeans,0.7329669859920106,0.004841322499871803,0.0039952076608930145,0.002788213709728541,0.6978895582877701,2.4190811043372857,0.5,
0.001,1.6,2.0,20,0,vae,0.6834869605669387,0.005072288180137377,0.004310080953393065,0.001986496535059114,0.46089541160364195,6.340267883741079,965.6,
0.001,1.6,2.0,20,0,jump,0.500484880896731,0.005072288180137377,0.004310080953393065,0.001986496535059114,0.46089541160364195,6.340267883741079,35.3,
0.001,1.6,2.0,20,0,kmeans,0.6891025343148887,0.005072288180137377,0.004310080953393065,0.001986496535059114,0.46089541160364195,6.340267883741079,0.6,
0.0016,1.1,4.0,8,0,vae,0.7773294038524504,0.004489636022672139,0.003984682434969419,0.003189725899246502,0.8004968906062855,1.8303593524660897,966.2,
0.0016,1.1,4.0,8,0,jump,0.8011500676388268,0.004489636022672139,0.003984682434969419,0.003189725899246502,0.8004968906062855,1.8303593524660897,35.2,
0.0016,1.1,4.0,8,0,kmeans,0.7941761451043836,0.004489636022672139,0.003984682434969419,0.003189725899246502,0.8004968906062855,1.8303593524660897,0.4,
0.002,1.1,2.75,12,3,vae,0.7990083350694807,0.005288219281862977,0.004383651264094252,0.00397428785634618,0.9066158818104215,4.004386304748232,980.6,
0.002,1.1,2.75,12,3,jump,0.8071746534318095,0.005288219281862977,0.004383651264094252,0.00397428785634618,0.9066158818104215,4.004386304748232,36.3,
0.002,1.1,2.75,12,3,kmeans,0.8102863094904524,0.005288219281862977,0.004383651264094252,0.00397428785634618,0.9066158818104215,4.004386304748232,0.5,
0.001,1.6,4.0,20,5,vae,0.6821596354621946,0.0044819773429119435,0.004242375543104082,0.0019501891114717717,0.45969271028864356,1.309059839450704,975.5,
0.001,1.6,4.0,20,5,jump,0.7194703430397832,0.0044819773429119435,0.004242375543104082,0.0019501891114717717,0.45969271028864356,1.309059839450704,35.3,
0.001,1.6,4.0,20,5,kmeans,0.6966300953738588,0.0044819773429119435,0.004242375543104082,0.0019501891114717717,0.45969271028864356,1.309059839450704,0.9,
0.0008,1.1,2.75,12,3,vae,0.6384242961713414,0.004961463509083943,0.0037643943073901952,0.0015742878563461803,0.4182048233511471,5.207552622645531,949.2,
0.0008,1.1,2.75,12,3,jump,0.5031821868358385,0.004961463509083943,0.0037643943073901952,0.0015742878563461803,0.4182048233511471,5.207552622645531,33.3,
0.0008,1.1,2.75,12,3,kmeans,0.5027587618292522,0.004961463509083943,0.0037643943073901952,0.0015742878563461803,0.4182048233511471,5.207552622645531,0.5,
0.002,1.6,2.75,20,0,vae,0.8091243943465599,0.005038125516318839,0.004688555397632688,0.003966580206843061,0.8460132963014234,2.7289525037286113,974.6,
0.002,1.6,2.75,20,0,jump,0.808829550226587,0.005038125516318839,0.004688555397632688,0.003966580206843061,0.8460132963014234,2.7289525037286113,33.4,
0.002,1.6,2.75,20,0,kmeans,0.8159821899645676,0.005038125516318839,0.004688555397632688,0.003966580206843061,0.8460132963014234,2.7289525037286113,0.4,
0.001,0.8,6.0,8,0,vae,0.7482865102329992,0.003212242392671096,0.002757996250085979,0.00201195566100034,0.7294990560402751,2.7005072654962623,996.2,
0.001,0.8,6.0,8,0,jump,0.7681995553023377,0.003212242392671096,0.002757996250085979,0.00201195566100034,0.7294990560402751,2.7005072654962623,33.1,
0.001,0.8,6.0,8,0,kmeans,0.7584928787079268,0.003212242392671096,0.002757996250085979,0.00201195566100034,0.7294990560402751,2.7005072654962623,0.4,
0.0014,1.6,6.0,20,5,vae,0.7554742869054183,0.0044516850178753075,0.004365523122163122,0.0027923140145847377,0.6396287309551902,0.39325646802015113,983.8,
0.0014,1.6,6.0,20,5,jump,0.7698467665553022,0.0044516850178753075,0.004365523122163122,0.0027923140145847377,0.6396287309551902,0.39325646802015113,34.3,
0.0014,1.6,6.0,20,5,kmeans,0.7573284272759118,0.0044516850178753075,0.004365523122163122,0.0027923140145847377,0.6396287309551902,0.39325646802015113,0.4,
0.001,1.6,2.75,8,3,vae,0.6884510564074372,0.0046247179405008235,0.004282771051281528,0.0020427366791643904,0.47696611719488136,1.1677980463779996,1006.2,
0.001,1.6,2.75,8,3,jump,0.7199387272510454,0.0046247179405008235,0.004282771051281528,0.0020427366791643904,0.47696611719488136,1.1677980463779996,34.5,
0.001,1.6,2.75,8,3,kmeans,0.6864781374218738,0.0046247179405008235,0.004282771051281528,0.0020427366791643904,0.47696611719488136,1.1677980463779996,0.6,
0.0008,1.1,6.0,8,0,vae,0.6694260098022202,0.003925631828218283,0.003561411836578757,0.0016365647941648717,0.4595269711174502,1.4619153689353261,1000.4,
0.0008,1.1,6.0,8,0,jump,0.7010532875386986,0.003925631828218283,0.003561411836578757,0.0016365647941648717,0.4595269711174502,1.4619153689353261,34.1,
0.0008,1.1,6.0,8,0,kmeans,0.67947929142853,0.003925631828218283,0.003561411836578757,0.0016365647941648717,0.4595269711174502,1.4619153689353261,1.1,
0.0008,0.8,6.0,8,4,vae,0.7233389962497637,0.0031294808933857348,0.0026567842582988937,0.001588510268716968,0.5979071367029521,2.753514381174247,995.9,
0.0008,0.8,6.0,8,4,jump,0.7362560009644048,0.0031294808933857348,0.0026567842582988937,0.001588510268716968,0.5979071367029521,2.753514381174247,32.4,
0.0008,0.8,6.0,8,4,kmeans,0.7295134922816198,0.0031294808933857348,0.0026567842582988937,0.001588510268716968,0.5979071367029521,2.753514381174247,0.5,
0.0012,1.1,4.0,20,0,vae,0.7385222553763946,0.00450058495161974,0.0037941725242280648,0.0023915334172307677,0.6303175203445267,5.293284738318157,929.4,
0.0012,1.1,4.0,20,0,jump,0.7468265904107918,0.00450058495161974,0.0037941725242280648,0.0023915334172307677,0.6303175203445267,5.293284738318157,34.9,
0.0012,1.1,4.0,20,0,kmeans,0.740873700383692,0.00450058495161974,0.0037941725242280648,0.0023915334172307677,0.6303175203445267,5.293284738318157,0.5,
0.0005,0.8,6.0,12,3,vae,0.6551508958059633,0.0031238517429523155,0.0025627412182285094,0.0010000513905810045,0.3902272236727391,3.9915680288185236,920.1,
0.0005,0.8,6.0,12,3,jump,0.5123162579620264,0.0031238517429523155,0.0025627412182285094,0.0010000513905810045,0.3902272236727391,3.9915680288185236,33.2,
0.0005,0.8,6.0,12,3,kmeans,0.6561172365522754,0.0031238517429523155,0.0025627412182285094,0.0010000513905810045,0.3902272236727391,3.9915680288185236,0.6,
0.001,1.1,2.0,12,1,vae,0.5427909547510736,0.0057409780917577705,0.00396106061334712,0.0019941874961805998,0.5034478617825288,5.799774886818502,930.1,
0.001,1.1,2.0,12,1,jump,0.5227076310151858,0.0057409780917577705,0.00396106061334712,0.0019941874961805998,0.5034478617825288,5.799774886818502,32.7,
0.001,1.1,2.0,12,1,kmeans,0.5130873587851084,0.0057409780917577705,0.00396106061334712,0.0019941874961805998,0.5034478617825288,5.799774886818502,1.0,
0.0016,1.6,6.0,8,5,vae,0.7843574111821735,0.00451424613305669,0.004439470740910109,0.0031921437260109386,0.7190370006485359,0.30866172103919043,933.4,
0.0016,1.6,6.0,8,5,jump,0.7873873947432628,0.00451424613305669,0.004439470740910109,0.0031921437260109386,0.7190370006485359,0.30866172103919043,33.5,
0.0016,1.6,6.0,8,5,kmeans,0.7867308309302554,0.00451424613305669,0.004439470740910109,0.0031921437260109386,0.7190370006485359,0.30866172103919043,0.4,
0.0011,1.6,2.75,20,2,vae,0.7132246301320797,0.004760171429314029,0.004286970563113708,0.0022187502479263446,0.5175566790724181,3.764949246955103,932.9,
0.0011,1.6,2.75,20,2,jump,0.7150704259057082,0.004760171429314029,0.004286970563113708,0.0022187502479263446,0.5175566790724181,3.764949246955103,33.9,
0.0011,1.6,2.75,20,2,kmeans,0.7157599361369893,0.004760171429314029,0.004286970563113708,0.0022187502479263446,0.5175566790724181,3.764949246955103,0.5,
0.001,0.8,2.75,20,1,vae,0.5392954935748842,0.005194944238963833,0.003107288007295453,0.0019769079825211885,0.6362165263984866,16.824423828893575,951.9,
0.001,0.8,2.75,20,1,jump,0.5011297371422521,0.005194944238963833,0.003107288007295453,0.0019769079825211885,0.6362165263984866,16.824423828893575,33.1,
0.001,0.8,2.75,20,1,kmeans,0.5014038083684141,0.005194944238963833,0.003107288007295453,0.0019769079825211885,0.6362165263984866,16.824423828893575,0.5,
0.001,1.6,6.0,12,5,vae,0.6710816620654367,0.004343698667442889,0.004235984998725294,0.0019923140145847377,0.47033075310329736,0.4525986641742543,946.2,
0.001,1.6,6.0,12,5,jump,0.7059989375865733,0.004343698667442889,0.004235984998725294,0.0019923140145847377,0.47033075310329736,0.4525986641742543,33.3,
0.001,1.6,6.0,12,5,kmeans,0.6931774118353753,0.004343698667442889,0.004235984998725294,0.0019923140145847377,0.47033075310329736,0.4525986641742543,0.5,
0.001,1.1,4.0,8,5,vae,0.6904067477661461,0.0042866586919849585,0.0037284773203393657,0.002013956429103365,0.5401552044093043,2.0274590271631805,947.2,
0.001,1.1,4.0,8,5,jump,0.7261886350581062,0.0042866586919849585,0.0037284773203393657,0.002013956429103365,0.5401552044093043,2.0274590271631805,33.2,
0.001,1.1,4.0,8,5,kmeans,0.7118111523311297,0.0042866586919849585,0.0037284773203393657,0.002013956429103365,0.5401552044093043,2.0274590271631805,0.5,
0.0016,1.6,6.0,12,1,vae,0.777669665401885,0.004496841748189738,0.004398299002375698,0.0031694834875571325,0.720615739367689,0.3398341970878138,946.2,
0.0016,1.6,6.0,12,1,jump,0.7822383295888539,0.004496841748189738,0.004398299002375698,0.0031694834875571325,0.720615739367689,0.3398341970878138,32.8,
0.0016,1.6,6.0,12,1,kmeans,0.7797397871149024,0.004496841748189738,0.004398299002375698,0.0031694834875571325,0.720615739367689,0.3398341970878138,0.3,
0.0014,1.6,2.75,12,4,vae,0.7315799624892322,0.004793456094088683,0.004408901438938328,0.0027380479857310744,0.6210272612468293,1.84114352485593,944.2,
0.0014,1.6,2.75,12,4,jump,0.7525466414150783,0.004793456094088683,0.004408901438938328,0.0027380479857310744,0.6210272612468293,1.84114352485593,34.1,
0.0014,1.6,2.75,12,4,kmeans,0.7378727177784398,0.004793456094088683,0.004408901438938328,0.0027380479857310744,0.6210272612468293,1.84114352485593,0.5,
0.002,0.8,4.0,12,2,vae,0.8107565896130646,0.0042230955399382,0.0036695900646336976,0.003980242849959263,1.0846559915014853,4.8367671532158365,966.5,
0.002,0.8,4.0,12,2,jump,0.824501708242735,0.0042230955399382,0.0036695900646336976,0.003980242849959263,1.0846559915014853,4.8367671532158365,34.8,
0.002,0.8,4.0,12,2,kmeans,0.8432598776106964,0.0042230955399382,0.0036695900646336976,0.003980242849959263,1.0846559915014853,4.8367671532158365,0.6,
0.0005,1.1,4.0,8,0,vae,0.5683905154521478,0.004223157175077503,0.0035683435390024996,0.0009897258992465022,0.2773628403287571,2.350457053478154,975.1,
0.0005,1.1,4.0,8,0,jump,0.5144121376477311,0.004223157175077503,0.0035683435390024996,0.0009897258992465022,0.2773628403287571,2.350457053478154,31.2,
0.0005,1.1,4.0,8,0,kmeans,0.5065995512847146,0.004223157175077503,0.0035683435390024996,0.0009897258992465022,0.2773628403287571,2.350457053478154,0.5,
0.0011,1.6,2.75,12,3,vae,0.7044550235158002,0.004716191430293473,0.004316822415021599,0.002243163266513065,0.5196329732507288,2.1030823192657913,972.7,
0.0011,1.6,2.75,12,3,jump,0.7375308836277628,0.004716191430293473,0.004316822415021599,0.002243163266513065,0.5196329732507288,2.1030823192657913,32.5,
0.0011,1.6,2.75,12,3,kmeans,0.7072507782019261,0.004716191430293473,0.004316822415021599,0.002243163266513065,0.5196329732507288,2.1030823192657913,0.4,
0.002,0.8,4.0,8,1,vae,0.8354486633417334,0.004112904279221203,0.00363984476605619,0.0039689020998242,1.090404221860414,2.7068644744085635,959.0,
0.002,0.8,4.0,8,1,jump,0.8229057601091266,0.004112904279221203,0.00363984476605619,0.0039689020998242,1.090404221860414,2.7068644744085635,34.7,
0.002,0.8,4.0,8,1,kmeans,0.8472693294127531,0.004112904279221203,0.00363984476605619,0.0039689020998242,1.090404221860414,2.7068644744085635,0.4,
0.0014,0.8,2.0,20,3,vae,0.7088809274243411,0.0070034342254041565,0.003657458584732563,0.0027824046188250915,0.7607480862366467,14.673993367058785,959.9,
0.0014,0.8,2.0,20,3,jump,0.5031884257502489,0.0070034342254041565,0.003657458584732563,0.0027824046188250915,0.7607480862366467,14.673993367058785,33.5,
0.0014,0.8,2.0,20,3,kmeans,0.5047209554900424,0.0070034342254041565,0.003657458584732563,0.0027824046188250915,0.7607480862366467,14.673993367058785,0.4,
0.001,1.6,4.0,20,2,vae,0.6849632658385424,0.004457087784169487,0.004239076056408285,0.0019639632712530252,0.46329984296556037,1.049081129455189,962.6,
0.001,1.6,4.0,20,2,jump,0.7003103848564015,0.004457087784169487,0.004239076056408285,0.0019639632712530252,0.46329984296556037,1.049081129455189,32.8,
0.001,1.6,4.0,20,2,kmeans,0.6936312473142532,0.004457087784169487,0.004239076056408285,0.0019639632712530252,0.46329984296556037,1.049081129455189,0.4,
0.001,1.6,2.75,12,3,vae,0.6895560753026354,0.004693480497226867,0.004287235356000887,0.002043163266513065,0.47656895338233024,2.143778460668032,980.8,
0.001,1.6,2.75,12,3,jump,0.7291931903981685,0.004693480497226867,0.004287235356000887,0.002043163266513065,0.47656895338233024,2.143778460668032,32.8,
0.001,1.6,2.75,12,3,kmeans,0.6895381797327294,0.004693480497226867,0.004287235356000887,0.002043163266513065,0.47656895338233024,2.143778460668032,0.6,
0.0014,1.1,2.75,12,5,vae,0.6902138291134579,0.005118908083768885,0.00401806942650216,0.002778937404836518,0.691610101733772,4.833289225113667,951.3,
0.0014,1.1,2.75,12,5,jump,0.7499374815486517,0.005118908083768885,0.00401806942650216,0.002778937404836518,0.691610101733772,4.833289225113667,33.8,
0.0014,1.1,2.75,12,5,kmeans,0.7430345159486891,0.005118908083768885,0.00401806942650216,0.002778937404836518,0.691610101733772,4.833289225113667,0.5,
0.002,1.6,2.0,20,0,vae,0.7978859388981743,0.005358331474497583,0.004734368221502306,0.003986496535059114,0.8420334770230699,5.042450590035102,968.7,
0.002,1.6,2.0,20,0,jump,0.8037317556666068,0.005358331474497583,0.004734368221502306,0.003986496535059114,0.8420334770230699,5.042450590035102,33.8,
0.002,1.6,2.0,20,0,kmeans,0.8065107684155476,0.005358331474497583,0.004734368221502306,0.003986496535059114,0.8420334770230699,5.042450590035102,0.3,
0.0016,1.6,4.0,8,5,vae,0.7793667817454447,0.00462497668127111,0.004444314455203582,0.003149541915939694,0.7086676578998778,0.5634337193452028,926.9,
0.0016,1.6,4.0,8,5,jump,0.7841929100073709,0.00462497668127111,0.004444314455203582,0.003149541915939694,0.7086676578998778,0.5634337193452028,34.2,
0.0016,1.6,4.0,8,5,kmeans,0.7829814849324929,0.00462497668127111,0.004444314455203582,0.003149541915939694,0.7086676578998778,0.5634337193452028,0.4,
0.002,0.8,6.0,8,5,vae,0.8609905836485672,0.0036526307975051357,0.0035374606451992405,0.003993834891964282,1.1290118230387653,1.3311305821193358,921.0,
0.002,0.8,6.0,8,5,jump,0.8421848573746797,0.0036526307975051357,0.0035374606451992405,0.003993834891964282,1.1290118230387653,1.3311305821193358,34.4,
0.002,0.8,6.0,8,5,kmeans,0.8665825029025852,0.0036526307975051357,0.0035374606451992405,0.003993834891964282,1.1290118230387653,1.3311305821193358,0.3,
0.002,1.6,4.0,20,2,vae,0.8114550000409508,0.0047781413728732,0.0046345301226696995,0.003963963271253025,0.8553107146425456,0.7195162810089264,920.5,
0.002,1.6,4.0,20,2,jump,0.80957469850509,0.0047781413728732,0.0046345301226696995,0.003963963271253025,0.8553107146425456,0.7195162810089264,34.1,
0.002,1.6,4.0,20,2,kmeans,0.8179621937848607,0.0047781413728732,0.0046345301226696995,0.003963963271253025,0.8553107146425456,0.7195162810089264,0.4,
0.0016,1.6,2.0,20,4,vae,0.7630449196267302,0.005246793162514525,0.004551172261498954,0.0032037788560568834,0.7039458565784327,6.693335082938303,931.9,
0.0016,1.6,2.0,20,4,jump,0.5022116752454908,0.005246793162514525,0.004551172261498954,0.0032037788560568834,0.7039458565784327,6.693335082938303,35.3,
0.0016,1.6,2.0,20,4,kmeans,0.7667949658037734,0.005246793162514525,0.004551172261498954,0.0032037788560568834,0.7039458565784327,6.693335082938303,0.4,
0.0016,0.8,2.0,20,1,vae,0.5210106865966964,0.006997625648889652,0.003774379967790103,0.003158516854427933,0.8368306533476126,14.317596695757047,932.4,
0.0016,0.8,2.0,20,1,jump,0.5049747284278115,0.006997625648889652,0.003774379967790103,0.003158516854427933,0.8368306533476126,14.317596695757047,34.2,
0.0016,0.8,2.0,20,1,kmeans,0.5031582774287763,0.006997625648889652,0.003774379967790103,0.003158516854427933,0.8368306533476126,14.317596695757047,0.5,
0.0011,0.8,2.0,12,3,vae,0.6029633681789889,0.005955992398344086,0.003421411406699721,0.002183587527173572,0.6382124999343038,7.279217549093779,950.4,
0.0011,0.8,2.0,12,3,jump,0.5269628856495315,0.005955992398344086,0.003421411406699721,0.002183587527173572,0.6382124999343038,7.279217549093779,35.4,
0.0011,0.8,2.0,12,3,kmeans,0.502516475641055,0.005955992398344086,0.003421411406699721,0.002183587527173572,0.6382124999343038,7.279217549093779,0.5,
0.0016,1.1,4.0,20,5,vae,0.7628662332480969,0.004573708029108561,0.004007039281456809,0.0032148025388585833,0.802288750633311,3.8950536027191704,969.2,
0.0016,1.1,4.0,20,5,jump,0.7826448779057071,0.004573708029108561,0.004007039281456809,0.0032148025388585833,0.802288750633311,3.8950536027191704,36.4,
0.0016,1.1,4.0,20,5,kmeans,0.7884913937468101,0.004573708029108561,0.004007039281456809,0.0032148025388585833,0.802288750633311,3.8950536027191704,0.4,
0.0012,0.8,6.0,20,1,vae,0.7836389313049121,0.0032944176260482822,0.0028699726775662246,0.0024096957717521174,0.8396232447047446,3.500801452970687,951.1,
0.0012,0.8,6.0,20,1,jump,0.7803513372405667,0.0032944176260482822,0.0028699726775662246,0.0024096957717521174,0.8396232447047446,3.500801452970687,35.8,
0.0012,0.8,6.0,20,1,kmeans,0.7955627555322983,0.0032944176260482822,0.0028699726775662246,0.0024096957717521174,0.8396232447047446,3.500801452970687,0.5,
0.0016,1.1,6.0,20,3,vae,0.8026589211729287,0.004158089446506525,0.003876025250541974,0.003187928008505335,0.8224734882879248,1.5858224231818774,959.1,
0.0016,1.1,6.0,20,3,jump,0.8101425040154374,0.004158089446506525,0.003876025250541974,0.003187928008505335,0.8224734882879248,1.5858224231818774,36.2,
0.0016,1.1,6.0,20,3,kmeans,0.8089383434626731,0.004158089446506525,0.003876025250541974,0.003187928008505335,0.8224734882879248,1.5858224231818774,0.4,
0.002,1.6,6.0,8,3,vae,0.8254591891077647,0.00467726159731617,0.004604079205880108,0.004010787692658979,0.8711378569544578,0.23204488436822368,956.1,
0.002,1.6,6.0,8,3,jump,0.8251181718486642,0.00467726159731617,0.004604079205880108,0.004010787692658979,0.8711378569544578,0.23204488436822368,35.4,
0.002,1.6,6.0,8,3,kmeans,0.8294511529854317,0.00467726159731617,0.004604079205880108,0.004010787692658979,0.8711378569544578,0.23204488436822368,0.3,
0.0012,1.6,6.0,12,2,vae,0.7383792357973188,0.004369659132188483,0.00425095983909086,0.0024042586207214073,0.5655801775901037,0.42684189941796946,964.5,
0.0012,1.6,6.0,12,2,jump,0.7463614971254715,0.004369659132188483,0.00425095983909086,0.0024042586207214073,0.5655801775901037,0.42684189941796946,35.5,
0.0012,1.6,6.0,12,2,kmeans,0.739755241193278,0.004369659132188483,0.00425095983909086,0.0024042586207214073,0.5655801775901037,0.42684189941796946,0.6,
0.0008,1.6,2.75,8,1,vae,0.6053689455639597,0.004599418840024122,0.004241045582204696,0.0015755165905747192,0.37149249165949577,1.2425496305047492,975.6,
0.0008,1.6,2.75,8,1,jump,0.6810147250776852,0.004599418840024122,0.004241045582204696,0.0015755165905747192,0.37149249165949577,1.2425496305047492,35.3,
0.0008,1.6,2.75,8,1,kmeans,0.6588812149012264,0.004599418840024122,0.004241045582204696,0.0015755165905747192,0.37149249165949577,1.2425496305047492,0.6,
0.002,0.8,6.0,8,3,vae,0.8602711398154138,0.0036610655610066966,0.003529137100741586,0.003999594753947308,1.1333067091972322,1.5774257033437769,959.4,
0.002,0.8,6.0,8,3,jump,0.8489405201728437,0.0036610655610066966,0.003529137100741586,0.003999594753947308,1.1333067091972322,1.5774257033437769,35.1,
0.002,0.8,6.0,8,3,kmeans,0.8689274983667663,0.0036610655610066966,0.003529137100741586,0.003999594753947308,1.1333067091972322,1.5774257033437769,0.4,
0.001,0.8,2.0,20,2,vae,0.5093241809711576,0.006985432043855423,0.003369180509302004,0.0020107342792118382,0.5968021819134897,15.238986309921415,991.7,
0.001,0.8,2.0,20,2,jump,0.5068843920762209,0.006985432043855423,0.003369180509302004,0.0020107342792118382,0.5968021819134897,15.238986309921415,37.7,
0.001,0.8,2.0,20,2,kmeans,0.5011896812800595,0.006985432043855423,0.003369180509302004,0.0020107342792118382,0.5968021819134897,15.238986309921415,0.9,
0.0012,1.1,2.75,8,4,vae,0.7144337009526259,0.004785940461770249,0.003916242998910014,0.002421986731325044,0.6184464886369774,2.5613109955443987,982.9,
0.0012,1.1,2.75,8,4,jump,0.7318992794940429,0.004785940461770249,0.003916242998910014,0.002421986731325044,0.6184464886369774,2.5613109955443987,37.3,
0.0012,1.1,2.75,8,4,kmeans,0.7173193108812245,0.004785940461770249,0.003916242998910014,0.002421986731325044,0.6184464886369774,2.5613109955443987,0.6,
0.002,1.6,2.0,8,5,vae,0.784213402611142,0.005092260305819544,0.00474185345940598,0.004002975445249773,0.8441794921581638,1.214438286869802,967.3,
0.002,1.6,2.0,8,5,jump,0.7951739437823839,0.005092260305819544,0.00474185345940598,0.004002975445249773,0.8441794921581638,1.214438286869802,37.5,
0.002,1.6,2.0,8,5,kmeans,0.808074518151644,0.005092260305819544,0.00474185345940598,0.004002975445249773,0.8441794921581638,1.214438286869802,0.4,
0.002,1.6,2.0,12,1,vae,0.7924628331733059,0.005269253530775423,0.004736258410803535,0.003969591444799051,0.8381281383938646,2.7130012244504575,989.8,
0.002,1.6,2.0,12,1,jump,0.788940348071958,0.005269253530775423,0.004736258410803535,0.003969591444799051,0.8381281383938646,2.7130012244504575,36.6,
0.002,1.6,2.0,12,1,kmeans,0.803193807737189,0.005269253530775423,0.004736258410803535,0.003969591444799051,0.8381281383938646,2.7130012244504575,0.6,
0.0011,1.1,2.0,20,5,vae,0.5285244636861455,0.006373400079434342,0.004033600680978548,0.002184347243708591,0.5415378012031351,12.839385289646689,981.6,
0.0011,1.1,2.0,20,5,jump,0.5029127114340404,0.006373400079434342,0.004033600680978548,0.002184347243708591,0.5415378012031351,12.839385289646689,36.6,
0.0011,1.1,2.0,20,5,kmeans,0.5020125978281682,0.006373400079434342,0.004033600680978548,0.002184347243708591,0.5415378012031351,12.839385289646689,0.5,
0.0008,1.1,2.75,8,5,vae,0.610243043881709,0.004721012645839194,0.0037603810664553114,0.0015784424061691992,0.41975597107691626,2.751144639326956,1000.0,
0.0008,1.1,2.75,8,5,jump,0.6735594259893605,0.004721012645839194,0.0037603810664553114,0.0015784424061691992,0.41975597107691626,2.751144639326956,36.8,
0.0008,1.1,2.75,8,5,kmeans,0.5244402317201171,0.004721012645839194,0.0037603810664553114,0.0015784424061691992,0.41975597107691626,2.751144639326956,0.7,
0.0011,0.8,2.75,12,2,vae,0.6042080719563095,0.00480936686269998,0.0031521639257589564,0.0022106086314068324,0.7012987533237433,7.950892098008373,914.4,
0.0011,0.8,2.75,12,2,jump,0.5124314046097278,0.00480936686269998,0.0031521639257589564,0.0022106086314068324,0.7012987533237433,7.950892098008373,34.6,
0.0011,0.8,2.75,12,2,kmeans,0.5147141150348011,0.00480936686269998,0.0031521639257589564,0.0022106086314068324,0.7012987533237433,7.950892098008373,0.6,
0.0005,0.8,4.0,20,4,vae,0.6244110300756536,0.003817622187745544,0.0026845226666800752,0.0010025670332413955,0.37346193633792674,13.051330763072212,960.6,
0.0005,0.8,4.0,20,4,jump,0.503490884401541,0.003817622187745544,0.0026845226666800752,0.0010025670332413955,0.37346193633792674,13.051330763072212,36.5,
0.0005,0.8,4.0,20,4,kmeans,0.5024857957814415,0.003817622187745544,0.0026845226666800752,0.0010025670332413955,0.37346193633792674,13.051330763072212,0.7,
0.0005,0.8,2.0,8,5,vae,0.5039778865593495,0.0050939212499797075,0.0030860076124222878,0.0009928119924323777,0.3217140451747278,4.2168245039768895,942.1,
0.0005,0.8,2.0,8,5,jump,0.5220363132140792,0.0050939212499797075,0.0030860076124222878,0.0009928119924323777,0.3217140451747278,4.2168245039768895,35.7,
0.0005,0.8,2.0,8,5,kmeans,0.5024836875672013,0.0050939212499797075,0.0030860076124222878,0.0009928119924323777,0.3217140451747278,4.2168245039768895,0.5,
0.0005,0.8,2.75,12,0,vae,0.5186091732921018,0.004747230414780905,0.0028837005827020198,0.0010127809457652905,0.35120877383751037,9.259441979932442,935.9,
0.0005,0.8,2.75,12,0,jump,0.5041478957913786,0.004747230414780905,0.0028837005827020198,0.0010127809457652905,0.35120877383751037,9.259441979932442,35.5,
0.0005,0.8,2.75,12,0,kmeans,0.5018287338267533,0.004747230414780905,0.0028837005827020198,0.0010127809457652905,0.35120877383751037,9.259441979932442,0.6,
0.0016,1.1,6.0,8,4,vae,0.7882575751663203,0.004141059900941866,0.0038828122260030394,0.003197075875332041,0.8233918328373828,1.0063767014521812,941.1,
0.0016,1.1,6.0,8,4,jump,0.7955085015988763,0.004141059900941866,0.0038828122260030394,0.003197075875332041,0.8233918328373828,1.0063767014521812,36.8,
0.0016,1.1,6.0,8,4,kmeans,0.8001939155647113,0.004141059900941866,0.0038828122260030394,0.003197075875332041,0.8233918328373828,1.0063767014521812,0.6,
0.002,1.6,2.0,20,1,vae,0.7854980743027075,0.005390206879547108,0.004739979591871584,0.0039715533099540104,0.8378840526580917,5.570536025113762,953.0,
0.002,1.6,2.0,20,1,jump,0.7831439312363269,0.005390206879547108,0.004739979591871584,0.0039715533099540104,0.8378840526580917,5.570536025113762,34.5,
0.002,1.6,2.0,20,1,kmeans,0.800558399737801,0.005390206879547108,0.004739979591871584,0.0039715533099540104,0.8378840526580917,5.570536025113762,0.3,
0.0012,0.8,2.75,8,5,vae,0.6583271775472788,0.00446949297216906,0.003211718038646562,0.0024060466883355927,0.7491463009466159,4.298784288671229,974.8,
0.0012,0.8,2.75,8,5,jump,0.7363525662823662,0.00446949297216906,0.003211718038646562,0.0024060466883355927,0.7491463009466159,4.298784288671229,35.3,
0.0012,0.8,2.75,8,5,kmeans,0.7410441718074284,0.00446949297216906,0.003211718038646562,0.0024060466883355927,0.7491463009466159,4.298784288671229,0.5,
0.0005,1.1,2.75,20,3,vae,0.5727019494534571,0.005146143045927488,0.0036961831916399786,0.0009759741305541286,0.26404917720571464,11.341388467909871,989.1,
0.0005,1.1,2.75,20,3,jump,0.5027004384945385,0.005146143045927488,0.0036961831916399786,0.0009759741305541286,0.26404917720571464,11.341388467909871,35.2,
0.0005,1.1,2.75,20,3,kmeans,0.5063708228865733,0.005146143045927488,0.0036961831916399786,0.0009759741305541286,0.26404917720571464,11.341388467909871,0.5,
0.0008,0.8,2.75,20,4,vae,0.6490999588999302,0.0051608515321076905,0.002988153431256916,0.0015925901403199944,0.5329679940999879,18.03203522047824,960.0,
0.0008,0.8,2.75,20,4,jump,0.5036563212879991,0.0051608515321076905,0.002988153431256916,0.0015925901403199944,0.5329679940999879,18.03203522047824,33.8,
0.0008,0.8,2.75,20,4,kmeans,0.500435985330449,0.0051608515321076905,0.002988153431256916,0.0015925901403199944,0.5329679940999879,18.03203522047824,0.5,
0.0016,1.1,2.0,20,2,vae,0.5698824887041755,0.006437199380592911,0.004283162740151677,0.003198281507550879,0.7467102469792264,12.338968276810533,975.6,
0.0016,1.1,2.0,20,2,jump,0.5016533965235292,0.006437199380592911,0.004283162740151677,0.003198281507550879,0.7467102469792264,12.338968276810533,35.4,
0.0016,1.1,2.0,20,2,kmeans,0.742630504707849,0.006437199380592911,0.004283162740151677,0.003198281507550879,0.7467102469792264,12.338968276810533,0.4,
0.0011,1.1,2.75,20,0,vae,0.6939331459302873,0.005247164351977483,0.0038814964889020416,0.002186627368684504,0.5633464760142125,10.649065628272243,985.0,
0.0011,1.1,2.75,20,0,jump,0.5011310969744887,0.005247164351977483,0.0038814964889020416,0.002186627368684504,0.5633464760142125,10.649065628272243,33.8,
0.0011,1.1,2.75,20,0,kmeans,0.6936390371073817,0.005247164351977483,0.0038814964889020416,0.002186627368684504,0.5633464760142125,10.649065628272243,0.6,
0.0008,1.6,2.75,8,5,vae,0.63033920382392,0.004553390447764333,0.0042268690880327316,0.0016651348638215095,0.3939404862421458,1.1234582203653414,982.4,
0.0008,1.6,2.75,8,5,jump,0.684481503503915,0.004553390447764333,0.0042268690880327316,0.0016651348638215095,0.3939404862421458,1.1234582203653414,35.2,
0.0008,1.6,2.75,8,5,kmeans,0.6624130905472101,0.004553390447764333,0.0042268690880327316,0.0016651348638215095,0.3939404862421458,1.1234582203653414,0.6,
0.0008,0.8,2.0,20,0,vae,0.5076466243126886,0.006900414416316113,0.0032624038039284664,0.0016121413619170236,0.49415751660654095,15.799113165669915,981.6,
0.0008,0.8,2.0,20,0,jump,0.5031303947107671,0.006900414416316113,0.0032624038039284664,0.0016121413619170236,0.49415751660654095,15.799113165669915,35.4,
0.0008,0.8,2.0,20,0,kmeans,0.5080068348413442,0.006900414416316113,0.0032624038039284664,0.0016121413619170236,0.49415751660654095,15.799113165669915,0.5,
0.001,0.8,4.0,12,1,vae,0.6197861796204966,0.0038479852295902096,0.0028824996022714013,0.0019677184361758483,0.6826430902628025,6.719035305754314,975.3,
0.001,0.8,4.0,12,1,jump,0.7351693954377752,0.0038479852295902096,0.0028824996022714013,0.0019677184361758483,0.6826430902628025,6.719035305754314,34.6,
0.001,0.8,4.0,12,1,kmeans,0.7333831650110986,0.0038479852295902096,0.0028824996022714013,0.0019677184361758483,0.6826430902628025,6.719035305754314,0.5,
0.0008,1.1,4.0,20,4,vae,0.6653828848326734,0.004379402451546665,0.003650035293689905,0.0016118874321290637,0.4416087249664836,4.799829670060703,984.0,
0.0008,1.1,4.0,20,4,jump,0.5010737788478444,0.004379402451546665,0.003650035293689905,0.0016118874321290637,0.4416087249664836,4.799829670060703,33.6,
0.0008,1.1,4.0,20,4,kmeans,0.6678935651875164,0.004379402451546665,0.003650035293689905,0.0016118874321290637,0.4416087249664836,4.799829670060703,0.7,
0.0011,0.8,2.0,20,2,vae,0.5114711733982203,0.007000729638546223,0.0034294225046823303,0.0022107342792118383,0.6446374793987713,15.111755740229324,999.2,
0.0011,0.8,2.0,20,2,jump,0.5069341581755541,0.007000729638546223,0.0034294225046823303,0.0022107342792118383,0.6446374793987713,15.111755740229324,35.1,
0.0011,0.8,2.0,20,2,kmeans,0.5017375783831065,0.007000729638546223,0.0034294225046823303,0.0022107342792118383,0.6446374793987713,15.111755740229324,0.5,
0.0011,1.1,6.0,12,3,vae,0.7335505463626648,0.003989450075901041,0.003638061036368335,0.0021876553464747124,0.6013245310085621,1.710960774603687,990.4,
0.0011,1.1,6.0,12,3,jump,0.7577005528579455,0.003989450075901041,0.003638061036368335,0.0021876553464747124,0.6013245310085621,1.710960774603687,35.3,
0.0011,1.1,6.0,12,3,kmeans,0.7390088654272771,0.003989450075901041,0.003638061036368335,0.0021876553464747124,0.6013245310085621,1.710960774603687,0.6,
0.0011,0.8,4.0,20,4,vae,0.7436244862441239,0.003938600950771437,0.0029605865923408724,0.0022025670332413956,0.743963050747951,11.33007838834348,986.5,
0.0011,0.8,4.0,20,4,jump,0.5035421244097393,0.003938600950771437,0.0029605865923408724,0.0022025670332413956,0.743963050747951,11.33007838834348,35.3,
0.0011,0.8,4.0,20,4,kmeans,0.7512358937888385,0.003938600950771437,0.0029605865923408724,0.0022025670332413956,0.743963050747951,11.33007838834348,0.6,
0.0005,1.6,2.75,8,1,vae,0.5459090364674013,0.004557796044211845,0.0041888386448601924,0.0009755165905747192,0.23288473805781512,1.2872331290899606,1000.9,
0.0005,1.6,2.75,8,1,jump,0.5156921910291153,0.004557796044211845,0.0041888386448601924,0.0009755165905747192,0.23288473805781512,1.2872331290899606,35.2,
0.0005,1.6,2.75,8,1,kmeans,0.5085712816957451,0.004557796044211845,0.0041888386448601924,0.0009755165905747192,0.23288473805781512,1.2872331290899606,0.7,
0.002,0.8,2.0,12,2,vae,0.7291007358352546,0.006224752125656046,0.0041218914477958645,0.00400710432020962,0.9721518314977399,6.527336010094023,950.5,
0.002,0.8,2.0,12,2,jump,0.7722729345091233,0.006224752125656046,0.0041218914477958645,0.00400710432020962,0.9721518314977399,6.527336010094023,37.5,
0.002,0.8,2.0,12,2,kmeans,0.7778476776551995,0.006224752125656046,0.0041218914477958645,0.00400710432020962,0.9721518314977399,6.527336010094023,0.4,
0.0008,1.1,6.0,20,2,vae,0.643361601857785,0.003947366503992944,0.0035410394870720612,0.0015801157623563818,0.4462293538734057,2.1568544961922065,966.7,
0.0008,1.1,6.0,20,2,jump,0.6039074053145834,0.003947366503992944,0.0035410394870720612,0.0015801157623563818,0.4462293538734057,2.1568544961922065,35.4,
0.0008,1.1,6.0,20,2,kmeans,0.6715451644326823,0.003947366503992944,0.0035410394870720612,0.0015801157623563818,0.4462293538734057,2.1568544961922065,0.7,
0.0012,1.6,2.75,20,5,vae,0.7212301053640031,0.004736307941393416,0.004345736062138844,0.0024643439156104897,0.5670716951911736,2.9160424469182473,945.6,
0.0012,1.6,2.75,20,5,jump,0.7337635339239046,0.004736307941393416,0.004345736062138844,0.0024643439156104897,0.5670716951911736,2.9160424469182473,34.6,
0.0012,1.6,2.75,20,5,kmeans,0.7262953807109525,0.004736307941393416,0.004345736062138844,0.0024643439156104897,0.5670716951911736,2.9160424469182473,0.4,
0.0011,1.6,2.0,12,0,vae,0.689703287024991,0.004985360465887691,0.004340375675269417,0.002184980728553352,0.5034082051936035,3.279632942182996,954.5,
0.0011,1.6,2.0,12,0,jump,0.7074910984786964,0.004985360465887691,0.004340375675269417,0.002184980728553352,0.5034082051936035,3.279632942182996,35.6,
0.0011,1.6,2.0,12,0,kmeans,0.6970773612247083,0.004985360465887691,0.004340375675269417,0.002184980728553352,0.5034082051936035,3.279632942182996,0.6,
0.002,1.1,4.0,12,4,vae,0.7939739629116396,0.00472017456044366,0.004259471604829406,0.004011720253947077,0.9418351913412387,2.4601422392912653,961.5,
0.002,1.1,4.0,12,4,jump,0.8034193745224953,0.00472017456044366,0.004259471604829406,0.004011720253947077,0.9418351913412387,2.4601422392912653,35.2,
0.002,1.1,4.0,12,4,kmeans,0.8251819295452189,0.00472017456044366,0.004259471604829406,0.004011720253947077,0.9418351913412387,2.4601422392912653,0.4,
0.001,1.1,6.0,12,3,vae,0.7174853417557142,0.003963274588987243,0.003607685211711246,0.0019876553464747123,0.5509503268251891,1.7626228389437504,963.2,
0.001,1.1,6.0,12,3,jump,0.7433911069492534,0.003963274588987243,0.003607685211711246,0.0019876553464747123,0.5509503268251891,1.7626228389437504,34.4,
0.001,1.1,6.0,12,3,kmeans,0.7219005704110262,0.003963274588987243,0.003607685211711246,0.0019876553464747123,0.5509503268251891,1.7626228389437504,0.5,
0.0008,1.6,6.0,8,0,vae,0.6315491621770111,0.004313840863350012,0.004172823291583651,0.0015686580456895183,0.3759224716880326,0.46272542822099894,966.4,
0.0008,1.6,6.0,8,0,jump,0.6807310071341923,0.004313840863350012,0.004172823291583651,0.0015686580456895183,0.3759224716880326,0.46272542822099894,35.0,
0.0008,1.6,6.0,8,0,kmeans,0.6686329543999071,0.004313840863350012,0.004172823291583651,0.0015686580456895183,0.3759224716880326,0.46272542822099894,0.8,
0.0011,0.8,4.0,12,5,vae,0.7176604698954044,0.0038852287428282417,0.0029649809961579086,0.0022037741171424155,0.743267535271935,6.617330987286088,988.6,
0.0011,0.8,4.0,12,5,jump,0.7433365417066112,0.0038852287428282417,0.0029649809961579086,0.0022037741171424155,0.743267535271935,6.617330987286088,35.6,
0.0011,0.8,4.0,12,5,kmeans,0.7579775865348224,0.0038852287428282417,0.0029649809961579086,0.0022037741171424155,0.743267535271935,6.617330987286088,0.5,
0.0014,0.8,2.75,8,5,vae,0.7336003935860711,0.004527022792151748,0.003350263863527983,0.002806046688335593,0.837559906514556,4.070387782749081,996.8,
0.0014,0.8,2.75,8,5,jump,0.752470799640611,0.004527022792151748,0.003350263863527983,0.002806046688335593,0.837559906514556,4.070387782749081,34.7,
0.0014,0.8,2.75,8,5,kmeans,0.7689282416257295,0.004527022792151748,0.003350263863527983,0.002806046688335593,0.837559906514556,4.070387782749081,0.4,
0.0005,1.6,6.0,12,0,vae,0.5662353447416291,0.004271977596379348,0.004122661886781353,0.0009695291264527364,0.23517066232411016,0.5276629645697781,1003.6,
0.0005,1.6,6.0,12,0,jump,0.6147762407490249,0.004271977596379348,0.004122661886781353,0.0009695291264527364,0.23517066232411016,0.5276629645697781,35.0,
0.0005,1.6,6.0,12,0,kmeans,0.5464464498301959,0.004271977596379348,0.004122661886781353,0.0009695291264527364,0.23517066232411016,0.5276629645697781,0.8,
0.0016,1.1,4.0,8,2,vae,0.7691439753904163,0.004494551389882487,0.003967912975867932,0.003199163620218467,0.8062585141547086,1.8339728059029046,982.6,
0.0016,1.1,4.0,8,2,jump,0.794314201400709,0.004494551389882487,0.003967912975867932,0.003199163620218467,0.8062585141547086,1.8339728059029046,33.7,
0.0016,1.1,4.0,8,2,kmeans,0.7967250646566783,0.004494551389882487,0.003967912975867932,0.003199163620218467,0.8062585141547086,1.8339728059029046,0.4,
0.0008,1.6,2.75,12,0,vae,0.6389526632654858,0.004649785656365894,0.004202149972204502,0.0015674067128979275,0.37300113591035056,2.1344721670658275,979.2,
0.0008,1.6,2.75,12,0,jump,0.501350530627879,0.004649785656365894,0.004202149972204502,0.0015674067128979275,0.37300113591035056,2.1344721670658275,33.5,
0.0008,1.6,2.75,12,0,kmeans,0.6589674944574357,0.004649785656365894,0.004202149972204502,0.0015674067128979275,0.37300113591035056,2.1344721670658275,0.6,
0.001,1.6,4.0,20,0,vae,0.6874337951275695,0.004502527633167434,0.004257725417610462,0.002006808602191275,0.4713334950842236,1.5037729358446779,1000.2,
0.001,1.6,4.0,20,0,jump,0.7137404032603212,0.004502527633167434,0.004257725417610462,0.002006808602191275,0.4713334950842236,1.5037729358446779,35.4,
0.001,1.6,4.0,20,0,kmeans,0.7047002959665735,0.004502527633167434,0.004257725417610462,0.002006808602191275,0.4713334950842236,1.5037729358446779,0.8,
0.0011,1.1,4.0,12,4,vae,0.7192357332147999,0.004413387284351506,0.0037556128305833263,0.0022117202539470777,0.5889106129194768,3.2649370714633843,968.9,
0.0011,1.1,4.0,12,4,jump,0.7278292859430198,0.004413387284351506,0.0037556128305833263,0.0022117202539470777,0.5889106129194768,3.2649370714633843,34.6,
0.0011,1.1,4.0,12,4,kmeans,0.7215068532735511,0.004413387284351506,0.0037556128305833263,0.0022117202539470777,0.5889106129194768,3.2649370714633843,0.6,
0.0016,1.6,2.0,20,3,vae,0.7791569606316289,0.005225079582714587,0.004561219889740991,0.003199144971242877,0.7013792469068051,5.958621974480348,982.4,
0.0016,1.6,2.0,20,3,jump,0.5023683239560013,0.005225079582714587,0.004561219889740991,0.003199144971242877,0.7013792469068051,5.958621974480348,35.2,
0.0016,1.6,2.0,20,3,kmeans,0.7810349039121058,0.005225079582714587,0.004561219889740991,0.003199144971242877,0.7013792469068051,5.958621974480348,0.5,
0.0012,1.6,4.0,20,0,vae,0.722003031444734,0.0045513416974354804,0.00431467553453334,0.002406808602191275,0.557819141422783,1.4361373460572633,1004.2,
0.0012,1.6,4.0,20,0,jump,0.7371387864411101,0.0045513416974354804,0.00431467553453334,0.002406808602191275,0.557819141422783,1.4361373460572633,35.1,
0.0012,1.6,4.0,20,0,kmeans,0.7364440257508436,0.0045513416974354804,0.00431467553453334,0.002406808602191275,0.557819141422783,1.4361373460572633,0.6,
0.0011,1.1,4.0,8,1,vae,0.6770157744584206,0.004307275875602284,0.0037412102964470674,0.002193556541424802,0.5863227051171026,2.0496325217587206,1001.9,
0.0011,1.1,4.0,8,1,jump,0.7153946807250309,0.004307275875602284,0.0037412102964470674,0.002193556541424802,0.5863227051171026,2.0496325217587206,34.6,
0.0011,1.1,4.0,8,1,kmeans,0.7157318944879106,0.004307275875602284,0.0037412102964470674,0.002193556541424802,0.5863227051171026,2.0496325217587206,0.7,
0.0016,0.8,2.0,12,4,vae,0.7297439172276852,0.0060659312931041435,0.0037546267511695715,0.003226278949887061,0.8592808722949813,6.899160135318603,993.6,
0.0016,0.8,2.0,12,4,jump,0.7393689140108013,0.0060659312931041435,0.0037546267511695715,0.003226278949887061,0.8592808722949813,6.899160135318603,35.2,
0.0016,0.8,2.0,12,4,kmeans,0.5002243714008672,0.0060659312931041435,0.0037546267511695715,0.003226278949887061,0.8592808722949813,6.899160135318603,0.5,
0.0012,0.8,2.75,12,5,vae,0.6032415776999486,0.004823239611161819,0.0032286789825288808,0.002405043021683788,0.7449000147422599,7.863819289995254,562.1,
0.0012,0.8,2.75,12,5,jump,0.7180198509291154,0.004823239611161819,0.0032286789825288808,0.002405043021683788,0.7449000147422599,7.863819289995254,23.1,
0.0012,0.8,2.75,12,5,kmeans,0.7362296106597401,0.004823239611161819,0.0032286789825288808,0.002405043021683788,0.7449000147422599,7.863819289995254,0.2,
0.0016,0.8,6.0,12,2,vae,0.8089003136079276,0.0034733631622999583,0.003162662630853805,0.003190571326181308,1.0088244301036842,2.4216234117457818,561.1,
0.0016,0.8,6.0,12,2,jump,0.8284496254522262,0.0034733631622999583,0.003162662630853805,0.003190571326181308,1.0088244301036842,2.4216234117457818,24.4,
0.0016,0.8,6.0,12,2,kmeans,0.8450595023644072,0.0034733631622999583,0.003162662630853805,0.003190571326181308,1.0088244301036842,2.4216234117457818,0.2,
0.0014,0.8,2.0,12,2,vae,0.5333621619701578,0.006058129780301826,0.003603826745962189,0.00280710432020962,0.7789232163712545,7.277096313396331,574.8,
0.0014,0.8,2.0,12,2,jump,0.705909898549659,0.006058129780301826,0.003603826745962189,0.00280710432020962,0.7789232163712545,7.277096313396331,22.2,
0.0014,0.8,2.0,12,2,kmeans,0.5027645410687123,0.006058129780301826,0.003603826745962189,0.00280710432020962,0.7789232163712545,7.277096313396331,0.3,
0.0014,1.1,6.0,20,4,vae,0.7693468903128429,0.004083737213091995,0.0037709810765100887,0.0027965456257321034,0.7415963031880841,1.4213810178650457,575.8,
0.0014,1.1,6.0,20,4,jump,0.781096001062062,0.004083737213091995,0.0037709810765100887,0.0027965456257321034,0.7415963031880841,1.4213810178650457,23.5,
0.0014,1.1,6.0,20,4,kmeans,0.7774052396045219,0.004083737213091995,0.0037709810765100887,0.0027965456257321034,0.7415963031880841,1.4213810178650457,0.2,
0.0005,1.6,4.0,12,5,vae,0.5620102587895659,0.004395026084782365,0.004141879610062822,0.0009501891114717719,0.22941012316322731,1.0329380382280817,579.8,
0.0005,1.6,4.0,12,5,jump,0.5419500409531879,0.004395026084782365,0.004141879610062822,0.0009501891114717719,0.22941012316322731,1.0329380382280817,22.8,
0.0005,1.6,4.0,12,5,kmeans,0.502390029964029,0.004395026084782365,0.004141879610062822,0.0009501891114717719,0.22941012316322731,1.0329380382280817,0.3,
0.0014,0.8,2.0,20,0,vae,0.5054870568258283,0.006996678028357781,0.0036331358981694043,0.0028121413619170235,0.7740259216105712,14.991646072100782,580.2,
0.0014,0.8,2.0,20,0,jump,0.5040797732691985,0.006996678028357781,0.0036331358981694043,0.0028121413619170235,0.7740259216105712,14.991646072100782,24.7,
0.0014,0.8,2.0,20,0,kmeans,0.5084130289478251,0.006996678028357781,0.0036331358981694043,0.0028121413619170235,0.7740259216105712,14.991646072100782,0.2,
0.001,1.6,6.0,20,4,vae,0.7166164792749226,0.004352879762564442,0.004213381696316173,0.0020232304037711016,0.48019157759669495,0.4669352357307699,583.4,
0.001,1.6,6.0,20,4,jump,0.6991323998986767,0.004352879762564442,0.004213381696316173,0.0020232304037711016,0.48019157759669495,0.4669352357307699,23.3,
0.001,1.6,6.0,20,4,kmeans,0.7115910561861449,0.004352879762564442,0.004213381696316173,0.0020232304037711016,0.48019157759669495,0.4669352357307699,0.3,
0.0016,1.6,6.0,8,2,vae,0.7858304639949496,0.004491223889429994,0.004389887723575405,0.0032036227875561025,0.7297732856244595,0.2981888949321041,591.0,
0.0016,1.6,6.0,8,2,jump,0.7821237471135738,0.004491223889429994,0.004389887723575405,0.0032036227875561025,0.7297732856244595,0.2981888949321041,21.9,
0.0016,1.6,6.0,8,2,kmeans,0.7911779971219564,0.004491223889429994,0.004389887723575405,0.0032036227875561025,0.7297732856244595,0.2981888949321041,0.2,
0.001,0.8,2.75,8,0,vae,0.6934384760787206,0.0044057500516578455,0.0030771887618245815,0.0020110770529808333,0.653543610301108,4.3632928449769,595.1,
0.001,0.8,2.75,8,0,jump,0.7116933662368934,0.0044057500516578455,0.0030771887618245815,0.0020110770529808333,0.653543610301108,4.3632928449769,22.3,
0.001,0.8,2.75,8,0,kmeans,0.5038803176871488,0.0044057500516578455,0.0030771887618245815,0.0020110770529808333,0.653543610301108,4.3632928449769,0.2,
0.0011,1.1,6.0,12,0,vae,0.7291742586922543,0.00401531344411164,0.003648094757914497,0.0022370603026797267,0.6132133212347217,1.6723492022051918,596.8,
0.0011,1.1,6.0,12,0,jump,0.7587196103097612,0.00401531344411164,0.003648094757914497,0.0022370603026797267,0.6132133212347217,1.6723492022051918,22.7,
0.0011,1.1,6.0,12,0,kmeans,0.733060238667024,0.00401531344411164,0.003648094757914497,0.0022370603026797267,0.6132133212347217,1.6723492022051918,0.4,
0.002,1.1,6.0,12,1,vae,0.825647913113148,0.004316209175385663,0.0041221046670346494,0.003941602876230368,0.9562112548359598,0.9587741166806323,599.0,
0.002,1.1,6.0,12,1,jump,0.8141259659690041,0.004316209175385663,0.0041221046670346494,0.003941602876230368,0.9562112548359598,0.9587741166806323,24.2,
0.002,1.1,6.0,12,1,kmeans,0.8325524259395625,0.004316209175385663,0.0041221046670346494,0.003941602876230368,0.9562112548359598,0.9587741166806323,0.2,
0.0008,0.8,4.0,12,3,vae,0.6962054361754249,0.003756361565654454,0.0028019037400955184,0.001582349736730306,0.5647409345605723,6.835097777753889,601.9,
0.0008,0.8,4.0,12,3,jump,0.5011975711375442,0.003756361565654454,0.0028019037400955184,0.001582349736730306,0.5647409345605723,6.835097777753889,23.5,
0.0008,0.8,4.0,12,3,kmeans,0.697855223457485,0.003756361565654454,0.0028019037400955184,0.001582349736730306,0.5647409345605723,6.835097777753889,0.3,
0.0008,1.6,6.0,8,3,vae,0.6672131408241352,0.0043035871785505305,0.004166666461462723,0.0016107876926589782,0.3865890652772589,0.4242560685832437,544.2,
0.0008,1.6,6.0,8,3,jump,0.6884841937554054,0.0043035871785505305,0.004166666461462723,0.0016107876926589782,0.3865890652772589,0.4242560685832437,24.1,
0.0008,1.6,6.0,8,3,kmeans,0.6728951495054193,0.0043035871785505305,0.004166666461462723,0.0016107876926589782,0.3865890652772589,0.4242560685832437,0.7,
0.0011,1.6,6.0,12,2,vae,0.7228393025201927,0.0043433841244170214,0.004221142752153365,0.0022042586207214076,0.5221947586579325,0.43984966846260454,563.2,
0.0011,1.6,6.0,12,2,jump,0.7377574920629997,0.0043433841244170214,0.004221142752153365,0.0022042586207214076,0.5221947586579325,0.43984966846260454,22.8,
0.0011,1.6,6.0,12,2,kmeans,0.7234699214505649,0.0043433841244170214,0.004221142752153365,0.0022042586207214076,0.5221947586579325,0.43984966846260454,0.7,
0.0012,1.1,2.75,12,3,vae,0.7104825458808564,0.005041100521168108,0.003904848834171311,0.00237428785634618,0.6080357927223199,4.884735041141558,552.0,
0.0012,1.1,2.75,12,3,jump,0.733445576377351,0.005041100521168108,0.003904848834171311,0.00237428785634618,0.6080357927223199,4.884735041141558,23.6,
0.0012,1.1,2.75,12,3,kmeans,0.7194864710492941,0.005041100521168108,0.003904848834171311,0.00237428785634618,0.6080357927223199,4.884735041141558,0.3,
0.0008,1.1,2.0,8,5,vae,0.5223489454954375,0.005184127820566904,0.0038703343885871035,0.0015918965657927006,0.4113072427247908,2.95435004666668,584.5,
0.0008,1.1,2.0,8,5,jump,0.5259635686332522,0.005184127820566904,0.0038703343885871035,0.0015918965657927006,0.4113072427247908,2.95435004666668,22.3,
0.0008,1.1,2.0,8,5,kmeans,0.5034579667878932,0.005184127820566904,0.0038703343885871035,0.0015918965657927006,0.4113072427247908,2.95435004666668,0.5,
0.0011,0.8,2.75,20,1,vae,0.5472858709364349,0.005214796974772618,0.0031641650482178195,0.002176907982521189,0.6879881262032485,16.568960263108956,595.6,
0.0011,0.8,2.75,20,1,jump,0.5012764077201342,0.005214796974772618,0.0031641650482178195,0.002176907982521189,0.6879881262032485,16.568960263108956,24.8,
0.0011,0.8,2.75,20,1,kmeans,0.5006318455837109,0.005214796974772618,0.0031641650482178195,0.002176907982521189,0.6879881262032485,16.568960263108956,0.4,
0.0012,0.8,6.0,12,2,vae,0.7835227830182769,0.003307327535565141,0.0028819690063078963,0.002390571326181308,0.8294923786303586,3.004291533181971,596.2,
0.0012,0.8,6.0,12,2,jump,0.7924142144299968,0.003307327535565141,0.0028819690063078963,0.002390571326181308,0.8294923786303586,3.004291533181971,24.5,
0.0012,0.8,6.0,12,2,kmeans,0.8015430310855567,0.003307327535565141,0.0028819690063078963,0.002390571326181308,0.8294923786303586,3.004291533181971,0.2,
0.0014,1.1,4.0,8,4,vae,0.7607002965216549,0.0044268705339716545,0.0038834318970503183,0.002810610061224602,0.7237438780269112,1.9401709811492767,595.8,
0.0014,1.1,4.0,8,4,jump,0.7719079501719387,0.0044268705339716545,0.0038834318970503183,0.002810610061224602,0.7237438780269112,1.9401709811492767,24.9,
0.0014,1.1,4.0,8,4,kmeans,0.7675566919010449,0.0044268705339716545,0.0038834318970503183,0.002810610061224602,0.7237438780269112,1.9401709811492767,0.4,
0.0012,1.1,4.0,12,2,vae,0.703106106613895,0.004448214939598404,0.0037665674006183997,0.0023972768205971326,0.6364619468122473,3.313445911431338,594.2,
0.0012,1.1,4.0,12,2,jump,0.7461608026921315,0.004448214939598404,0.0037665674006183997,0.0023972768205971326,0.6364619468122473,3.313445911431338,22.2,
0.0012,1.1,4.0,12,2,kmeans,0.7384148465839611,0.004448214939598404,0.0037665674006183997,0.0023972768205971326,0.6364619468122473,3.313445911431338,0.4,
0.0005,0.8,2.0,20,4,vae,0.5083559235630755,0.006884979465951438,0.00313475030296493,0.0010232248917752015,0.3264135235292611,16.088975477350118,603.6,
0.0005,0.8,2.0,20,4,jump,0.5004117911613757,0.006884979465951438,0.00313475030296493,0.0010232248917752015,0.3264135235292611,16.088975477350118,24.1,
0.0005,0.8,2.0,20,4,kmeans,0.5031657639980278,0.006884979465951438,0.00313475030296493,0.0010232248917752015,0.3264135235292611,16.088975477350118,0.2,
0.002,1.6,2.75,20,3,vae,0.8075879639864625,0.005025039396900956,0.0047044132521277095,0.004043562663550058,0.8595253960143144,2.1981514220699676,592.6,
0.002,1.6,2.75,20,3,jump,0.8138164735300386,0.005025039396900956,0.0047044132521277095,0.004043562663550058,0.8595253960143144,2.1981514220699676,22.5,
0.002,1.6,2.75,20,3,kmeans,0.8156978316898317,0.005025039396900956,0.0047044132521277095,0.004043562663550058,0.8595253960143144,2.1981514220699676,0.3,
0.001,1.1,2.0,12,4,vae,0.6689754587876844,0.005745889014276549,0.003988715418633598,0.0020616562731325828,0.5168722399952108,5.7421793377572605,595.6,
0.001,1.1,2.0,12,4,jump,0.5120411717918482,0.005745889014276549,0.003988715418633598,0.0020616562731325828,0.5168722399952108,5.7421793377572605,23.3,
0.001,1.1,2.0,12,4,kmeans,0.5051912902272087,0.005745889014276549,0.003988715418633598,0.0020616562731325828,0.5168722399952108,5.7421793377572605,0.5,
0.0011,0.8,6.0,20,1,vae,0.7697519654902976,0.00325903547849519,0.0028072358961876314,0.0022096957717521177,0.7871428884024305,3.6613252129643366,601.6,
0.0011,0.8,6.0,20,1,jump,0.7652983005612962,0.00325903547849519,0.0028072358961876314,0.0022096957717521177,0.7871428884024305,3.6613252129643366,23.3,
0.0011,0.8,6.0,20,1,kmeans,0.781309891173823,0.00325903547849519,0.0028072358961876314,0.0022096957717521177,0.7871428884024305,3.6613252129643366,0.3,
0.002,1.6,2.0,12,0,vae,0.7927748239566268,0.005256295470289613,0.004729335145064982,0.003984980728553352,0.8426090785110975,2.5921484333541303,566.8,
0.002,1.6,2.0,12,0,jump,0.8017960486216036,0.005256295470289613,0.004729335145064982,0.003984980728553352,0.8426090785110975,2.5921484333541303,24.0,
0.002,1.6,2.0,12,0,kmeans,0.8019594346311854,0.005256295470289613,0.004729335145064982,0.003984980728553352,0.8426090785110975,2.5921484333541303,0.3,
0.0005,1.6,2.75,8,0,vae,0.5656582415861833,0.004545190982744107,0.004155417134464205,0.0009684914377354609,0.23306720033062026,1.3185007666480857,562.1,
0.0005,1.6,2.75,8,0,jump,0.5006555148345483,0.004545190982744107,0.004155417134464205,0.0009684914377354609,0.23306720033062026,1.3185007666480857,23.9,
0.0005,1.6,2.75,8,0,kmeans,0.5039182380073373,0.004545190982744107,0.004155417134464205,0.0009684914377354609,0.23306720033062026,1.3185007666480857,0.3,
0.0012,1.1,2.75,12,0,vae,0.6929905651182133,0.005045729795592534,0.003916557876101446,0.002389846295448211,0.6101904710845412,4.961378962451907,564.4,
0.0012,1.1,2.75,12,0,jump,0.7073955498761054,0.005045729795592534,0.003916557876101446,0.002389846295448211,0.6101904710845412,4.961378962451907,24.6,
0.0012,1.1,2.75,12,0,kmeans,0.7007439175501293,0.005045729795592534,0.003916557876101446,0.002389846295448211,0.6101904710845412,4.961378962451907,0.5,
0.0012,0.8,6.0,8,3,vae,0.7888759875660739,0.0032916065268495894,0.0028825075678364956,0.002399594753947308,0.8324678071004531,2.5865392414074124,579.0,
0.0012,0.8,6.0,8,3,jump,0.8008615129641838,0.0032916065268495894,0.0028825075678364956,0.002399594753947308,0.8324678071004531,2.5865392414074124,23.3,
0.0012,0.8,6.0,8,3,kmeans,0.7978413876883848,0.0032916065268495894,0.0028825075678364956,0.002399594753947308,0.8324678071004531,2.5865392414074124,0.4,
0.0005,1.6,4.0,20,1,vae,0.5732257374902714,0.004391715220039368,0.004132180759652269,0.000971365060953101,0.2350732258466939,1.6244397253568268,586.7,
0.0005,1.6,4.0,20,1,jump,0.5074951371692319,0.004391715220039368,0.004132180759652269,0.000971365060953101,0.2350732258466939,1.6244397253568268,24.1,
0.0005,1.6,4.0,20,1,kmeans,0.5975364595622479,0.004391715220039368,0.004132180759652269,0.000971365060953101,0.2350732258466939,1.6244397253568268,0.2,
0.0011,1.1,2.0,12,3,vae,0.6828179175533169,0.005720916211047118,0.0040299514622145205,0.002243526253102143,0.5567129713937772,5.684223787345996,579.3,
0.0011,1.1,2.0,12,3,jump,0.5288793740047529,0.005720916211047118,0.0040299514622145205,0.002243526253102143,0.5567129713937772,5.684223787345996,24.0,
0.0011,1.1,2.0,12,3,kmeans,0.513143349743848,0.005720916211047118,0.0040299514622145205,0.002243526253102143,0.5567129713937772,5.684223787345996,0.2,
0.0008,1.1,2.75,12,5,vae,0.5744164891174668,0.004988933020904727,0.0037750389734560307,0.0015789374048365184,0.4182572460678488,5.368543122328971,596.6,
0.0008,1.1,2.75,12,5,jump,0.5004421119165131,0.004988933020904727,0.0037750389734560307,0.0015789374048365184,0.4182572460678488,5.368543122328971,26.0,
0.0008,1.1,2.75,12,5,kmeans,0.510978712347242,0.004988933020904727,0.0037750389734560307,0.0015789374048365184,0.4182572460678488,5.368543122328971,0.4,
0.0012,1.6,6.0,20,2,vae,0.7378181784035609,0.004371375919943777,0.004251084962389233,0.002404229233230562,0.5655566177814794,0.490970750091102,589.9,
0.0012,1.6,6.0,20,2,jump,0.749321972522373,0.004371375919943777,0.004251084962389233,0.002404229233230562,0.5655566177814794,0.490970750091102,23.9,
0.0012,1.6,6.0,20,2,kmeans,0.7394763850333455,0.004371375919943777,0.004251084962389233,0.002404229233230562,0.5655566177814794,0.490970750091102,0.2,
0.0011,1.1,4.0,8,3,vae,0.7221965332946327,0.004321406436990567,0.0037439610436134376,0.002199264887005323,0.587416605404294,1.9970396968592805,594.5,
0.0011,1.1,4.0,8,3,jump,0.7452119286120781,0.004321406436990567,0.0037439610436134376,0.002199264887005323,0.587416605404294,1.9970396968592805,23.7,
0.0011,1.1,4.0,8,3,kmeans,0.7269486833567274,0.004321406436990567,0.0037439610436134376,0.002199264887005323,0.587416605404294,1.9970396968592805,0.2,
0.0011,1.1,6.0,8,4,vae,0.7275930075689527,0.003975858233773714,0.0036407630634669084,0.002197075875332041,0.6034657672119648,1.2266637054000276,599.3,
0.0011,1.1,6.0,8,4,jump,0.7392233887854083,0.003975858233773714,0.0036407630634669084,0.002197075875332041,0.6034657672119648,1.2266637054000276,23.7,
0.0011,1.1,6.0,8,4,kmeans,0.7318140595858558,0.003975858233773714,0.0036407630634669084,0.002197075875332041,0.6034657672119648,1.2266637054000276,0.5,
0.002,1.1,2.75,8,4,vae,0.791075385388699,0.005046546310758714,0.004397123598352506,0.004021986731325044,0.9146858489108616,2.0296449121578632,613.9,
0.002,1.1,2.75,8,4,jump,0.8077492402650688,0.005046546310758714,0.004397123598352506,0.004021986731325044,0.9146858489108616,2.0296449121578632,24.1,
0.002,1.1,2.75,8,4,kmeans,0.809122174310163,0.005046546310758714,0.004397123598352506,0.004021986731325044,0.9146858489108616,2.0296449121578632,0.4,
0.0014,1.6,4.0,20,4,vae,0.7571652062313774,0.004597157122170961,0.004372029407648142,0.0028298851531471892,0.6472703839083912,0.8369394232041061,612.2,
0.0014,1.6,4.0,20,4,jump,0.7649160354269875,0.004597157122170961,0.004372029407648142,0.0028298851531471892,0.6472703839083912,0.8369394232041061,24.8,
0.0014,1.6,4.0,20,4,kmeans,0.7582210145549639,0.004597157122170961,0.004372029407648142,0.0028298851531471892,0.6472703839083912,0.8369394232041061,0.2,
0.0016,1.6,2.75,12,4,vae,0.7588584678731252,0.004854579950380575,0.004498849132912283,0.0031380479857310746,0.6975223869531477,1.738477325087147,575.1,
0.0016,1.6,2.75,12,4,jump,0.7641111040269624,0.004854579950380575,0.004498849132912283,0.0031380479857310746,0.6975223869531477,1.738477325087147,25.3,
0.0016,1.6,2.75,12,4,kmeans,0.764263193096405,0.004854579950380575,0.004498849132912283,0.0031380479857310746,0.6975223869531477,1.738477325087147,0.3,
0.0014,1.1,2.75,20,3,vae,0.7515649460575249,0.005309294407663703,0.004009725427778806,0.0027759741305541288,0.6923102792332303,9.989425807589424,563.6,
0.0014,1.1,2.75,20,3,jump,0.5036027577644041,0.005309294407663703,0.004009725427778806,0.0027759741305541288,0.6923102792332303,9.989425807589424,25.3,
0.0014,1.1,2.75,20,3,kmeans,0.7554829142071358,0.005309294407663703,0.004009725427778806,0.0027759741305541288,0.6923102792332303,9.989425807589424,0.4,
0.0016,1.6,2.0,8,1,vae,0.7420531075457872,0.004968387265972106,0.004514025808727818,0.0031732980601560756,0.7029862465607839,1.460389960210672,597.7,
0.0016,1.6,2.0,8,1,jump,0.758724653226561,0.004968387265972106,0.004514025808727818,0.0031732980601560756,0.7029862465607839,1.460389960210672,24.9,
0.0016,1.6,2.0,8,1,kmeans,0.769155718250057,0.004968387265972106,0.004514025808727818,0.0031732980601560756,0.7029862465607839,1.460389960210672,0.5,
0.002,0.8,4.0,8,2,vae,0.8396846536339988,0.004105762720349642,0.0036641265633173483,0.003979775377213013,1.0861457180698173,2.669832776840247,593.5,
0.002,0.8,4.0,8,2,jump,0.8354231544974828,0.004105762720349642,0.0036641265633173483,0.003979775377213013,1.0861457180698173,2.669832776840247,22.3,
0.002,0.8,4.0,8,2,kmeans,0.8490914964311562,0.004105762720349642,0.0036641265633173483,0.003979775377213013,1.0861457180698173,2.669832776840247,0.1,
0.001,1.1,2.75,8,1,vae,0.6178955904187868,0.004722335551594575,0.003797906333279516,0.0019497436949316171,0.5133732967152986,2.6303221775294965,576.1,
0.001,1.1,2.75,8,1,jump,0.6845757000124595,0.004722335551594575,0.003797906333279516,0.0019497436949316171,0.5133732967152986,2.6303221775294965,22.8,
0.001,1.1,2.75,8,1,kmeans,0.5053013817490015,0.004722335551594575,0.003797906333279516,0.0019497436949316171,0.5133732967152986,2.6303221775294965,0.4,
0.0008,0.8,2.75,20,0,vae,0.5529924044613264,0.005170367782031743,0.003001155650296972,0.0016107383612716086,0.5367060389261123,17.665177116293034,588.7,
0.0008,0.8,2.75,20,0,jump,0.5039035770841778,0.005170367782031743,0.003001155650296972,0.0016107383612716086,0.5367060389261123,17.665177116293034,24.2,
0.0008,0.8,2.75,20,0,kmeans,0.5032736125722153,0.005170367782031743,0.003001155650296972,0.0016107383612716086,0.5367060389261123,17.665177116293034,0.2,
0.0016,1.6,4.0,20,5,vae,0.778370288862462,0.004648497321927901,0.0044456510580133494,0.003150189111471772,0.7086001735996601,1.1035367146365394,601.0,
0.0016,1.6,4.0,20,5,jump,0.7845664997800248,0.004648497321927901,0.0044456510580133494,0.003150189111471772,0.7086001735996601,1.1035367146365394,23.4,
0.0016,1.6,4.0,20,5,kmeans,0.7825109155134774,0.004648497321927901,0.0044456510580133494,0.003150189111471772,0.7086001735996601,1.1035367146365394,0.2,
0.0011,0.8,2.0,20,5,vae,0.5021710953104598,0.007043425874780847,0.003450749634022493,0.0021970018942750035,0.6366738034581743,15.298926827319402,601.4,
0.0011,0.8,2.0,20,5,jump,0.509693001583694,0.007043425874780847,0.003450749634022493,0.0021970018942750035,0.6366738034581743,15.298926827319402,24.5,
0.0011,0.8,2.0,20,5,kmeans,0.5143719193052495,0.007043425874780847,0.003450749634022493,0.0021970018942750035,0.6366738034581743,15.298926827319402,0.3,
0.002,0.8,4.0,20,0,vae,0.8371890027289925,0.004299502047825181,0.0036812395259200707,0.0039984871628817985,1.0861795693347165,8.221227386570156,615.5,
0.002,0.8,4.0,20,0,jump,0.8262569360647395,0.004299502047825181,0.0036812395259200707,0.0039984871628817985,1.0861795693347165,8.221227386570156,23.3,
0.002,0.8,4.0,20,0,kmeans,0.8490236790565757,0.004299502047825181,0.0036812395259200707,0.0039984871628817985,1.0861795693347165,8.221227386570156,0.4,
0.0005,1.6,2.75,8,4,vae,0.5757670021871609,0.004551460290037635,0.004183876164926205,0.0009408797531935649,0.2248823139367845,1.1868154052926565,609.1,
0.0005,1.6,2.75,8,4,jump,0.5109398268001673,0.004551460290037635,0.004183876164926205,0.0009408797531935649,0.2248823139367845,1.1868154052926565,24.3,
0.0005,1.6,2.75,8,4,kmeans,0.5187052345335522,0.004551460290037635,0.004183876164926205,0.0009408797531935649,0.2248823139367845,1.1868154052926565,0.8,
0.002,1.6,6.0,8,4,vae,0.8216291088713195,0.004685117775692735,0.004640058790040094,0.004023113617527189,0.8670393629845423,0.23088096501130329,604.0,
0.002,1.6,6.0,8,4,jump,0.8173180741569492,0.004685117775692735,0.004640058790040094,0.004023113617527189,0.8670393629845423,0.23088096501130329,23.2,
0.002,1.6,6.0,8,4,kmeans,0.827760099424627,0.004685117775692735,0.004640058790040094,0.004023113617527189,0.8670393629845423,0.23088096501130329,0.3,
0.0008,0.8,2.0,12,2,vae,0.5006833500952036,0.005947630358491226,0.0032324370721290643,0.0016071043202096201,0.49718038877430987,7.820699527817313,611.9,
0.0008,0.8,2.0,12,2,jump,0.5240602514909554,0.005947630358491226,0.0032324370721290643,0.0016071043202096201,0.49718038877430987,7.820699527817313,25.3,
0.0008,0.8,2.0,12,2,kmeans,0.5028124271265153,0.005947630358491226,0.0032324370721290643,0.0016071043202096201,0.49718038877430987,7.820699527817313,0.3,
0.0016,1.6,2.0,20,2,vae,0.7414648739590657,0.005189102621272982,0.0045302942550112454,0.0032151139166587675,0.7096920720110678,5.872489847809851,567.3,
0.0016,1.6,2.0,20,2,jump,0.7555268645884388,0.005189102621272982,0.0045302942550112454,0.0032151139166587675,0.7096920720110678,5.872489847809851,23.1,
0.0016,1.6,2.0,20,2,kmeans,0.7576391862496243,0.005189102621272982,0.0045302942550112454,0.0032151139166587675,0.7096920720110678,5.872489847809851,0.2,
0.0014,1.6,2.0,8,5,vae,0.7190682557400103,0.004887921711664045,0.004461432278244132,0.0028029754452497725,0.62826806963277,1.4722641730466464,566.9,
0.0014,1.6,2.0,8,5,jump,0.7522675146121871,0.004887921711664045,0.004461432278244132,0.0028029754452497725,0.62826806963277,1.4722641730466464,25.4,
0.0014,1.6,2.0,8,5,kmeans,0.7443072187117965,0.004887921711664045,0.004461432278244132,0.0028029754452497725,0.62826806963277,1.4722641730466464,0.2,
0.0008,1.6,4.0,8,0,vae,0.6249972651450912,0.004432488543447362,0.004200026938257813,0.001606986419407004,0.38261336011182534,0.7052911028627826,580.8,
0.0008,1.6,4.0,8,0,jump,0.6821879957721719,0.004432488543447362,0.004200026938257813,0.001606986419407004,0.38261336011182534,0.7052911028627826,25.4,
0.0008,1.6,4.0,8,0,kmeans,0.6726629775695678,0.004432488543447362,0.004200026938257813,0.001606986419407004,0.38261336011182534,0.7052911028627826,0.4,
0.0005,0.8,6.0,12,0,vae,0.6153491772210891,0.0031084258854998438,0.0025645576315098586,0.0010119440243832056,0.3945881394708347,3.8473937476525712,567.6,
0.0005,0.8,6.0,12,0,jump,0.5034318114861586,0.0031084258854998438,0.0025645576315098586,0.0010119440243832056,0.3945881394708347,3.8473937476525712,23.5,
0.0005,0.8,6.0,12,0,kmeans,0.6568301959674728,0.0031084258854998438,0.0025645576315098586,0.0010119440243832056,0.3945881394708347,3.8473937476525712,0.5,
0.0012,1.6,2.75,8,4,vae,0.716218896434508,0.004676657831651965,0.00433958384989732,0.0023408797531935645,0.539424938925642,1.0497717027569777,583.1,
0.0012,1.6,2.75,8,4,jump,0.7296779085703751,0.004676657831651965,0.00433958384989732,0.0023408797531935645,0.539424938925642,1.0497717027569777,23.4,
0.0012,1.6,2.75,8,4,kmeans,0.7133971038799163,0.004676657831651965,0.00433958384989732,0.0023408797531935645,0.539424938925642,1.0497717027569777,0.3,
0.0012,1.6,2.75,8,5,vae,0.7083278499608399,0.004642617050176835,0.004341479131719957,0.002465134863821509,0.567809907413951,1.0330032485129976,580.3,
0.0012,1.6,2.75,8,5,jump,0.736378822430948,0.004642617050176835,0.004341479131719957,0.002465134863821509,0.567809907413951,1.0330032485129976,23.1,
0.0012,1.6,2.75,8,5,kmeans,0.7317028665310312,0.004642617050176835,0.004341479131719957,0.002465134863821509,0.567809907413951,1.0330032485129976,0.2,
0.0012,0.8,4.0,20,3,vae,0.7705026550135896,0.003908644210148589,0.003019178451181825,0.0023829130492895208,0.7892587628786086,8.690463918663502,590.5,
0.0012,0.8,4.0,20,3,jump,0.78089483377429,0.003908644210148589,0.003019178451181825,0.0023829130492895208,0.7892587628786086,8.690463918663502,24.6,
0.0012,0.8,4.0,20,3,kmeans,0.7775646454680305,0.003908644210148589,0.003019178451181825,0.0023829130492895208,0.7892587628786086,8.690463918663502,0.2,
0.0014,1.6,2.75,12,5,vae,0.7610405904047225,0.004763901478019615,0.004419300273443266,0.002863925211698565,0.6480494726526375,1.8178521313736704,592.4,
0.0014,1.6,2.75,12,5,jump,0.7636589207826381,0.004763901478019615,0.004419300273443266,0.002863925211698565,0.6480494726526375,1.8178521313736704,23.1,
0.0014,1.6,2.75,12,5,kmeans,0.7630312147183003,0.004763901478019615,0.004419300273443266,0.002863925211698565,0.6480494726526375,1.8178521313736704,0.5,
0.0016,0.8,2.75,20,5,vae,0.6827758144369113,0.005313631747235545,0.003534365266065931,0.0032045457219022962,0.9066821000844789,15.339785134433843,594.2,
0.0016,0.8,2.75,20,5,jump,0.5001346428107143,0.005313631747235545,0.003534365266065931,0.0032045457219022962,0.9066821000844789,15.339785134433843,23.2,
0.0016,0.8,2.75,20,5,kmeans,0.770701172048857,0.005313631747235545,0.003534365266065931,0.0032045457219022962,0.9066821000844789,15.339785134433843,0.3,
0.0016,0.8,6.0,12,5,vae,0.8312227152187681,0.0034645296629764277,0.003177416516521478,0.0031938921166873124,1.0051852188972288,2.3121433063046837,612.3,
0.0016,0.8,6.0,12,5,jump,0.8190144866698814,0.0034645296629764277,0.003177416516521478,0.0031938921166873124,1.0051852188972288,2.3121433063046837,24.4,
0.0016,0.8,6.0,12,5,kmeans,0.8399554061730127,0.0034645296629764277,0.003177416516521478,0.0031938921166873124,1.0051852188972288,2.3121433063046837,0.3,
0.0005,0.8,4.0,8,3,vae,0.5822802252770849,0.003602701637718031,0.0026895277846258826,0.0009824473471319933,0.3652861862026286,4.538020932714042,604.7,
0.0005,0.8,4.0,8,3,jump,0.5011359631095295,0.003602701637718031,0.0026895277846258826,0.0009824473471319933,0.3652861862026286,4.538020932714042,24.3,
0.0005,0.8,4.0,8,3,kmeans,0.505207961343486,0.003602701637718031,0.0026895277846258826,0.0009824473471319933,0.3652861862026286,4.538020932714042,0.6,
0.0014,0.8,6.0,20,4,vae,0.8154419554267762,0.0033448912320980604,0.003004360814881838,0.0027880058643811496,0.9279863625470706,2.625858066791692,611.5,
0.0014,0.8,6.0,20,4,jump,0.8083716947993422,0.0033448912320980604,0.003004360814881838,0.0027880058643811496,0.9279863625470706,2.625858066791692,24.9,
0.0014,0.8,6.0,20,4,kmeans,0.8234188370077051,0.0033448912320980604,0.003004360814881838,0.0027880058643811496,0.9279863625470706,2.625858066791692,0.2,
0.0016,0.8,6.0,8,3,vae,0.8346499912935599,0.003458198076679962,0.0031699507416542497,0.0031995947539473083,1.0093515687494843,2.0871500846457662,574.9,
0.0016,0.8,6.0,8,3,jump,0.831735526990385,0.003458198076679962,0.0031699507416542497,0.0031995947539473083,1.0093515687494843,2.0871500846457662,23.8,
0.0016,0.8,6.0,8,3,kmeans,0.8416727456859459,0.003458198076679962,0.0031699507416542497,0.0031995947539473083,1.0093515687494843,2.0871500846457662,0.4,
0.0012,1.1,2.75,20,0,vae,0.7048222102211514,0.005268864354797089,0.003921467868092047,0.0023866273686845036,0.6086056163060427,10.46291498698954,574.6,
0.0012,1.1,2.75,20,0,jump,0.5005308544705146,0.005268864354797089,0.003921467868092047,0.0023866273686845036,0.6086056163060427,10.46291498698954,22.7,
0.0012,1.1,2.75,20,0,kmeans,0.7072309583794949,0.005268864354797089,0.003921467868092047,0.0023866273686845036,0.6086056163060427,10.46291498698954,0.3,
0.0016,0.8,2.75,20,1,vae,0.5985257693436852,0.005341096852535688,0.0035276264583352077,0.003176907982521189,0.9005794746251186,15.04659359266503,582.1,
0.0016,0.8,2.75,20,1,jump,0.500950074563922,0.005341096852535688,0.0035276264583352077,0.003176907982521189,0.9005794746251186,15.04659359266503,22.7,
0.0016,0.8,2.75,20,1,kmeans,0.7710669781031467,0.005341096852535688,0.0035276264583352077,0.003176907982521189,0.9005794746251186,15.04659359266503,0.3,
0.0016,1.6,2.75,8,1,vae,0.7641533855980649,0.004801120088285569,0.0045083716089959975,0.003175516590574719,0.7043599920286736,1.0303541719504201,565.3,
0.0016,1.6,2.75,8,1,jump,0.7716265314353834,0.004801120088285569,0.0045083716089959975,0.003175516590574719,0.7043599920286736,1.0303541719504201,24.5,
0.0016,1.6,2.75,8,1,kmeans,0.7749786737608022,0.004801120088285569,0.0045083716089959975,0.003175516590574719,0.7043599920286736,1.0303541719504201,0.5,
0.0011,0.8,2.75,12,4,vae,0.6934944280768589,0.00483191049979791,0.0031483633806780303,0.0021895950656585974,0.695470884681376,8.32910553234809,572.1,
0.0011,0.8,2.75,12,4,jump,0.5108770900590222,0.00483191049979791,0.0031483633806780303,0.0021895950656585974,0.695470884681376,8.32910553234809,23.1,
0.0011,0.8,2.75,12,4,kmeans,0.5161383812816138,0.00483191049979791,0.0031483633806780303,0.0021895950656585974,0.695470884681376,8.32910553234809,0.4,
0.002,1.1,2.75,8,1,vae,0.7698683954855097,0.005023906724844195,0.004382392120145178,0.003949743694931617,0.9012757386029554,1.9922890376611893,587.7,
0.002,1.1,2.75,8,1,jump,0.7882923441620232,0.005023906724844195,0.004382392120145178,0.003949743694931617,0.9012757386029554,1.9922890376611893,25.3,
0.002,1.1,2.75,8,1,kmeans,0.8001093033229092,0.005023906724844195,0.004382392120145178,0.003949743694931617,0.9012757386029554,1.9922890376611893,0.5,
0.0014,0.8,6.0,8,3,vae,0.8146038185200541,0.0033700041388350904,0.003019173730282237,0.002799594753947308,0.9272718313184308,2.3416142854660054,591.2,
0.0014,0.8,6.0,8,3,jump,0.8215140521382572,0.0033700041388350904,0.003019173730282237,0.002799594753947308,0.9272718313184308,2.3416142854660054,25.0,
0.0014,0.8,6.0,8,3,kmeans,0.8236810584435464,0.0033700041388350904,0.003019173730282237,0.002799594753947308,0.9272718313184308,2.3416142854660054,0.4,
0.0014,0.8,2.0,8,4,vae,0.727527629280812,0.005223398913017513,0.0035426181628087547,0.002816135300674493,0.7949305206637703,3.7391925802888366,592.4,
0.0014,0.8,2.0,8,4,jump,0.7486989680636568,0.005223398913017513,0.0035426181628087547,0.002816135300674493,0.7949305206637703,3.7391925802888366,26.7,
0.0014,0.8,2.0,8,4,kmeans,0.507502723895222,0.005223398913017513,0.0035426181628087547,0.002816135300674493,0.7949305206637703,3.7391925802888366,0.2,
0.0014,1.1,4.0,20,5,vae,0.7406599354867218,0.004508181610181668,0.0038997429702675433,0.002814802538858583,0.7217918104652606,4.141637585374628,602.7,
0.0014,1.1,4.0,20,5,jump,0.7652597853783991,0.004508181610181668,0.0038997429702675433,0.002814802538858583,0.7217918104652606,4.141637585374628,25.4,
0.0014,1.1,4.0,20,5,kmeans,0.7645377813170212,0.004508181610181668,0.0038997429702675433,0.002814802538858583,0.7217918104652606,4.141637585374628,0.4,
0.002,1.6,2.75,12,5,vae,0.8185644498792537,0.004976362344842796,0.004706599839950982,0.004063925211698565,0.8634524603521191,1.4858146735207347,593.8,
0.002,1.6,2.75,12,5,jump,0.8181227782335248,0.004976362344842796,0.004706599839950982,0.004063925211698565,0.8634524603521191,1.4858146735207347,22.8,
0.002,1.6,2.75,12,5,kmeans,0.8256812670064597,0.004976362344842796,0.004706599839950982,0.004063925211698565,0.8634524603521191,1.4858146735207347,0.4,
0.0014,0.8,6.0,8,0,vae,0.8086186600248366,0.0033581804432589245,0.003010145727784405,0.00281195566100034,0.9341593116390611,2.2010164659447584,618.0,
0.0014,0.8,6.0,8,0,jump,0.8136078607118061,0.0033581804432589245,0.003010145727784405,0.00281195566100034,0.9341593116390611,2.2010164659447584,26.5,
0.0014,0.8,6.0,8,0,kmeans,0.8158396673840198,0.0033581804432589245,0.003010145727784405,0.00281195566100034,0.9341593116390611,2.2010164659447584,0.5,
0.0008,0.8,2.0,20,3,vae,0.5161820115053193,0.006911818170977935,0.003276539360571617,0.0015824046188250918,0.48294998005121764,15.530066215192601,602.4,
0.0008,0.8,2.0,20,3,jump,0.5012082764336995,0.006911818170977935,0.003276539360571617,0.0015824046188250918,0.48294998005121764,15.530066215192601,25.0,
0.0008,0.8,2.0,20,3,kmeans,0.5060266010486424,0.006911818170977935,0.003276539360571617,0.0015824046188250918,0.48294998005121764,15.530066215192601,0.5,
0.001,1.6,2.75,20,5,vae,0.6816964705972761,0.0046884802557422365,0.0042893330266363505,0.00206434391561049,0.48127387236922625,3.0335794926415023,572.4,
0.001,1.6,2.75,20,5,jump,0.7107601459201467,0.0046884802557422365,0.0042893330266363505,0.00206434391561049,0.48127387236922625,3.0335794926415023,23.9,
0.001,1.6,2.75,20,5,kmeans,0.6970741284719755,0.0046884802557422365,0.0042893330266363505,0.00206434391561049,0.48127387236922625,3.0335794926415023,0.4,
0.0005,0.8,6.0,8,0,vae,0.6129994879231158,0.0030935079098278516,0.0025641725374998584,0.0010119556610003401,0.394651937886764,3.186467477753845,571.0,
0.0005,0.8,6.0,8,0,jump,0.503006764763032,0.0030935079098278516,0.0025641725374998584,0.0010119556610003401,0.394651937886764,3.186467477753845,23.5,
0.0005,0.8,6.0,8,0,kmeans,0.5136011249905075,0.0030935079098278516,0.0025641725374998584,0.0010119556610003401,0.394651937886764,3.186467477753845,0.3,
0.0016,0.8,4.0,8,2,vae,0.7713204684691485,0.00392775679971893,0.0033067771290081534,0.0031797753772130127,0.9615934951645095,3.2636559683149056,560.0,
0.0016,0.8,4.0,8,2,jump,0.8109699743267329,0.00392775679971893,0.0033067771290081534,0.0031797753772130127,0.9615934951645095,3.2636559683149056,24.0,
0.0016,0.8,4.0,8,2,kmeans,0.8152311134552963,0.00392775679971893,0.0033067771290081534,0.0031797753772130127,0.9615934951645095,3.2636559683149056,0.2,
0.0012,1.1,6.0,12,4,vae,0.7442371050181829,0.004020055704447801,0.0036787998412478795,0.002396545625732103,0.6514476810782874,1.5301352089221547,561.2,
0.0012,1.1,6.0,12,4,jump,0.748176802262477,0.004020055704447801,0.0036787998412478795,0.002396545625732103,0.6514476810782874,1.5301352089221547,23.2,
0.0012,1.1,6.0,12,4,kmeans,0.7494469461095196,0.004020055704447801,0.0036787998412478795,0.002396545625732103,0.6514476810782874,1.5301352089221547,0.3,
0.0005,0.8,6.0,8,1,vae,0.596241902489934,0.003080798285956999,0.0025450454744258087,0.0010092972215878272,0.3965733546727829,3.119578618254902,578.3,
0.0005,0.8,6.0,8,1,jump,0.5105260989935504,0.003080798285956999,0.0025450454744258087,0.0010092972215878272,0.3965733546727829,3.119578618254902,23.3,
0.0005,0.8,6.0,8,1,kmeans,0.5070023782554913,0.003080798285956999,0.0025450454744258087,0.0010092972215878272,0.3965733546727829,3.119578618254902,0.5,
0.0016,1.1,2.75,20,3,vae,0.7714084192056978,0.00536540260064996,0.00412037540131831,0.003175974130554129,0.77079727481578,9.569136943923867,578.2,
0.0016,1.1,2.75,20,3,jump,0.7823298541888593,0.00536540260064996,0.00412037540131831,0.003175974130554129,0.77079727481578,9.569136943923867,24.3,
0.0016,1.1,2.75,20,3,kmeans,0.7786431564877159,0.00536540260064996,0.00412037540131831,0.003175974130554129,0.77079727481578,9.569136943923867,0.3,
0.001,1.6,6.0,20,5,vae,0.6710816620654367,0.004343698667442889,0.004235984998725294,0.0019923140145847377,0.47033075310329736,0.4525986641742543,585.0,
0.001,1.6,6.0,20,5,jump,0.7059989375865733,0.004343698667442889,0.004235984998725294,0.0019923140145847377,0.47033075310329736,0.4525986641742543,25.3,
0.001,1.6,6.0,20,5,kmeans,0.6931774118353753,0.004343698667442889,0.004235984998725294,0.0019923140145847377,0.47033075310329736,0.4525986641742543,0.3,
0.001,0.8,4.0,12,2,vae,0.7129204784133681,0.0038546098155128944,0.0028993657668653678,0.001980242849959262,0.6829917330851947,7.089646172779757,590.9,
0.001,0.8,4.0,12,2,jump,0.5016203557936595,0.0038546098155128944,0.0028993657668653678,0.001980242849959262,0.6829917330851947,7.089646172779757,23.7,
0.001,0.8,4.0,12,2,kmeans,0.7333141539096599,0.0038546098155128944,0.0028993657668653678,0.001980242849959262,0.6829917330851947,7.089646172779757,0.2,
0.0016,1.6,2.75,20,4,vae,0.7635213086191797,0.004875365832004746,0.004499352141289434,0.0031375266343583756,0.6973285343830004,2.384826463967981,605.6,
0.0016,1.6,2.75,20,4,jump,0.7815230211421016,0.004875365832004746,0.004499352141289434,0.0031375266343583756,0.6973285343830004,2.384826463967981,24.3,
0.0016,1.6,2.75,20,4,kmeans,0.7679891851864126,0.004875365832004746,0.004499352141289434,0.0031375266343583756,0.6973285343830004,2.384826463967981,0.2,
0.0005,1.1,2.75,20,2,vae,0.5197404910674477,0.005145435425320906,0.0036905412256126933,0.0010189872493204426,0.27610780832051895,10.162236497688342,593.8,
0.0005,1.1,2.75,20,2,jump,0.5019738336019843,0.005145435425320906,0.0036905412256126933,0.0010189872493204426,0.27610780832051895,10.162236497688342,22.3,
0.0005,1.1,2.75,20,2,kmeans,0.5053085272653673,0.005145435425320906,0.0036905412256126933,0.0010189872493204426,0.27610780832051895,10.162236497688342,0.3,
0.0008,0.8,4.0,12,0,vae,0.661434115997204,0.0038116437103587852,0.0028027583328899507,0.001598467390844517,0.5703193786231017,7.263984554339958,608.9,
0.0008,0.8,4.0,12,0,jump,0.5029064392305135,0.0038116437103587852,0.0028027583328899507,0.001598467390844517,0.5703193786231017,7.263984554339958,23.0,
0.0008,0.8,4.0,12,0,kmeans,0.6886289729913783,0.0038116437103587852,0.0028027583328899507,0.001598467390844517,0.5703193786231017,7.263984554339958,0.2,
0.0014,1.6,4.0,12,1,vae,0.7413949434003848,0.004572899107590781,0.0043481146913515204,0.002772014756508718,0.6375210759785858,1.0092427974916172,607.1,
0.0014,1.6,4.0,12,1,jump,0.7677579880136436,0.004572899107590781,0.0043481146913515204,0.002772014756508718,0.6375210759785858,1.0092427974916172,24.9,
0.0014,1.6,4.0,12,1,kmeans,0.7522358896315683,0.004572899107590781,0.0043481146913515204,0.002772014756508718,0.6375210759785858,1.0092427974916172,0.5,
0.0008,1.6,4.0,12,5,vae,0.6182374807801791,0.004436958674898262,0.004200351102354748,0.001550189111471772,0.3690617935730955,0.9905652077336491,569.2,
0.0008,1.6,4.0,12,5,jump,0.6705160341816632,0.004436958674898262,0.004200351102354748,0.001550189111471772,0.3690617935730955,0.9905652077336491,24.3,
0.0008,1.6,4.0,12,5,kmeans,0.6623767882198268,0.004436958674898262,0.004200351102354748,0.001550189111471772,0.3690617935730955,0.9905652077336491,0.3,
0.0005,1.6,2.0,8,0,vae,0.529182715108731,0.004729279698122519,0.004191086370810888,0.0009863405495212315,0.23534245354394714,1.7344088418518409,568.1,
0.0005,1.6,2.0,8,0,jump,0.5272642350235919,0.004729279698122519,0.004191086370810888,0.0009863405495212315,0.23534245354394714,1.7344088418518409,23.7,
0.0005,1.6,2.0,8,0,kmeans,0.5021731529755337,0.004729279698122519,0.004191086370810888,0.0009863405495212315,0.23534245354394714,1.7344088418518409,0.5,
0.0005,1.1,2.0,20,5,vae,0.5031844385570902,0.006299508626640051,0.0038427550502934706,0.000984347243708591,0.25615664564240614,13.47101513965719,576.5,
0.0005,1.1,2.0,20,5,jump,0.5013861325269494,0.006299508626640051,0.0038427550502934706,0.000984347243708591,0.25615664564240614,13.47101513965719,24.1,
0.0005,1.1,2.0,20,5,kmeans,0.5020010307139303,0.006299508626640051,0.0038427550502934706,0.000984347243708591,0.25615664564240614,13.47101513965719,0.2,
0.0005,0.8,2.0,20,3,vae,0.511308718349126,0.0068851751660127915,0.003164128584204596,0.0009824046188250917,0.3104818886720592,15.802441164677461,562.1,
0.0005,0.8,2.0,20,3,jump,0.5000065593722935,0.0068851751660127915,0.003164128584204596,0.0009824046188250917,0.3104818886720592,15.802441164677461,23.7,
0.0005,0.8,2.0,20,3,kmeans,0.5064271734024444,0.0068851751660127915,0.003164128584204596,0.0009824046188250917,0.3104818886720592,15.802441164677461,0.3,
0.0005,0.8,2.75,12,2,vae,0.5476507826057878,0.004706035070998462,0.0028834484731035453,0.0010106086314068323,0.3504861074625283,8.633912462020207,576.5,
0.0005,0.8,2.75,12,2,jump,0.5066970229372367,0.004706035070998462,0.0028834484731035453,0.0010106086314068323,0.3504861074625283,8.633912462020207,22.5,
0.0005,0.8,2.75,12,2,kmeans,0.5099562549336715,0.004706035070998462,0.0028834484731035453,0.0010106086314068323,0.3504861074625283,8.633912462020207,0.2,
0.0012,1.1,2.75,8,3,vae,0.7270784087135063,0.00480212292764074,0.0038898250771364253,0.0023745381773279135,0.6104485755117756,2.5713555545970213,580.0,
0.0012,1.1,2.75,8,3,jump,0.7582714185336576,0.00480212292764074,0.0038898250771364253,0.0023745381773279135,0.6104485755117756,2.5713555545970213,24.2,
0.0012,1.1,2.75,8,3,kmeans,0.7301363880767395,0.00480212292764074,0.0038898250771364253,0.0023745381773279135,0.6104485755117756,2.5713555545970213,0.5,
0.0011,1.1,2.0,20,0,vae,0.5488985555054098,0.006364503339253911,0.004047945032644334,0.0021800395277817262,0.5385546271505589,12.751234460570073,587.2,
0.0011,1.1,2.0,20,0,jump,0.5044879781880678,0.006364503339253911,0.004047945032644334,0.0021800395277817262,0.5385546271505589,12.751234460570073,24.9,
0.0011,1.1,2.0,20,0,kmeans,0.5158291801470712,0.006364503339253911,0.004047945032644334,0.0021800395277817262,0.5385546271505589,12.751234460570073,0.3,
0.002,0.8,2.0,20,2,vae,0.5595968314940077,0.00719970648448454,0.004152723984650189,0.004010734279211838,0.9658080561185403,13.545770365150098,594.2,
0.002,0.8,2.0,20,2,jump,0.5131320000858819,0.00719970648448454,0.004152723984650189,0.004010734279211838,0.9658080561185403,13.545770365150098,23.4,
0.002,0.8,2.0,20,2,kmeans,0.5034347958746409,0.00719970648448454,0.004152723984650189,0.004010734279211838,0.9658080561185403,13.545770365150098,0.2,
0.0016,1.6,2.0,12,3,vae,0.770225629188009,0.005103376083287577,0.004558613079386135,0.0031996650659192947,0.7018944161740884,2.7748456846312664,602.0,
0.0016,1.6,2.0,12,3,jump,0.7866477137192707,0.005103376083287577,0.004558613079386135,0.0031996650659192947,0.7018944161740884,2.7748456846312664,23.2,
0.0016,1.6,2.0,12,3,kmeans,0.775372513261849,0.005103376083287577,0.004558613079386135,0.0031996650659192947,0.7018944161740884,2.7748456846312664,0.2,
0.001,1.6,6.0,12,2,vae,0.6965893176580271,0.004319264940240326,0.004186152679591408,0.0020042586207214075,0.47878297189032165,0.4515729559750006,593.8,
0.001,1.6,6.0,12,2,jump,0.7189312261907865,0.004319264940240326,0.004186152679591408,0.0020042586207214075,0.47878297189032165,0.4515729559750006,23.2,
0.001,1.6,6.0,12,2,kmeans,0.7053704616334975,0.004319264940240326,0.004186152679591408,0.0020042586207214075,0.47878297189032165,0.4515729559750006,0.3,
0.0008,1.1,2.0,20,0,vae,0.5254745319656594,0.006320017281228722,0.003934331269979406,0.001580039527781726,0.4016030728876566,13.098791337509848,605.0,
0.0008,1.1,2.0,20,0,jump,0.5048001643143847,0.006320017281228722,0.003934331269979406,0.001580039527781726,0.4016030728876566,13.098791337509848,24.1,
0.0008,1.1,2.0,20,0,kmeans,0.5145736478994879,0.006320017281228722,0.003934331269979406,0.001580039527781726,0.4016030728876566,13.098791337509848,0.2,
0.0005,0.8,2.0,12,0,vae,0.5003567791423413,0.005883856672153753,0.003121938947020723,0.0010098300002390705,0.3234624434929308,7.780898859752456,616.6,
0.0005,0.8,2.0,12,0,jump,0.5095762489003183,0.005883856672153753,0.003121938947020723,0.0010098300002390705,0.3234624434929308,7.780898859752456,23.0,
0.0005,0.8,2.0,12,0,kmeans,0.5027406722589993,0.005883856672153753,0.003121938947020723,0.0010098300002390705,0.3234624434929308,7.780898859752456,0.5,
0.002,1.1,6.0,12,5,vae,0.8360727381768883,0.004339436657613982,0.004157659781560981,0.004020539739258113,0.9670198983305491,1.0138981426499294,571.4,
0.002,1.1,6.0,12,5,jump,0.8288517769969241,0.004339436657613982,0.004157659781560981,0.004020539739258113,0.9670198983305491,1.0138981426499294,25.1,
0.002,1.1,6.0,12,5,kmeans,0.840077721401771,0.004339436657613982,0.004157659781560981,0.004020539739258113,0.9670198983305491,1.0138981426499294,0.2,
0.0011,0.8,6.0,12,3,vae,0.7785092751927665,0.003275155377889805,0.0028242999568670376,0.0022000513905810048,0.7789722848778059,3.3380696778323715,581.8,
0.0011,0.8,6.0,12,3,jump,0.7947483081726494,0.003275155377889805,0.0028242999568670376,0.0022000513905810048,0.7789722848778059,3.3380696778323715,26.4,
0.0011,0.8,6.0,12,3,kmeans,0.787802293428943,0.003275155377889805,0.0028242999568670376,0.0022000513905810048,0.7789722848778059,3.3380696778323715,0.2,
0.0012,1.6,2.75,8,2,vae,0.7138282934670026,0.004666261026246389,0.004306035860504406,0.0024175439056853144,0.5614314381028227,1.1878040347131114,580.0,
0.0012,1.6,2.75,8,2,jump,0.7244434579559862,0.004666261026246389,0.004306035860504406,0.0024175439056853144,0.5614314381028227,1.1878040347131114,25.7,
0.0012,1.6,2.75,8,2,kmeans,0.7249206584973462,0.004666261026246389,0.004306035860504406,0.0024175439056853144,0.5614314381028227,1.1878040347131114,0.5,
0.0008,1.1,2.0,12,2,vae,0.5309812693762406,0.005686821090294949,0.003879889903161095,0.001600301987386398,0.4124606695882197,6.083857118740635,591.8,
0.0008,1.1,2.0,12,2,jump,0.5119235433910735,0.005686821090294949,0.003879889903161095,0.001600301987386398,0.4124606695882197,6.083857118740635,25.6,
0.0008,1.1,2.0,12,2,kmeans,0.5055938135673417,0.005686821090294949,0.003879889903161095,0.001600301987386398,0.4124606695882197,6.083857118740635,0.4,
0.0005,1.6,6.0,8,4,vae,0.6100671897490046,0.0042591605425587814,0.004126323905592838,0.001023113617527189,0.24794796553427526,0.43319590915341744,599.6,
0.0005,1.6,6.0,8,4,jump,0.6213442240313618,0.0042591605425587814,0.004126323905592838,0.001023113617527189,0.24794796553427526,0.43319590915341744,24.4,
0.0005,1.6,6.0,8,4,kmeans,0.5250425559224504,0.0042591605425587814,0.004126323905592838,0.001023113617527189,0.24794796553427526,0.43319590915341744,0.4,
0.0016,1.6,4.0,8,0,vae,0.7859200495592225,0.004644861788701513,0.004462939615266729,0.003206986419407004,0.7185816291209975,0.5577143751551108,602.6,
0.0016,1.6,4.0,8,0,jump,0.8000511336585094,0.004644861788701513,0.004462939615266729,0.003206986419407004,0.7185816291209975,0.5577143751551108,25.3,
0.0016,1.6,4.0,8,0,kmeans,0.7918307225302095,0.004644861788701513,0.004462939615266729,0.003206986419407004,0.7185816291209975,0.5577143751551108,0.4,
0.0005,0.8,4.0,8,1,vae,0.5171949703962955,0.0036323664179231793,0.002666482565241092,0.0009689020998242,0.3633633733272117,4.636551703849923,607.8,
0.0005,0.8,4.0,8,1,jump,0.5135357748494221,0.0036323664179231793,0.002666482565241092,0.0009689020998242,0.3633633733272117,4.636551703849923,24.2,
0.0005,0.8,4.0,8,1,kmeans,0.5049553934646984,0.0036323664179231793,0.002666482565241092,0.0009689020998242,0.3633633733272117,4.636551703849923,0.7,
0.0016,1.1,6.0,20,5,vae,0.7893512826128581,0.004176479504219711,0.003905668789489207,0.003220801965178659,0.8246480023719276,1.6098616518478686,610.4,
0.0016,1.1,6.0,20,5,jump,0.8013985321532155,0.004176479504219711,0.003905668789489207,0.003220801965178659,0.8246480023719276,1.6098616518478686,24.9,
0.0016,1.1,6.0,20,5,kmeans,0.8045492699830104,0.004176479504219711,0.003905668789489207,0.003220801965178659,0.8246480023719276,1.6098616518478686,0.3,
0.0005,1.6,6.0,20,1,vae,0.563963614811076,0.004235046867243422,0.0041086026792819036,0.0009694834875571325,0.2359642835375305,0.4564324761529286,610.0,
0.0005,1.6,6.0,20,1,jump,0.5055336814507148,0.004235046867243422,0.0041086026792819036,0.0009694834875571325,0.2359642835375305,0.4564324761529286,23.2,
0.0005,1.6,6.0,20,1,kmeans,0.524467042622393,0.004235046867243422,0.0041086026792819036,0.0009694834875571325,0.2359642835375305,0.4564324761529286,0.4,
0.0016,0.8,4.0,20,1,vae,0.8000650755327713,0.004136969367402789,0.0032960559270348946,0.0031666375097897702,0.9607353697540114,10.324358224295889,612.5,
0.0016,0.8,4.0,20,1,jump,0.7878932134939813,0.004136969367402789,0.0032960559270348946,0.0031666375097897702,0.9607353697540114,10.324358224295889,23.5,
0.0016,0.8,4.0,20,1,kmeans,0.8110982408125083,0.004136969367402789,0.0032960559270348946,0.0031666375097897702,0.9607353697540114,10.324358224295889,0.4,
0.0011,0.8,4.0,8,0,vae,0.7324728463546557,0.003770965765864755,0.002956528220879086,0.0021975491367716296,0.7432870490639919,4.0176519958267285,625.2,
0.0011,0.8,4.0,8,0,jump,0.7624429395720165,0.003770965765864755,0.002956528220879086,0.0021975491367716296,0.7432870490639919,4.0176519958267285,25.5,
0.0011,0.8,4.0,8,0,kmeans,0.7471003360067501,0.003770965765864755,0.002956528220879086,0.0021975491367716296,0.7432870490639919,4.0176519958267285,0.5,
0.0011,1.6,4.0,20,0,vae,0.7068391150708798,0.004525896127708956,0.004287481755987378,0.0022068086021912754,0.514709735874564,1.471181633900641,629.4,
0.0011,1.6,4.0,20,0,jump,0.7230597383648968,0.004525896127708956,0.004287481755987378,0.0022068086021912754,0.514709735874564,1.471181633900641,25.0,
0.0011,1.6,4.0,20,0,kmeans,0.7209337394400712,0.004525896127708956,0.004287481755987378,0.0022068086021912754,0.514709735874564,1.471181633900641,0.7,
0.002,1.1,6.0,8,0,vae,0.8312642440672455,0.004333947124367293,0.004148073142345759,0.004036564794164872,0.9731180371333018,0.8795305207491482,570.9,
0.002,1.1,6.0,8,0,jump,0.8313851379095669,0.004333947124367293,0.004148073142345759,0.004036564794164872,0.9731180371333018,0.8795305207491482,21.9,
0.002,1.1,6.0,8,0,kmeans,0.8377465079666836,0.004333947124367293,0.004148073142345759,0.004036564794164872,0.9731180371333018,0.8795305207491482,0.2,
0.0012,0.8,2.0,12,5,vae,0.574604004446895,0.006004017018798365,0.0034822095804975073,0.0023953204667073046,0.6878737225130149,7.261412563234453,613.7,
0.0012,0.8,2.0,12,5,jump,0.5280763480771213,0.006004017018798365,0.0034822095804975073,0.0023953204667073046,0.6878737225130149,7.261412563234453,24.4,
0.0012,0.8,2.0,12,5,kmeans,0.5134131296112361,0.006004017018798365,0.0034822095804975073,0.0023953204667073046,0.6878737225130149,7.261412563234453,0.2,
0.0012,1.6,2.75,20,1,vae,0.7124788482257023,0.004796603962060911,0.00435866029737473,0.002376521100507609,0.545241183842433,3.6264343601133673,560.7,
0.0012,1.6,2.75,20,1,jump,0.7418492925219435,0.004796603962060911,0.00435866029737473,0.002376521100507609,0.545241183842433,3.6264343601133673,23.8,
0.0012,1.6,2.75,20,1,kmeans,0.714324599322785,0.004796603962060911,0.00435866029737473,0.002376521100507609,0.545241183842433,3.6264343601133673,0.2,
0.0011,1.6,2.0,20,0,vae,0.6992576520840185,0.00509278819394172,0.004345023248930559,0.0021864965350591138,0.5032186043186941,6.235883167376322,571.1,
0.0011,1.6,2.0,20,0,jump,0.5004358660942607,0.00509278819394172,0.004345023248930559,0.0021864965350591138,0.5032186043186941,6.235883167376322,24.8,
0.0011,1.6,2.0,20,0,kmeans,0.7054548708223609,0.00509278819394172,0.004345023248930559,0.0021864965350591138,0.5032186043186941,6.235883167376322,0.2,
0.0016,0.8,6.0,20,1,vae,0.8278167707037759,0.003461303376849839,0.0031490147587888476,0.0032096957717521178,1.0192698407633405,2.825225694140764,601.6,
0.0016,0.8,6.0,20,1,jump,0.8198713415035634,0.003461303376849839,0.0031490147587888476,0.0032096957717521178,1.0192698407633405,2.825225694140764,26.2,
0.0016,0.8,6.0,20,1,kmeans,0.8369818283663388,0.003461303376849839,0.0031490147587888476,0.0032096957717521178,1.0192698407633405,2.825225694140764,0.1,
0.0016,1.6,2.75,12,1,vae,0.7666885019181534,0.0048644437703269355,0.004512307854255028,0.003175679312391677,0.7037816157417244,1.7939402655686436,585.1,
0.0016,1.6,2.75,12,1,jump,0.7804139745169288,0.0048644437703269355,0.004512307854255028,0.003175679312391677,0.7037816157417244,1.7939402655686436,24.7,
0.0016,1.6,2.75,12,1,kmeans,0.774856986056345,0.0048644437703269355,0.004512307854255028,0.003175679312391677,0.7037816157417244,1.7939402655686436,0.2,
0.0005,1.1,2.75,8,3,vae,0.5657631349978103,0.004677135268933749,0.0036781412044614285,0.0009745381773279138,0.26495398712421386,2.861642994773307,592.8,
0.0005,1.1,2.75,8,3,jump,0.5203754532626398,0.004677135268933749,0.0036781412044614285,0.0009745381773279138,0.26495398712421386,2.861642994773307,24.1,
0.0005,1.1,2.75,8,3,kmeans,0.5092064245075935,0.004677135268933749,0.0036781412044614285,0.0009745381773279138,0.26495398712421386,2.861642994773307,0.4,
0.0016,1.6,4.0,20,3,vae,0.785425357167335,0.00462549747789035,0.004421324105437809,0.0031709495300172854,0.7171945449819702,0.8926254539325362,603.3,
0.0016,1.6,4.0,20,3,jump,0.7953639678518254,0.00462549747789035,0.004421324105437809,0.0031709495300172854,0.7171945449819702,0.8926254539325362,25.7,
0.0016,1.6,4.0,20,3,kmeans,0.786431955435204,0.00462549747789035,0.004421324105437809,0.0031709495300172854,0.7171945449819702,0.8926254539325362,0.3,
0.0014,1.1,4.0,12,0,vae,0.754779083297443,0.004515652062290089,0.0038852785368894754,0.0027910207389149995,0.7183579535971878,3.326899814939128,557.1,
0.0014,1.1,4.0,12,0,jump,0.777939925509305,0.004515652062290089,0.0038852785368894754,0.0027910207389149995,0.7183579535971878,3.326899814939128,22.6,
0.0014,1.1,4.0,12,0,kmeans,0.7657857751110027,0.004515652062290089,0.0038852785368894754,0.0027910207389149995,0.7183579535971878,3.326899814939128,0.3,
0.0014,1.6,2.0,8,1,vae,0.7058896728895433,0.00490759874197535,0.004430871082996195,0.0027732980601560754,0.625903577018708,1.5376727889053994,600.1,
0.0014,1.6,2.0,8,1,jump,0.7426644075425626,0.00490759874197535,0.004430871082996195,0.0027732980601560754,0.625903577018708,1.5376727889053994,22.3,
0.0014,1.6,2.0,8,1,kmeans,0.7460960458314565,0.00490759874197535,0.004430871082996195,0.0027732980601560754,0.625903577018708,1.5376727889053994,0.4,
0.0011,0.8,2.0,8,4,vae,0.6914016324520291,0.005150325094909947,0.0033390489752636657,0.0022161353006744933,0.6637025443747789,3.9647509892687642,624.5,
0.0011,0.8,2.0,8,4,jump,0.701026168965593,0.005150325094909947,0.0033390489752636657,0.0022161353006744933,0.6637025443747789,3.9647509892687642,23.5,
0.0011,0.8,2.0,8,4,kmeans,0.5064020793137293,0.005150325094909947,0.0033390489752636657,0.0022161353006744933,0.6637025443747789,3.9647509892687642,0.2,
0.0005,1.1,2.75,20,1,vae,0.5355249656595548,0.005111816762771421,0.0036832516905019796,0.0009502429572701351,0.2579902317619324,10.767198360712879,605.9,
0.0005,1.1,2.75,20,1,jump,0.5022972387441524,0.005111816762771421,0.0036832516905019796,0.0009502429572701351,0.2579902317619324,10.767198360712879,22.3,
0.0005,1.1,2.75,20,1,kmeans,0.5053187256861589,0.005111816762771421,0.0036832516905019796,0.0009502429572701351,0.2579902317619324,10.767198360712879,0.2,
0.0011,1.6,6.0,20,3,vae,0.7238521388901318,0.004373483473831611,0.004234755572039205,0.0022108093153214298,0.5220630276558881,0.4581297875435837,545.8,
0.0011,1.6,6.0,20,3,jump,0.7571316900440024,0.004373483473831611,0.004234755572039205,0.0022108093153214298,0.5220630276558881,0.4581297875435837,23.1,
0.0011,1.6,6.0,20,3,kmeans,0.72656255163628,0.004373483473831611,0.004234755572039205,0.0022108093153214298,0.5220630276558881,0.4581297875435837,0.5,
0.0011,0.8,4.0,20,0,vae,0.7377732227597271,0.003963341109414522,0.002962120029559433,0.002198487162881799,0.742200566129249,11.47961705388406,561.2,
0.0011,0.8,4.0,20,0,jump,0.5007354671360776,0.003963341109414522,0.002962120029559433,0.002198487162881799,0.742200566129249,11.47961705388406,23.1,
0.0011,0.8,4.0,20,0,kmeans,0.7461698100649643,0.003963341109414522,0.002962120029559433,0.002198487162881799,0.742200566129249,11.47961705388406,0.5,
0.0012,0.8,6.0,8,1,vae,0.7781523541265578,0.003269975396774474,0.0028692300698964224,0.002409297221587827,0.8397016491866061,2.421186676097366,560.2,
0.0012,0.8,6.0,8,1,jump,0.7876478070384889,0.003269975396774474,0.0028692300698964224,0.002409297221587827,0.8397016491866061,2.421186676097366,22.3,
0.0012,0.8,6.0,8,1,kmeans,0.7986690161573358,0.003269975396774474,0.0028692300698964224,0.002409297221587827,0.8397016491866061,2.421186676097366,0.2,
0.0014,0.8,6.0,20,1,vae,0.8055787916955728,0.0033729686867997656,0.003000777261797992,0.0028096957717521176,0.93632266797057,3.166841788830949,613.6,
0.0014,0.8,6.0,20,1,jump,0.8032514274280393,0.0033729686867997656,0.003000777261797992,0.0028096957717521176,0.93632266797057,3.166841788830949,26.5,
0.0014,0.8,6.0,20,1,kmeans,0.8194944422911683,0.0033729686867997656,0.003000777261797992,0.0028096957717521176,0.93632266797057,3.166841788830949,0.4,
0.0011,1.6,4.0,12,3,vae,0.7128312417915215,0.004474924570054481,0.004249318062650328,0.0021710274024563493,0.5109119558591633,0.8978293413010192,592.2,
0.0011,1.6,4.0,12,3,jump,0.7404789960086571,0.004474924570054481,0.004249318062650328,0.0021710274024563493,0.5109119558591633,0.8978293413010192,23.0,
0.0011,1.6,4.0,12,3,kmeans,0.7142804024101798,0.004474924570054481,0.004249318062650328,0.0021710274024563493,0.5109119558591633,0.8978293413010192,0.5,
0.0014,1.6,4.0,20,3,vae,0.7600230813795985,0.00456079901268343,0.004331913668558915,0.0027709495300172853,0.6396594535410233,0.9546511573404759,615.1,
0.0014,1.6,4.0,20,3,jump,0.7695291239935269,0.00456079901268343,0.004331913668558915,0.0027709495300172853,0.6396594535410233,0.9546511573404759,26.0,
0.0014,1.6,4.0,20,3,kmeans,0.759022000995903,0.00456079901268343,0.004331913668558915,0.0027709495300172853,0.6396594535410233,0.9546511573404759,0.4,
0.0012,1.6,2.0,8,0,vae,0.6947787175496772,0.004853005585458197,0.004361268420917627,0.0023863405495212313,0.5471666311745005,1.5535297138702129,595.2,
0.0012,1.6,2.0,8,0,jump,0.715334467278125,0.004853005585458197,0.004361268420917627,0.0023863405495212313,0.5471666311745005,1.5535297138702129,23.8,
0.0012,1.6,2.0,8,0,kmeans,0.712402652795756,0.004853005585458197,0.004361268420917627,0.0023863405495212313,0.5471666311745005,1.5535297138702129,0.2,
0.0011,0.8,4.0,8,2,vae,0.7177952610973176,0.003753630120078621,0.00295350648650944,0.0021797753772130127,0.7380296563320399,3.9598689550864146,567.6,
0.0011,0.8,4.0,8,2,jump,0.745394125756238,0.003753630120078621,0.00295350648650944,0.0021797753772130127,0.7380296563320399,3.9598689550864146,23.2,
0.0011,0.8,4.0,8,2,kmeans,0.7499634566927583,0.003753630120078621,0.00295350648650944,0.0021797753772130127,0.7380296563320399,3.9598689550864146,0.6,
0.0008,0.8,2.75,8,4,vae,0.5968408138542256,0.004378763080648137,0.0029654553359684762,0.0015891982836580367,0.5359036315207313,4.579913194110849,614.3,
0.0008,0.8,2.75,8,4,jump,0.5167557028097935,0.004378763080648137,0.0029654553359684762,0.0015891982836580367,0.5359036315207313,4.579913194110849,24.0,
0.0008,0.8,2.75,8,4,kmeans,0.5113161872118788,0.004378763080648137,0.0029654553359684762,0.0015891982836580367,0.5359036315207313,4.579913194110849,0.3,
0.0012,0.8,2.75,20,0,vae,0.6328469915130412,0.005246931503017453,0.0032338064720771834,0.0024107383612716085,0.7454800966252967,16.637122629885678,613.8,
0.0012,0.8,2.75,20,0,jump,0.5037014854371314,0.005246931503017453,0.0032338064720771834,0.0024107383612716085,0.7454800966252967,16.637122629885678,25.0,
0.0012,0.8,2.75,20,0,kmeans,0.5048533958204454,0.005246931503017453,0.0032338064720771834,0.0024107383612716085,0.7454800966252967,16.637122629885678,0.3,
0.0016,1.6,4.0,20,2,vae,0.7730114358226173,0.004626515166022113,0.00444266403323064,0.0031639632712530254,0.7121770288248057,0.8673115798241278,610.4,
0.0016,1.6,4.0,20,2,jump,0.7659431296837347,0.004626515166022113,0.00444266403323064,0.0031639632712530254,0.7121770288248057,0.8673115798241278,25.2,
0.0016,1.6,4.0,20,2,kmeans,0.7774974349183373,0.004626515166022113,0.00444266403323064,0.0031639632712530254,0.7121770288248057,0.8673115798241278,0.4,
0.0014,0.8,4.0,20,0,vae,0.7813576613087454,0.004056353177810915,0.003162694011694465,0.002798487162881799,0.8848428436434367,10.451916586938575,611.4,
0.0014,0.8,4.0,20,0,jump,0.7871489110315459,0.004056353177810915,0.003162694011694465,0.002798487162881799,0.8848428436434367,10.451916586938575,24.3,
0.0014,0.8,4.0,20,0,kmeans,0.791805082171248,0.004056353177810915,0.003162694011694465,0.002798487162881799,0.8848428436434367,10.451916586938575,0.3,
0.001,1.6,4.0,8,3,vae,0.7012328896019788,0.004435620654253596,0.0042175293989777166,0.0019713132058662647,0.46740947587563697,0.6687313365244987,549.4,
0.001,1.6,4.0,8,3,jump,0.7361752266107906,0.004435620654253596,0.0042175293989777166,0.0019713132058662647,0.46740947587563697,0.6687313365244987,23.2,
0.001,1.6,4.0,8,3,kmeans,0.6969800830218249,0.004435620654253596,0.0042175293989777166,0.0019713132058662647,0.46740947587563697,0.6687313365244987,0.2,
0.0005,1.1,2.75,8,5,vae,0.5449761021018367,0.004680103074860075,0.00369166132540636,0.0009784424061691993,0.2650412158437901,2.8585764716544686,564.1,
0.0005,1.1,2.75,8,5,jump,0.5247263677051934,0.004680103074860075,0.00369166132540636,0.0009784424061691993,0.2650412158437901,2.8585764716544686,23.1,
0.0005,1.1,2.75,8,5,kmeans,0.5188905384367601,0.004680103074860075,0.00369166132540636,0.0009784424061691993,0.2650412158437901,2.8585764716544686,0.3,
0.001,1.6,4.0,12,5,vae,0.6776741967379618,0.004475877126380589,0.004242314332541696,0.0019501891114717717,0.4596993430006766,0.9524234061335166,578.2,
0.001,1.6,4.0,12,5,jump,0.7257115016019453,0.004475877126380589,0.004242314332541696,0.0019501891114717717,0.4596993430006766,0.9524234061335166,26.0,
0.001,1.6,4.0,12,5,kmeans,0.6974736141716602,0.004475877126380589,0.004242314332541696,0.0019501891114717717,0.4596993430006766,0.9524234061335166,0.8,
0.002,1.1,2.75,20,0,vae,0.7903474582766183,0.005505118328302609,0.0043827258168681795,0.003986627368684504,0.9096228090155272,8.680554739840971,606.2,
0.002,1.1,2.75,20,0,jump,0.7946708049519087,0.005505118328302609,0.0043827258168681795,0.003986627368684504,0.9096228090155272,8.680554739840971,25.7,
0.002,1.1,2.75,20,0,kmeans,0.798491958736249,0.005505118328302609,0.0043827258168681795,0.003986627368684504,0.9096228090155272,8.680554739840971,0.3,
0.0014,0.8,6.0,8,4,vae,0.8145027653995286,0.0033326418234023176,0.0030036279459033535,0.002788510268716968,0.928380717898239,2.079836763919298,587.6,
0.0014,0.8,6.0,8,4,jump,0.8097910260164762,0.0033326418234023176,0.0030036279459033535,0.002788510268716968,0.928380717898239,2.079836763919298,23.6,
0.0014,0.8,6.0,8,4,kmeans,0.8257447891783344,0.0033326418234023176,0.0030036279459033535,0.002788510268716968,0.928380717898239,2.079836763919298,0.3,
0.001,1.1,4.0,20,4,vae,0.701031942346716,0.004420596738132952,0.0037174858383948305,0.002011887432129064,0.5411957219446395,4.628797185422724,591.8,
0.001,1.1,4.0,20,4,jump,0.5009321659136456,0.004420596738132952,0.0037174858383948305,0.002011887432129064,0.5411957219446395,4.628797185422724,25.5,
0.001,1.1,4.0,20,4,kmeans,0.702489626024585,0.004420596738132952,0.0037174858383948305,0.002011887432129064,0.5411957219446395,4.628797185422724,0.2,
0.0016,1.6,2.0,20,5,vae,0.744056264364835,0.005227328963101194,0.004551481859431456,0.003200195768217024,0.7031107377887634,6.228247521408164,570.4,
0.0016,1.6,2.0,20,5,jump,0.7625730529304744,0.005227328963101194,0.004551481859431456,0.003200195768217024,0.7031107377887634,6.228247521408164,24.7,
0.0016,1.6,2.0,20,5,kmeans,0.7599317484225498,0.005227328963101194,0.004551481859431456,0.003200195768217024,0.7031107377887634,6.228247521408164,0.4,
0.0012,0.8,2.75,20,3,vae,0.7316278791788859,0.005206280263329835,0.00321592155460049,0.0024184046109565925,0.7520098267002124,16.6492827776499,596.8,
0.0012,0.8,2.75,20,3,jump,0.505533696767289,0.005206280263329835,0.00321592155460049,0.0024184046109565925,0.7520098267002124,16.6492827776499,22.7,
0.0012,0.8,2.75,20,3,kmeans,0.5138621768327457,0.005206280263329835,0.00321592155460049,0.0024184046109565925,0.7520098267002124,16.6492827776499,0.2,
0.001,1.6,2.0,12,3,vae,0.6932995741635478,0.004949495035211172,0.004336680919459632,0.0019996650659192946,0.4611049563149463,3.1609757432000842,588.4,
0.001,1.6,2.0,12,3,jump,0.5092162385302615,0.004949495035211172,0.004336680919459632,0.0019996650659192946,0.4611049563149463,3.1609757432000842,23.7,
0.001,1.6,2.0,12,3,kmeans,0.6963145320559829,0.004949495035211172,0.004336680919459632,0.0019996650659192946,0.4611049563149463,3.1609757432000842,0.2,
0.0011,1.1,2.75,8,2,vae,0.6520863445873519,0.004767837875517412,0.0038542773028034036,0.00222175353985773,0.5764384254972367,2.624389108187188,602.0,
0.0011,1.1,2.75,8,2,jump,0.7046301352796884,0.004767837875517412,0.0038542773028034036,0.00222175353985773,0.5764384254972367,2.624389108187188,23.1,
0.0011,1.1,2.75,8,2,kmeans,0.6949496614380212,0.004767837875517412,0.0038542773028034036,0.00222175353985773,0.5764384254972367,2.624389108187188,0.3,
0.001,1.6,2.75,8,0,vae,0.681586212645771,0.004626185047911461,0.004244159811789617,0.001968491437735461,0.4638118084684976,1.21914120832942,584.0,
0.001,1.6,2.75,8,0,jump,0.701406955424061,0.004626185047911461,0.004244159811789617,0.001968491437735461,0.4638118084684976,1.21914120832942,23.9,
0.001,1.6,2.75,8,0,kmeans,0.6984842146075436,0.004626185047911461,0.004244159811789617,0.001968491437735461,0.4638118084684976,1.21914120832942,0.4,
0.0011,1.6,6.0,12,3,vae,0.7238521388901318,0.004373483473831611,0.004234755572039205,0.0022108093153214298,0.5220630276558881,0.4581297875435837,607.7,
0.0011,1.6,6.0,12,3,jump,0.7571316900440024,0.004373483473831611,0.004234755572039205,0.0022108093153214298,0.5220630276558881,0.4581297875435837,25.2,
0.0011,1.6,6.0,12,3,kmeans,0.72656255163628,0.004373483473831611,0.004234755572039205,0.0022108093153214298,0.5220630276558881,0.4581297875435837,0.4,
0.0008,1.6,2.75,12,3,vae,0.6586473216390507,0.0046541721148250495,0.0042380763963531486,0.001643163266513065,0.38771440456500544,2.2150064631724478,569.9,
0.0008,1.6,2.75,12,3,jump,0.5016707472304728,0.0046541721148250495,0.0042380763963531486,0.001643163266513065,0.38771440456500544,2.2150064631724478,23.3,
0.0008,1.6,2.75,12,3,kmeans,0.6561124096554121,0.0046541721148250495,0.0042380763963531486,0.001643163266513065,0.38771440456500544,2.2150064631724478,0.2,
0.0008,1.6,2.75,20,2,vae,0.6271357534287932,0.00469805431235879,0.004213637966486925,0.0016187502479263448,0.3841692762408727,3.9455335375857663,570.5,
0.0008,1.6,2.75,20,2,jump,0.5037288073693548,0.00469805431235879,0.004213637966486925,0.0016187502479263448,0.3841692762408727,3.9455335375857663,23.3,
0.0008,1.6,2.75,20,2,kmeans,0.6642550933950131,0.00469805431235879,0.004213637966486925,0.0016187502479263448,0.3841692762408727,3.9455335375857663,0.4,
0.0016,1.6,4.0,20,1,vae,0.768456317856028,0.004644327176775783,0.004437828516353701,0.0031713650609531013,0.714620911841547,1.2652640498484296,604.5,
0.0016,1.6,4.0,20,1,jump,0.7758498526705826,0.004644327176775783,0.004437828516353701,0.0031713650609531013,0.714620911841547,1.2652640498484296,24.3,
0.0016,1.6,4.0,20,1,kmeans,0.7749271522122634,0.004644327176775783,0.004437828516353701,0.0031713650609531013,0.714620911841547,1.2652640498484296,0.4,
0.0012,0.8,4.0,12,2,vae,0.7506857576483865,0.003910668311620553,0.0030212413565569507,0.002380242849959262,0.7878360478528006,6.685183712703665,604.4,
0.0012,0.8,4.0,12,2,jump,0.7427903382385717,0.003910668311620553,0.0030212413565569507,0.002380242849959262,0.7878360478528006,6.685183712703665,24.3,
0.0012,0.8,4.0,12,2,kmeans,0.7631946589700167,0.003910668311620553,0.0030212413565569507,0.002380242849959262,0.7878360478528006,6.685183712703665,0.3,
0.002,1.1,2.75,12,1,vae,0.7753587996358644,0.005270398484339829,0.004398636907775866,0.003948834620420836,0.8977405280804438,4.178989636497045,590.1,
0.002,1.1,2.75,12,1,jump,0.7783645234552913,0.005270398484339829,0.004398636907775866,0.003948834620420836,0.8977405280804438,4.178989636497045,24.4,
0.002,1.1,2.75,12,1,kmeans,0.7933593501395334,0.005270398484339829,0.004398636907775866,0.003948834620420836,0.8977405280804438,4.178989636497045,0.2,
0.0008,1.1,2.0,12,4,vae,0.6387697891393116,0.005713026553989563,0.003908950820715505,0.0016616562731325826,0.4250900943359601,5.880085420221036,587.8,
0.0008,1.1,2.0,12,4,jump,0.5160020414355463,0.005713026553989563,0.003908950820715505,0.0016616562731325826,0.4250900943359601,5.880085420221036,24.9,
0.0008,1.1,2.0,12,4,kmeans,0.5031295828088762,0.005713026553989563,0.003908950820715505,0.0016616562731325826,0.4250900943359601,5.880085420221036,0.3,
0.0011,1.1,2.0,12,1,vae,0.5886884352638071,0.0057595577418749,0.004003998665722097,0.0021941874961806,0.5479990577831252,5.722903322305189,576.6,
0.0011,1.1,2.0,12,1,jump,0.5237456809119171,0.0057595577418749,0.004003998665722097,0.0021941874961806,0.5479990577831252,5.722903322305189,23.2,
0.0011,1.1,2.0,12,1,kmeans,0.5137660835251797,0.0057595577418749,0.004003998665722097,0.0021941874961806,0.5479990577831252,5.722903322305189,0.3,
0.0012,1.1,2.75,8,0,vae,0.6963019429479704,0.004787150814068957,0.00390155277505172,0.002388213709728541,0.6121187761446806,2.5313556543862417,581.9,
0.0012,1.1,2.75,8,0,jump,0.7227231373747307,0.004787150814068957,0.00390155277505172,0.002388213709728541,0.6121187761446806,2.5313556543862417,24.6,
0.0012,1.1,2.75,8,0,kmeans,0.7041156297555775,0.004787150814068957,0.00390155277505172,0.002388213709728541,0.6121187761446806,2.5313556543862417,0.2,
0.001,1.1,4.0,8,3,vae,0.7026022161505245,0.004296897968174115,0.0037104797305552184,0.001999264887005323,0.538815741409848,2.045275144461953,591.3,
0.001,1.1,4.0,8,3,jump,0.7300221949129795,0.004296897968174115,0.0037104797305552184,0.001999264887005323,0.538815741409848,2.045275144461953,24.9,
0.001,1.1,4.0,8,3,kmeans,0.7100090192871182,0.004296897968174115,0.0037104797305552184,0.001999264887005323,0.538815741409848,2.045275144461953,0.5,
0.0008,1.1,2.0,12,1,vae,0.532387028712025,0.005708892831714879,0.0038861523624198154,0.0015941874961805998,0.410222592298964,5.935567277912012,596.1,
0.0008,1.1,2.0,12,1,jump,0.512999883710077,0.005708892831714879,0.0038861523624198154,0.0015941874961805998,0.410222592298964,5.935567277912012,23.5,
0.0008,1.1,2.0,12,1,kmeans,0.5122221579557731,0.005708892831714879,0.0038861523624198154,0.0015941874961805998,0.410222592298964,5.935567277912012,0.3,
0.0014,1.1,2.75,8,5,vae,0.7214341908847617,0.004857676109094453,0.004001646318408626,0.002778442406169199,0.6943248316043407,2.4275717788203792,577.3,
0.0014,1.1,2.75,8,5,jump,0.7504404709072268,0.004857676109094453,0.004001646318408626,0.002778442406169199,0.6943248316043407,2.4275717788203792,24.2,
0.0014,1.1,2.75,8,5,kmeans,0.7490580606696342,0.004857676109094453,0.004001646318408626,0.002778442406169199,0.6943248316043407,2.4275717788203792,0.4,
0.0005,0.8,6.0,20,1,vae,0.624072728436236,0.003106431912459161,0.0025456679147159936,0.0010096957717521176,0.3966329488285843,4.429867630486375,601.9,
0.0005,0.8,6.0,20,1,jump,0.5016328563945716,0.003106431912459161,0.0025456679147159936,0.0010096957717521176,0.3966329488285843,4.429867630486375,24.7,
0.0005,0.8,6.0,20,1,kmeans,0.5021308129866239,0.003106431912459161,0.0025456679147159936,0.0010096957717521176,0.3966329488285843,4.429867630486375,0.3,
0.0008,0.8,2.0,8,1,vae,0.5005001026979192,0.005118081366438235,0.0031952228652804425,0.0015698638816950801,0.49131592627023035,4.085107806255239,564.1,
0.0008,0.8,2.0,8,1,jump,0.5386036570784559,0.005118081366438235,0.0031952228652804425,0.0015698638816950801,0.49131592627023035,4.085107806255239,23.1,
0.0008,0.8,2.0,8,1,kmeans,0.5000117960784012,0.005118081366438235,0.0031952228652804425,0.0015698638816950801,0.49131592627023035,4.085107806255239,0.2,
0.0008,1.6,6.0,12,3,vae,0.6572597590340983,0.004307905297859949,0.004166893268270345,0.00161080931532143,0.3865732121307893,0.4949716478446584,566.3,
0.0008,1.6,6.0,12,3,jump,0.6878427171880269,0.004307905297859949,0.004166893268270345,0.00161080931532143,0.3865732121307893,0.4949716478446584,24.2,
0.0008,1.6,6.0,12,3,kmeans,0.6744217307457587,0.004307905297859949,0.004166893268270345,0.00161080931532143,0.3865732121307893,0.4949716478446584,0.3,
0.0011,1.1,2.0,20,2,vae,0.5422573284643858,0.006333027922471188,0.004014351378666525,0.0021982815075508788,0.5476056528666648,13.21067956920605,604.9,
0.0011,1.1,2.0,20,2,jump,0.501753398732578,0.006333027922471188,0.004014351378666525,0.0021982815075508788,0.5476056528666648,13.21067956920605,24.2,
0.0011,1.1,2.0,20,2,kmeans,0.5001137475126826,0.006333027922471188,0.004014351378666525,0.0021982815075508788,0.5476056528666648,13.21067956920605,0.4,
0.0005,0.8,4.0,20,3,vae,0.6083652365846416,0.0037550765288818367,0.0026933652955101056,0.0009829130492895212,0.3649386330655025,10.103946791787742,601.2,
0.0005,0.8,4.0,20,3,jump,0.5000873948732907,0.0037550765288818367,0.0026933652955101056,0.0009829130492895212,0.3649386330655025,10.103946791787742,24.6,
0.0005,0.8,4.0,20,3,kmeans,0.5122482908478951,0.0037550765288818367,0.0026933652955101056,0.0009829130492895212,0.3649386330655025,10.103946791787742,0.5,
0.0016,0.8,2.0,8,4,vae,0.7513944566495923,0.005281026951535831,0.0037034677456154606,0.0032161353006744933,0.868411856558513,3.5703708206351665,594.2,
0.0016,0.8,2.0,8,4,jump,0.7609011941753568,0.005281026951535831,0.0037034677456154606,0.0032161353006744933,0.868411856558513,3.5703708206351665,25.2,
0.0016,0.8,2.0,8,4,kmeans,0.7647566921091669,0.005281026951535831,0.0037034677456154606,0.0032161353006744933,0.868411856558513,3.5703708206351665,0.4,
0.0008,0.8,4.0,20,2,vae,0.6446974363663693,0.003883578215706354,0.0028023750025313243,0.0015800852196334067,0.563837894002819,12.37695180115464,591.1,
0.0008,0.8,4.0,20,2,jump,0.5005276316553833,0.003883578215706354,0.0028023750025313243,0.0015800852196334067,0.563837894002819,12.37695180115464,24.0,
0.0008,0.8,4.0,20,2,kmeans,0.6838553063637176,0.003883578215706354,0.0028023750025313243,0.0015800852196334067,0.563837894002819,12.37695180115464,0.2,
0.0014,1.6,4.0,8,4,vae,0.7546786600104485,0.004584499213159955,0.004371944316084556,0.0028303374817213395,0.6473864434431189,0.6414785326134638,573.3,
0.0014,1.6,4.0,8,4,jump,0.7642683461142183,0.004584499213159955,0.004371944316084556,0.0028303374817213395,0.6473864434431189,0.6414785326134638,23.0,
0.0014,1.6,4.0,8,4,kmeans,0.7605836782253159,0.004584499213159955,0.004371944316084556,0.0028303374817213395,0.6473864434431189,0.6414785326134638,0.5,
0.0008,1.6,2.0,12,2,vae,0.5752480172287006,0.004880978456403164,0.004258154810737655,0.0016137940303158423,0.37898904620526913,3.276894667697439,593.5,
0.0008,1.6,2.0,12,2,jump,0.5084168009271325,0.004880978456403164,0.004258154810737655,0.0016137940303158423,0.37898904620526913,3.276894667697439,24.7,
0.0008,1.6,2.0,12,2,kmeans,0.6359420829606126,0.004880978456403164,0.004258154810737655,0.0016137940303158423,0.37898904620526913,3.276894667697439,0.5,
0.0014,0.8,2.75,20,2,vae,0.6351189297771588,0.005230374324817197,0.003366138613562023,0.0028100598029834117,0.8348021652054985,15.25552057966486,588.5,
0.0014,0.8,2.75,20,2,jump,0.5052941169470434,0.005230374324817197,0.003366138613562023,0.0028100598029834117,0.8348021652054985,15.25552057966486,25.1,
0.0014,0.8,2.75,20,2,kmeans,0.7601129208944226,0.005230374324817197,0.003366138613562023,0.0028100598029834117,0.8348021652054985,15.25552057966486,0.4,
0.001,1.1,2.75,8,0,vae,0.6649699395052595,0.004740801783668526,0.003821630369805533,0.0019882137097285407,0.5202527500925509,2.6299779014537776,602.1,
0.001,1.1,2.75,8,0,jump,0.6932255350484149,0.004740801783668526,0.003821630369805533,0.0019882137097285407,0.5202527500925509,2.6299779014537776,25.4,
0.001,1.1,2.75,8,0,kmeans,0.5125615049736244,0.004740801783668526,0.003821630369805533,0.0019882137097285407,0.5202527500925509,2.6299779014537776,0.3,
0.0011,1.1,2.75,8,5,vae,0.6665696870203051,0.004780430022361065,0.0038642295614167805,0.002178442406169199,0.5637455983258135,2.60509525905821,589.5,
0.0011,1.1,2.75,8,5,jump,0.7096798414897099,0.004780430022361065,0.0038642295614167805,0.002178442406169199,0.5637455983258135,2.60509525905821,22.1,
0.0011,1.1,2.75,8,5,kmeans,0.7070214064458205,0.004780430022361065,0.0038642295614167805,0.002178442406169199,0.5637455983258135,2.60509525905821,0.2,
0.0014,0.8,4.0,8,0,vae,0.7718575981882441,0.0038682921330998074,0.0031571698591396974,0.0027975491367716295,0.8860939580659555,3.5984144201966943,576.8,
0.0014,0.8,4.0,8,0,jump,0.8061254377381006,0.0038682921330998074,0.0031571698591396974,0.0027975491367716295,0.8860939580659555,3.5984144201966943,25.1,
0.0014,0.8,4.0,8,0,kmeans,0.7927612484719951,0.0038682921330998074,0.0031571698591396974,0.0027975491367716295,0.8860939580659555,3.5984144201966943,0.2,
0.0011,1.6,4.0,12,0,vae,0.7026886982609843,0.004516893427200077,0.004287430015101139,0.0022068086021912754,0.5147159474133638,0.9566431817915353,611.7,
0.0011,1.6,4.0,12,0,jump,0.7259568888426613,0.004516893427200077,0.004287430015101139,0.0022068086021912754,0.5147159474133638,0.9566431817915353,25.9,
0.0011,1.6,4.0,12,0,kmeans,0.723008192539868,0.004516893427200077,0.004287430015101139,0.0022068086021912754,0.5147159474133638,0.9566431817915353,0.6,
0.0014,0.8,2.75,8,1,vae,0.7504513400710252,0.004535045291124538,0.0033403903422305303,0.0027759105899573117,0.8310138353782062,4.046276844631585,602.8,
0.0014,0.8,2.75,8,1,jump,0.7549157605422498,0.004535045291124538,0.0033403903422305303,0.0027759105899573117,0.8310138353782062,4.046276844631585,25.3,
0.0014,0.8,2.75,8,1,kmeans,0.7695571200884104,0.004535045291124538,0.0033403903422305303,0.0027759105899573117,0.8310138353782062,4.046276844631585,0.2,
0.0012,1.1,2.75,8,1,vae,0.6747312022412029,0.004767425314693216,0.0038806448191839793,0.0023497436949316166,0.6055034161631211,2.524292431743727,626.8,
0.0012,1.1,2.75,8,1,jump,0.7119402156737346,0.004767425314693216,0.0038806448191839793,0.0023497436949316166,0.6055034161631211,2.524292431743727,25.8,
0.0012,1.1,2.75,8,1,kmeans,0.7078824497475305,0.004767425314693216,0.0038806448191839793,0.0023497436949316166,0.6055034161631211,2.524292431743727,0.4,
0.0012,0.8,2.0,20,0,vae,0.5049891206546356,0.006958993897165496,0.0034838813505802787,0.0024121413619170233,0.6923718459916135,15.304502983519907,620.3,
0.0012,0.8,2.0,20,0,jump,0.5039347396741758,0.006958993897165496,0.0034838813505802787,0.0024121413619170233,0.6923718459916135,15.304502983519907,24.6,
0.0012,0.8,2.0,20,0,kmeans,0.5092663887137042,0.006958993897165496,0.0034838813505802787,0.0024121413619170233,0.6923718459916135,15.304502983519907,0.3,
0.0008,1.6,6.0,20,5,vae,0.6259571887093438,0.004302650060707048,0.004193163092602021,0.001592314014584738,0.3797405394018779,0.47513556162319004,604.7,
0.0008,1.6,6.0,20,5,jump,0.677228322507475,0.004302650060707048,0.004193163092602021,0.001592314014584738,0.3797405394018779,0.47513556162319004,24.9,
0.0008,1.6,6.0,20,5,kmeans,0.6550647310121618,0.004302650060707048,0.004193163092602021,0.001592314014584738,0.3797405394018779,0.47513556162319004,0.5,
0.0008,0.8,2.0,20,5,vae,0.5032460364422534,0.007003102605603333,0.003280725583392291,0.0015970018942750032,0.48678313796172284,15.649912521801092,585.5,
0.0008,0.8,2.0,20,5,jump,0.504150712854434,0.007003102605603333,0.003280725583392291,0.0015970018942750032,0.48678313796172284,15.649912521801092,23.5,
0.0008,0.8,2.0,20,5,kmeans,0.5132150077583717,0.007003102605603333,0.003280725583392291,0.0015970018942750032,0.48678313796172284,15.649912521801092,0.2,
0.0008,0.8,4.0,20,0,vae,0.6839175395251436,0.0038912848450965284,0.002803668228908051,0.0015984871628817988,0.5701413406907864,12.354779821242806,615.1,
0.0008,0.8,4.0,20,0,jump,0.500784481938548,0.0038912848450965284,0.002803668228908051,0.0015984871628817988,0.5701413406907864,12.354779821242806,23.9,
0.0008,0.8,4.0,20,0,kmeans,0.6880340076194182,0.0038912848450965284,0.002803668228908051,0.0015984871628817988,0.5701413406907864,12.354779821242806,0.4,
0.002,1.6,4.0,8,3,vae,0.8200979287244787,0.004758945802194491,0.004624002707837094,0.003971313205866266,0.8588475087039626,0.4569842228502279,612.6,
0.002,1.6,4.0,8,3,jump,0.8212129318855954,0.004758945802194491,0.004624002707837094,0.003971313205866266,0.8588475087039626,0.4569842228502279,23.3,
0.002,1.6,4.0,8,3,kmeans,0.8246205408135361,0.004758945802194491,0.004624002707837094,0.003971313205866266,0.8588475087039626,0.4569842228502279,0.2,
0.0012,1.1,2.0,12,3,vae,0.6967601788138964,0.005741156016457949,0.004081528177062616,0.0024435262531021427,0.598679256175243,5.60535824890016,617.7,
0.0012,1.1,2.0,12,3,jump,0.5401418462756324,0.005741156016457949,0.004081528177062616,0.0024435262531021427,0.598679256175243,5.60535824890016,24.9,
0.0012,1.1,2.0,12,3,kmeans,0.5160258183302631,0.005741156016457949,0.004081528177062616,0.0024435262531021427,0.598679256175243,5.60535824890016,0.2,
0.0011,1.6,2.75,12,2,vae,0.6898966348166631,0.00471521949019389,0.004286077297851116,0.002218351437414506,0.5175714956253138,2.1653568835635886,594.9,
0.0011,1.6,2.75,12,2,jump,0.7203228219311364,0.00471521949019389,0.004286077297851116,0.002218351437414506,0.5175714956253138,2.1653568835635886,23.1,
0.0011,1.6,2.75,12,2,kmeans,0.707356930514595,0.00471521949019389,0.004286077297851116,0.002218351437414506,0.5175714956253138,2.1653568835635886,0.4,
0.0008,0.8,2.75,12,5,vae,0.5341597296000933,0.004740160014687215,0.003006760998362565,0.001605043021683788,0.5338113081012655,8.440112960091367,583.6,
0.0008,0.8,2.75,12,5,jump,0.5028250975479959,0.004740160014687215,0.003006760998362565,0.001605043021683788,0.5338113081012655,8.440112960091367,24.2,
0.0008,0.8,2.75,12,5,kmeans,0.5087701139708967,0.004740160014687215,0.003006760998362565,0.001605043021683788,0.5338113081012655,8.440112960091367,0.5,
0.001,1.1,2.0,8,0,vae,0.6614383627129197,0.005223172739308994,0.003952385333068777,0.0019813352961633997,0.5013011458133861,2.8249255042368198,598.9,
0.001,1.1,2.0,8,0,jump,0.6586841149692887,0.005223172739308994,0.003952385333068777,0.0019813352961633997,0.5013011458133861,2.8249255042368198,24.0,
0.001,1.1,2.0,8,0,kmeans,0.52176416794149,0.005223172739308994,0.003952385333068777,0.0019813352961633997,0.5013011458133861,2.8249255042368198,0.7,
0.002,1.6,6.0,8,1,vae,0.815011847454875,0.00465194245860505,0.004591035895676298,0.003969483487557133,0.8646160861637948,0.24800372868038645,625.9,
0.002,1.6,6.0,8,1,jump,0.8061354685455868,0.00465194245860505,0.004591035895676298,0.003969483487557133,0.8646160861637948,0.24800372868038645,24.5,
0.002,1.6,6.0,8,1,kmeans,0.8200833957730078,0.00465194245860505,0.004591035895676298,0.003969483487557133,0.8646160861637948,0.24800372868038645,0.2,
0.0016,0.8,2.75,20,0,vae,0.7651056203216662,0.005352363446115379,0.003531766490195279,0.003210738361271609,0.9091026743090482,15.33975612730983,614.8,
0.0016,0.8,2.75,20,0,jump,0.5039666675733663,0.005352363446115379,0.003531766490195279,0.003210738361271609,0.9091026743090482,15.33975612730983,23.8,
0.0016,0.8,2.75,20,0,kmeans,0.77945461746,0.005352363446115379,0.003531766490195279,0.003210738361271609,0.9091026743090482,15.33975612730983,0.3,
0.0005,1.1,2.0,20,1,vae,0.5337847689535942,0.006273827808397549,0.0038146724652102816,0.0009975673845511162,0.2615080045925059,13.738997528045473,623.4,
0.0005,1.1,2.0,20,1,jump,0.5008215733485307,0.006273827808397549,0.0038146724652102816,0.0009975673845511162,0.2615080045925059,13.738997528045473,25.1,
0.0005,1.1,2.0,20,1,kmeans,0.5133363620940234,0.006273827808397549,0.0038146724652102816,0.0009975673845511162,0.2615080045925059,13.738997528045473,0.3,
0.0011,1.6,6.0,20,2,vae,0.7239905029502102,0.004345122804883366,0.004221142752153365,0.0022042292332305623,0.5221877966828061,0.506284292800681,620.0,
0.0011,1.6,6.0,20,2,jump,0.7364635184791233,0.004345122804883366,0.004221142752153365,0.0022042292332305623,0.5221877966828061,0.506284292800681,23.4,
0.0011,1.6,6.0,20,2,kmeans,0.7234854317931882,0.004345122804883366,0.004221142752153365,0.0022042292332305623,0.5221877966828061,0.506284292800681,0.3,
0.0014,1.6,2.0,12,5,vae,0.7086717014432558,0.005025290723144019,0.004471037133739224,0.0028016852893582855,0.6266298412545672,2.8645396447776106,596.5,
0.0014,1.6,2.0,12,5,jump,0.7474447884426838,0.005025290723144019,0.004471037133739224,0.0028016852893582855,0.6266298412545672,2.8645396447776106,23.9,
0.0014,1.6,2.0,12,5,kmeans,0.7427782783523178,0.005025290723144019,0.004471037133739224,0.0028016852893582855,0.6266298412545672,2.8645396447776106,0.3,
0.002,1.6,2.75,8,5,vae,0.8168337054021706,0.004914744253201191,0.004701321078104365,0.00406513486382151,0.8646792670158632,0.7744210301489756,600.2,
0.002,1.6,2.75,8,5,jump,0.8147323329740723,0.004914744253201191,0.004701321078104365,0.00406513486382151,0.8646792670158632,0.7744210301489756,24.8,
0.002,1.6,2.75,8,5,kmeans,0.8216796858739999,0.004914744253201191,0.004701321078104365,0.00406513486382151,0.8646792670158632,0.7744210301489756,0.2,
0.002,1.1,6.0,8,5,vae,0.8392060652984011,0.004327455314045393,0.0041571338660085855,0.004021113661257493,0.9672802923515931,0.8167628157730284,608.4,
0.002,1.1,6.0,8,5,jump,0.8289335472889245,0.004327455314045393,0.0041571338660085855,0.004021113661257493,0.9672802923515931,0.8167628157730284,24.5,
0.002,1.1,6.0,8,5,kmeans,0.8465982517887802,0.004327455314045393,0.0041571338660085855,0.004021113661257493,0.9672802923515931,0.8167628157730284,0.3,
0.0008,0.8,2.0,12,1,vae,0.500735118799366,0.005872513359023129,0.003241905644561066,0.0015644079931346733,0.4825581508700832,7.571614572494255,608.4,
0.0008,0.8,2.0,12,1,jump,0.5073208623671692,0.005872513359023129,0.003241905644561066,0.0015644079931346733,0.4825581508700832,7.571614572494255,23.9,
0.0008,0.8,2.0,12,1,kmeans,0.5047612634314336,0.005872513359023129,0.003241905644561066,0.0015644079931346733,0.4825581508700832,7.571614572494255,0.3,
0.001,1.1,4.0,12,3,vae,0.7155777961782914,0.004384378885343914,0.0037149699401573763,0.001998616955789516,0.5379900747473745,3.4679273069801715,607.3,
0.001,1.1,4.0,12,3,jump,0.5037833858530423,0.004384378885343914,0.0037149699401573763,0.001998616955789516,0.5379900747473745,3.4679273069801715,23.8,
0.001,1.1,4.0,12,3,kmeans,0.7175655163123277,0.004384378885343914,0.0037149699401573763,0.001998616955789516,0.5379900747473745,3.4679273069801715,0.4,
0.001,0.8,6.0,20,1,vae,0.7570331065894945,0.0032263648684935954,0.0027517911448090146,0.0020096957717521177,0.7303227846863352,3.815416948816395,585.9,
0.001,0.8,6.0,20,1,jump,0.7516380965947943,0.0032263648684935954,0.0027517911448090146,0.0020096957717521177,0.7303227846863352,3.815416948816395,23.8,
0.001,0.8,6.0,20,1,kmeans,0.7641977284474917,0.0032263648684935954,0.0027517911448090146,0.0020096957717521177,0.7303227846863352,3.815416948816395,0.2,
0.0011,0.8,2.0,8,5,vae,0.6623340819537649,0.00518521955212217,0.0033719817563669045,0.002192811992432378,0.6503036347370376,3.907515823368491,584.0,
0.0011,0.8,2.0,8,5,jump,0.6844615712447784,0.00518521955212217,0.0033719817563669045,0.002192811992432378,0.6503036347370376,3.907515823368491,22.5,
0.0011,0.8,2.0,8,5,kmeans,0.5078365798100464,0.00518521955212217,0.0033719817563669045,0.002192811992432378,0.6503036347370376,3.907515823368491,0.5,
0.001,1.6,2.75,20,2,vae,0.6939940153277986,0.004737445888580774,0.0042632913451543355,0.002018750247926345,0.47351918611447,3.830926691683782,580.5,
0.001,1.6,2.75,20,2,jump,0.5038781056673541,0.004737445888580774,0.0042632913451543355,0.002018750247926345,0.47351918611447,3.830926691683782,21.5,
0.001,1.6,2.75,20,2,kmeans,0.6989271893016117,0.004737445888580774,0.0042632913451543355,0.002018750247926345,0.47351918611447,3.830926691683782,0.2,
0.002,1.1,2.0,20,2,vae,0.591899950069897,0.006546889104226807,0.004561317363275772,0.003998281507550878,0.8765628850432495,11.499134440578386,616.1,
0.002,1.1,2.0,20,2,jump,0.5009562011224828,0.006546889104226807,0.004561317363275772,0.003998281507550878,0.8765628850432495,11.499134440578386,24.6,
0.002,1.1,2.0,20,2,kmeans,0.7800134704975633,0.006546889104226807,0.004561317363275772,0.003998281507550878,0.8765628850432495,11.499134440578386,0.4,
0.0011,1.1,2.75,12,1,vae,0.5751316295774049,0.005003877879508896,0.0038566731132603635,0.002148834620420836,0.5571731275415895,5.179365069630611,584.3,
0.0011,1.1,2.75,12,1,jump,0.5037075304533674,0.005003877879508896,0.0038566731132603635,0.002148834620420836,0.5571731275415895,5.179365069630611,23.9,
0.0011,1.1,2.75,12,1,kmeans,0.5002328850033133,0.005003877879508896,0.0038566731132603635,0.002148834620420836,0.5571731275415895,5.179365069630611,0.4,
0.002,1.1,2.0,20,4,vae,0.7726303932635108,0.006523693238649137,0.004607826907471276,0.004061700545445692,0.8814785422733485,10.690528671501518,634.0,
0.002,1.1,2.0,20,4,jump,0.7786382817233084,0.006523693238649137,0.004607826907471276,0.004061700545445692,0.8814785422733485,10.690528671501518,25.9,
0.002,1.1,2.0,20,4,kmeans,0.7835321677787379,0.006523693238649137,0.004607826907471276,0.004061700545445692,0.8814785422733485,10.690528671501518,0.3,
0.0005,1.6,6.0,12,2,vae,0.5723498032071529,0.004232181263630389,0.004082170463847758,0.0010042586207214075,0.24601094677825305,0.49123850977511907,625.3,
0.0005,1.6,6.0,12,2,jump,0.5842808717644573,0.004232181263630389,0.004082170463847758,0.0010042586207214075,0.24601094677825305,0.49123850977511907,25.3,
0.0005,1.6,6.0,12,2,kmeans,0.6079791202587665,0.004232181263630389,0.004082170463847758,0.0010042586207214075,0.24601094677825305,0.49123850977511907,0.2,
0.0005,1.6,2.75,8,3,vae,0.5814397944358818,0.004541296894446152,0.004183666648839596,0.0010427366791643904,0.24923990525239612,1.2628295716780205,610.2,
0.0005,1.6,2.75,8,3,jump,0.5054759041909442,0.004541296894446152,0.004183666648839596,0.0010427366791643904,0.24923990525239612,1.2628295716780205,25.3,
0.0005,1.6,2.75,8,3,kmeans,0.5110296195616144,0.004541296894446152,0.004183666648839596,0.0010427366791643904,0.24923990525239612,1.2628295716780205,0.5,
0.0016,0.8,2.0,20,5,vae,0.5382602115605182,0.007138189666457024,0.003814277357254903,0.0031970018942750035,0.8381671270428676,14.50688050539323,618.9,
0.0016,0.8,2.0,20,5,jump,0.5138319071761897,0.007138189666457024,0.003814277357254903,0.0031970018942750035,0.8381671270428676,14.50688050539323,26.0,
0.0016,0.8,2.0,20,5,kmeans,0.5165170386394448,0.007138189666457024,0.003814277357254903,0.0031970018942750035,0.8381671270428676,14.50688050539323,0.3,
0.0016,0.8,6.0,12,3,vae,0.8412208900565483,0.0034760808443715595,0.0031705304639767567,0.003200051390581005,1.0093110370455864,2.5989662078950273,624.1,
0.0016,0.8,6.0,12,3,jump,0.8351562346342949,0.0034760808443715595,0.0031705304639767567,0.003200051390581005,1.0093110370455864,2.5989662078950273,24.8,
0.0016,0.8,6.0,12,3,kmeans,0.8485932840279504,0.0034760808443715595,0.0031705304639767567,0.003200051390581005,1.0093110370455864,2.5989662078950273,0.4,
0.0016,1.1,2.75,20,5,vae,0.7589507450662456,0.005394656915143356,0.004139521806407133,0.003178223084355836,0.7677754177877737,9.376371867768095,622.9,
0.0016,1.1,2.75,20,5,jump,0.763150848297737,0.005394656915143356,0.004139521806407133,0.003178223084355836,0.7677754177877737,9.376371867768095,24.4,
0.0016,1.1,2.75,20,5,kmeans,0.769109232942629,0.005394656915143356,0.004139521806407133,0.003178223084355836,0.7677754177877737,9.376371867768095,0.5,
0.0016,0.8,2.0,12,3,vae,0.7390966208156864,0.00606618226488028,0.0037773545982246687,0.003183587527173572,0.8428087552780554,6.731047894602625,627.0,
0.0016,0.8,2.0,12,3,jump,0.7611109157208186,0.00606618226488028,0.0037773545982246687,0.003183587527173572,0.8428087552780554,6.731047894602625,25.7,
0.0016,0.8,2.0,12,3,kmeans,0.5034876232556126,0.00606618226488028,0.0037773545982246687,0.003183587527173572,0.8428087552780554,6.731047894602625,0.2,
0.002,1.1,4.0,12,3,vae,0.8244378097200404,0.004715338392214551,0.004249717333926673,0.003998616955789515,0.9409136282706255,2.5367354928640697,604.8,
0.002,1.1,4.0,12,3,jump,0.8321333454092545,0.004715338392214551,0.004249717333926673,0.003998616955789515,0.9409136282706255,2.5367354928640697,24.1,
0.002,1.1,4.0,12,3,kmeans,0.8313903537931138,0.004715338392214551,0.004249717333926673,0.003998616955789515,0.9409136282706255,2.5367354928640697,0.2,
0.0011,1.6,2.75,20,0,vae,0.7108713841479095,0.004755159811568141,0.004280040486129891,0.0021665802068430613,0.5062055403130384,3.51401786084826,605.5,
0.0011,1.6,2.75,20,0,jump,0.6996558329530713,0.004755159811568141,0.004280040486129891,0.0021665802068430613,0.5062055403130384,3.51401786084826,24.9,
0.0011,1.6,2.75,20,0,kmeans,0.7121809532269132,0.004755159811568141,0.004280040486129891,0.0021665802068430613,0.5062055403130384,3.51401786084826,0.7,
0.0008,1.1,4.0,20,1,vae,0.6340658077700858,0.004375849993747403,0.0036375619467255253,0.0015952328404807091,0.43854451521209475,5.902506450266387,598.5,
0.0008,1.1,4.0,20,1,jump,0.5034374963074723,0.004375849993747403,0.0036375619467255253,0.0015952328404807091,0.43854451521209475,5.902506450266387,25.6,
0.0008,1.1,4.0,20,1,kmeans,0.6598734812061307,0.004375849993747403,0.0036375619467255253,0.0015952328404807091,0.43854451521209475,5.902506450266387,0.3,
0.0005,1.6,2.75,20,0,vae,0.5582014889835643,0.004654446153101466,0.0041598591057001285,0.0009665802068430611,0.23235888098195095,3.8480057355380977,631.3,
0.0005,1.6,2.75,20,0,jump,0.5015938489309066,0.004654446153101466,0.0041598591057001285,0.0009665802068430611,0.23235888098195095,3.8480057355380977,24.8,
0.0005,1.6,2.75,20,0,kmeans,0.606976894735242,0.004654446153101466,0.0041598591057001285,0.0009665802068430611,0.23235888098195095,3.8480057355380977,0.3,
0.001,1.6,2.75,20,4,vae,0.6789346112657417,0.004715956717847404,0.004283312085162967,0.0019375266343583757,0.45234309240968107,2.7493900679921417,592.6,
0.001,1.6,2.75,20,4,jump,0.7059652715016022,0.004715956717847404,0.004283312085162967,0.0019375266343583757,0.45234309240968107,2.7493900679921417,24.4,
0.001,1.6,2.75,20,4,kmeans,0.6822675531698383,0.004715956717847404,0.004283312085162967,0.0019375266343583757,0.45234309240968107,2.7493900679921417,0.3,
0.0012,1.1,2.75,12,4,vae,0.7058557673716035,0.0050638016907094,0.003931056783341397,0.0024225491129818938,0.616258997643562,5.191369808076235,624.2,
0.0012,1.1,2.75,12,4,jump,0.511107434958209,0.0050638016907094,0.003931056783341397,0.0024225491129818938,0.616258997643562,5.191369808076235,25.7,
0.0012,1.1,2.75,12,4,kmeans,0.7096127676212297,0.0050638016907094,0.003931056783341397,0.0024225491129818938,0.616258997643562,5.191369808076235,0.4,
0.0012,0.8,2.75,20,5,vae,0.6054567801380561,0.005208098365750862,0.0032370392777396188,0.002404545721902296,0.7428225349126311,16.649352287618104,589.6,
0.0012,0.8,2.75,20,5,jump,0.5007523827454838,0.005208098365750862,0.0032370392777396188,0.002404545721902296,0.7428225349126311,16.649352287618104,23.7,
0.0012,0.8,2.75,20,5,kmeans,0.721326884887281,0.005208098365750862,0.0032370392777396188,0.002404545721902296,0.7428225349126311,16.649352287618104,0.2,
0.0011,1.1,4.0,12,0,vae,0.7140073411058803,0.004431295877907199,0.0037587248558816964,0.0021910207389149996,0.5829159682934666,3.5882502665209124,623.7,
0.0011,1.1,4.0,12,0,jump,0.7308940034863485,0.004431295877907199,0.0037587248558816964,0.0021910207389149996,0.5829159682934666,3.5882502665209124,24.1,
0.0011,1.1,4.0,12,0,kmeans,0.7236712704299664,0.004431295877907199,0.0037587248558816964,0.0021910207389149996,0.5829159682934666,3.5882502665209124,0.3,
0.0011,0.8,2.0,12,5,vae,0.5113176808264155,0.005985175387286966,0.0034195200142913807,0.002195320466707305,0.6419966713258838,7.3573479234989225,608.1,
0.0011,0.8,2.0,12,5,jump,0.5245634274904437,0.005985175387286966,0.0034195200142913807,0.002195320466707305,0.6419966713258838,7.3573479234989225,22.6,
0.0011,0.8,2.0,12,5,kmeans,0.512412514192729,0.005985175387286966,0.0034195200142913807,0.002195320466707305,0.6419966713258838,7.3573479234989225,0.2,
0.0005,1.1,2.0,8,3,vae,0.5018258688744827,0.005129464282333054,0.0037781491258937205,0.0010456856723410862,0.27677194242398506,3.0247286348011944,613.9,
0.0005,1.1,2.0,8,3,jump,0.5341821207814573,0.005129464282333054,0.0037781491258937205,0.0010456856723410862,0.27677194242398506,3.0247286348011944,24.6,
0.0005,1.1,2.0,8,3,kmeans,0.5108152332378596,0.005129464282333054,0.0037781491258937205,0.0010456856723410862,0.27677194242398506,3.0247286348011944,0.5,
0.0005,1.1,4.0,12,1,vae,0.5577134491632193,0.004282706449265603,0.003565969176249558,0.0009952806609987892,0.2791052338948025,3.8349083576034593,598.9,
0.0005,1.1,4.0,12,1,jump,0.5052091392173473,0.004282706449265603,0.003565969176249558,0.0009952806609987892,0.2791052338948025,3.8349083576034593,26.1,
0.0005,1.1,4.0,12,1,kmeans,0.5284423360513439,0.004282706449265603,0.003565969176249558,0.0009952806609987892,0.2791052338948025,3.8349083576034593,0.3,
0.0008,1.1,2.0,8,0,vae,0.6008395401826292,0.005189345226883217,0.0038885698820525574,0.0015813352961633997,0.4066624348097614,2.9007535144802077,589.1,
0.0008,1.1,2.0,8,0,jump,0.554347782047425,0.005189345226883217,0.0038885698820525574,0.0015813352961633997,0.4066624348097614,2.9007535144802077,23.4,
0.0008,1.1,2.0,8,0,kmeans,0.5188589742141723,0.005189345226883217,0.0038885698820525574,0.0015813352961633997,0.4066624348097614,2.9007535144802077,0.4,
0.0005,1.6,2.0,8,4,vae,0.5830964245900969,0.004722564393869231,0.004217229719797841,0.00100260818947459,0.23774094751533983,1.6380065450241386,604.7,
0.0005,1.6,2.0,8,4,jump,0.5037707382951752,0.004722564393869231,0.004217229719797841,0.00100260818947459,0.23774094751533983,1.6380065450241386,24.1,
0.0005,1.6,2.0,8,4,kmeans,0.5115462119235509,0.004722564393869231,0.004217229719797841,0.00100260818947459,0.23774094751533983,1.6380065450241386,0.6,
0.0016,1.6,4.0,12,0,vae,0.7832503759844014,0.0046644048972569845,0.004464252029324833,0.0032068086021912754,0.7183305470045939,0.8160626382209406,588.2,
0.0016,1.6,4.0,12,0,jump,0.7924445505228568,0.0046644048972569845,0.004464252029324833,0.0032068086021912754,0.7183305470045939,0.8160626382209406,24.3,
0.0016,1.6,4.0,12,0,kmeans,0.7905985647261351,0.0046644048972569845,0.004464252029324833,0.0032068086021912754,0.7183305470045939,0.8160626382209406,0.2,
0.0008,1.6,6.0,12,4,vae,0.6804787655842768,0.004310408772957261,0.004175575674009101,0.0016232304037711017,0.38874409913701485,0.4885652018238571,609.6,
0.0008,1.6,6.0,12,4,jump,0.673044601840622,0.004310408772957261,0.004175575674009101,0.0016232304037711017,0.38874409913701485,0.4885652018238571,25.5,
0.0008,1.6,6.0,12,4,kmeans,0.6736386197212536,0.004310408772957261,0.004175575674009101,0.0016232304037711017,0.38874409913701485,0.4885652018238571,0.4,
0.0011,0.8,4.0,20,1,vae,0.6793491268115547,0.0039721934939187875,0.0029370777584904234,0.00216663750978977,0.7376847628655776,12.259551938262005,594.8,
0.0011,0.8,4.0,20,1,jump,0.5002734959297177,0.0039721934939187875,0.0029370777584904234,0.00216663750978977,0.7376847628655776,12.259551938262005,23.4,
0.0011,0.8,4.0,20,1,kmeans,0.7497756018698876,0.0039721934939187875,0.0029370777584904234,0.00216663750978977,0.7376847628655776,12.259551938262005,0.3,
0.0008,1.1,2.0,8,4,vae,0.6511933048470506,0.005200263708216614,0.003874411379820416,0.001664362983180249,0.42957828170982565,2.929195712774683,622.8,
0.0008,1.1,2.0,8,4,jump,0.6673460845609622,0.005200263708216614,0.003874411379820416,0.001664362983180249,0.42957828170982565,2.929195712774683,24.4,
0.0008,1.1,2.0,8,4,kmeans,0.5024103415924501,0.005200263708216614,0.003874411379820416,0.001664362983180249,0.42957828170982565,2.929195712774683,0.4,
0.001,0.8,2.75,20,5,vae,0.577416294117534,0.00516614574244309,0.0031177472950512865,0.0020045457219022966,0.6429468241650169,17.208015709730024,581.3,
0.001,0.8,2.75,20,5,jump,0.5005084327064518,0.00516614574244309,0.0031177472950512865,0.0020045457219022966,0.6429468241650169,17.208015709730024,22.1,
0.001,0.8,2.75,20,5,kmeans,0.5046787576230884,0.00516614574244309,0.0031177472950512865,0.0020045457219022966,0.6429468241650169,17.208015709730024,0.3,
0.0016,0.8,2.0,8,0,vae,0.7484038926566723,0.005293789422535939,0.003725823090823566,0.003213122082997854,0.8623925518394961,3.4310058203616034,617.2,
0.0016,0.8,2.0,8,0,jump,0.750536179121727,0.005293789422535939,0.003725823090823566,0.003213122082997854,0.8623925518394961,3.4310058203616034,26.2,
0.0016,0.8,2.0,8,0,kmeans,0.7666690519636838,0.005293789422535939,0.003725823090823566,0.003213122082997854,0.8623925518394961,3.4310058203616034,0.3,
0.0016,1.6,2.0,12,2,vae,0.7247226191226565,0.005074651284651637,0.0045261482730761925,0.003213794030315842,0.7100505410821617,2.7909096059534813,594.9,
0.0016,1.6,2.0,12,2,jump,0.7557409143167972,0.005074651284651637,0.0045261482730761925,0.003213794030315842,0.7100505410821617,2.7909096059534813,23.7,
0.0016,1.6,2.0,12,2,kmeans,0.7594932772064935,0.005074651284651637,0.0045261482730761925,0.003213794030315842,0.7100505410821617,2.7909096059534813,0.4,
0.001,1.6,2.0,12,0,vae,0.6707607190380986,0.004964421354058564,0.004306870138524612,0.001984980728553352,0.4608870629271723,3.340202869385367,628.0,
0.001,1.6,2.0,12,0,jump,0.5077815638296028,0.004964421354058564,0.004306870138524612,0.001984980728553352,0.4608870629271723,3.340202869385367,25.6,
0.001,1.6,2.0,12,0,kmeans,0.6803688558214405,0.004964421354058564,0.004306870138524612,0.001984980728553352,0.4608870629271723,3.340202869385367,0.4,
0.0011,1.1,4.0,20,1,vae,0.6983277112863487,0.004439902380411627,0.0037460176803575133,0.002195232840480709,0.5860177467905597,5.575377114529996,607.7,
0.0011,1.1,4.0,20,1,jump,0.5024540745600801,0.004439902380411627,0.0037460176803575133,0.002195232840480709,0.5860177467905597,5.575377114529996,23.7,
0.0011,1.1,4.0,20,1,kmeans,0.7102656377804919,0.004439902380411627,0.0037460176803575133,0.002195232840480709,0.5860177467905597,5.575377114529996,0.6,
0.0011,1.6,4.0,12,4,vae,0.7151877725671263,0.0045109744258490505,0.0042641579224485925,0.0022298851531471894,0.5229368127779682,0.862412578209629,588.5,
0.0011,1.6,4.0,12,4,jump,0.7284979075145568,0.0045109744258490505,0.0042641579224485925,0.0022298851531471894,0.5229368127779682,0.862412578209629,24.6,
0.0011,1.6,4.0,12,4,kmeans,0.7179894133200168,0.0045109744258490505,0.0042641579224485925,0.0022298851531471894,0.5229368127779682,0.862412578209629,0.7,
0.0011,1.1,6.0,12,2,vae,0.7006422421871299,0.004015026522870531,0.00363505665225224,0.0021799646935583505,0.599705837378812,1.7242133367830625,585.2,
0.0011,1.1,6.0,12,2,jump,0.7251494735518708,0.004015026522870531,0.00363505665225224,0.0021799646935583505,0.599705837378812,1.7242133367830625,23.4,
0.0011,1.1,6.0,12,2,kmeans,0.731411816887035,0.004015026522870531,0.00363505665225224,0.0021799646935583505,0.599705837378812,1.7242133367830625,0.3,
0.0008,1.1,6.0,20,3,vae,0.6828902108488693,0.003922300101895757,0.00354538504510494,0.001587928008505335,0.44788591036050185,2.071739090685143,592.2,
0.0008,1.1,6.0,20,3,jump,0.7179492546129611,0.003922300101895757,0.00354538504510494,0.001587928008505335,0.44788591036050185,2.071739090685143,23.0,
0.0008,1.1,6.0,20,3,kmeans,0.6868683850232566,0.003922300101895757,0.00354538504510494,0.001587928008505335,0.44788591036050185,2.071739090685143,0.5,
0.0005,0.8,2.75,20,4,vae,0.5929513060028475,0.00512378612956226,0.002871406698582836,0.0009925901403199941,0.3456807915123554,18.563142813917793,610.1,
0.0005,0.8,2.75,20,4,jump,0.5006845509003893,0.00512378612956226,0.002871406698582836,0.0009925901403199941,0.3456807915123554,18.563142813917793,24.7,
0.0005,0.8,2.75,20,4,kmeans,0.5011561570918392,0.00512378612956226,0.002871406698582836,0.0009925901403199941,0.3456807915123554,18.563142813917793,0.2,
0.001,1.1,2.75,12,1,vae,0.548461976972114,0.004983422906826502,0.003818598474449542,0.0019488346204208358,0.5103533753183526,5.2654560195337226,615.6,
0.001,1.1,2.75,12,1,jump,0.5024534792533244,0.004983422906826502,0.003818598474449542,0.0019488346204208358,0.5103533753183526,5.2654560195337226,24.5,
0.001,1.1,2.75,12,1,kmeans,0.5016199797593702,0.004983422906826502,0.003818598474449542,0.0019488346204208358,0.5103533753183526,5.2654560195337226,0.4,
0.0012,1.1,4.0,20,4,vae,0.7319302076067828,0.004470366060153263,0.0037955192077049832,0.002411887432129063,0.6354565212666771,4.428782001869461,575.4,
0.0012,1.1,4.0,20,4,jump,0.7375994877640142,0.004470366060153263,0.0037955192077049832,0.002411887432129063,0.6354565212666771,4.428782001869461,23.9,
0.0012,1.1,4.0,20,4,kmeans,0.7358546759324132,0.004470366060153263,0.0037955192077049832,0.002411887432129063,0.6354565212666771,4.428782001869461,0.2,
0.0012,0.8,4.0,12,5,vae,0.744061187392694,0.003914589235380435,0.00302959221611121,0.002403774117142415,0.7934315728563311,6.4031335844005905,615.0,
0.0012,0.8,4.0,12,5,jump,0.7607693836016904,0.003914589235380435,0.00302959221611121,0.002403774117142415,0.7934315728563311,6.4031335844005905,24.4,
0.0012,0.8,4.0,12,5,kmeans,0.7740602380087849,0.003914589235380435,0.00302959221611121,0.002403774117142415,0.7934315728563311,6.4031335844005905,0.3,
0.0011,1.6,2.75,20,3,vae,0.7038059861452437,0.00473510343800514,0.004316965010029389,0.0022435626635500584,0.5197083271089067,2.77525739225588,587.7,
0.0011,1.6,2.75,20,3,jump,0.7407003122341327,0.00473510343800514,0.004316965010029389,0.0022435626635500584,0.5197083271089067,2.77525739225588,23.6,
0.0011,1.6,2.75,20,3,kmeans,0.7073147896640636,0.00473510343800514,0.004316965010029389,0.0022435626635500584,0.5197083271089067,2.77525739225588,0.3,
0.0011,1.6,4.0,20,1,vae,0.6986105320210452,0.004498035678715502,0.004255814467277947,0.0021713650609531013,0.5102114008137022,1.4656209181378665,592.5,
0.0011,1.6,4.0,20,1,jump,0.7192572510689033,0.004498035678715502,0.004255814467277947,0.0021713650609531013,0.5102114008137022,1.4656209181378665,25.6,
0.0011,1.6,4.0,20,1,kmeans,0.7070988909875369,0.004498035678715502,0.004255814467277947,0.0021713650609531013,0.5102114008137022,1.4656209181378665,0.6,
0.0014,0.8,2.75,20,0,vae,0.7464269689597294,0.005296135637903904,0.003370295592617694,0.0028107383612716087,0.8339738411753137,16.01572471733085,632.2,
0.0014,0.8,2.75,20,0,jump,0.5052221998209496,0.005296135637903904,0.003370295592617694,0.0028107383612716087,0.8339738411753137,16.01572471733085,23.5,
0.0014,0.8,2.75,20,0,kmeans,0.7607377606626853,0.005296135637903904,0.003370295592617694,0.0028107383612716087,0.8339738411753137,16.01572471733085,0.2,
0.0011,1.6,2.75,20,5,vae,0.7058602522895683,0.00471139390220996,0.00431586065545326,0.00226434391561049,0.5246564002823869,2.976912799926584,614.4,
0.0011,1.6,2.75,20,5,jump,0.7253931057757763,0.00471139390220996,0.00431586065545326,0.00226434391561049,0.5246564002823869,2.976912799926584,23.2,
0.0011,1.6,2.75,20,5,kmeans,0.7126746033880678,0.00471139390220996,0.00431586065545326,0.00226434391561049,0.5246564002823869,2.976912799926584,0.3,
0.0008,1.6,2.75,8,3,vae,0.648936546495094,0.004584996930827896,0.004234898324515676,0.0016427366791643904,0.3879046327168344,1.212430049511192,611.5,
0.0008,1.6,2.75,8,3,jump,0.6733165015500748,0.004584996930827896,0.004234898324515676,0.0016427366791643904,0.3879046327168344,1.212430049511192,25.0,
0.0008,1.6,2.75,8,3,kmeans,0.6542458226011654,0.004584996930827896,0.004234898324515676,0.0016427366791643904,0.3879046327168344,1.212430049511192,0.5,
0.0005,1.6,2.75,8,2,vae,0.5688142551068953,0.00453333822398219,0.004158577427906675,0.0010175439056853148,0.24468557417181994,1.3188274099321164,598.7,
0.0005,1.6,2.75,8,2,jump,0.5304973536865429,0.00453333822398219,0.004158577427906675,0.0010175439056853148,0.24468557417181994,1.3188274099321164,24.5,
0.0005,1.6,2.75,8,2,kmeans,0.5168195215432309,0.00453333822398219,0.004158577427906675,0.0010175439056853148,0.24468557417181994,1.3188274099321164,0.3,
0.0005,1.1,4.0,8,1,vae,0.5623943511852223,0.004196291855626964,0.003562141822357605,0.0009935565414248017,0.27892110729247044,2.294374333326833,597.4,
0.0005,1.1,4.0,8,1,jump,0.5016021505721683,0.004196291855626964,0.003562141822357605,0.0009935565414248017,0.27892110729247044,2.294374333326833,24.5,
0.0005,1.1,4.0,8,1,kmeans,0.5193756540807913,0.004196291855626964,0.003562141822357605,0.0009935565414248017,0.27892110729247044,2.294374333326833,0.3,
0.0014,1.1,2.75,12,0,vae,0.7164651240747775,0.005097036696788038,0.004013647463192885,0.0027898462954482114,0.6950900199961432,4.760532816359843,602.9,
0.0014,1.1,2.75,12,0,jump,0.7446860256012031,0.005097036696788038,0.004013647463192885,0.0027898462954482114,0.6950900199961432,4.760532816359843,25.3,
0.0014,1.1,2.75,12,0,kmeans,0.728933696502724,0.005097036696788038,0.004013647463192885,0.0027898462954482114,0.6950900199961432,4.760532816359843,0.2,
0.001,0.8,4.0,20,0,vae,0.7205956778598122,0.003936930225227945,0.0029019013275729017,0.001998487162881799,0.6886819837369514,11.792003955850506,620.9,
0.001,0.8,4.0,20,0,jump,0.5007354671360776,0.003936930225227945,0.0029019013275729017,0.001998487162881799,0.6886819837369514,11.792003955850506,24.5,
0.001,0.8,4.0,20,0,kmeans,0.7281967187563447,0.003936930225227945,0.0029019013275729017,0.001998487162881799,0.6886819837369514,11.792003955850506,0.4,
0.001,1.6,4.0,12,3,vae,0.6950735689182131,0.0044517079629385415,0.004218291780723891,0.0019710274024563493,0.4672572465146321,0.9175959375765843,612.2,
0.001,1.6,4.0,12,3,jump,0.7321970524364032,0.0044517079629385415,0.004218291780723891,0.0019710274024563493,0.4672572465146321,0.9175959375765843,23.7,
0.001,1.6,4.0,12,3,kmeans,0.6974109386455744,0.0044517079629385415,0.004218291780723891,0.0019710274024563493,0.4672572465146321,0.9175959375765843,0.2,
0.0016,0.8,6.0,8,4,vae,0.819924520596242,0.003421124592990512,0.003153108435876531,0.0031885102687169683,1.01122759764226,1.831832831963487,587.8,
0.0016,0.8,6.0,8,4,jump,0.8219497466496279,0.003421124592990512,0.003153108435876531,0.0031885102687169683,1.01122759764226,1.831832831963487,24.4,
0.0016,0.8,6.0,8,4,kmeans,0.8444218472106004,0.003421124592990512,0.003153108435876531,0.0031885102687169683,1.01122759764226,1.831832831963487,0.3,
0.0011,1.6,2.0,8,5,vae,0.6781935161401669,0.004810617762451134,0.004357401565057965,0.0022029754452497726,0.5055709032914131,1.5776003443254103,617.5,
0.0011,1.6,2.0,8,5,jump,0.7005023169450139,0.004810617762451134,0.004357401565057965,0.0022029754452497726,0.5055709032914131,1.5776003443254103,25.9,
0.0011,1.6,2.0,8,5,kmeans,0.7026130151088126,0.004810617762451134,0.004357401565057965,0.0022029754452497726,0.5055709032914131,1.5776003443254103,0.5,
0.001,1.6,2.75,12,4,vae,0.6627328428620938,0.0046944364405744066,0.0042829461565334764,0.0019380479857310745,0.45250346721605494,2.0179447751507276,587.9,
0.001,1.6,2.75,12,4,jump,0.692037034568925,0.0046944364405744066,0.0042829461565334764,0.0019380479857310745,0.45250346721605494,2.0179447751507276,24.0,
0.001,1.6,2.75,12,4,kmeans,0.6777548403446995,0.0046944364405744066,0.0042829461565334764,0.0019380479857310745,0.45250346721605494,2.0179447751507276,0.8,
0.002,0.8,4.0,12,4,vae,0.829788297218383,0.0041949370748714035,0.0036795316396468552,0.004002777743193846,1.0878497958990276,4.4180668361313735,584.8,
0.002,0.8,4.0,12,4,jump,0.8191896602326186,0.0041949370748714035,0.0036795316396468552,0.004002777743193846,1.0878497958990276,4.4180668361313735,24.7,
0.002,0.8,4.0,12,4,kmeans,0.8410993714358876,0.0041949370748714035,0.0036795316396468552,0.004002777743193846,1.0878497958990276,4.4180668361313735,0.6,
0.0014,1.6,6.0,8,5,vae,0.7596959233807161,0.004447886042504044,0.0043646818407161204,0.0027921437260109384,0.6397130026670688,0.3429272711047351,591.0,
0.0014,1.6,6.0,8,5,jump,0.7763201479437913,0.004447886042504044,0.0043646818407161204,0.0027921437260109384,0.6397130026670688,0.3429272711047351,23.3,
0.0014,1.6,6.0,8,5,kmeans,0.76114069197119,0.004447886042504044,0.0043646818407161204,0.0027921437260109384,0.6397130026670688,0.3429272711047351,0.3,
0.0011,0.8,2.75,20,5,vae,0.5804693718824826,0.0051862006998799675,0.0031732207506878283,0.002204545721902296,0.6947344339105428,16.938052895213485,628.9,
0.0011,0.8,2.75,20,5,jump,0.5009037158213788,0.0051862006998799675,0.0031732207506878283,0.002204545721902296,0.6947344339105428,16.938052895213485,26.5,
0.0011,0.8,2.75,20,5,kmeans,0.5034002913151705,0.0051862006998799675,0.0031732207506878283,0.002204545721902296,0.6947344339105428,16.938052895213485,0.3,
0.0012,1.1,4.0,12,3,vae,0.7473926745491027,0.004434546476425416,0.003789343806091716,0.0023986169557895154,0.6329900580500296,3.309517904613931,588.7,
0.0012,1.1,4.0,12,3,jump,0.7711757968255362,0.004434546476425416,0.003789343806091716,0.0023986169557895154,0.6329900580500296,3.309517904613931,23.6,
0.0012,1.1,4.0,12,3,kmeans,0.7468317330534561,0.004434546476425416,0.003789343806091716,0.0023986169557895154,0.6329900580500296,3.309517904613931,0.3,
0.0011,0.8,6.0,20,2,vae,0.7673637310648191,0.0032742902570898572,0.0028221905608773064,0.002190571326181308,0.7761953981946375,3.2977169486368565,613.5,
0.0011,0.8,6.0,20,2,jump,0.7785748987195127,0.0032742902570898572,0.0028221905608773064,0.002190571326181308,0.7761953981946375,3.2977169486368565,24.3,
0.0011,0.8,6.0,20,2,kmeans,0.7856473799506231,0.0032742902570898572,0.0028221905608773064,0.002190571326181308,0.7761953981946375,3.2977169486368565,0.2,
0.001,0.8,2.75,20,3,vae,0.7034205654407244,0.005162943119777195,0.0031003713212412517,0.002018404610956593,0.6510202817088738,17.21141760916379,578.7,
0.001,0.8,2.75,20,3,jump,0.505481732518692,0.005162943119777195,0.0031003713212412517,0.002018404610956593,0.6510202817088738,17.21141760916379,24.0,
0.001,0.8,2.75,20,3,kmeans,0.5137668506268497,0.005162943119777195,0.0031003713212412517,0.002018404610956593,0.6510202817088738,17.21141760916379,0.3,
0.0012,0.8,2.0,20,3,vae,0.5226900304230697,0.006967294006210345,0.0035161675266061508,0.0023824046188250913,0.677557198511704,15.001490020295403,595.1,
0.0012,0.8,2.0,20,3,jump,0.5031478177278823,0.006967294006210345,0.0035161675266061508,0.0023824046188250913,0.677557198511704,15.001490020295403,23.1,
0.0012,0.8,2.0,20,3,kmeans,0.5044508094946383,0.006967294006210345,0.0035161675266061508,0.0023824046188250913,0.677557198511704,15.001490020295403,0.3,
0.002,1.1,4.0,8,4,vae,0.7970736682230581,0.004651939517434239,0.004254599450940875,0.004010610061224602,0.9426527943394727,1.5458785609556918,615.0,
0.002,1.1,4.0,8,4,jump,0.8164990144828417,0.004651939517434239,0.004254599450940875,0.004010610061224602,0.9426527943394727,1.5458785609556918,26.9,
0.002,1.1,4.0,8,4,kmeans,0.8295481866000005,0.004651939517434239,0.004254599450940875,0.004010610061224602,0.9426527943394727,1.5458785609556918,0.3,
0.002,1.6,2.0,12,5,vae,0.7588736976790205,0.005223905090824658,0.004748875545856816,0.004001685289358286,0.8426595413412297,2.413004018878045,611.8,
0.002,1.6,2.0,12,5,jump,0.7999679322770676,0.005223905090824658,0.004748875545856816,0.004001685289358286,0.8426595413412297,2.413004018878045,25.0,
0.002,1.6,2.0,12,5,kmeans,0.8051628873822556,0.005223905090824658,0.004748875545856816,0.004001685289358286,0.8426595413412297,2.413004018878045,0.2,
0.0014,1.1,2.0,12,0,vae,0.6636918181314433,0.005840535268752565,0.0041805911883763605,0.0027803270659867664,0.6650559551761811,5.608238799241988,625.6,
0.0014,1.1,2.0,12,0,jump,0.721266748979255,0.005840535268752565,0.0041805911883763605,0.0027803270659867664,0.6650559551761811,5.608238799241988,24.3,
0.0014,1.1,2.0,12,0,kmeans,0.5105204653732154,0.005840535268752565,0.0041805911883763605,0.0027803270659867664,0.6650559551761811,5.608238799241988,0.5,
0.001,1.1,2.0,20,2,vae,0.5323711550788157,0.00631673822317769,0.0039681070500095375,0.0019982815075508787,0.5035855843521347,13.354808965342066,610.9,
0.001,1.1,2.0,20,2,jump,0.501753398732578,0.00631673822317769,0.0039681070500095375,0.0019982815075508787,0.5035855843521347,13.354808965342066,25.0,
0.001,1.1,2.0,20,2,kmeans,0.5000682115067923,0.00631673822317769,0.0039681070500095375,0.0019982815075508787,0.5035855843521347,13.354808965342066,0.2,
0.0011,0.8,6.0,12,0,vae,0.7752969127057023,0.0032588973507074793,0.0028201448571207625,0.002211944024383206,0.7843370239646124,3.1315830707885377,578.1,
0.0011,0.8,6.0,12,0,jump,0.7877682612552297,0.0032588973507074793,0.0028201448571207625,0.002211944024383206,0.7843370239646124,3.1315830707885377,22.7,
0.0011,0.8,6.0,12,0,kmeans,0.7832209590996859,0.0032588973507074793,0.0028201448571207625,0.002211944024383206,0.7843370239646124,3.1315830707885377,0.2,
0.0005,1.6,4.0,8,1,vae,0.557923107197908,0.004362326907749263,0.004129383371843459,0.0009724168786579464,0.23548718806019586,0.8503688471251643,582.8,
0.0005,1.6,4.0,8,1,jump,0.5180281597304275,0.004362326907749263,0.004129383371843459,0.0009724168786579464,0.23548718806019586,0.8503688471251643,24.1,
0.0005,1.6,4.0,8,1,kmeans,0.5136752217049924,0.004362326907749263,0.004129383371843459,0.0009724168786579464,0.23548718806019586,0.8503688471251643,0.3,
0.0011,1.6,2.75,12,0,vae,0.7066948367810079,0.004710101882708724,0.004278596450600998,0.0021674067128979275,0.5065695580132312,2.016398320658954,578.5,
0.0011,1.6,2.75,12,0,jump,0.714633959265883,0.004710101882708724,0.004278596450600998,0.0021674067128979275,0.5065695580132312,2.016398320658954,21.8,
0.0011,1.6,2.75,12,0,kmeans,0.7114115473792567,0.004710101882708724,0.004278596450600998,0.0021674067128979275,0.5065695580132312,2.016398320658954,0.9,
0.0016,1.1,2.0,12,2,vae,0.6105640873606898,0.005851912214372319,0.0042634659930126575,0.0032003019873863984,0.7506338722136717,5.398269575154348,587.7,
0.0016,1.1,2.0,12,2,jump,0.7307596874814966,0.005851912214372319,0.0042634659930126575,0.0032003019873863984,0.7506338722136717,5.398269575154348,23.5,
0.0016,1.1,2.0,12,2,kmeans,0.742527682436505,0.005851912214372319,0.0042634659930126575,0.0032003019873863984,0.7506338722136717,5.398269575154348,0.4,
0.0008,1.1,2.75,12,2,vae,0.5355443501746954,0.004994024951820912,0.0037643004081407013,0.0016206150518775222,0.43052224216026147,5.521607767321736,621.5,
0.0008,1.1,2.75,12,2,jump,0.5033947949910214,0.004994024951820912,0.0037643004081407013,0.0016206150518775222,0.43052224216026147,5.521607767321736,23.5,
0.0008,1.1,2.75,12,2,kmeans,0.5091346567845684,0.004994024951820912,0.0037643004081407013,0.0016206150518775222,0.43052224216026147,5.521607767321736,0.2,
0.0012,1.6,2.75,12,0,vae,0.7233990654564351,0.004734261689415972,0.004313253833370292,0.002367406712897927,0.548867932274712,1.9710084505765053,610.5,
0.0012,1.6,2.75,12,0,jump,0.724721464718961,0.004734261689415972,0.004313253833370292,0.002367406712897927,0.548867932274712,1.9710084505765053,24.2,
0.0012,1.6,2.75,12,0,kmeans,0.7256577579908059,0.004734261689415972,0.004313253833370292,0.002367406712897927,0.548867932274712,1.9710084505765053,0.6,
0.001,0.8,6.0,20,5,vae,0.7444757623728898,0.0032356586891170024,0.0027799667994958394,0.0019938921166873123,0.7172359457850053,3.470391985958205,590.1,
0.001,0.8,6.0,20,5,jump,0.7666063735840092,0.0032356586891170024,0.0027799667994958394,0.0019938921166873123,0.7172359457850053,3.470391985958205,24.6,
0.001,0.8,6.0,20,5,kmeans,0.7621629206827367,0.0032356586891170024,0.0027799667994958394,0.0019938921166873123,0.7172359457850053,3.470391985958205,0.2,
0.0012,1.6,6.0,8,0,vae,0.7285126914124576,0.004404802116728835,0.004283107712964544,0.002368658045689518,0.5530232262242261,0.419931012760721,573.4,
0.0012,1.6,6.0,8,0,jump,0.7473652330277956,0.004404802116728835,0.004283107712964544,0.002368658045689518,0.5530232262242261,0.419931012760721,23.4,
0.0012,1.6,6.0,8,0,kmeans,0.7380180216609312,0.004404802116728835,0.004283107712964544,0.002368658045689518,0.5530232262242261,0.419931012760721,0.3,
0.001,1.1,6.0,8,3,vae,0.7301660003879944,0.003941698391302958,0.0036067682341072434,0.0019880143382936854,0.551189932165343,1.2310272404243996,597.0,
0.001,1.1,6.0,8,3,jump,0.7570649346612414,0.003941698391302958,0.0036067682341072434,0.0019880143382936854,0.551189932165343,1.2310272404243996,25.5,
0.001,1.1,6.0,8,3,kmeans,0.7312882138514796,0.003941698391302958,0.0036067682341072434,0.0019880143382936854,0.551189932165343,1.2310272404243996,0.4,
0.0012,1.1,2.75,20,2,vae,0.5727291915878422,0.0052597269058810205,0.003920259729472794,0.0024189872493204424,0.6170476999608782,9.241908365682333,597.0,
0.0012,1.1,2.75,20,2,jump,0.5008296833277047,0.0052597269058810205,0.003920259729472794,0.0024189872493204424,0.6170476999608782,9.241908365682333,25.9,
0.0012,1.1,2.75,20,2,kmeans,0.7135702827675463,0.0052597269058810205,0.003920259729472794,0.0024189872493204424,0.6170476999608782,9.241908365682333,0.5,
0.002,1.6,4.0,20,0,vae,0.8226082319517909,0.00482517653039803,0.004664857803204744,0.004006808602191275,0.8589347781273438,1.0878883023088806,587.0,
0.002,1.6,4.0,20,0,jump,0.8125928906537531,0.00482517653039803,0.004664857803204744,0.004006808602191275,0.8589347781273438,1.0878883023088806,24.8,
0.002,1.6,4.0,20,0,kmeans,0.8269589846994084,0.00482517653039803,0.004664857803204744,0.004006808602191275,0.8589347781273438,1.0878883023088806,0.2,
0.001,1.1,4.0,12,2,vae,0.6542442872563055,0.004398279884662614,0.003691352948978643,0.001997276820597133,0.5410690465537189,3.472713320075756,606.4,
0.001,1.1,4.0,12,2,jump,0.7186452098726861,0.004398279884662614,0.003691352948978643,0.001997276820597133,0.5410690465537189,3.472713320075756,24.4,
0.001,1.1,4.0,12,2,kmeans,0.7056347474715716,0.004398279884662614,0.003691352948978643,0.001997276820597133,0.5410690465537189,3.472713320075756,0.3,
0.0012,1.6,6.0,8,3,vae,0.7349260417254591,0.004395417354967606,0.00426349569244804,0.002410787692658978,0.5654486052206464,0.37800210293533,569.8,
0.0012,1.6,6.0,8,3,jump,0.7609574063805328,0.004395417354967606,0.00426349569244804,0.002410787692658978,0.5654486052206464,0.37800210293533,24.6,
0.0012,1.6,6.0,8,3,kmeans,0.7411132422450495,0.004395417354967606,0.00426349569244804,0.002410787692658978,0.5654486052206464,0.37800210293533,0.4,
0.0016,1.6,2.75,20,5,vae,0.7724335175106097,0.004855315105911689,0.004508013106718819,0.00326434391561049,0.7241203249265751,2.637463744857465,586.0,
0.0016,1.6,2.75,20,5,jump,0.7802467629690966,0.004855315105911689,0.004508013106718819,0.00326434391561049,0.7241203249265751,2.637463744857465,23.3,
0.0016,1.6,2.75,20,5,kmeans,0.777416061974757,0.004855315105911689,0.004508013106718819,0.00326434391561049,0.7241203249265751,2.637463744857465,0.4,
0.0005,1.6,2.0,20,2,vae,0.5397229874807934,0.004960533545355864,0.004202244631442604,0.0010151139166587673,0.24156468880068155,7.069179192721736,570.9,
0.0005,1.6,2.0,20,2,jump,0.5014948080203092,0.004960533545355864,0.004202244631442604,0.0010151139166587673,0.24156468880068155,7.069179192721736,22.4,
0.0005,1.6,2.0,20,2,kmeans,0.5844193248228853,0.004960533545355864,0.004202244631442604,0.0010151139166587673,0.24156468880068155,7.069179192721736,0.2,
0.0014,1.6,2.75,20,0,vae,0.7475125725544377,0.004832733468624681,0.004387451890865057,0.002766580206843061,0.6305665054933709,3.2792058216053794,576.4,
0.0014,1.6,2.75,20,0,jump,0.755455991775237,0.004832733468624681,0.004387451890865057,0.002766580206843061,0.6305665054933709,3.2792058216053794,24.3,
0.0014,1.6,2.75,20,0,kmeans,0.7537037588556152,0.004832733468624681,0.004387451890865057,0.002766580206843061,0.6305665054933709,3.2792058216053794,0.4,
0.0016,1.6,2.75,8,5,vae,0.7656533074101896,0.004763857880904252,0.004502921183400023,0.0032651348638215094,0.7251148156575333,0.9144888769949246,580.1,
0.0016,1.6,2.75,8,5,jump,0.7861205755988163,0.004763857880904252,0.004502921183400023,0.0032651348638215094,0.7251148156575333,0.9144888769949246,23.3,
0.0016,1.6,2.75,8,5,kmeans,0.7835975838579761,0.004763857880904252,0.004502921183400023,0.0032651348638215094,0.7251148156575333,0.9144888769949246,0.3,
0.001,1.1,2.0,8,4,vae,0.6821607005926951,0.005236561454193404,0.003952897609869814,0.002064362983180249,0.5222404390201844,2.8477952031595155,614.4,
0.001,1.1,2.0,8,4,jump,0.6943914333990557,0.005236561454193404,0.003952897609869814,0.002064362983180249,0.5222404390201844,2.8477952031595155,25.0,
0.001,1.1,2.0,8,4,kmeans,0.5005213353148138,0.005236561454193404,0.003952897609869814,0.002064362983180249,0.5222404390201844,2.8477952031595155,0.6,
0.001,1.6,2.75,8,1,vae,0.6611752369878674,0.004637749370038456,0.004288306640361461,0.0019755165905747194,0.4606752166417379,1.2013122499285815,600.2,
0.001,1.6,2.75,8,1,jump,0.7067575000722122,0.004637749370038456,0.004288306640361461,0.0019755165905747194,0.4606752166417379,1.2013122499285815,23.5,
0.001,1.6,2.75,8,1,kmeans,0.6906591197378097,0.004637749370038456,0.004288306640361461,0.0019755165905747194,0.4606752166417379,1.2013122499285815,0.4,
0.0014,0.8,4.0,8,5,vae,0.7522836445327334,0.0038608731454003193,0.0031717348452660506,0.0028063773319980485,0.8848083048892584,3.479042821704283,573.6,
0.0014,0.8,4.0,8,5,jump,0.787487696432814,0.0038608731454003193,0.0031717348452660506,0.0028063773319980485,0.8848083048892584,3.479042821704283,23.1,
0.0014,0.8,4.0,8,5,kmeans,0.7966402456166641,0.0038608731454003193,0.0031717348452660506,0.0028063773319980485,0.8848083048892584,3.479042821704283,0.4,
0.0016,1.1,6.0,12,0,vae,0.795061177666389,0.004180723296539153,0.003888536708230744,0.0032370603026797267,0.8324623233793684,1.3825902621806563,600.4,
0.0016,1.1,6.0,12,0,jump,0.8037440756440009,0.004180723296539153,0.003888536708230744,0.0032370603026797267,0.8324623233793684,1.3825902621806563,23.6,
0.0016,1.1,6.0,12,0,kmeans,0.8014431460454339,0.004180723296539153,0.003888536708230744,0.0032370603026797267,0.8324623233793684,1.3825902621806563,0.1,
0.0011,0.8,4.0,8,3,vae,0.7569575311988782,0.0037309647230364443,0.0029529752871010986,0.0021824473471319934,0.7390672575775182,3.9204566803378302,598.8,
0.0011,0.8,4.0,8,3,jump,0.7763278182398138,0.0037309647230364443,0.0029529752871010986,0.0021824473471319934,0.7390672575775182,3.9204566803378302,25.0,
0.0011,0.8,4.0,8,3,kmeans,0.7631695071185512,0.0037309647230364443,0.0029529752871010986,0.0021824473471319934,0.7390672575775182,3.9204566803378302,0.4,
0.001,1.1,6.0,12,1,vae,0.6917764254742826,0.003960869965253192,0.0035942372660999677,0.0019416028762303684,0.5401988606993554,1.4975879729688693,600.1,
0.001,1.1,6.0,12,1,jump,0.7143102469271392,0.003960869965253192,0.0035942372660999677,0.0019416028762303684,0.5401988606993554,1.4975879729688693,26.3,
0.001,1.1,6.0,12,1,kmeans,0.7124907993840146,0.003960869965253192,0.0035942372660999677,0.0019416028762303684,0.5401988606993554,1.4975879729688693,0.7,
0.0011,1.1,4.0,8,5,vae,0.703540505552535,0.00431075216512109,0.003761185661830433,0.0022139564291033653,0.5886325824250623,1.9755629185970784,598.2,
0.0011,1.1,4.0,8,5,jump,0.738674234201003,0.00431075216512109,0.003761185661830433,0.0022139564291033653,0.5886325824250623,1.9755629185970784,24.8,
0.0011,1.1,4.0,8,5,kmeans,0.7276729879945361,0.00431075216512109,0.003761185661830433,0.0022139564291033653,0.5886325824250623,1.9755629185970784,0.5,
0.001,0.8,6.0,20,0,vae,0.7589103923876286,0.0032334339138440833,0.0027588461646354274,0.002011856543223868,0.729238392851719,3.830024597109812,578.7,
0.001,0.8,6.0,20,0,jump,0.780722449676894,0.0032334339138440833,0.0027588461646354274,0.002011856543223868,0.729238392851719,3.830024597109812,24.7,
0.001,0.8,6.0,20,0,kmeans,0.7620453189293006,0.0032334339138440833,0.0027588461646354274,0.002011856543223868,0.729238392851719,3.830024597109812,0.3,
0.002,1.6,6.0,20,3,vae,0.8242499012288719,0.0046813068913926755,0.004604302931950438,0.004010809315321429,0.8711002239860014,0.2838482086000673,580.1,
0.002,1.6,6.0,20,3,jump,0.8291397280089683,0.0046813068913926755,0.004604302931950438,0.004010809315321429,0.8711002239860014,0.2838482086000673,24.2,
0.002,1.6,6.0,20,3,kmeans,0.8286775376128428,0.0046813068913926755,0.004604302931950438,0.004010809315321429,0.8711002239860014,0.2838482086000673,0.4,
0.0016,1.1,2.0,8,5,vae,0.7244021362899038,0.00536519943070723,0.004241651478175107,0.0031918965657927005,0.7525126904499838,2.557185666393302,577.1,
0.0016,1.1,2.0,8,5,jump,0.7598892422795717,0.00536519943070723,0.004241651478175107,0.0031918965657927005,0.7525126904499838,2.557185666393302,24.1,
0.0016,1.1,2.0,8,5,kmeans,0.7572391323559642,0.00536519943070723,0.004241651478175107,0.0031918965657927005,0.7525126904499838,2.557185666393302,0.5,
0.0014,1.1,2.0,20,2,vae,0.5621757384620626,0.006391042233699276,0.00416310975260716,0.0027982815075508786,0.6721613586570584,12.71536839225461,594.4,
0.0014,1.1,2.0,20,2,jump,0.501554804345628,0.006391042233699276,0.00416310975260716,0.0027982815075508786,0.6721613586570584,12.71536839225461,24.4,
0.0014,1.1,2.0,20,2,kmeans,0.5010616534519248,0.006391042233699276,0.00416310975260716,0.0027982815075508786,0.6721613586570584,12.71536839225461,0.4,
0.0008,1.6,2.0,8,4,vae,0.648751825018804,0.004763243421398634,0.004270745317242744,0.00160260818947459,0.37525257781216925,1.5817165981878007,588.4,
0.0008,1.6,2.0,8,4,jump,0.5234927482931104,0.004763243421398634,0.004270745317242744,0.00160260818947459,0.37525257781216925,1.5817165981878007,23.9,
0.0008,1.6,2.0,8,4,kmeans,0.5134670868647515,0.004763243421398634,0.004270745317242744,0.00160260818947459,0.37525257781216925,1.5817165981878007,0.6,
0.0005,0.8,2.75,8,0,vae,0.517949066602398,0.004320198731378817,0.0028653498719869858,0.0010110770529808337,0.3528633842818291,4.750771424343833,602.7,
0.0005,0.8,2.75,8,0,jump,0.5098750446167756,0.004320198731378817,0.0028653498719869858,0.0010110770529808337,0.3528633842818291,4.750771424343833,23.5,
0.0005,0.8,2.75,8,0,kmeans,0.5039361202319349,0.004320198731378817,0.0028653498719869858,0.0010110770529808337,0.3528633842818291,4.750771424343833,0.2,
0.0016,1.6,4.0,12,3,vae,0.7833935941029981,0.004621796110354567,0.0044212131122448985,0.0031710274024563494,0.7172301632947615,0.7733369097497671,603.5,
0.0016,1.6,4.0,12,3,jump,0.7937947056271883,0.004621796110354567,0.0044212131122448985,0.0031710274024563494,0.7172301632947615,0.7733369097497671,24.2,
0.0016,1.6,4.0,12,3,kmeans,0.7852312698476092,0.004621796110354567,0.0044212131122448985,0.0031710274024563494,0.7172301632947615,0.7733369097497671,0.2,
0.0008,1.1,2.0,12,5,vae,0.5280925980715179,0.005726372181769063,0.0039032283951036767,0.0015873377584248209,0.4066730403006966,5.918484662578848,612.7,
0.0008,1.1,2.0,12,5,jump,0.5218477572446157,0.005726372181769063,0.0039032283951036767,0.0015873377584248209,0.4066730403006966,5.918484662578848,22.3,
0.0008,1.1,2.0,12,5,kmeans,0.5092653385538242,0.005726372181769063,0.0039032283951036767,0.0015873377584248209,0.4066730403006966,5.918484662578848,0.2,
0.002,0.8,2.0,8,3,vae,0.8032501359242139,0.005437013677204422,0.004077394753307927,0.00398982433577151,0.9785229483936102,3.099834917439309,600.7,
0.002,0.8,2.0,8,3,jump,0.8183063688720993,0.005437013677204422,0.004077394753307927,0.00398982433577151,0.9785229483936102,3.099834917439309,25.4,
0.002,0.8,2.0,8,3,kmeans,0.8125878780636926,0.005437013677204422,0.004077394753307927,0.00398982433577151,0.9785229483936102,3.099834917439309,0.4,
0.0014,0.8,4.0,20,3,vae,0.7936332949972238,0.003974122282929862,0.0031555757686594636,0.002782913049289521,0.881903415829481,8.144577179617684,594.9,
0.0014,0.8,4.0,20,3,jump,0.8049006141935844,0.003974122282929862,0.0031555757686594636,0.002782913049289521,0.881903415829481,8.144577179617684,25.0,
0.0014,0.8,4.0,20,3,kmeans,0.8019069867789893,0.003974122282929862,0.0031555757686594636,0.002782913049289521,0.881903415829481,8.144577179617684,0.4,
0.0008,1.6,2.0,20,3,vae,0.6654732247624696,0.005039981753826201,0.004285031428538843,0.0015991449712428772,0.37319328875685076,6.9116708986167446,577.2,
0.0008,1.6,2.0,20,3,jump,0.5030438591877618,0.005039981753826201,0.004285031428538843,0.0015991449712428772,0.37319328875685076,6.9116708986167446,24.0,
0.0008,1.6,2.0,20,3,kmeans,0.6669320091319281,0.005039981753826201,0.004285031428538843,0.0015991449712428772,0.37319328875685076,6.9116708986167446,0.3,
0.0011,0.8,2.75,20,3,vae,0.7180235607845915,0.005183693081191599,0.003156402131041679,0.002218404610956593,0.7028269906231729,16.939638438999797,571.0,
0.0011,0.8,2.75,20,3,jump,0.505533696767289,0.005183693081191599,0.003156402131041679,0.002218404610956593,0.7028269906231729,16.939638438999797,24.8,
0.0011,0.8,2.75,20,3,kmeans,0.5140142841697931,0.005183693081191599,0.003156402131041679,0.002218404610956593,0.7028269906231729,16.939638438999797,0.3,
0.0005,1.6,6.0,20,4,vae,0.6217199940973432,0.004263530544068171,0.00412682183090143,0.0010232304037711016,0.2479463484731046,0.5116095978810109,577.0,
0.0005,1.6,6.0,20,4,jump,0.5063849993109966,0.004263530544068171,0.00412682183090143,0.0010232304037711016,0.2479463484731046,0.5116095978810109,25.1,
0.0005,1.6,6.0,20,4,kmeans,0.6145206278605002,0.004263530544068171,0.00412682183090143,0.0010232304037711016,0.2479463484731046,0.5116095978810109,0.5,
0.0008,0.8,4.0,20,5,vae,0.6404124792912633,0.003854948008739974,0.0028054298454346367,0.0016038979705426545,0.5717120223671704,9.533259702263683,577.5,
0.0008,0.8,4.0,20,5,jump,0.5006699720596155,0.003854948008739974,0.0028054298454346367,0.0016038979705426545,0.5717120223671704,9.533259702263683,23.5,
0.0008,0.8,4.0,20,5,kmeans,0.6989965908632445,0.003854948008739974,0.0028054298454346367,0.0016038979705426545,0.5717120223671704,9.533259702263683,0.2,
0.0005,1.6,2.0,8,2,vae,0.5434155740500307,0.0046979570179734986,0.004190702208772898,0.001013529734462146,0.24185200569498902,1.6885335601555225,581.1,
0.0005,1.6,2.0,8,2,jump,0.5073788179980896,0.0046979570179734986,0.004190702208772898,0.001013529734462146,0.24185200569498902,1.6885335601555225,24.2,
0.0005,1.6,2.0,8,2,kmeans,0.5001608735536968,0.0046979570179734986,0.004190702208772898,0.001013529734462146,0.24185200569498902,1.6885335601555225,0.8,
0.0014,0.8,4.0,20,2,vae,0.7705294909964562,0.004048339428182437,0.0031556561811495994,0.002780085219633407,0.8809848285248323,10.48292628384988,591.5,
0.0014,0.8,4.0,20,2,jump,0.7670839898853365,0.004048339428182437,0.0031556561811495994,0.002780085219633407,0.8809848285248323,10.48292628384988,23.0,
0.0014,0.8,4.0,20,2,kmeans,0.7843364859929756,0.004048339428182437,0.0031556561811495994,0.002780085219633407,0.8809848285248323,10.48292628384988,0.2,
0.0014,0.8,6.0,8,2,vae,0.7982799790047362,0.0033741070557506965,0.0030089733241851,0.002790571326181308,0.9274164392723753,2.307906129502169,569.7,
0.0014,0.8,6.0,8,2,jump,0.8069764111089214,0.0033741070557506965,0.0030089733241851,0.002790571326181308,0.9274164392723753,2.307906129502169,26.8,
0.0014,0.8,6.0,8,2,kmeans,0.8199500176958909,0.0033741070557506965,0.0030089733241851,0.002790571326181308,0.9274164392723753,2.307906129502169,0.3,
0.0008,1.6,4.0,20,3,vae,0.6594030214131159,0.004415606393711947,0.0041708140510341015,0.0015709495300172854,0.3766529772833646,1.097456762213037,601.0,
0.0008,1.6,4.0,20,3,jump,0.7009793172877135,0.004415606393711947,0.0041708140510341015,0.0015709495300172854,0.3766529772833646,1.097456762213037,26.0,
0.0008,1.6,4.0,20,3,kmeans,0.6621991165857424,0.004415606393711947,0.0041708140510341015,0.0015709495300172854,0.3766529772833646,1.097456762213037,0.3,
0.0011,1.6,2.0,8,0,vae,0.6739006876168041,0.004829317825070236,0.004327598582863154,0.0021863405495212316,0.5052087220332578,1.5869620462882112,600.9,
0.0011,1.6,2.0,8,0,jump,0.7078580967496679,0.004829317825070236,0.004327598582863154,0.0021863405495212316,0.5052087220332578,1.5869620462882112,24.4,
0.0011,1.6,2.0,8,0,kmeans,0.6959746607226787,0.004829317825070236,0.004327598582863154,0.0021863405495212316,0.5052087220332578,1.5869620462882112,0.6,
0.0008,0.8,6.0,12,1,vae,0.7142607714329117,0.003167166548257493,0.0026542941348410305,0.0016093263533816817,0.6063104809136258,3.903333145359161,610.5,
0.0008,0.8,6.0,12,1,jump,0.7269388743325549,0.003167166548257493,0.0026542941348410305,0.0016093263533816817,0.6063104809136258,3.903333145359161,25.5,
0.0008,0.8,6.0,12,1,kmeans,0.7261873420754981,0.003167166548257493,0.0026542941348410305,0.0016093263533816817,0.6063104809136258,3.903333145359161,0.5,
0.002,1.6,6.0,8,5,vae,0.8191532119915033,0.004669883746175276,0.004635823620864001,0.003992143726010939,0.8611509092028191,0.2274998797107073,589.6,
0.002,1.6,6.0,8,5,jump,0.8137159878811865,0.004669883746175276,0.004635823620864001,0.003992143726010939,0.8611509092028191,0.2274998797107073,25.5,
0.002,1.6,6.0,8,5,kmeans,0.8267480030918215,0.004669883746175276,0.004635823620864001,0.003992143726010939,0.8611509092028191,0.2274998797107073,0.4,
0.0016,1.6,2.0,12,1,vae,0.7536606437931401,0.0051314055854732735,0.004526555050959652,0.003169591444799051,0.7002215612349798,3.0426604734036946,592.1,
0.0016,1.6,2.0,12,1,jump,0.7499189307258137,0.0051314055854732735,0.004526555050959652,0.003169591444799051,0.7002215612349798,3.0426604734036946,24.1,
0.0016,1.6,2.0,12,1,kmeans,0.7718082200577135,0.0051314055854732735,0.004526555050959652,0.003169591444799051,0.7002215612349798,3.0426604734036946,0.2,
0.002,1.1,4.0,8,1,vae,0.8138384828318184,0.004617121469790935,0.004233398329390436,0.003993556541424802,0.9433453293774582,1.479134378057922,589.4,
0.002,1.1,4.0,8,1,jump,0.7991923458238795,0.004617121469790935,0.004233398329390436,0.003993556541424802,0.9433453293774582,1.479134378057922,24.5,
0.002,1.1,4.0,8,1,kmeans,0.8213158108241596,0.004617121469790935,0.004233398329390436,0.003993556541424802,0.9433453293774582,1.479134378057922,0.1,
0.001,1.6,2.0,8,3,vae,0.6953974116376443,0.004805390500158285,0.004326159510125008,0.0019991815319387535,0.46211461395721526,1.5890567180809274,559.6,
0.001,1.6,2.0,8,3,jump,0.7316963970800038,0.004805390500158285,0.004326159510125008,0.0019991815319387535,0.46211461395721526,1.5890567180809274,23.3,
0.001,1.6,2.0,8,3,kmeans,0.6984564224746888,0.004805390500158285,0.004326159510125008,0.0019991815319387535,0.46211461395721526,1.5890567180809274,0.3,
0.0008,1.6,2.0,20,4,vae,0.6575523789752231,0.005061294599891075,0.00428617768192401,0.0016037788560568835,0.3741746084910245,7.7191308044222655,586.3,
0.0008,1.6,2.0,20,4,jump,0.5021628566553716,0.005061294599891075,0.00428617768192401,0.0016037788560568835,0.3741746084910245,7.7191308044222655,24.0,
0.0008,1.6,2.0,20,4,kmeans,0.6563977627857979,0.005061294599891075,0.00428617768192401,0.0016037788560568835,0.3741746084910245,7.7191308044222655,0.4,
0.0014,1.6,2.0,8,4,vae,0.7312408138702349,0.004898994836138078,0.004446789498932786,0.00280260818947459,0.6302542969814978,1.4023130464606952,574.5,
0.0014,1.6,2.0,8,4,jump,0.7501540702296894,0.004898994836138078,0.004446789498932786,0.00280260818947459,0.6302542969814978,1.4023130464606952,23.8,
0.0014,1.6,2.0,8,4,kmeans,0.738742707279091,0.004898994836138078,0.004446789498932786,0.00280260818947459,0.6302542969814978,1.4023130464606952,0.4,
0.0014,1.6,2.75,8,3,vae,0.7357598731371333,0.004728584290993414,0.004423958531433435,0.0028427366791643903,0.6425776053202056,1.055299518573526,572.0,
0.0014,1.6,2.75,8,3,jump,0.7706947394715465,0.004728584290993414,0.004423958531433435,0.0028427366791643903,0.6425776053202056,1.055299518573526,23.5,
0.0014,1.6,2.75,8,3,kmeans,0.7478968248992891,0.004728584290993414,0.004423958531433435,0.0028427366791643903,0.6425776053202056,1.055299518573526,0.3,
0.002,0.8,2.75,8,5,vae,0.7904694103061147,0.0047462110838993815,0.0038784438720952906,0.004006046688335593,1.0329005189834979,3.307474808174568,584.4,
0.002,0.8,2.75,8,5,jump,0.8051893036293042,0.0047462110838993815,0.0038784438720952906,0.004006046688335593,1.0329005189834979,3.307474808174568,24.8,
0.002,0.8,2.75,8,5,kmeans,0.8281629933674408,0.0047462110838993815,0.0038784438720952906,0.004006046688335593,1.0329005189834979,3.307474808174568,0.2,
0.0011,0.8,6.0,20,5,vae,0.7574423773597714,0.003267773944962084,0.002834719773168068,0.0021938921166873124,0.7739361532146897,3.3291647382038683,574.1,
0.0011,0.8,6.0,20,5,jump,0.7810425323991268,0.003267773944962084,0.002834719773168068,0.0021938921166873124,0.7739361532146897,3.3291647382038683,23.5,
0.0011,0.8,6.0,20,5,kmeans,0.7804402819910358,0.003267773944962084,0.002834719773168068,0.0021938921166873124,0.7739361532146897,3.3291647382038683,0.2,
0.001,1.6,4.0,8,5,vae,0.6834290562067293,0.004457574304660072,0.00424108549211994,0.0019495419159396938,0.4596799379691825,0.6842161595610667,599.2,
0.001,1.6,4.0,8,5,jump,0.7140168289104531,0.004457574304660072,0.00424108549211994,0.0019495419159396938,0.4596799379691825,0.6842161595610667,23.2,
0.001,1.6,4.0,8,5,kmeans,0.6979209693129662,0.004457574304660072,0.00424108549211994,0.0019495419159396938,0.4596799379691825,0.6842161595610667,0.3,
0.0005,1.6,4.0,12,0,vae,0.5752804540562433,0.004408734399576201,0.004148683295207291,0.0010068086021912748,0.24268148001424367,1.0667588163730395,599.7,
0.0005,1.6,4.0,12,0,jump,0.5011034858193059,0.004408734399576201,0.004148683295207291,0.0010068086021912748,0.24268148001424367,1.0667588163730395,24.4,
0.0005,1.6,4.0,12,0,kmeans,0.5200302674283437,0.004408734399576201,0.004148683295207291,0.0010068086021912748,0.24268148001424367,1.0667588163730395,0.6,
0.0005,1.1,6.0,12,5,vae,0.5840732684230109,0.0038805504251586778,0.0034896323388319914,0.0010205397392581135,0.29244907204169723,1.7288164939770976,610.5,
0.0005,1.1,6.0,12,5,jump,0.502185063901702,0.0038805504251586778,0.0034896323388319914,0.0010205397392581135,0.29244907204169723,1.7288164939770976,24.5,
0.0005,1.1,6.0,12,5,kmeans,0.5223009960045826,0.0038805504251586778,0.0034896323388319914,0.0010205397392581135,0.29244907204169723,1.7288164939770976,0.3,
0.0005,0.8,2.75,8,3,vae,0.501088685557472,0.004337181992494647,0.0028598313798260137,0.0010165890592709757,0.3554716779605457,4.86715734804424,601.5,
0.0005,0.8,2.75,8,3,jump,0.5152345277025625,0.004337181992494647,0.0028598313798260137,0.0010165890592709757,0.3554716779605457,4.86715734804424,22.5,
0.0005,0.8,2.75,8,3,kmeans,0.5206361958220384,0.004337181992494647,0.0028598313798260137,0.0010165890592709757,0.3554716779605457,4.86715734804424,0.3,
0.002,0.8,2.75,20,2,vae,0.7409841633401681,0.005424364110799477,0.0038868860042995594,0.004010059802983412,1.0316895835246007,13.21452028759201,603.9,
0.002,0.8,2.75,20,2,jump,0.7916106866800687,0.005424364110799477,0.0038868860042995594,0.004010059802983412,1.0316895835246007,13.21452028759201,24.5,
0.002,0.8,2.75,20,2,kmeans,0.8176081359637235,0.005424364110799477,0.0038868860042995594,0.004010059802983412,1.0316895835246007,13.21452028759201,0.2,
0.0005,1.1,2.0,12,2,vae,0.5210650703274036,0.005652925643917723,0.0038007468980413924,0.0010003019873863978,0.26318563540810236,6.239190269217664,581.4,
0.0005,1.1,2.0,12,2,jump,0.5056943207875462,0.005652925643917723,0.0038007468980413924,0.0010003019873863978,0.26318563540810236,6.239190269217664,25.7,
0.0005,1.1,2.0,12,2,kmeans,0.5054093194918676,0.005652925643917723,0.0038007468980413924,0.0010003019873863978,0.26318563540810236,6.239190269217664,0.2,
0.0008,0.8,2.75,20,5,vae,0.562211062291752,0.0051316483861916975,0.003014812889734732,0.0016045457219022964,0.532220665290932,17.685603227629148,567.5,
0.0008,0.8,2.75,20,5,jump,0.5009800827901192,0.0051316483861916975,0.003014812889734732,0.0016045457219022964,0.532220665290932,17.685603227629148,23.0,
0.0008,0.8,2.75,20,5,kmeans,0.5052427444975758,0.0051316483861916975,0.003014812889734732,0.0016045457219022964,0.532220665290932,17.685603227629148,0.2,
0.0012,1.1,4.0,12,4,vae,0.7340811172655154,0.004439520231041816,0.003794258812193663,0.0024117202539470774,0.6356235495049779,3.1889646180926174,569.8,
0.0012,1.1,4.0,12,4,jump,0.7422824002648911,0.004439520231041816,0.003794258812193663,0.0024117202539470774,0.6356235495049779,3.1889646180926174,22.6,
0.0012,1.1,4.0,12,4,kmeans,0.7388012115415272,0.004439520231041816,0.003794258812193663,0.0024117202539470774,0.6356235495049779,3.1889646180926174,0.4,
0.0011,1.1,6.0,8,1,vae,0.7133660453895287,0.0039756212234013,0.003631477062881657,0.002142226512621994,0.5899050098700307,1.2203283783353767,588.6,
0.0011,1.1,6.0,8,1,jump,0.7311385233697072,0.0039756212234013,0.003631477062881657,0.002142226512621994,0.5899050098700307,1.2203283783353767,25.0,
0.0011,1.1,6.0,8,1,kmeans,0.7263433374583589,0.0039756212234013,0.003631477062881657,0.002142226512621994,0.5899050098700307,1.2203283783353767,0.5,
0.002,1.1,2.75,20,2,vae,0.7942128441617275,0.005497616971677363,0.004389856887431414,0.004018987249320443,0.9155166904933035,7.655046360199991,577.7,
0.002,1.1,2.75,20,2,jump,0.7918244864029047,0.005497616971677363,0.004389856887431414,0.004018987249320443,0.9155166904933035,7.655046360199991,23.2,
0.002,1.1,2.75,20,2,kmeans,0.8026327151566779,0.005497616971677363,0.004389856887431414,0.004018987249320443,0.9155166904933035,7.655046360199991,0.3,
0.0008,1.1,4.0,20,5,vae,0.6459997556897394,0.004360994245583671,0.003663171520312026,0.0016148025388585832,0.4408208924710781,4.7562147924505656,574.4,
0.0008,1.1,4.0,20,5,jump,0.5049750598608168,0.004360994245583671,0.003663171520312026,0.0016148025388585832,0.4408208924710781,4.7562147924505656,25.0,
0.0008,1.1,4.0,20,5,kmeans,0.6671505242584399,0.004360994245583671,0.003663171520312026,0.0016148025388585832,0.4408208924710781,4.7562147924505656,0.2,
0.0016,1.6,2.0,12,5,vae,0.729229025019548,0.005084497282742044,0.004547718890086638,0.0032016852893582857,0.7040200519731972,2.722517442243811,603.3,
0.0016,1.6,2.0,12,5,jump,0.7694485216187363,0.005084497282742044,0.004547718890086638,0.0032016852893582857,0.7040200519731972,2.722517442243811,25.8,
0.0016,1.6,2.0,12,5,kmeans,0.7665267646213128,0.005084497282742044,0.004547718890086638,0.0032016852893582857,0.7040200519731972,2.722517442243811,0.4,
0.0008,1.1,2.0,20,5,vae,0.5102399779960667,0.006329458204459033,0.003922772753279712,0.001584347243708591,0.40388453355702697,13.209167123622617,596.5,
0.0008,1.1,2.0,20,5,jump,0.5032831792865884,0.006329458204459033,0.003922772753279712,0.001584347243708591,0.40388453355702697,13.209167123622617,24.5,
0.0008,1.1,2.0,20,5,kmeans,0.5017661662628984,0.006329458204459033,0.003922772753279712,0.001584347243708591,0.40388453355702697,13.209167123622617,0.2,
0.0011,1.1,2.75,20,4,vae,0.6756132361356104,0.0052191404227609865,0.0038858349792183374,0.002223154315895869,0.5721175314405842,9.365656510441825,597.1,
0.0011,1.1,2.75,20,4,jump,0.5030172270088255,0.0052191404227609865,0.0038858349792183374,0.002223154315895869,0.5721175314405842,9.365656510441825,25.0,
0.0011,1.1,2.75,20,4,kmeans,0.686119619093726,0.0052191404227609865,0.0038858349792183374,0.002223154315895869,0.5721175314405842,9.365656510441825,0.5,
0.0011,0.8,4.0,8,5,vae,0.71647810269228,0.003762376751847778,0.0029609411862084978,0.0022063773319980487,0.7451608097705337,3.8849334636562807,597.2,
0.0011,0.8,4.0,8,5,jump,0.744276800003074,0.003762376751847778,0.0029609411862084978,0.0022063773319980487,0.7451608097705337,3.8849334636562807,24.6,
0.0011,0.8,4.0,8,5,kmeans,0.7549600506295392,0.003762376751847778,0.0029609411862084978,0.0022063773319980487,0.7451608097705337,3.8849334636562807,0.7,
0.0016,1.6,2.0,20,1,vae,0.7493695426316227,0.005255719537157832,0.004529874820839668,0.0031715533099540105,0.7001414907456812,6.213786441623595,612.2,
0.0016,1.6,2.0,20,1,jump,0.7599918562035832,0.005255719537157832,0.004529874820839668,0.0031715533099540105,0.7001414907456812,6.213786441623595,26.3,
0.0016,1.6,2.0,20,1,kmeans,0.7644726601170317,0.005255719537157832,0.004529874820839668,0.0031715533099540105,0.7001414907456812,6.213786441623595,0.3,
0.0012,1.6,6.0,12,4,vae,0.7423029523009855,0.004404030899834717,0.004276320913539349,0.0024232304037711014,0.5666624308056163,0.44023632949130187,574.8,
0.0012,1.6,6.0,12,4,jump,0.7522204703962829,0.004404030899834717,0.004276320913539349,0.0024232304037711014,0.5666624308056163,0.44023632949130187,23.5,
0.0012,1.6,6.0,12,4,kmeans,0.7443827803314733,0.004404030899834717,0.004276320913539349,0.0024232304037711014,0.5666624308056163,0.44023632949130187,0.4,
0.002,0.8,6.0,8,0,vae,0.8568662925508534,0.0036490454147198484,0.0035317015355499585,0.004011955661000341,1.1359837802306239,1.4256153633291158,602.7,
0.002,0.8,6.0,8,0,jump,0.8430491602912493,0.0036490454147198484,0.0035317015355499585,0.004011955661000341,1.1359837802306239,1.4256153633291158,24.7,
0.002,0.8,6.0,8,0,kmeans,0.8629795673750151,0.0036490454147198484,0.0035317015355499585,0.004011955661000341,1.1359837802306239,1.4256153633291158,0.1,
0.0016,0.8,2.75,12,2,vae,0.7383693955799484,0.004949682679952307,0.0035187668456858386,0.0032106086314068324,0.9124243725733572,7.099715656624539,573.1,
0.0016,0.8,2.75,12,2,jump,0.763510755952599,0.004949682679952307,0.0035187668456858386,0.0032106086314068324,0.9124243725733572,7.099715656624539,25.8,
0.0016,0.8,2.75,12,2,kmeans,0.7830125967482622,0.004949682679952307,0.0035187668456858386,0.0032106086314068324,0.9124243725733572,7.099715656624539,0.3,
0.001,0.8,2.0,12,3,vae,0.5208777609799986,0.005938759537144506,0.0033575301767428413,0.0019835875271735715,0.5907876989203595,7.370516958008343,554.5,
0.001,0.8,2.0,12,3,jump,0.5093779796324179,0.005938759537144506,0.0033575301767428413,0.0019835875271735715,0.5907876989203595,7.370516958008343,22.4,
0.001,0.8,2.0,12,3,kmeans,0.5056209113830206,0.005938759537144506,0.0033575301767428413,0.0019835875271735715,0.5907876989203595,7.370516958008343,0.3,
0.0008,0.8,6.0,12,5,vae,0.6830103586910093,0.003176919903026694,0.002683955783539452,0.0015938921166873126,0.5938593051579173,3.401881513397676,573.2,
0.0008,0.8,6.0,12,5,jump,0.7378737018415806,0.003176919903026694,0.002683955783539452,0.0015938921166873126,0.5938593051579173,3.401881513397676,23.3,
0.0008,0.8,6.0,12,5,kmeans,0.7200634278106406,0.003176919903026694,0.002683955783539452,0.0015938921166873126,0.5938593051579173,3.401881513397676,0.3,
0.0005,1.1,2.0,12,1,vae,0.5201218085667363,0.005673653909043005,0.0037973556738391534,0.0009941874961805995,0.26181047591348455,6.0899449658068505,593.5,
0.0005,1.1,2.0,12,1,jump,0.5100518896382117,0.005673653909043005,0.0037973556738391534,0.0009941874961805995,0.26181047591348455,6.0899449658068505,23.2,
0.0005,1.1,2.0,12,1,kmeans,0.510408678487938,0.005673653909043005,0.0037973556738391534,0.0009941874961805995,0.26181047591348455,6.0899449658068505,0.2,
0.0014,1.6,6.0,12,1,vae,0.7441960267706347,0.0044301260257108505,0.004319503581270761,0.0027694834875571324,0.6411578172004603,0.3722970394856331,577.3,
0.0014,1.6,6.0,12,1,jump,0.7608593332058076,0.0044301260257108505,0.004319503581270761,0.0027694834875571324,0.6411578172004603,0.3722970394856331,23.1,
0.0014,1.6,6.0,12,1,kmeans,0.7544608111113575,0.0044301260257108505,0.004319503581270761,0.0027694834875571324,0.6411578172004603,0.3722970394856331,0.5,
0.001,0.8,2.0,12,1,vae,0.5124899759597124,0.005902782936865241,0.0033403969453491113,0.001964407993134673,0.5880762152742806,7.420324684175357,590.8,
0.001,0.8,2.0,12,1,jump,0.5137058624938845,0.005902782936865241,0.0033403969453491113,0.001964407993134673,0.5880762152742806,7.420324684175357,24.3,
0.001,0.8,2.0,12,1,kmeans,0.503954037475971,0.005902782936865241,0.0033403969453491113,0.001964407993134673,0.5880762152742806,7.420324684175357,0.3,
0.0008,0.8,6.0,8,3,vae,0.7193839145124119,0.0031670206523050607,0.0026717523000329094,0.0015995947539473084,0.5987062325828653,3.0126947215601616,598.2,
0.0008,0.8,6.0,8,3,jump,0.7469140006006182,0.0031670206523050607,0.0026717523000329094,0.0015995947539473084,0.5987062325828653,3.0126947215601616,22.7,
0.0008,0.8,6.0,8,3,kmeans,0.7255050406222426,0.0031670206523050607,0.0026717523000329094,0.0015995947539473084,0.5987062325828653,3.0126947215601616,0.2,
0.0012,0.8,2.0,20,1,vae,0.5079733836048378,0.006919302400748998,0.003485556302743378,0.0023585168544279327,0.6766543557398897,15.016880333601573,595.4,
0.0012,0.8,2.0,20,1,jump,0.5012034901464376,0.006919302400748998,0.003485556302743378,0.0023585168544279327,0.6766543557398897,15.016880333601573,24.7,
0.0012,0.8,2.0,20,1,kmeans,0.5034163554137812,0.006919302400748998,0.003485556302743378,0.0023585168544279327,0.6766543557398897,15.016880333601573,0.4,
0.001,1.1,2.0,12,3,vae,0.6294616900411985,0.0057023574160812865,0.003978831273645497,0.002043526253102143,0.5135996257589021,5.757413821250335,600.1,
0.001,1.1,2.0,12,3,jump,0.5290524713331397,0.0057023574160812865,0.003978831273645497,0.002043526253102143,0.5135996257589021,5.757413821250335,24.9,
0.001,1.1,2.0,12,3,kmeans,0.5123318802838247,0.0057023574160812865,0.003978831273645497,0.002043526253102143,0.5135996257589021,5.757413821250335,0.3,
0.0005,1.6,6.0,20,2,vae,0.5772291759924977,0.004234036489864636,0.004082190998804952,0.001004229233230562,0.24600251030011744,0.5699109814755898,609.9,
0.0005,1.6,6.0,20,2,jump,0.5771341838941222,0.004234036489864636,0.004082190998804952,0.001004229233230562,0.24600251030011744,0.5699109814755898,24.9,
0.0005,1.6,6.0,20,2,kmeans,0.6034489951883037,0.004234036489864636,0.004082190998804952,0.001004229233230562,0.24600251030011744,0.5699109814755898,0.6,
0.0008,1.6,4.0,20,4,vae,0.6685656187689759,0.004446674833197661,0.004189649619563522,0.0016298851531471896,0.38902660154120267,0.9636145903680191,597.1,
0.0008,1.6,4.0,20,4,jump,0.6641215461422828,0.004446674833197661,0.004189649619563522,0.0016298851531471896,0.38902660154120267,0.9636145903680191,24.9,
0.0008,1.6,4.0,20,4,kmeans,0.6691640992630925,0.004446674833197661,0.004189649619563522,0.0016298851531471896,0.38902660154120267,0.9636145903680191,0.6,
0.0011,0.8,6.0,20,0,vae,0.774438020704745,0.003265659021234718,0.002820235146709557,0.0022118565432238677,0.7842808943802076,3.661860728725954,568.1,
0.0011,0.8,6.0,20,0,jump,0.7890328471605814,0.003265659021234718,0.002820235146709557,0.0022118565432238677,0.7842808943802076,3.661860728725954,25.2,
0.0011,0.8,6.0,20,0,kmeans,0.7798565348386401,0.003265659021234718,0.002820235146709557,0.0022118565432238677,0.7842808943802076,3.661860728725954,0.4,
0.0012,1.6,2.75,20,3,vae,0.7187369400894774,0.004759797993223928,0.00435793103194509,0.002443562663550058,0.5607162310825774,2.7235241773824317,601.5,
0.0012,1.6,2.75,20,3,jump,0.7430473357552205,0.004759797993223928,0.00435793103194509,0.002443562663550058,0.5607162310825774,2.7235241773824317,24.4,
0.0012,1.6,2.75,20,3,kmeans,0.7198553881728369,0.004759797993223928,0.00435793103194509,0.002443562663550058,0.5607162310825774,2.7235241773824317,0.4,
0.0012,1.1,2.0,20,3,vae,0.7031745238867103,0.006325798952457429,0.0040978151271760695,0.0024399951203611606,0.5954380675154167,12.758386885278604,550.9,
0.0012,1.1,2.0,20,3,jump,0.5071779361222489,0.006325798952457429,0.0040978151271760695,0.0024399951203611606,0.5954380675154167,12.758386885278604,24.8,
0.0012,1.1,2.0,20,3,kmeans,0.5210278654552771,0.006325798952457429,0.0040978151271760695,0.0024399951203611606,0.5954380675154167,12.758386885278604,0.4,
0.0012,1.6,2.0,20,3,vae,0.7264968377416388,0.005117766408801781,0.004397231953575055,0.0023991449712428767,0.5456034606708237,6.4916291229866445,578.1,
0.0012,1.6,2.0,20,3,jump,0.5030438591877618,0.005117766408801781,0.004397231953575055,0.0023991449712428767,0.5456034606708237,6.4916291229866445,24.6,
0.0012,1.6,2.0,20,3,kmeans,0.7299182263585502,0.005117766408801781,0.004397231953575055,0.0023991449712428767,0.5456034606708237,6.4916291229866445,0.4,
0.0012,1.6,2.0,12,5,vae,0.6484897671463857,0.0049734254964298365,0.004399973981780365,0.0024016852893582854,0.5458407934463488,2.994765646585039,592.8,
0.0012,1.6,2.0,12,5,jump,0.7218289536796711,0.0049734254964298365,0.004399973981780365,0.0024016852893582854,0.5458407934463488,2.994765646585039,25.7,
0.0012,1.6,2.0,12,5,kmeans,0.715360655417508,0.0049734254964298365,0.004399973981780365,0.0024016852893582854,0.5458407934463488,2.994765646585039,0.3,
0.0016,0.8,6.0,20,4,vae,0.8301276059311375,0.003432948173494389,0.0031534161271073945,0.00318800586438115,1.0109689732910334,2.314176841172096,572.7,
0.0016,0.8,6.0,20,4,jump,0.8210795270142006,0.003432948173494389,0.0031534161271073945,0.00318800586438115,1.0109689732910334,2.314176841172096,24.0,
0.0016,0.8,6.0,20,4,kmeans,0.8399143674501535,0.003432948173494389,0.0031534161271073945,0.00318800586438115,1.0109689732910334,2.314176841172096,0.2,
0.0012,1.1,2.0,12,4,vae,0.6998770059697761,0.005785481503226654,0.004080200257224835,0.002461656273132582,0.6033175133435454,5.581253577548724,599.4,
0.0012,1.1,2.0,12,4,jump,0.6912608900276358,0.005785481503226654,0.004080200257224835,0.002461656273132582,0.6033175133435454,5.581253577548724,24.9,
0.0012,1.1,2.0,12,4,kmeans,0.5047644202350665,0.005785481503226654,0.004080200257224835,0.002461656273132582,0.6033175133435454,5.581253577548724,0.4,
0.0016,1.6,6.0,8,1,vae,0.7765577424391015,0.004495498517750046,0.004398320978123553,0.0031694834875571325,0.7206121388869902,0.3254969445618845,592.0,
0.0016,1.6,6.0,8,1,jump,0.7810534890523738,0.004495498517750046,0.004398320978123553,0.0031694834875571325,0.7206121388869902,0.3254969445618845,22.9,
0.0016,1.6,6.0,8,1,kmeans,0.781278094789464,0.004495498517750046,0.004398320978123553,0.0031694834875571325,0.7206121388869902,0.3254969445618845,0.2,
0.0016,1.1,2.75,8,1,vae,0.7316080603174009,0.004880988156230638,0.004105804773073787,0.003149743694931617,0.7671440482479589,2.2751824749275977,585.6,
0.0016,1.1,2.75,8,1,jump,0.7529342194739528,0.004880988156230638,0.004105804773073787,0.003149743694931617,0.7671440482479589,2.2751824749275977,23.5,
0.0016,1.1,2.75,8,1,kmeans,0.7601648253328457,0.004880988156230638,0.004105804773073787,0.003149743694931617,0.7671440482479589,2.2751824749275977,0.2,
0.0011,1.1,2.0,12,2,vae,0.5474276926777313,0.005736226385845561,0.003997730104063698,0.0022003019873863983,0.5503878276199257,5.868033107117425,601.2,
0.0011,1.1,2.0,12,2,jump,0.5220527971462889,0.005736226385845561,0.003997730104063698,0.0022003019873863983,0.5503878276199257,5.868033107117425,24.2,
0.0011,1.1,2.0,12,2,kmeans,0.5050975626051579,0.005736226385845561,0.003997730104063698,0.0022003019873863983,0.5503878276199257,5.868033107117425,0.4,
0.0011,1.6,2.0,20,1,vae,0.6255534264251026,0.005126671263928675,0.004340777025792303,0.0021715533099540105,0.5002683383760415,6.914503938670432,601.5,
0.0011,1.6,2.0,20,1,jump,0.502081122381552,0.005126671263928675,0.004340777025792303,0.0021715533099540105,0.5002683383760415,6.914503938670432,25.3,
0.0011,1.6,2.0,20,1,kmeans,0.6983248348041262,0.005126671263928675,0.004340777025792303,0.0021715533099540105,0.5002683383760415,6.914503938670432,0.2,
0.0014,0.8,4.0,12,3,vae,0.7963117020123033,0.0039259846178907876,0.0031547770978395504,0.002782349736730306,0.8819481219879879,5.706021717664852,573.2,
0.0014,0.8,4.0,12,3,jump,0.800541125181304,0.0039259846178907876,0.0031547770978395504,0.002782349736730306,0.8819481219879879,5.706021717664852,21.8,
0.0014,0.8,4.0,12,3,kmeans,0.8011946289336055,0.0039259846178907876,0.0031547770978395504,0.002782349736730306,0.8819481219879879,5.706021717664852,0.1,
0.002,1.1,2.0,8,0,vae,0.7652431008651805,0.005499306353245642,0.004522361739272517,0.0039813352961634,0.8803663938665489,2.2675448399167726,584.4,
0.002,1.1,2.0,8,0,jump,0.7982923580955942,0.005499306353245642,0.004522361739272517,0.0039813352961634,0.8803663938665489,2.2675448399167726,24.4,
0.002,1.1,2.0,8,0,kmeans,0.7939001435970146,0.005499306353245642,0.004522361739272517,0.0039813352961634,0.8803663938665489,2.2675448399167726,0.5,
0.0014,1.1,6.0,20,2,vae,0.7450719486393454,0.004110390761378466,0.0037627864835343837,0.0027801157623563817,0.7388449423112151,1.8298979472492887,603.9,
0.0014,1.1,6.0,20,2,jump,0.7694923930869633,0.004110390761378466,0.0037627864835343837,0.0027801157623563817,0.7388449423112151,1.8298979472492887,23.7,
0.0014,1.1,6.0,20,2,kmeans,0.7820392552471485,0.004110390761378466,0.0037627864835343837,0.0027801157623563817,0.7388449423112151,1.8298979472492887,0.2,
0.0014,0.8,6.0,8,5,vae,0.8199753176193486,0.0033631733547865475,0.0030223337857187118,0.002793834891964282,0.9243965392458819,2.0655631464095903,566.0,
0.0014,0.8,6.0,8,5,jump,0.8098741449941371,0.0033631733547865475,0.0030223337857187118,0.002793834891964282,0.9243965392458819,2.0655631464095903,23.9,
0.0014,0.8,6.0,8,5,kmeans,0.8231062032392402,0.0033631733547865475,0.0030223337857187118,0.002793834891964282,0.9243965392458819,2.0655631464095903,0.4,
0.001,0.8,2.75,12,3,vae,0.7088351720472279,0.004790717756213101,0.0030918215075056493,0.002017906517367255,0.6526594476649515,8.250280123628569,595.2,
0.001,0.8,2.75,12,3,jump,0.5264901301575743,0.004790717756213101,0.0030918215075056493,0.002017906517367255,0.6526594476649515,8.250280123628569,23.9,
0.001,0.8,2.75,12,3,kmeans,0.5041087607617268,0.004790717756213101,0.0030918215075056493,0.002017906517367255,0.6526594476649515,8.250280123628569,0.5,
0.0014,1.6,4.0,8,3,vae,0.7611762691003414,0.004541366467429479,0.004331247517355077,0.0027713132058662646,0.6398417995650816,0.6001418599867652,605.8,
0.0014,1.6,4.0,8,3,jump,0.7794584113564826,0.004541366467429479,0.004331247517355077,0.0027713132058662646,0.6398417995650816,0.6001418599867652,26.1,
0.0014,1.6,4.0,8,3,kmeans,0.7592432771641432,0.004541366467429479,0.004331247517355077,0.0027713132058662646,0.6398417995650816,0.6001418599867652,0.2,
0.0016,0.8,2.0,8,5,vae,0.7264646047905303,0.005312101431944125,0.0037318949665160655,0.003192811992432378,0.8555471204520657,3.5226515927327755,582.4,
0.0016,0.8,2.0,8,5,jump,0.7552386219620515,0.005312101431944125,0.0037318949665160655,0.003192811992432378,0.8555471204520657,3.5226515927327755,23.5,
0.0016,0.8,2.0,8,5,kmeans,0.7631452448513933,0.005312101431944125,0.0037318949665160655,0.003192811992432378,0.8555471204520657,3.5226515927327755,0.2,
0.0008,0.8,2.75,12,4,vae,0.6475125392434825,0.004773484685207578,0.0029797815016769096,0.0015895950656585971,0.5334602771256994,8.755880955199219,599.1,
0.0008,0.8,2.75,12,4,jump,0.5029515285331702,0.004773484685207578,0.0029797815016769096,0.0015895950656585971,0.5334602771256994,8.755880955199219,23.0,
0.0008,0.8,2.75,12,4,kmeans,0.5135586504880718,0.004773484685207578,0.0029797815016769096,0.0015895950656585971,0.5334602771256994,8.755880955199219,0.6,
0.002,1.1,2.0,8,5,vae,0.763751257573458,0.005497302726064252,0.004514354118182418,0.003991896565792701,0.884267485732805,2.2980547501104027,583.9,
0.002,1.1,2.0,8,5,jump,0.7937399418138131,0.005497302726064252,0.004514354118182418,0.003991896565792701,0.884267485732805,2.2980547501104027,23.4,
0.002,1.1,2.0,8,5,kmeans,0.7975217477757519,0.005497302726064252,0.004514354118182418,0.003991896565792701,0.884267485732805,2.2980547501104027,0.3,
0.0005,1.1,4.0,12,3,vae,0.6034409806107358,0.004297267292014836,0.0035779916892169908,0.0009986169557895156,0.27909985336160836,3.759118108234956,604.5,
0.0005,1.1,4.0,12,3,jump,0.5015385984109535,0.004297267292014836,0.0035779916892169908,0.0009986169557895156,0.27909985336160836,3.759118108234956,24.4,
0.0005,1.1,4.0,12,3,kmeans,0.5117151590879112,0.004297267292014836,0.0035779916892169908,0.0009986169557895156,0.27909985336160836,3.759118108234956,0.4,
0.0008,0.8,2.0,20,2,vae,0.5071443428185329,0.00695904801873237,0.003258877912222839,0.0016107342792118385,0.49426039348408035,15.459780153913556,598.7,
0.0008,0.8,2.0,20,2,jump,0.5063848510413596,0.00695904801873237,0.003258877912222839,0.0016107342792118385,0.49426039348408035,15.459780153913556,24.8,
0.0008,0.8,2.0,20,2,kmeans,0.500490605837483,0.00695904801873237,0.003258877912222839,0.0016107342792118385,0.49426039348408035,15.459780153913556,0.4,
0.002,1.1,2.0,12,4,vae,0.7817314231906773,0.006008152285299587,0.0045921140223343275,0.004061656273132583,0.8844850657841254,4.764695768250771,575.3,
0.002,1.1,2.0,12,4,jump,0.7824205867924492,0.006008152285299587,0.0045921140223343275,0.004061656273132583,0.8844850657841254,4.764695768250771,22.9,
0.002,1.1,2.0,12,4,kmeans,0.7929824322316121,0.006008152285299587,0.0045921140223343275,0.004061656273132583,0.8844850657841254,4.764695768250771,0.2,
0.0016,1.1,4.0,20,4,vae,0.7813764953307254,0.004594467281298945,0.003991075869510972,0.0032118874321290635,0.8047673201769069,3.9635662305048127,610.3,
0.0016,1.1,4.0,20,4,jump,0.7821863296020681,0.004594467281298945,0.003991075869510972,0.0032118874321290635,0.8047673201769069,3.9635662305048127,24.9,
0.0016,1.1,4.0,20,4,kmeans,0.7883531011101341,0.004594467281298945,0.003991075869510972,0.0032118874321290635,0.8047673201769069,3.9635662305048127,0.2,
0.0014,1.1,2.0,20,3,vae,0.7275199596191022,0.006366920178743261,0.004199466116226228,0.002839995120361161,0.6762752792284152,12.42499446775814,602.2,
0.0014,1.1,2.0,20,3,jump,0.507702395490773,0.006366920178743261,0.004199466116226228,0.002839995120361161,0.6762752792284152,12.42499446775814,24.9,
0.0014,1.1,2.0,20,3,kmeans,0.5247682598804476,0.006366920178743261,0.004199466116226228,0.002839995120361161,0.6762752792284152,12.42499446775814,0.2,
0.001,1.1,2.0,8,2,vae,0.6011422292318438,0.005186833006766315,0.003911535510578264,0.0020001610563466594,0.5113493283999265,2.85800215934234,558.2,
0.001,1.1,2.0,8,2,jump,0.684740310913468,0.005186833006766315,0.003911535510578264,0.0020001610563466594,0.5113493283999265,2.85800215934234,25.3,
0.001,1.1,2.0,8,2,kmeans,0.5106069993086148,0.005186833006766315,0.003911535510578264,0.0020001610563466594,0.5113493283999265,2.85800215934234,0.3,
0.0011,0.8,4.0,12,3,vae,0.7565786298094168,0.0038303861532615,0.00295598647706668,0.002182349736730306,0.738281366867389,6.315573705948292,606.2,
0.0011,0.8,4.0,12,3,jump,0.7597174947451917,0.0038303861532615,0.00295598647706668,0.002182349736730306,0.738281366867389,6.315573705948292,23.5,
0.0011,0.8,4.0,12,3,kmeans,0.7567252493052172,0.0038303861532615,0.00295598647706668,0.002182349736730306,0.738281366867389,6.315573705948292,0.4,
0.0012,1.6,4.0,12,3,vae,0.7294102605566938,0.00450024265417647,0.004271553834290622,0.002371027402456349,0.5550737493748821,0.8762512146281756,594.9,
0.0012,1.6,4.0,12,3,jump,0.7534101926196226,0.00450024265417647,0.004271553834290622,0.002371027402456349,0.5550737493748821,0.8762512146281756,25.0,
0.0012,1.6,4.0,12,3,kmeans,0.7306054482887329,0.00450024265417647,0.004271553834290622,0.002371027402456349,0.5550737493748821,0.8762512146281756,0.4,
0.0014,1.1,2.75,20,5,vae,0.7189242071443621,0.005339201526848123,0.0040249887604392265,0.002778223084355836,0.6902436875507356,9.79041115134436,605.4,
0.0014,1.1,2.75,20,5,jump,0.5011430230048689,0.005339201526848123,0.0040249887604392265,0.002778223084355836,0.6902436875507356,9.79041115134436,25.0,
0.0014,1.1,2.75,20,5,kmeans,0.7438333272495916,0.005339201526848123,0.0040249887604392265,0.002778223084355836,0.6902436875507356,9.79041115134436,0.4,
0.001,1.1,4.0,20,2,vae,0.660865528519525,0.004433669456769638,0.0036923422791037587,0.0019980945702525025,0.5411455437271919,4.7316014447070724,592.3,
0.001,1.1,4.0,20,2,jump,0.5015086033250474,0.004433669456769638,0.0036923422791037587,0.0019980945702525025,0.5411455437271919,4.7316014447070724,25.2,
0.001,1.1,4.0,20,2,kmeans,0.7107949664608091,0.004433669456769638,0.0036923422791037587,0.0019980945702525025,0.5411455437271919,4.7316014447070724,0.3,
0.0005,0.8,2.75,12,1,vae,0.5199395196350728,0.00476113652290964,0.0028885280877470596,0.0009763639289080261,0.33801434476254383,9.049411319650677,592.6,
0.0005,0.8,2.75,12,1,jump,0.5023799563677167,0.00476113652290964,0.0028885280877470596,0.0009763639289080261,0.33801434476254383,9.049411319650677,24.5,
0.0005,0.8,2.75,12,1,kmeans,0.5082026467418396,0.00476113652290964,0.0028885280877470596,0.0009763639289080261,0.33801434476254383,9.049411319650677,0.4,
0.0012,0.8,4.0,8,1,vae,0.7422787938396777,0.0037909311848352604,0.002993589295857204,0.0023689020998241997,0.7913250167958904,3.886216822019505,564.3,
0.0012,0.8,4.0,8,1,jump,0.7685538631201272,0.0037909311848352604,0.002993589295857204,0.0023689020998241997,0.7913250167958904,3.886216822019505,23.7,
0.0012,0.8,4.0,8,1,kmeans,0.7721439980807709,0.0037909311848352604,0.002993589295857204,0.0023689020998241997,0.7913250167958904,3.886216822019505,0.4,
0.0011,1.1,2.0,12,4,vae,0.6858035039640615,0.0057648521192248175,0.004029726354695059,0.0022616562731325824,0.5612431401198031,5.664426722415911,590.0,
0.0011,1.1,2.0,12,4,jump,0.5130070774648465,0.0057648521192248175,0.004029726354695059,0.0022616562731325824,0.5612431401198031,5.664426722415911,22.4,
0.0011,1.1,2.0,12,4,kmeans,0.5048669002514633,0.0057648521192248175,0.004029726354695059,0.0022616562731325824,0.5612431401198031,5.664426722415911,0.4,
0.0012,1.6,4.0,8,5,vae,0.7239061512392582,0.0045051972364477085,0.004295543610215523,0.0023495419159396936,0.5469719619077057,0.6493371308038043,593.4,
0.0012,1.6,4.0,8,5,jump,0.7396466722893248,0.0045051972364477085,0.004295543610215523,0.0023495419159396936,0.5469719619077057,0.6493371308038043,26.1,
0.0012,1.6,4.0,8,5,kmeans,0.7323090393515628,0.0045051972364477085,0.004295543610215523,0.0023495419159396936,0.5469719619077057,0.6493371308038043,0.2,
0.001,1.1,2.0,20,1,vae,0.5580047742801388,0.006335462205647239,0.00397680311861342,0.001997567384551116,0.5023048224845493,13.231363376766147,559.8,
0.001,1.1,2.0,20,1,jump,0.501308204104493,0.006335462205647239,0.00397680311861342,0.001997567384551116,0.5023048224845493,13.231363376766147,23.3,
0.001,1.1,2.0,20,1,kmeans,0.5133851322247841,0.006335462205647239,0.00397680311861342,0.001997567384551116,0.5023048224845493,13.231363376766147,0.2,
0.0014,1.6,6.0,12,3,vae,0.7648333745188475,0.0044583134257331885,0.004332572062333981,0.0028108093153214296,0.6487622767449668,0.4103146932904469,550.6,
0.0014,1.6,6.0,12,3,jump,0.7817303876470856,0.0044583134257331885,0.004332572062333981,0.0028108093153214296,0.6487622767449668,0.4103146932904469,21.4,
0.0014,1.6,6.0,12,3,kmeans,0.7682681923239201,0.0044583134257331885,0.004332572062333981,0.0028108093153214296,0.6487622767449668,0.4103146932904469,0.5,
0.0008,0.8,4.0,20,4,vae,0.6913922569613669,0.0038669655246902123,0.002797964133874712,0.0016025670332413958,0.5727618212968687,12.298586135978786,569.5,
0.0008,0.8,4.0,20,4,jump,0.5035933644179378,0.0038669655246902123,0.002797964133874712,0.0016025670332413958,0.5727618212968687,12.298586135978786,24.2,
0.0008,0.8,4.0,20,4,kmeans,0.6954084289923551,0.0038669655246902123,0.002797964133874712,0.0016025670332413958,0.5727618212968687,12.298586135978786,0.2,
0.0005,0.8,2.0,20,0,vae,0.5063973796053343,0.006871445043336892,0.0031497647606535833,0.0010121413619170235,0.3213387153734623,16.042178014748302,585.8,
0.0005,0.8,2.0,20,0,jump,0.5013457536979515,0.006871445043336892,0.0031497647606535833,0.0010121413619170235,0.3213387153734623,16.042178014748302,24.0,
0.0005,0.8,2.0,20,0,kmeans,0.5074045815249819,0.006871445043336892,0.0031497647606535833,0.0010121413619170235,0.3213387153734623,16.042178014748302,0.2,
0.0014,1.6,2.75,8,5,vae,0.7444377790116032,0.004699375219193041,0.004414707327848126,0.002865134863821509,0.6489976913640775,0.976865486436691,606.6,
0.0014,1.6,2.75,8,5,jump,0.7690489958944349,0.004699375219193041,0.004414707327848126,0.002865134863821509,0.6489976913640775,0.976865486436691,25.8,
0.0014,1.6,2.75,8,5,kmeans,0.7579537318632452,0.004699375219193041,0.004414707327848126,0.002865134863821509,0.6489976913640775,0.976865486436691,0.5,
0.0012,1.6,6.0,8,4,vae,0.7409940657646744,0.004399827273224305,0.004275916410702047,0.002423113617527189,0.5666887246585222,0.37124507714524135,586.1,
0.0012,1.6,6.0,8,4,jump,0.7537739901996205,0.004399827273224305,0.004275916410702047,0.002423113617527189,0.5666887246585222,0.37124507714524135,23.7,
0.0012,1.6,6.0,8,4,kmeans,0.7397776633907882,0.004399827273224305,0.004275916410702047,0.002423113617527189,0.5666887246585222,0.37124507714524135,0.4,
0.0012,1.6,2.0,20,1,vae,0.7028856149285165,0.005148857897708289,0.004370942982648733,0.00237155330995401,0.542572465339477,6.78719624112,598.1,
0.0012,1.6,2.0,20,1,jump,0.5024415230924343,0.005148857897708289,0.004370942982648733,0.00237155330995401,0.542572465339477,6.78719624112,24.3,
0.0012,1.6,2.0,20,1,kmeans,0.7129267440219271,0.005148857897708289,0.004370942982648733,0.00237155330995401,0.542572465339477,6.78719624112,0.3,
0.001,1.6,4.0,20,4,vae,0.700288256814721,0.004488493631658428,0.004233954072221884,0.0020298851531471897,0.47943013044587696,0.9286989308813611,606.8,
0.001,1.6,4.0,20,4,jump,0.7120531468048948,0.004488493631658428,0.004233954072221884,0.0020298851531471897,0.47943013044587696,0.9286989308813611,26.6,
0.001,1.6,4.0,20,4,kmeans,0.7029834352190016,0.004488493631658428,0.004233954072221884,0.0020298851531471897,0.47943013044587696,0.9286989308813611,0.6,
0.002,1.6,4.0,8,2,vae,0.8193105235694657,0.004759313555099621,0.00463326552223168,0.003964947353779171,0.8557565576059185,0.4598014233874097,589.1,
0.002,1.6,4.0,8,2,jump,0.8188692638220378,0.004759313555099621,0.00463326552223168,0.003964947353779171,0.8557565576059185,0.4598014233874097,25.3,
0.002,1.6,4.0,8,2,kmeans,0.8253576571506465,0.004759313555099621,0.00463326552223168,0.003964947353779171,0.8557565576059185,0.4598014233874097,0.3,
0.0008,1.1,2.75,12,0,vae,0.5966604918052942,0.004965736514670858,0.0037691725675172423,0.0015898462954482115,0.42180246910144653,5.291761912926326,575.5,
0.0008,1.1,2.75,12,0,jump,0.5081761432436318,0.004965736514670858,0.0037691725675172423,0.0015898462954482115,0.42180246910144653,5.291761912926326,22.4,
0.0008,1.1,2.75,12,0,kmeans,0.504014061721076,0.004965736514670858,0.0037691725675172423,0.0015898462954482115,0.42180246910144653,5.291761912926326,0.2,
0.0012,1.6,2.75,8,0,vae,0.7217760547438771,0.004673187629989369,0.004309662370168607,0.0023684914377354606,0.5495770281519288,1.1643262790646896,590.4,
0.0012,1.6,2.75,8,0,jump,0.7431329131282329,0.004673187629989369,0.004309662370168607,0.0023684914377354606,0.5495770281519288,1.1643262790646896,23.1,
0.0012,1.6,2.75,8,0,kmeans,0.7283560831411499,0.004673187629989369,0.004309662370168607,0.0023684914377354606,0.5495770281519288,1.1643262790646896,0.3,
0.0012,0.8,6.0,8,4,vae,0.7903749752004764,0.0032540585531634055,0.002867868848149381,0.002388510268716968,0.832851987028019,2.321589155258869,598.7,
0.0012,0.8,6.0,8,4,jump,0.7856950244341097,0.0032540585531634055,0.002867868848149381,0.002388510268716968,0.832851987028019,2.321589155258869,27.5,
0.0012,0.8,6.0,8,4,kmeans,0.8000507417163787,0.0032540585531634055,0.002867868848149381,0.002388510268716968,0.832851987028019,2.321589155258869,0.2,
0.0014,1.1,2.75,20,1,vae,0.6572061767708283,0.005271905294212945,0.004014576519598189,0.0027502429572701355,0.6850642761058648,9.544597596311174,562.6,
0.0014,1.1,2.75,20,1,jump,0.5034205175584927,0.005271905294212945,0.004014576519598189,0.0027502429572701355,0.6850642761058648,9.544597596311174,23.1,
0.0014,1.1,2.75,20,1,kmeans,0.7325654186345683,0.005271905294212945,0.004014576519598189,0.0027502429572701355,0.6850642761058648,9.544597596311174,0.4,
0.002,1.6,6.0,12,1,vae,0.8141759317158539,0.004653240057085374,0.004590899328116232,0.003969483487557133,0.8646418062898185,0.26053412418683397,547.4,
0.002,1.6,6.0,12,1,jump,0.8097270442486308,0.004653240057085374,0.004590899328116232,0.003969483487557133,0.8646418062898185,0.26053412418683397,24.0,
0.002,1.6,6.0,12,1,kmeans,0.8208053928108615,0.004653240057085374,0.004590899328116232,0.003969483487557133,0.8646418062898185,0.26053412418683397,0.1,
0.0012,1.1,4.0,20,3,vae,0.7436298981436635,0.0044822948691408395,0.003790674608520524,0.0023994188223918295,0.6329793691599152,5.176270278996704,572.3,
0.0012,1.1,4.0,20,3,jump,0.7543452486651027,0.0044822948691408395,0.003790674608520524,0.0023994188223918295,0.6329793691599152,5.176270278996704,23.0,
0.0012,1.1,4.0,20,3,kmeans,0.7458746956000611,0.0044822948691408395,0.003790674608520524,0.0023994188223918295,0.6329793691599152,5.176270278996704,0.3,
0.001,1.1,4.0,20,3,vae,0.7149545656816285,0.004432518775918837,0.003716033979504117,0.0019994188223918293,0.5380518136862248,5.4060519916846825,576.4,
0.001,1.1,4.0,20,3,jump,0.5045470269740215,0.004432518775918837,0.003716033979504117,0.0019994188223918293,0.5380518136862248,5.4060519916846825,24.2,
0.001,1.1,4.0,20,3,kmeans,0.7171329382274569,0.004432518775918837,0.003716033979504117,0.0019994188223918293,0.5380518136862248,5.4060519916846825,0.4,
0.0016,1.1,4.0,20,3,vae,0.7879640345310994,0.004606333846443877,0.00399453268227621,0.00319941882239183,0.800949466902021,4.641809294048741,606.6,
0.0016,1.1,4.0,20,3,jump,0.7966520683413288,0.004606333846443877,0.00399453268227621,0.00319941882239183,0.800949466902021,4.641809294048741,26.0,
0.0016,1.1,4.0,20,3,kmeans,0.7943298402489413,0.004606333846443877,0.00399453268227621,0.00319941882239183,0.800949466902021,4.641809294048741,0.4,
0.0016,1.1,6.0,12,3,vae,0.8019971556158301,0.004154077862312876,0.0038760388116648313,0.0031876553464747124,0.8224002651577048,1.4122235599516761,579.7,
0.0016,1.1,6.0,12,3,jump,0.8075776692769696,0.004154077862312876,0.0038760388116648313,0.0031876553464747124,0.8224002651577048,1.4122235599516761,23.9,
0.0016,1.1,6.0,12,3,kmeans,0.8083743075455934,0.004154077862312876,0.0038760388116648313,0.0031876553464747124,0.8224002651577048,1.4122235599516761,0.2,
0.0008,1.6,2.0,8,0,vae,0.5990792740174957,0.004770138560301502,0.004245528801286042,0.0015863405495212318,0.3736496968388726,1.6728206264261285,609.0,
0.0008,1.6,2.0,8,0,jump,0.6697020013055475,0.004770138560301502,0.004245528801286042,0.0015863405495212318,0.3736496968388726,1.6728206264261285,23.1,
0.0008,1.6,2.0,8,0,kmeans,0.505735647258849,0.004770138560301502,0.004245528801286042,0.0015863405495212318,0.3736496968388726,1.6728206264261285,0.2,
0.0008,1.6,2.0,8,1,vae,0.5881460907991278,0.004771092516165265,0.004253443162798938,0.0015732980601560758,0.3698881118046448,1.7152297617413286,600.5,
0.0008,1.6,2.0,8,1,jump,0.5142623142278985,0.004771092516165265,0.004253443162798938,0.0015732980601560758,0.3698881118046448,1.7152297617413286,23.9,
0.0008,1.6,2.0,8,1,kmeans,0.5003879749195963,0.004771092516165265,0.004253443162798938,0.0015732980601560758,0.3698881118046448,1.7152297617413286,0.2,
0.001,0.8,6.0,8,3,vae,0.7614983893586511,0.0032237200301906696,0.002769468661660863,0.001999594753947308,0.7220138583363287,2.8133558778078394,570.2,
0.001,0.8,6.0,8,3,jump,0.7712274105733236,0.0032237200301906696,0.002769468661660863,0.001999594753947308,0.7220138583363287,2.8133558778078394,23.2,
0.001,0.8,6.0,8,3,kmeans,0.7652704490283897,0.0032237200301906696,0.002769468661660863,0.001999594753947308,0.7220138583363287,2.8133558778078394,0.2,
0.0008,1.6,2.0,12,0,vae,0.5972318076225975,0.004928365311349621,0.004253413923733282,0.001584980728553352,0.3726373113393563,3.447967186512799,571.7,
0.0008,1.6,2.0,12,0,jump,0.509187406804223,0.004928365311349621,0.004253413923733282,0.001584980728553352,0.3726373113393563,3.447967186512799,22.5,
0.0008,1.6,2.0,12,0,kmeans,0.6493430060678815,0.004928365311349621,0.004253413923733282,0.001584980728553352,0.3726373113393563,3.447967186512799,0.2,
0.0011,1.6,2.0,20,2,vae,0.6361230419579968,0.005056906213175326,0.004342654773641009,0.0022151139166587674,0.5100828944782896,6.533318440937764,593.9,
0.0011,1.6,2.0,20,2,jump,0.5017962246786032,0.005056906213175326,0.004342654773641009,0.0022151139166587674,0.5100828944782896,6.533318440937764,23.8,
0.0011,1.6,2.0,20,2,kmeans,0.691165392843528,0.005056906213175326,0.004342654773641009,0.0022151139166587674,0.5100828944782896,6.533318440937764,0.4,
0.0016,0.8,2.0,20,2,vae,0.5280274041253571,0.007097885417572196,0.003794425873036868,0.0032107342792118384,0.8461713014417456,14.325118018021932,564.4,
0.0016,0.8,2.0,20,2,jump,0.5101506792285041,0.007097885417572196,0.003794425873036868,0.0032107342792118384,0.8461713014417456,14.325118018021932,22.9,
0.0016,0.8,2.0,20,2,kmeans,0.5024333637530053,0.007097885417572196,0.003794425873036868,0.0032107342792118384,0.8461713014417456,14.325118018021932,0.4,
0.002,1.1,2.75,20,5,vae,0.7912689820747353,0.005525646030579793,0.004402287778069054,0.003978223084355836,0.9036717463529332,8.477862651835045,555.2,
0.002,1.1,2.75,20,5,jump,0.7965399439271129,0.005525646030579793,0.004402287778069054,0.003978223084355836,0.9036717463529332,8.477862651835045,23.6,
0.002,1.1,2.75,20,5,kmeans,0.804652573518817,0.005525646030579793,0.004402287778069054,0.003978223084355836,0.9036717463529332,8.477862651835045,0.3,
0.0005,1.6,4.0,12,1,vae,0.5682254308822794,0.004384351391484317,0.00413142636060803,0.0009720147565087178,0.23527340721272458,1.202211214827468,600.4,
0.0005,1.6,4.0,12,1,jump,0.5143778937848884,0.004384351391484317,0.00413142636060803,0.0009720147565087178,0.23527340721272458,1.202211214827468,24.0,
0.0005,1.6,4.0,12,1,kmeans,0.5084001034893271,0.004384351391484317,0.00413142636060803,0.0009720147565087178,0.23527340721272458,1.202211214827468,0.5,
0.0008,1.6,4.0,8,3,vae,0.6587481356861938,0.00439545432206342,0.004170255160993994,0.001571313205866265,0.37679066273051204,0.6939887177907935,572.7,
0.0008,1.6,4.0,8,3,jump,0.7007823959185844,0.00439545432206342,0.004170255160993994,0.001571313205866265,0.37679066273051204,0.6939887177907935,22.9,
0.0008,1.6,4.0,8,3,kmeans,0.6599584550388977,0.00439545432206342,0.004170255160993994,0.001571313205866265,0.37679066273051204,0.6939887177907935,0.2,
0.0016,1.6,2.75,12,0,vae,0.771987790787356,0.004850348224990398,0.0044812089012122806,0.0031674067128979275,0.70681969591756,1.7652106809159793,595.2,
0.0016,1.6,2.75,12,0,jump,0.7739627136759522,0.004850348224990398,0.0044812089012122806,0.0031674067128979275,0.70681969591756,1.7652106809159793,26.0,
0.0016,1.6,2.75,12,0,kmeans,0.7764287749893835,0.004850348224990398,0.0044812089012122806,0.0031674067128979275,0.70681969591756,1.7652106809159793,0.4,
0.002,1.1,6.0,8,4,vae,0.8239622452493078,0.004310575783893089,0.004142305434237486,0.0039970758753320405,0.9649399202422215,0.8018907818847776,599.0,
0.002,1.1,6.0,8,4,jump,0.8134685897448982,0.004310575783893089,0.004142305434237486,0.0039970758753320405,0.9649399202422215,0.8018907818847776,23.8,
0.002,1.1,6.0,8,4,kmeans,0.8338382090087239,0.004310575783893089,0.004142305434237486,0.0039970758753320405,0.9649399202422215,0.8018907818847776,0.2,
0.0005,1.1,4.0,8,5,vae,0.5587359249432771,0.004199959596635586,0.003576827348362118,0.0010139564291033651,0.2834792765626976,2.230113861514308,582.0,
0.0005,1.1,4.0,8,5,jump,0.5299816399078089,0.004199959596635586,0.003576827348362118,0.0010139564291033651,0.2834792765626976,2.230113861514308,24.6,
0.0005,1.1,4.0,8,5,kmeans,0.5098246425481529,0.004199959596635586,0.003576827348362118,0.0010139564291033651,0.2834792765626976,2.230113861514308,0.2,
0.0012,1.6,2.75,8,3,vae,0.7130717955042883,0.004672663788065612,0.004352633837035287,0.00244273667916439,0.5612088612600166,1.115152369611872,599.1,
0.0012,1.6,2.75,8,3,jump,0.7541394646326457,0.004672663788065612,0.004352633837035287,0.00244273667916439,0.5612088612600166,1.115152369611872,26.0,
0.0012,1.6,2.75,8,3,kmeans,0.7174498810880938,0.004672663788065612,0.004352633837035287,0.00244273667916439,0.5612088612600166,1.115152369611872,0.4,
0.002,1.6,4.0,8,1,vae,0.8077787303019373,0.0047692790019793155,0.004630547619469139,0.003972416878657946,0.8578719419612312,0.5496383839184404,617.2,
0.002,1.6,4.0,8,1,jump,0.803436827963081,0.0047692790019793155,0.004630547619469139,0.003972416878657946,0.8578719419612312,0.5496383839184404,22.5,
0.002,1.6,4.0,8,1,kmeans,0.8097373245459654,0.0047692790019793155,0.004630547619469139,0.003972416878657946,0.8578719419612312,0.5496383839184404,0.2,
0.001,0.8,2.0,8,0,vae,0.6655206770087183,0.005144892318269811,0.0032941069647407636,0.002013122082997854,0.6111283284197423,3.876857792975188,576.7,
0.001,0.8,2.0,8,0,jump,0.6705746338578249,0.005144892318269811,0.0032941069647407636,0.002013122082997854,0.6111283284197423,3.876857792975188,23.3,
0.001,0.8,2.0,8,0,kmeans,0.5081863223560951,0.005144892318269811,0.0032941069647407636,0.002013122082997854,0.6111283284197423,3.876857792975188,0.6,
0.0014,0.8,6.0,20,3,vae,0.8220701567227318,0.0034041055697935267,0.0030201788820793138,0.0028000513905810046,0.9271144193463279,4.914626302731532,583.7,
0.0014,0.8,6.0,20,3,jump,0.823313863781125,0.0034041055697935267,0.0030201788820793138,0.0028000513905810046,0.9271144193463279,4.914626302731532,25.6,
0.0014,0.8,6.0,20,3,kmeans,0.8286603330302469,0.0034041055697935267,0.0030201788820793138,0.0028000513905810046,0.9271144193463279,4.914626302731532,0.4,
0.0005,1.6,2.75,12,5,vae,0.5683775349190766,0.004576055489434008,0.004167628025563514,0.0010639252116985652,0.2552831503129912,2.1528306894041345,598.0,
0.0005,1.6,2.75,12,5,jump,0.5028321418805421,0.004576055489434008,0.004167628025563514,0.0010639252116985652,0.2552831503129912,2.1528306894041345,25.3,
0.0005,1.6,2.75,12,5,kmeans,0.6152842244093808,0.004576055489434008,0.004167628025563514,0.0010639252116985652,0.2552831503129912,2.1528306894041345,0.5,
0.001,0.8,2.0,12,4,vae,0.65791949397245,0.005933793615218755,0.0033304999657614914,0.0020262789498870608,0.6084008319224735,7.534481650818567,568.5,
0.001,0.8,2.0,12,4,jump,0.5246216894462072,0.005933793615218755,0.0033304999657614914,0.0020262789498870608,0.6084008319224735,7.534481650818567,24.6,
0.001,0.8,2.0,12,4,kmeans,0.5027746549489243,0.005933793615218755,0.0033304999657614914,0.0020262789498870608,0.6084008319224735,7.534481650818567,0.2,
0.0005,1.1,2.75,12,5,vae,0.5294967817006171,0.004950000184248581,0.0037044303433140776,0.0009789374048365183,0.2642612531784674,5.5409112715656,582.7,
0.0005,1.1,2.75,12,5,jump,0.5001047043973926,0.004950000184248581,0.0037044303433140776,0.0009789374048365183,0.2642612531784674,5.5409112715656,23.9,
0.0005,1.1,2.75,12,5,kmeans,0.5075493231357013,0.004950000184248581,0.0037044303433140776,0.0009789374048365183,0.2642612531784674,5.5409112715656,0.2,
0.0016,1.1,2.0,12,1,vae,0.7071536492038983,0.0058771407955766665,0.004276254339423774,0.0031941874961806,0.7469591943427334,5.262661625717332,595.9,
0.0016,1.1,2.0,12,1,jump,0.7314858873628992,0.0058771407955766665,0.004276254339423774,0.0031941874961806,0.7469591943427334,5.262661625717332,24.3,
0.0016,1.1,2.0,12,1,kmeans,0.7460955705865675,0.0058771407955766665,0.004276254339423774,0.0031941874961806,0.7469591943427334,5.262661625717332,0.4,
0.0014,1.6,2.0,12,3,vae,0.7484261011503677,0.005044685024117354,0.004472345482840367,0.0027996650659192946,0.6259948111480064,2.91646010579331,569.3,
0.0014,1.6,2.0,12,3,jump,0.7709448568492605,0.005044685024117354,0.004472345482840367,0.0027996650659192946,0.6259948111480064,2.91646010579331,25.3,
0.0014,1.6,2.0,12,3,kmeans,0.7509462019712245,0.005044685024117354,0.004472345482840367,0.0027996650659192946,0.6259948111480064,2.91646010579331,0.2,
0.001,1.1,2.0,12,2,vae,0.5414261501036558,0.00571805685698879,0.003949791747520859,0.002000301987386398,0.5064322666231491,5.946191652691461,596.2,
0.001,1.1,2.0,12,2,jump,0.5208546506792335,0.00571805685698879,0.003949791747520859,0.002000301987386398,0.5064322666231491,5.946191652691461,25.3,
0.001,1.1,2.0,12,2,kmeans,0.5071999590470954,0.00571805685698879,0.003949791747520859,0.002000301987386398,0.5064322666231491,5.946191652691461,0.3,
0.0011,0.8,6.0,12,4,vae,0.7769529046991079,0.0032272530538121477,0.0028083912112315344,0.00218800586438115,0.779095823840606,2.7518813410901597,569.2,
0.0011,0.8,6.0,12,4,jump,0.7789248595547495,0.0032272530538121477,0.0028083912112315344,0.00218800586438115,0.779095823840606,2.7518813410901597,24.5,
0.0011,0.8,6.0,12,4,kmeans,0.7880977615730876,0.0032272530538121477,0.0028083912112315344,0.00218800586438115,0.779095823840606,2.7518813410901597,0.2,
0.0014,1.6,6.0,12,2,vae,0.764780233995369,0.004428519983377574,0.004307530817151099,0.0028042586207214074,0.6510130141276805,0.3969837215415577,573.4,
0.0014,1.6,6.0,12,2,jump,0.7692506677472506,0.004428519983377574,0.004307530817151099,0.0028042586207214074,0.6510130141276805,0.3969837215415577,24.0,
0.0014,1.6,6.0,12,2,kmeans,0.7672675989412605,0.004428519983377574,0.004307530817151099,0.0028042586207214074,0.6510130141276805,0.3969837215415577,0.2,
0.001,1.1,2.75,12,5,vae,0.6134414910546583,0.00502467859989329,0.0038457003002512658,0.001978937404836518,0.5145844060462071,5.215372638594285,594.0,
0.001,1.1,2.75,12,5,jump,0.500607493632884,0.00502467859989329,0.0038457003002512658,0.001978937404836518,0.5145844060462071,5.215372638594285,24.1,
0.001,1.1,2.75,12,5,kmeans,0.5149671253807943,0.00502467859989329,0.0038457003002512658,0.001978937404836518,0.5145844060462071,5.215372638594285,0.6,
0.002,1.1,4.0,8,3,vae,0.8176184459402973,0.004634112959863685,0.004244945549309251,0.003999264887005323,0.9421239543711213,1.449686623876679,584.6,
0.002,1.1,4.0,8,3,jump,0.8326013741474368,0.004634112959863685,0.004244945549309251,0.003999264887005323,0.9421239543711213,1.449686623876679,22.6,
0.002,1.1,4.0,8,3,kmeans,0.8278461196496001,0.004634112959863685,0.004244945549309251,0.003999264887005323,0.9421239543711213,1.449686623876679,0.2,
0.0012,1.6,4.0,20,4,vae,0.7311011520787034,0.004538746588286556,0.004300887541551024,0.002429885153147189,0.5649729572494012,0.8862854807802134,593.0,
0.0012,1.6,4.0,20,4,jump,0.7372554963088582,0.004538746588286556,0.004300887541551024,0.002429885153147189,0.5649729572494012,0.8862854807802134,24.9,
0.0012,1.6,4.0,20,4,kmeans,0.7314876384205646,0.004538746588286556,0.004300887541551024,0.002429885153147189,0.5649729572494012,0.8862854807802134,0.6,
0.002,1.1,2.0,8,4,vae,0.7927299043411784,0.005524088570641056,0.00455664988865086,0.004064362983180249,0.8919629733465505,2.267693936469887,616.2,
0.002,1.1,2.0,8,4,jump,0.7900455822948151,0.005524088570641056,0.00455664988865086,0.004064362983180249,0.8919629733465505,2.267693936469887,23.6,
0.002,1.1,2.0,8,4,kmeans,0.8067175660753965,0.005524088570641056,0.00455664988865086,0.004064362983180249,0.8919629733465505,2.267693936469887,0.2,
0.001,1.1,2.0,12,0,vae,0.5474230493861825,0.005758962949277117,0.003992020297069208,0.0019803270659867664,0.4960713920820113,5.934035799381199,565.9,
0.001,1.1,2.0,12,0,jump,0.5094894888483896,0.005758962949277117,0.003992020297069208,0.0019803270659867664,0.4960713920820113,5.934035799381199,22.5,
0.001,1.1,2.0,12,0,kmeans,0.5093508978562429,0.005758962949277117,0.003992020297069208,0.0019803270659867664,0.4960713920820113,5.934035799381199,0.5,
0.001,1.1,2.75,20,5,vae,0.6262814681541735,0.005249429742003286,0.0038528003426530166,0.001978223084355836,0.5134507133566238,10.510171489216328,593.7,
0.001,1.1,2.75,20,5,jump,0.5005715915516679,0.005249429742003286,0.0038528003426530166,0.001978223084355836,0.5134507133566238,10.510171489216328,22.7,
0.001,1.1,2.75,20,5,kmeans,0.6821051619588111,0.005249429742003286,0.0038528003426530166,0.001978223084355836,0.5134507133566238,10.510171489216328,0.3,
0.0012,0.8,2.75,12,4,vae,0.7075320790867964,0.004855349679316534,0.0032138177941349747,0.002389595065658597,0.7435378166178136,8.164961927100915,580.7,
0.0012,0.8,2.75,12,4,jump,0.5116557660828488,0.004855349679316534,0.0032138177941349747,0.002389595065658597,0.7435378166178136,8.164961927100915,23.3,
0.0012,0.8,2.75,12,4,kmeans,0.5197529881399743,0.004855349679316534,0.0032138177941349747,0.002389595065658597,0.7435378166178136,8.164961927100915,0.3,
0.001,1.6,2.0,20,2,vae,0.6094936737152523,0.005036010433755728,0.004314868412861245,0.002015113916658768,0.4670163082267716,6.645219195189036,575.1,
0.001,1.6,2.0,20,2,jump,0.5017962246786032,0.005036010433755728,0.004314868412861245,0.002015113916658768,0.4670163082267716,6.645219195189036,20.9,
0.001,1.6,2.0,20,2,kmeans,0.6740433946185871,0.005036010433755728,0.004314868412861245,0.002015113916658768,0.4670163082267716,6.645219195189036,0.2,
0.0012,0.8,2.0,20,5,vae,0.5028971818827452,0.007059648627547349,0.0035141749101423973,0.002397001894275003,0.6820952159657513,15.160013281711592,596.8,
0.0012,0.8,2.0,20,5,jump,0.5118728622852199,0.007059648627547349,0.0035141749101423973,0.002397001894275003,0.6820952159657513,15.160013281711592,24.2,
0.0012,0.8,2.0,20,5,kmeans,0.5152724731819058,0.007059648627547349,0.0035141749101423973,0.002397001894275003,0.6820952159657513,15.160013281711592,0.4,
0.0012,1.1,4.0,12,1,vae,0.7161478838430655,0.004417962415986592,0.00378460278836785,0.0023952806609987888,0.6329014681172866,3.3835500911224674,602.5,
0.0012,1.1,4.0,12,1,jump,0.7232909846114604,0.004417962415986592,0.00378460278836785,0.0023952806609987888,0.6329014681172866,3.3835500911224674,24.9,
0.0012,1.1,4.0,12,1,kmeans,0.7284988081508521,0.004417962415986592,0.00378460278836785,0.0023952806609987888,0.6329014681172866,3.3835500911224674,0.2,
0.0008,1.1,2.0,20,2,vae,0.5172472659921058,0.006288804159771409,0.0038963048963702607,0.0015982815075508787,0.4102044244637564,13.608182979587639,578.5,
0.0008,1.1,2.0,20,2,jump,0.5023552920284009,0.006288804159771409,0.0038963048963702607,0.0015982815075508787,0.4102044244637564,13.608182979587639,24.7,
0.0008,1.1,2.0,20,2,kmeans,0.5005696325831838,0.006288804159771409,0.0038963048963702607,0.0015982815075508787,0.4102044244637564,13.608182979587639,0.5,
0.0005,1.1,4.0,12,5,vae,0.5740551869021523,0.004284947007612821,0.0035803617658188977,0.0010150414595280445,0.2835024854802305,3.58035408723965,575.7,
0.0005,1.1,4.0,12,5,jump,0.5034675326712942,0.004284947007612821,0.0035803617658188977,0.0010150414595280445,0.2835024854802305,3.58035408723965,24.0,
0.0005,1.1,4.0,12,5,kmeans,0.5180435374973023,0.004284947007612821,0.0035803617658188977,0.0010150414595280445,0.2835024854802305,3.58035408723965,0.2,
0.001,1.1,4.0,12,4,vae,0.7043152852036266,0.0043893771354283845,0.0037169666396904655,0.0020117202539470776,0.5412263409807213,3.3359323556509146,605.1,
0.001,1.1,4.0,12,4,jump,0.7077863279851213,0.0043893771354283845,0.0037169666396904655,0.0020117202539470776,0.5412263409807213,3.3359323556509146,23.8,
0.001,1.1,4.0,12,4,kmeans,0.7011514523365463,0.0043893771354283845,0.0037169666396904655,0.0020117202539470776,0.5412263409807213,3.3359323556509146,0.4,
0.0005,1.6,2.75,12,1,vae,0.5629077607400318,0.004624307667945974,0.004193228128666141,0.0009756793123916769,0.2326797594725758,2.1988314060465495,579.0,
0.0005,1.6,2.75,12,1,jump,0.5055985798922327,0.004624307667945974,0.004193228128666141,0.0009756793123916769,0.2326797594725758,2.1988314060465495,24.5,
0.0005,1.6,2.75,12,1,kmeans,0.5143873036336895,0.004624307667945974,0.004193228128666141,0.0009756793123916769,0.2326797594725758,2.1988314060465495,0.3,
0.0008,0.8,2.75,20,2,vae,0.5759249771827459,0.00509998805744001,0.0029998438250099057,0.0016100598029834118,0.5367145414572024,16.81529736278612,600.6,
0.0008,0.8,2.75,20,2,jump,0.5054434152450428,0.00509998805744001,0.0029998438250099057,0.0016100598029834118,0.5367145414572024,16.81529736278612,23.9,
0.0008,0.8,2.75,20,2,kmeans,0.5154058103143498,0.00509998805744001,0.0029998438250099057,0.0016100598029834118,0.5367145414572024,16.81529736278612,0.6,
0.0008,0.8,4.0,20,3,vae,0.7010601427744019,0.003805924048911977,0.002803246625193156,0.0015829130492895213,0.5646713475238561,9.619221153168722,612.7,
0.0008,0.8,4.0,20,3,jump,0.5008593178276849,0.003805924048911977,0.002803246625193156,0.0015829130492895213,0.5646713475238561,9.619221153168722,24.4,
0.0008,0.8,4.0,20,3,kmeans,0.7037381992886715,0.003805924048911977,0.002803246625193156,0.0015829130492895213,0.5646713475238561,9.619221153168722,0.4,
0.0012,0.8,4.0,8,5,vae,0.724022382726272,0.0037928579386647403,0.0030259060601780605,0.0024063773319980483,0.795258439667636,3.7545956192901597,560.6,
0.0012,0.8,4.0,8,5,jump,0.7603784231453713,0.0037928579386647403,0.0030259060601780605,0.0024063773319980483,0.795258439667636,3.7545956192901597,24.7,
0.0012,0.8,4.0,8,5,kmeans,0.7704067509681154,0.0037928579386647403,0.0030259060601780605,0.0024063773319980483,0.795258439667636,3.7545956192901597,0.5,
0.0012,1.6,6.0,20,3,vae,0.7289384363954593,0.004399670830058912,0.004263648302785501,0.0024108093153214294,0.5654334373091735,0.44339925400383606,600.8,
0.0012,1.6,6.0,20,3,jump,0.7659250042831198,0.004399670830058912,0.004263648302785501,0.0024108093153214294,0.5654334373091735,0.44339925400383606,23.8,
0.0012,1.6,6.0,20,3,kmeans,0.7421807475393141,0.004399670830058912,0.004263648302785501,0.0024108093153214294,0.5654334373091735,0.44339925400383606,0.5,
0.0008,0.8,6.0,20,5,vae,0.6762846621185894,0.0031798983330470084,0.0026839812078072144,0.0015938921166873126,0.5938536797690571,3.728931187271466,599.2,
0.0008,0.8,6.0,20,5,jump,0.7360113564246554,0.0031798983330470084,0.0026839812078072144,0.0015938921166873126,0.5938536797690571,3.728931187271466,24.5,
0.0008,0.8,6.0,20,5,kmeans,0.7199658477950279,0.0031798983330470084,0.0026839812078072144,0.0015938921166873126,0.5938536797690571,3.728931187271466,0.2,
0.0005,0.8,2.0,20,2,vae,0.5036437954914424,0.0069301137394210816,0.0031416360727297647,0.0010107342792118382,0.32172226693768896,15.701367688810372,574.9,
0.0005,0.8,2.0,20,2,jump,0.5049350540153432,0.0069301137394210816,0.0031416360727297647,0.0010107342792118382,0.32172226693768896,15.701367688810372,21.8,
0.0005,0.8,2.0,20,2,kmeans,0.5002413053304348,0.0069301137394210816,0.0031416360727297647,0.0010107342792118382,0.32172226693768896,15.701367688810372,0.5,
0.0012,1.1,2.0,12,0,vae,0.5690111611992361,0.0057964440483011526,0.0040759349889950575,0.002380327065986766,0.583995346445319,5.782032202246636,611.7,
0.0012,1.1,2.0,12,0,jump,0.5130720912555882,0.0057964440483011526,0.0040759349889950575,0.002380327065986766,0.583995346445319,5.782032202246636,23.8,
0.0012,1.1,2.0,12,0,kmeans,0.5105574153013559,0.0057964440483011526,0.0040759349889950575,0.002380327065986766,0.583995346445319,5.782032202246636,0.3,
0.0012,1.1,4.0,8,0,vae,0.724638021006867,0.004362639376812224,0.003787514045220919,0.0023897258992465016,0.6309483927226237,2.0688073070929587,606.1,
0.0012,1.1,4.0,8,0,jump,0.7614641741409947,0.004362639376812224,0.003787514045220919,0.0023897258992465016,0.6309483927226237,2.0688073070929587,26.0,
0.0012,1.1,4.0,8,0,kmeans,0.7426229020786688,0.004362639376812224,0.003787514045220919,0.0023897258992465016,0.6309483927226237,2.0688073070929587,0.3,
0.002,1.6,6.0,12,3,vae,0.8242499012288719,0.0046813068913926755,0.004604302931950438,0.004010809315321429,0.8711002239860014,0.2838482086000673,577.4,
0.002,1.6,6.0,12,3,jump,0.8291397280089683,0.0046813068913926755,0.004604302931950438,0.004010809315321429,0.8711002239860014,0.2838482086000673,23.3,
0.002,1.6,6.0,12,3,kmeans,0.8286775376128428,0.0046813068913926755,0.004604302931950438,0.004010809315321429,0.8711002239860014,0.2838482086000673,0.2,
0.001,1.6,4.0,12,1,vae,0.6793498321750215,0.004467758403908739,0.004228041743309527,0.0019720147565087174,0.4664132655807485,1.1165829661128441,587.2,
0.001,1.6,4.0,12,1,jump,0.7062622648824712,0.004467758403908739,0.004228041743309527,0.0019720147565087174,0.4664132655807485,1.1165829661128441,23.5,
0.001,1.6,4.0,12,1,kmeans,0.6920206313111084,0.004467758403908739,0.004228041743309527,0.0019720147565087174,0.4664132655807485,1.1165829661128441,0.2,
0.002,1.1,2.0,8,3,vae,0.8038726754335666,0.005485815523101973,0.0045389371124595086,0.004045685672341086,0.8913288666713549,2.314808052173844,590.0,
0.002,1.1,2.0,8,3,jump,0.8174301969626281,0.005485815523101973,0.0045389371124595086,0.004045685672341086,0.8913288666713549,2.314808052173844,24.8,
0.002,1.1,2.0,8,3,kmeans,0.808924914274512,0.005485815523101973,0.0045389371124595086,0.004045685672341086,0.8913288666713549,2.314808052173844,0.3,
0.0016,1.1,4.0,20,1,vae,0.7571111668131472,0.004588432735294855,0.0039858164749078055,0.003195232840480709,0.8016507685679675,4.881949081244262,583.3,
0.0016,1.1,4.0,20,1,jump,0.7742034843134319,0.004588432735294855,0.0039858164749078055,0.003195232840480709,0.8016507685679675,4.881949081244262,24.8,
0.0016,1.1,4.0,20,1,kmeans,0.7791851413114664,0.004588432735294855,0.0039858164749078055,0.003195232840480709,0.8016507685679675,4.881949081244262,0.3,
0.0008,1.1,2.75,20,4,vae,0.6275217618446067,0.005163257474137271,0.003774886921980381,0.0016231543158958693,0.4299875332541962,9.74345419522095,612.5,
0.0008,1.1,2.75,20,4,jump,0.502023905279888,0.005163257474137271,0.003774886921980381,0.0016231543158958693,0.4299875332541962,9.74345419522095,23.5,
0.0008,1.1,2.75,20,4,kmeans,0.5191300633302888,0.005163257474137271,0.003774886921980381,0.0016231543158958693,0.4299875332541962,9.74345419522095,0.4,
0.0005,1.6,4.0,20,0,vae,0.5793569810138994,0.004417892481716139,0.004148796531747592,0.0010068086021912748,0.24267485630759006,1.6247625134773074,565.1,
0.0005,1.6,4.0,20,0,jump,0.5018741471741999,0.004417892481716139,0.004148796531747592,0.0010068086021912748,0.24267485630759006,1.6247625134773074,22.5,
0.0005,1.6,4.0,20,0,kmeans,0.5445766093959621,0.004417892481716139,0.004148796531747592,0.0010068086021912748,0.24267485630759006,1.6247625134773074,0.4,
0.0008,1.1,4.0,12,1,vae,0.6135844089100673,0.0043273508385533645,0.003636793914456451,0.0015952806609987893,0.4386502778333034,3.6806384066749036,622.2,
0.0008,1.1,4.0,12,1,jump,0.5016827120847102,0.0043273508385533645,0.003636793914456451,0.0015952806609987893,0.4386502778333034,3.6806384066749036,24.7,
0.0008,1.1,4.0,12,1,kmeans,0.6630420189219304,0.0043273508385533645,0.003636793914456451,0.0015952806609987893,0.4386502778333034,3.6806384066749036,0.2,
0.0016,1.6,6.0,20,2,vae,0.7892953455341829,0.0044971391928169124,0.00439020404508789,0.0032042292332305623,0.7298588403460904,0.4167755152919912,600.2,
0.0016,1.6,6.0,20,2,jump,0.7861087951432847,0.0044971391928169124,0.00439020404508789,0.0032042292332305623,0.7298588403460904,0.4167755152919912,23.7,
0.0016,1.6,6.0,20,2,kmeans,0.7906930264089533,0.0044971391928169124,0.00439020404508789,0.0032042292332305623,0.7298588403460904,0.4167755152919912,0.3,
0.0012,1.6,2.0,8,4,vae,0.7121973412509301,0.00484592014635381,0.00438068288774718,0.0024026081894745898,0.548455172638657,1.470913701846385,583.5,
0.0012,1.6,2.0,8,4,jump,0.7314956831318693,0.00484592014635381,0.00438068288774718,0.0024026081894745898,0.548455172638657,1.470913701846385,22.7,
0.0012,1.6,2.0,8,4,kmeans,0.7121481324322776,0.00484592014635381,0.00438068288774718,0.0024026081894745898,0.548455172638657,1.470913701846385,0.5,
0.002,1.6,2.0,20,4,vae,0.7963050681000822,0.005381898478591827,0.004747897050565414,0.004003778856056883,0.8432741513593021,6.035217790597411,609.6,
0.002,1.6,2.0,20,4,jump,0.7959840300873804,0.005381898478591827,0.004747897050565414,0.004003778856056883,0.8432741513593021,6.035217790597411,26.1,
0.002,1.6,2.0,20,4,kmeans,0.8068002044717468,0.005381898478591827,0.004747897050565414,0.004003778856056883,0.8432741513593021,6.035217790597411,0.3,
0.001,0.8,2.0,20,4,vae,0.517006109457943,0.00694010527601937,0.0033559594040251345,0.0020232248917752015,0.6028752580703294,15.577146821456104,605.8,
0.001,0.8,2.0,20,4,jump,0.5036649063157347,0.00694010527601937,0.0033559594040251345,0.0020232248917752015,0.6028752580703294,15.577146821456104,24.4,
0.001,0.8,2.0,20,4,kmeans,0.502767951022837,0.00694010527601937,0.0033559594040251345,0.0020232248917752015,0.6028752580703294,15.577146821456104,0.2,
0.0008,1.6,4.0,12,1,vae,0.6223744783449464,0.004427815958817939,0.0041882671386826035,0.0015720147565087177,0.37533774815595605,1.1578207810319023,573.0,
0.0008,1.6,4.0,12,1,jump,0.6733799659626609,0.004427815958817939,0.0041882671386826035,0.0015720147565087177,0.37533774815595605,1.1578207810319023,24.2,
0.0008,1.6,4.0,12,1,kmeans,0.6565909047272969,0.004427815958817939,0.0041882671386826035,0.0015720147565087177,0.37533774815595605,1.1578207810319023,0.3,
0.002,1.6,2.0,8,4,vae,0.7857222904021511,0.0051021270501150386,0.004730558114664915,0.00400260818947459,0.8461175388727069,1.1569213022280103,601.5,
0.002,1.6,2.0,8,4,jump,0.798476359695292,0.0051021270501150386,0.004730558114664915,0.00400260818947459,0.8461175388727069,1.1569213022280103,24.4,
0.002,1.6,2.0,8,4,kmeans,0.8027002233588079,0.0051021270501150386,0.004730558114664915,0.00400260818947459,0.8461175388727069,1.1569213022280103,0.1,
0.001,1.6,2.0,20,4,vae,0.687972614281828,0.005096543499247069,0.0043344109048194645,0.0020037788560568833,0.4622955460519136,7.513175979448064,585.4,
0.001,1.6,2.0,20,4,jump,0.5021628566553716,0.005096543499247069,0.0043344109048194645,0.0020037788560568833,0.4622955460519136,7.513175979448064,25.2,
0.001,1.6,2.0,20,4,kmeans,0.6884972015010871,0.005096543499247069,0.0043344109048194645,0.0020037788560568833,0.4622955460519136,7.513175979448064,0.2,
0.001,1.6,4.0,8,0,vae,0.6866498033870665,0.004473134513414806,0.004256437644445315,0.002006986419407004,0.4715178717644642,0.676873166472503,578.5,
0.001,1.6,4.0,8,0,jump,0.7250280885980744,0.004473134513414806,0.004256437644445315,0.002006986419407004,0.4715178717644642,0.676873166472503,24.5,
0.001,1.6,4.0,8,0,kmeans,0.708821305895795,0.004473134513414806,0.004256437644445315,0.002006986419407004,0.4715178717644642,0.676873166472503,0.3,
0.0012,1.6,2.75,8,1,vae,0.7109536923281197,0.0046843097474186714,0.004351960417804516,0.0023755165905747187,0.545849769417968,1.1516701735956447,617.6,
0.0012,1.6,2.75,8,1,jump,0.7395194269655211,0.0046843097474186714,0.004351960417804516,0.0023755165905747187,0.545849769417968,1.1516701735956447,26.6,
0.0012,1.6,2.75,8,1,kmeans,0.7216853822606251,0.0046843097474186714,0.004351960417804516,0.0023755165905747187,0.545849769417968,1.1516701735956447,0.3,
0.0008,1.6,6.0,12,1,vae,0.601661535172459,0.004280087325372393,0.004156607932257055,0.0015694834875571327,0.3775875697530358,0.4394346654205026,570.0,
0.0008,1.6,6.0,12,1,jump,0.6657203390335006,0.004280087325372393,0.004156607932257055,0.0015694834875571327,0.3775875697530358,0.4394346654205026,23.0,
0.0008,1.6,6.0,12,1,kmeans,0.6542625849674079,0.004280087325372393,0.004156607932257055,0.0015694834875571327,0.3775875697530358,0.4394346654205026,0.4,
0.0014,1.6,6.0,20,4,vae,0.7654019600038566,0.004463563778871616,0.004343537822962332,0.0028232304037711015,0.6499840726253037,0.4085018796894566,563.4,
0.0014,1.6,6.0,20,4,jump,0.7736545630583095,0.004463563778871616,0.004343537822962332,0.0028232304037711015,0.6499840726253037,0.4085018796894566,23.3,
0.0014,1.6,6.0,20,4,kmeans,0.7704597220316105,0.004463563778871616,0.004343537822962332,0.0028232304037711015,0.6499840726253037,0.4085018796894566,0.3,
0.001,1.1,4.0,20,1,vae,0.6763426676131944,0.004416391803463136,0.0037057395930380987,0.0019952328404807093,0.5384169044768053,5.693529223012073,620.8,
0.001,1.1,4.0,20,1,jump,0.5025768378187596,0.004416391803463136,0.0037057395930380987,0.0019952328404807093,0.5384169044768053,5.693529223012073,24.7,
0.001,1.1,4.0,20,1,kmeans,0.6948884190534541,0.004416391803463136,0.0037057395930380987,0.0019952328404807093,0.5384169044768053,5.693529223012073,0.5,
0.0008,1.6,6.0,12,5,vae,0.6259571887093438,0.004302650060707048,0.004193163092602021,0.001592314014584738,0.3797405394018779,0.47513556162319004,596.6,
0.0008,1.6,6.0,12,5,jump,0.677228322507475,0.004302650060707048,0.004193163092602021,0.001592314014584738,0.3797405394018779,0.47513556162319004,23.8,
0.0008,1.6,6.0,12,5,kmeans,0.6550647310121618,0.004302650060707048,0.004193163092602021,0.001592314014584738,0.3797405394018779,0.47513556162319004,0.5,
0.0011,1.6,4.0,8,1,vae,0.6873990198409339,0.004469510992132721,0.004253959096678716,0.0021724168786579467,0.5106811864632324,0.7725506858520985,601.1,
0.0011,1.6,4.0,8,1,jump,0.7204628923237855,0.004469510992132721,0.004253959096678716,0.0021724168786579467,0.5106811864632324,0.7725506858520985,23.8,
0.0011,1.6,4.0,8,1,kmeans,0.7050639123834122,0.004469510992132721,0.004253959096678716,0.0021724168786579467,0.5106811864632324,0.7725506858520985,0.3,
0.0012,1.1,4.0,8,3,vae,0.7384114518188167,0.004348075776344442,0.003786119703848416,0.002399264887005323,0.6337002194005068,1.9454937089759836,601.0,
0.0012,1.1,4.0,8,3,jump,0.7591992642767692,0.004348075776344442,0.003786119703848416,0.002399264887005323,0.6337002194005068,1.9454937089759836,25.5,
0.0012,1.1,4.0,8,3,kmeans,0.7410884768592756,0.004348075776344442,0.003786119703848416,0.002399264887005323,0.6337002194005068,1.9454937089759836,0.2,
0.002,1.6,2.0,8,0,vae,0.785805678352111,0.005109432166760282,0.004715747244218393,0.003986340549521232,0.8453253202678687,1.2205415526251517,611.9,
0.002,1.6,2.0,8,0,jump,0.8070856256636244,0.005109432166760282,0.004715747244218393,0.003986340549521232,0.8453253202678687,1.2205415526251517,27.2,
0.002,1.6,2.0,8,0,kmeans,0.8016545364492709,0.005109432166760282,0.004715747244218393,0.003986340549521232,0.8453253202678687,1.2205415526251517,0.4,
0.0012,0.8,6.0,8,2,vae,0.7740775093721821,0.003295741260520216,0.002881553091438238,0.002390571326181308,0.8296121051124303,2.560194557350843,574.0,
0.0012,0.8,6.0,8,2,jump,0.7915329399626438,0.003295741260520216,0.002881553091438238,0.002390571326181308,0.8296121051124303,2.560194557350843,23.7,
0.0012,0.8,6.0,8,2,kmeans,0.7959461974515016,0.003295741260520216,0.002881553091438238,0.002390571326181308,0.8296121051124303,2.560194557350843,0.3,
0.0005,0.8,4.0,8,5,vae,0.560670754941119,0.003632302181229273,0.0026933170664978513,0.0010063773319980486,0.3736572067642417,4.495696330404131,574.0,
0.0005,0.8,4.0,8,5,jump,0.5044627847911579,0.003632302181229273,0.0026933170664978513,0.0010063773319980486,0.3736572067642417,4.495696330404131,22.5,
0.0005,0.8,4.0,8,5,kmeans,0.5152540618582053,0.003632302181229273,0.0026933170664978513,0.0010063773319980486,0.3736572067642417,4.495696330404131,0.5,
0.001,1.6,6.0,8,0,vae,0.6825323148805349,0.0043549698859653265,0.004225180905258382,0.0019686580456895184,0.46593461672598585,0.443806675856238,585.6,
0.001,1.6,6.0,8,0,jump,0.7072879664113099,0.0043549698859653265,0.004225180905258382,0.0019686580456895184,0.46593461672598585,0.443806675856238,23.2,
0.001,1.6,6.0,8,0,kmeans,0.7061878269439636,0.0043549698859653265,0.004225180905258382,0.0019686580456895184,0.46593461672598585,0.443806675856238,0.7,
0.0005,1.1,2.75,8,4,vae,0.5719109539310602,0.004659716616889011,0.003670288250529402,0.0010219867313250443,0.27844862898101613,2.857792355211763,587.8,
0.0005,1.1,2.75,8,4,jump,0.5079438322259048,0.004659716616889011,0.003670288250529402,0.0010219867313250443,0.27844862898101613,2.857792355211763,25.7,
0.0005,1.1,2.75,8,4,kmeans,0.504022135523448,0.004659716616889011,0.003670288250529402,0.0010219867313250443,0.27844862898101613,2.857792355211763,0.3,
0.001,1.6,2.75,8,5,vae,0.6816503222141745,0.004593869695685176,0.004284455438244106,0.0020651348638215097,0.4820063818117015,1.0821075867217482,547.6,
0.001,1.6,2.75,8,5,jump,0.7196091083860218,0.004593869695685176,0.004284455438244106,0.0020651348638215097,0.4820063818117015,1.0821075867217482,21.5,
0.001,1.6,2.75,8,5,kmeans,0.6994466276538722,0.004593869695685176,0.004284455438244106,0.0020651348638215097,0.4820063818117015,1.0821075867217482,0.2,
0.002,1.6,4.0,12,0,vae,0.8216206479579815,0.0048166437687648216,0.004664779418706053,0.004006808602191275,0.8589492112153739,0.6798734608911512,564.0,
0.002,1.6,4.0,12,0,jump,0.8173810000978495,0.0048166437687648216,0.004664779418706053,0.004006808602191275,0.8589492112153739,0.6798734608911512,25.2,
0.002,1.6,4.0,12,0,kmeans,0.8273764883750684,0.0048166437687648216,0.004664779418706053,0.004006808602191275,0.8589492112153739,0.6798734608911512,0.2,
0.002,0.8,6.0,8,4,vae,0.8637080820011431,0.003624808946980808,0.0035150577792941525,0.003988510268716968,1.1346926620130517,1.3421434972251474,610.8,
0.002,0.8,6.0,8,4,jump,0.8375460004396975,0.003624808946980808,0.0035150577792941525,0.003988510268716968,1.1346926620130517,1.3421434972251474,24.2,
0.002,0.8,6.0,8,4,kmeans,0.8691782655594422,0.003624808946980808,0.0035150577792941525,0.003988510268716968,1.1346926620130517,1.3421434972251474,0.2,
0.0011,1.6,6.0,8,4,vae,0.727670182765835,0.004373155028891636,0.004244603907372816,0.002223113617527189,0.5237505468215002,0.3835604976973581,594.3,
0.0011,1.6,6.0,8,4,jump,0.732678345746403,0.004373155028891636,0.004244603907372816,0.002223113617527189,0.5237505468215002,0.3835604976973581,24.1,
0.0011,1.6,6.0,8,4,kmeans,0.7237582117591346,0.004373155028891636,0.004244603907372816,0.002223113617527189,0.5237505468215002,0.3835604976973581,0.5,
0.0014,0.8,4.0,20,4,vae,0.7821450154068228,0.004031340274547927,0.003167201596443994,0.0028025670332413955,0.8848716912709328,10.2240240322102,620.5,
0.0014,0.8,4.0,20,4,jump,0.7855427152357507,0.004031340274547927,0.003167201596443994,0.0028025670332413955,0.8848716912709328,10.2240240322102,25.3,
0.0014,0.8,4.0,20,4,kmeans,0.7918899124083028,0.004031340274547927,0.003167201596443994,0.0028025670332413955,0.8848716912709328,10.2240240322102,0.1,
0.0005,0.8,2.0,20,1,vae,0.5014680014464654,0.00683658927608023,0.0031468368094413265,0.0009585168544279329,0.30459693732834625,15.825149804647285,607.4,
0.0005,0.8,2.0,20,1,jump,0.5019094639276673,0.00683658927608023,0.0031468368094413265,0.0009585168544279329,0.30459693732834625,15.825149804647285,24.7,
0.0005,0.8,2.0,20,1,kmeans,0.5011845003611911,0.00683658927608023,0.0031468368094413265,0.0009585168544279329,0.30459693732834625,15.825149804647285,0.2,
0.0016,1.6,4.0,8,2,vae,0.7805261168219206,0.004606850241022724,0.004442052493592561,0.00316494735377917,0.7124966123980859,0.5654730954487661,605.2,
0.0016,1.6,4.0,8,2,jump,0.7867935202688627,0.004606850241022724,0.004442052493592561,0.00316494735377917,0.7124966123980859,0.5654730954487661,25.2,
0.0016,1.6,4.0,8,2,kmeans,0.7849483045080465,0.004606850241022724,0.004442052493592561,0.00316494735377917,0.7124966123980859,0.5654730954487661,0.3,
0.002,0.8,2.75,12,3,vae,0.7942974639884453,0.005098762830212581,0.003885337734290628,0.004017906517367255,1.0341202727131342,6.403967533912562,574.8,
0.002,0.8,2.75,12,3,jump,0.8217339563461856,0.005098762830212581,0.003885337734290628,0.004017906517367255,1.0341202727131342,6.403967533912562,22.7,
0.002,0.8,2.75,12,3,kmeans,0.8317620248515889,0.005098762830212581,0.003885337734290628,0.004017906517367255,1.0341202727131342,6.403967533912562,0.4,
0.0012,1.6,2.0,8,5,vae,0.6943158720339357,0.004834455505717657,0.004389823774111661,0.0024029754452497723,0.5473967906003347,1.5446391115791585,601.6,
0.0012,1.6,2.0,8,5,jump,0.7212458750629988,0.004834455505717657,0.004389823774111661,0.0024029754452497723,0.5473967906003347,1.5446391115791585,24.8,
0.0012,1.6,2.0,8,5,kmeans,0.717553604168708,0.004834455505717657,0.004389823774111661,0.0024029754452497723,0.5473967906003347,1.5446391115791585,0.4,
0.001,1.1,2.0,20,4,vae,0.6649637493701812,0.0062815408857606345,0.004004026754821645,0.0020617005454456917,0.5149067855161042,12.420223178111204,586.4,
0.001,1.1,2.0,20,4,jump,0.5040367941081014,0.0062815408857606345,0.004004026754821645,0.0020617005454456917,0.5149067855161042,12.420223178111204,23.1,
0.001,1.1,2.0,20,4,kmeans,0.5042766145565489,0.0062815408857606345,0.004004026754821645,0.0020617005454456917,0.5149067855161042,12.420223178111204,0.4,
0.0016,0.8,4.0,20,0,vae,0.8046628018185626,0.0041293172262887035,0.0033227730014958887,0.003198487162881799,0.962595748021867,9.71837869888454,582.4,
0.0016,0.8,4.0,20,0,jump,0.8126031798106753,0.0041293172262887035,0.0033227730014958887,0.003198487162881799,0.962595748021867,9.71837869888454,24.5,
0.0016,0.8,4.0,20,0,kmeans,0.8162976424105103,0.0041293172262887035,0.0033227730014958887,0.003198487162881799,0.962595748021867,9.71837869888454,0.3,
0.0012,0.8,4.0,12,3,vae,0.7711602946754441,0.003859926926376307,0.0030186637332249703,0.002382349736730306,0.7892067309481794,6.120160265975558,585.5,
0.0012,0.8,4.0,12,3,jump,0.7762559155023063,0.003859926926376307,0.0030186637332249703,0.002382349736730306,0.7892067309481794,6.120160265975558,24.8,
0.0012,0.8,4.0,12,3,kmeans,0.7727842750836105,0.003859926926376307,0.0030186637332249703,0.002382349736730306,0.7892067309481794,6.120160265975558,0.4,
0.0014,1.1,6.0,8,2,vae,0.7536680185265292,0.004088447771999164,0.0037612873488475146,0.0027795752099374644,0.7389957086871191,1.2376084442809923,566.7,
0.0014,1.1,6.0,8,2,jump,0.7673087948512782,0.004088447771999164,0.0037612873488475146,0.0027795752099374644,0.7389957086871191,1.2376084442809923,23.5,
0.0014,1.1,6.0,8,2,kmeans,0.7782424613759718,0.004088447771999164,0.0037612873488475146,0.0027795752099374644,0.7389957086871191,1.2376084442809923,0.4,
0.001,0.8,2.0,20,0,vae,0.5110261346686675,0.006926880102584871,0.003365866004765285,0.0020121413619170235,0.5978079219637081,15.574884531907127,571.8,
0.001,0.8,2.0,20,0,jump,0.503189463575179,0.006926880102584871,0.003365866004765285,0.0020121413619170235,0.5978079219637081,15.574884531907127,22.0,
0.001,0.8,2.0,20,0,kmeans,0.5081189401330031,0.006926880102584871,0.003365866004765285,0.0020121413619170235,0.5978079219637081,15.574884531907127,0.4,
0.0005,1.1,2.0,8,2,vae,0.5083225038441099,0.005114293479771456,0.0037649106225861382,0.0010001610563466594,0.2656533332681463,3.0309594497936914,623.3,
0.0005,1.1,2.0,8,2,jump,0.503202805749979,0.005114293479771456,0.0037649106225861382,0.0010001610563466594,0.2656533332681463,3.0309594497936914,25.5,
0.0005,1.1,2.0,8,2,kmeans,0.5062552581786532,0.005114293479771456,0.0037649106225861382,0.0010001610563466594,0.2656533332681463,3.0309594497936914,0.3,
0.001,1.6,2.0,20,3,vae,0.6984285626674818,0.0050750860790897126,0.0043409861281003175,0.001999144971242877,0.46052784142798764,6.718293535794153,596.0,
0.001,1.6,2.0,20,3,jump,0.5030438591877618,0.0050750860790897126,0.0043409861281003175,0.001999144971242877,0.46052784142798764,6.718293535794153,23.0,
0.001,1.6,2.0,20,3,kmeans,0.699303693088833,0.0050750860790897126,0.0043409861281003175,0.001999144971242877,0.46052784142798764,6.718293535794153,0.3,
0.0012,1.1,2.75,8,5,vae,0.6801607260529516,0.004804236134786426,0.0039052701220437373,0.0023784424061691987,0.6090340314089446,2.549037207146479,611.9,
0.0012,1.1,2.75,8,5,jump,0.7223099695236559,0.004804236134786426,0.0039052701220437373,0.0023784424061691987,0.6090340314089446,2.549037207146479,25.0,
0.0012,1.1,2.75,8,5,kmeans,0.7225508376671987,0.004804236134786426,0.0039052701220437373,0.0023784424061691987,0.6090340314089446,2.549037207146479,0.4,
0.0014,1.1,6.0,12,5,vae,0.7696953534301737,0.004096587529538499,0.003807380316223334,0.0028205397392581134,0.74080851005079,1.364148844536171,601.5,
0.0014,1.1,6.0,12,5,jump,0.7874709261183999,0.004096587529538499,0.003807380316223334,0.0028205397392581134,0.74080851005079,1.364148844536171,24.5,
0.0014,1.1,6.0,12,5,kmeans,0.7842830854688868,0.004096587529538499,0.003807380316223334,0.0028205397392581134,0.74080851005079,1.364148844536171,0.3,
0.002,1.1,2.0,20,3,vae,0.7851431739726992,0.006525580673851265,0.004596002419173134,0.004039995120361161,0.8790237149370336,11.233452027695412,607.1,
0.002,1.1,2.0,20,3,jump,0.7843076401285212,0.006525580673851265,0.004596002419173134,0.004039995120361161,0.8790237149370336,11.233452027695412,24.8,
0.002,1.1,2.0,20,3,kmeans,0.7928273534356831,0.006525580673851265,0.004596002419173134,0.004039995120361161,0.8790237149370336,11.233452027695412,0.2,
0.0008,1.1,6.0,8,1,vae,0.6495405667586451,0.0039053528717069895,0.0035244644354824814,0.0015422265126219942,0.43757754996635995,1.3213290003403788,570.3,
0.0008,1.1,6.0,8,1,jump,0.6720776198767463,0.0039053528717069895,0.0035244644354824814,0.0015422265126219942,0.43757754996635995,1.3213290003403788,23.2,
0.0008,1.1,6.0,8,1,kmeans,0.6746258879738141,0.0039053528717069895,0.0035244644354824814,0.0015422265126219942,0.43757754996635995,1.3213290003403788,0.3,
0.0005,1.1,6.0,8,1,vae,0.5825520482449401,0.003857192933561947,0.0034641463061230123,0.0009422265126219941,0.27199385630929396,1.393915172610483,568.7,
0.0005,1.1,6.0,8,1,jump,0.5034996583389455,0.003857192933561947,0.0034641463061230123,0.0009422265126219941,0.27199385630929396,1.393915172610483,22.5,
0.0005,1.1,6.0,8,1,kmeans,0.532329759201619,0.003857192933561947,0.0034641463061230123,0.0009422265126219941,0.27199385630929396,1.393915172610483,0.2,
0.0011,1.1,2.75,8,0,vae,0.6798397670642917,0.004762983290546292,0.0038586083779183844,0.002188213709728541,0.5670991962415797,2.582511018910184,599.4,
0.0011,1.1,2.75,8,0,jump,0.7109827241303759,0.004762983290546292,0.0038586083779183844,0.002188213709728541,0.5670991962415797,2.582511018910184,24.4,
0.0011,1.1,2.75,8,0,kmeans,0.6894752899118772,0.004762983290546292,0.0038586083779183844,0.002188213709728541,0.5670991962415797,2.582511018910184,0.3,
0.0011,1.6,2.75,8,4,vae,0.6976971993878495,0.00465253582518487,0.004311115417548766,0.002140879753193565,0.4965953229827551,1.0752013929115867,581.0,
0.0011,1.6,2.75,8,4,jump,0.718374408788763,0.00465253582518487,0.004311115417548766,0.002140879753193565,0.4965953229827551,1.0752013929115867,26.1,
0.0011,1.6,2.75,8,4,kmeans,0.6945533582287131,0.00465253582518487,0.004311115417548766,0.002140879753193565,0.4965953229827551,1.0752013929115867,0.3,
0.0016,0.8,4.0,12,1,vae,0.7987650056197457,0.004044302899637795,0.003294709779067506,0.003167718436175848,0.961455985076901,5.463802908565427,567.8,
0.0016,0.8,4.0,12,1,jump,0.7853618040840264,0.004044302899637795,0.003294709779067506,0.003167718436175848,0.961455985076901,5.463802908565427,23.3,
0.0016,0.8,4.0,12,1,kmeans,0.8135824358933915,0.004044302899637795,0.003294709779067506,0.003167718436175848,0.961455985076901,5.463802908565427,0.2,
0.001,1.1,2.75,20,1,vae,0.5852614643799803,0.005182108282720522,0.003822298874681764,0.0019502429572701352,0.5102277506838101,10.213810390936944,584.4,
0.001,1.1,2.75,20,1,jump,0.5036001801368227,0.005182108282720522,0.003822298874681764,0.0019502429572701352,0.5102277506838101,10.213810390936944,23.8,
0.001,1.1,2.75,20,1,kmeans,0.675717965710551,0.005182108282720522,0.003822298874681764,0.0019502429572701352,0.5102277506838101,10.213810390936944,0.2,
0.0016,1.6,6.0,12,5,vae,0.779287372905832,0.0045180040188741565,0.004439938840698071,0.003192314014584738,0.7189995468682684,0.356586686073753,567.4,
0.0016,1.6,6.0,12,5,jump,0.7823703090348688,0.0045180040188741565,0.004439938840698071,0.003192314014584738,0.7189995468682684,0.356586686073753,22.6,
0.0016,1.6,6.0,12,5,kmeans,0.7823256415625867,0.0045180040188741565,0.004439938840698071,0.003192314014584738,0.7189995468682684,0.356586686073753,0.3,
0.002,0.8,6.0,12,2,vae,0.8603527901931354,0.0036756055152106265,0.003518796221837873,0.003990571326181309,1.1340728688451946,1.837764457994954,606.0,
0.002,0.8,6.0,12,2,jump,0.845721391985549,0.0036756055152106265,0.003518796221837873,0.003990571326181309,1.1340728688451946,1.837764457994954,25.5,
0.002,0.8,6.0,12,2,kmeans,0.869453931237341,0.0036756055152106265,0.003518796221837873,0.003990571326181309,1.1340728688451946,1.837764457994954,0.2,
0.0005,1.1,6.0,8,4,vae,0.598487178030942,0.003854637660898537,0.003475421552293563,0.0009970758753320406,0.28689350639321215,1.4038960756865633,592.1,
0.0005,1.1,6.0,8,4,jump,0.5119032310082077,0.003854637660898537,0.003475421552293563,0.0009970758753320406,0.28689350639321215,1.4038960756865633,23.1,
0.0005,1.1,6.0,8,4,kmeans,0.5061170623964218,0.003854637660898537,0.003475421552293563,0.0009970758753320406,0.28689350639321215,1.4038960756865633,0.5,
0.001,0.8,6.0,12,5,vae,0.7410289224284503,0.0032327057359623464,0.0027798897369400452,0.0019938921166873123,0.7172558286006274,3.1594584028422767,613.9,
0.001,0.8,6.0,12,5,jump,0.7663450528613118,0.0032327057359623464,0.0027798897369400452,0.0019938921166873123,0.7172558286006274,3.1594584028422767,26.5,
0.001,0.8,6.0,12,5,kmeans,0.762840177222599,0.0032327057359623464,0.0027798897369400452,0.0019938921166873123,0.7172558286006274,3.1594584028422767,0.4,
0.0011,1.1,4.0,20,3,vae,0.729027253300606,0.004456355129160723,0.003749380029991517,0.00219941882239183,0.5866086672459302,5.294953683747856,599.6,
0.0011,1.1,4.0,20,3,jump,0.5048361000131427,0.004456355129160723,0.003749380029991517,0.00219941882239183,0.5866086672459302,5.294953683747856,24.2,
0.0011,1.1,4.0,20,3,kmeans,0.7324052799602183,0.004456355129160723,0.003749380029991517,0.00219941882239183,0.5866086672459302,5.294953683747856,0.3,
0.0014,0.8,6.0,20,5,vae,0.7973132195225352,0.0033800732074748866,0.003022798358640353,0.0027938921166873122,0.9242734000768738,2.8755492887298946,558.7,
0.0014,0.8,6.0,20,5,jump,0.8029426818670555,0.0033800732074748866,0.003022798358640353,0.0027938921166873122,0.9242734000768738,2.8755492887298946,22.9,
0.0014,0.8,6.0,20,5,kmeans,0.8214440209306332,0.0033800732074748866,0.003022798358640353,0.0027938921166873122,0.9242734000768738,2.8755492887298946,0.2,
0.0012,0.8,6.0,12,4,vae,0.7934823349946662,0.0032624727625505602,0.002868164359234133,0.0023880058643811495,0.8325903139730816,2.6197936428336384,596.3,
0.0012,0.8,6.0,12,4,jump,0.7913475147585431,0.0032624727625505602,0.002868164359234133,0.0023880058643811495,0.8325903139730816,2.6197936428336384,25.2,
0.0012,0.8,6.0,12,4,kmeans,0.8022939754437789,0.0032624727625505602,0.002868164359234133,0.0023880058643811495,0.8325903139730816,2.6197936428336384,0.4,
0.0016,0.8,2.0,12,2,vae,0.5439487658282371,0.006107629678891725,0.0037637376231538394,0.0032071043202096202,0.8521062415403479,7.045498791079805,566.9,
0.0016,0.8,2.0,12,2,jump,0.7269694187544603,0.006107629678891725,0.0037637376231538394,0.0032071043202096202,0.8521062415403479,7.045498791079805,22.9,
0.0016,0.8,2.0,12,2,kmeans,0.5026053725526797,0.006107629678891725,0.0037637376231538394,0.0032071043202096202,0.8521062415403479,7.045498791079805,0.2,
0.0011,1.1,2.0,8,0,vae,0.6746389208704209,0.005242865674423404,0.00399759847516842,0.0021813352961633998,0.5456614289086398,2.7815970210993246,596.3,
0.0011,1.1,2.0,8,0,jump,0.673013023991823,0.005242865674423404,0.00399759847516842,0.0021813352961633998,0.5456614289086398,2.7815970210993246,25.4,
0.0011,1.1,2.0,8,0,kmeans,0.5211309971341522,0.005242865674423404,0.00399759847516842,0.0021813352961633998,0.5456614289086398,2.7815970210993246,0.5,
0.001,1.1,6.0,8,2,vae,0.6936051767383542,0.003969982750429041,0.0035990997686005805,0.001979575209937464,0.550019543000102,1.4111184357029272,584.6,
0.001,1.1,6.0,8,2,jump,0.6930775200824186,0.003969982750429041,0.0035990997686005805,0.001979575209937464,0.550019543000102,1.4111184357029272,25.0,
0.001,1.1,6.0,8,2,kmeans,0.7134968511454418,0.003969982750429041,0.0035990997686005805,0.001979575209937464,0.550019543000102,1.4111184357029272,0.3,
0.0011,1.6,2.0,20,5,vae,0.6300449028170285,0.00509722943082957,0.004370689808946197,0.002200195768217024,0.5033978306384334,6.931012909090629,557.7,
0.0011,1.6,2.0,20,5,jump,0.5003339654020809,0.00509722943082957,0.004370689808946197,0.002200195768217024,0.5033978306384334,6.931012909090629,24.2,
0.0011,1.6,2.0,20,5,kmeans,0.6955988611235454,0.00509722943082957,0.004370689808946197,0.002200195768217024,0.5033978306384334,6.931012909090629,0.2,
0.0011,0.8,2.0,20,3,vae,0.514201271344548,0.006951310312184923,0.003452399440456744,0.0021824046188250916,0.6321414009198092,15.1501461147198,561.8,
0.0011,0.8,2.0,20,3,jump,0.5031478177278823,0.006951310312184923,0.003452399440456744,0.0021824046188250916,0.6321414009198092,15.1501461147198,23.1,
0.0011,0.8,2.0,20,3,kmeans,0.505065778186504,0.006951310312184923,0.003452399440456744,0.0021824046188250916,0.6321414009198092,15.1501461147198,0.6,
0.0008,1.6,2.75,20,4,vae,0.6260765554739478,0.004678736441767139,0.00423913758956917,0.0015375266343583757,0.36269797850902896,2.8416356760961197,583.5,
0.0008,1.6,2.75,20,4,jump,0.5005937177048366,0.004678736441767139,0.00423913758956917,0.0015375266343583757,0.36269797850902896,2.8416356760961197,24.7,
0.0008,1.6,2.75,20,4,kmeans,0.6456254841085133,0.004678736441767139,0.00423913758956917,0.0015375266343583757,0.36269797850902896,2.8416356760961197,0.6,
0.0012,0.8,2.0,8,5,vae,0.6849166911617321,0.005207004486877569,0.0034381907975410964,0.0023928119924323775,0.695950903639104,3.838260772986172,614.8,
0.0012,0.8,2.0,8,5,jump,0.7051933621254416,0.005207004486877569,0.0034381907975410964,0.0023928119924323775,0.695950903639104,3.838260772986172,24.0,
0.0012,0.8,2.0,8,5,kmeans,0.5061818420801529,0.005207004486877569,0.0034381907975410964,0.0023928119924323775,0.695950903639104,3.838260772986172,0.2,
0.002,1.1,2.75,12,4,vae,0.7917817290518019,0.005312144463164828,0.004413012894992244,0.004022549112981894,0.9115199091184535,4.27820392476036,598.7,
0.002,1.1,2.75,12,4,jump,0.7995469366679901,0.005312144463164828,0.004413012894992244,0.004022549112981894,0.9115199091184535,4.27820392476036,25.5,
0.002,1.1,2.75,12,4,kmeans,0.8009363503642273,0.005312144463164828,0.004413012894992244,0.004022549112981894,0.9115199091184535,4.27820392476036,0.3,
0.0016,0.8,4.0,20,3,vae,0.8139881588408782,0.004048425366911407,0.00331404454002717,0.003182913049289521,0.9604315846833568,7.567913346080971,569.1,
0.0016,0.8,4.0,20,3,jump,0.8182612944679877,0.004048425366911407,0.00331404454002717,0.003182913049289521,0.9604315846833568,7.567913346080971,24.8,
0.0016,0.8,4.0,20,3,kmeans,0.8242973990957239,0.004048425366911407,0.00331404454002717,0.003182913049289521,0.9604315846833568,7.567913346080971,0.3,
0.0011,1.6,2.75,8,0,vae,0.7062021777418295,0.004648670557588257,0.004274764210902272,0.002168491437735461,0.5072774381812649,1.1927110637373524,607.5,
0.0011,1.6,2.75,8,0,jump,0.7339824862642756,0.004648670557588257,0.004274764210902272,0.002168491437735461,0.5072774381812649,1.1927110637373524,26.5,
0.0011,1.6,2.75,8,0,kmeans,0.7134111002185993,0.004648670557588257,0.004274764210902272,0.002168491437735461,0.5072774381812649,1.1927110637373524,0.6,
0.0005,1.6,2.0,8,3,vae,0.5989820294830066,0.00472767104845988,0.0042165604389555545,0.0009991815319387535,0.2369660168291698,1.6943453480665234,564.3,
0.0005,1.6,2.0,8,3,jump,0.5146050282485627,0.00472767104845988,0.0042165604389555545,0.0009991815319387535,0.2369660168291698,1.6943453480665234,23.5,
0.0005,1.6,2.0,8,3,kmeans,0.5001843433972197,0.00472767104845988,0.0042165604389555545,0.0009991815319387535,0.2369660168291698,1.6943453480665234,0.2,
0.0012,1.6,6.0,8,2,vae,0.7395590518594556,0.004365321690166995,0.00425083814631983,0.002403622787556102,0.5654467906845718,0.35786726434669713,608.6,
0.0012,1.6,6.0,8,2,jump,0.7434739583397397,0.004365321690166995,0.00425083814631983,0.002403622787556102,0.5654467906845718,0.35786726434669713,26.8,
0.0012,1.6,6.0,8,2,kmeans,0.7372805665277147,0.004365321690166995,0.00425083814631983,0.002403622787556102,0.5654467906845718,0.35786726434669713,0.6,
0.0005,0.8,6.0,12,4,vae,0.6513672567202257,0.0030763125882412967,0.0025582691538485465,0.0009880058643811495,0.3862009057549075,3.3985261606262664,604.8,
0.0005,0.8,6.0,12,4,jump,0.513107136063164,0.0030763125882412967,0.0025582691538485465,0.0009880058643811495,0.3862009057549075,3.3985261606262664,24.5,
0.0005,0.8,6.0,12,4,kmeans,0.5025512541164607,0.0030763125882412967,0.0025582691538485465,0.0009880058643811495,0.3862009057549075,3.3985261606262664,0.3,
0.001,1.6,6.0,8,5,vae,0.6772896802449379,0.0043398357905820705,0.00423563768534178,0.001992143726010938,0.4703291154730079,0.3981694510544411,595.7,
0.001,1.6,6.0,8,5,jump,0.7236712867882262,0.0043398357905820705,0.00423563768534178,0.001992143726010938,0.4703291154730079,0.3981694510544411,25.3,
0.001,1.6,6.0,8,5,kmeans,0.698327699468281,0.0043398357905820705,0.00423563768534178,0.001992143726010938,0.4703291154730079,0.3981694510544411,0.7,
0.0005,1.6,6.0,12,5,vae,0.563584907261362,0.004257978316836955,0.004129483329578839,0.0009923140145847377,0.2402997991242509,0.5000755295270487,576.5,
0.0005,1.6,6.0,12,5,jump,0.5968629345792836,0.004257978316836955,0.004129483329578839,0.0009923140145847377,0.2402997991242509,0.5000755295270487,24.1,
0.0005,1.6,6.0,12,5,kmeans,0.5087029926886233,0.004257978316836955,0.004129483329578839,0.0009923140145847377,0.2402997991242509,0.5000755295270487,0.4,
0.0005,0.8,6.0,20,0,vae,0.6300319792199247,0.003115741851592409,0.002565094929307664,0.0010118565432238676,0.39447138258425946,4.5291025350098515,568.6,
0.0005,0.8,6.0,20,0,jump,0.5015631765389535,0.003115741851592409,0.002565094929307664,0.0010118565432238676,0.39447138258425946,4.5291025350098515,22.8,
0.0005,0.8,6.0,20,0,kmeans,0.6533989046914844,0.003115741851592409,0.002565094929307664,0.0010118565432238676,0.39447138258425946,4.5291025350098515,0.2,
0.0014,1.6,2.75,12,2,vae,0.7429439216312288,0.004795824701344737,0.0043865909620617715,0.002818351437414506,0.6424924187802168,2.0285842454400997,569.6,
0.0014,1.6,2.75,12,2,jump,0.7585895522432091,0.004795824701344737,0.0043865909620617715,0.002818351437414506,0.6424924187802168,2.0285842454400997,21.9,
0.0014,1.6,2.75,12,2,kmeans,0.7527593434538968,0.004795824701344737,0.0043865909620617715,0.002818351437414506,0.6424924187802168,2.0285842454400997,0.2,
0.001,0.8,4.0,8,3,vae,0.7433521913450816,0.0037031547167483037,0.0028938580521959576,0.0019824473471319933,0.6850534170560456,4.046212727379705,583.6,
0.001,0.8,4.0,8,3,jump,0.7663558398782517,0.0037031547167483037,0.0028938580521959576,0.0019824473471319933,0.6850534170560456,4.046212727379705,24.5,
0.001,0.8,4.0,8,3,kmeans,0.7468313825526465,0.0037031547167483037,0.0028938580521959576,0.0019824473471319933,0.6850534170560456,4.046212727379705,0.2,
0.0011,0.8,2.0,8,0,vae,0.6890558054359541,0.005165169713792429,0.003351443196687241,0.002213122082997854,0.6603489759830723,3.812517943096794,621.7,
0.0011,0.8,2.0,8,0,jump,0.694869479218299,0.005165169713792429,0.003351443196687241,0.002213122082997854,0.6603489759830723,3.812517943096794,25.0,
0.0011,0.8,2.0,8,0,kmeans,0.5090557686210806,0.005165169713792429,0.003351443196687241,0.002213122082997854,0.6603489759830723,3.812517943096794,0.4,
0.0016,0.8,2.0,20,4,vae,0.7215077137774967,0.007052623691118124,0.0037809795184839787,0.0032232248917752017,0.8524840920237478,14.595389712127933,579.5,
0.0016,0.8,2.0,20,4,jump,0.5068006227166878,0.007052623691118124,0.0037809795184839787,0.0032232248917752017,0.8524840920237478,14.595389712127933,23.1,
0.0016,0.8,2.0,20,4,kmeans,0.5015087435805905,0.007052623691118124,0.0037809795184839787,0.0032232248917752017,0.8524840920237478,14.595389712127933,0.4,
0.0014,0.8,2.0,12,3,vae,0.711709038342345,0.006017367762309899,0.003627803362651154,0.002783587527173572,0.7672928350613138,6.966974716011958,609.0,
0.0014,0.8,2.0,12,3,jump,0.725537797426475,0.006017367762309899,0.003627803362651154,0.002783587527173572,0.7672928350613138,6.966974716011958,22.7,
0.0014,0.8,2.0,12,3,kmeans,0.50363973059266,0.006017367762309899,0.003627803362651154,0.002783587527173572,0.7672928350613138,6.966974716011958,0.2,
0.0016,1.1,6.0,8,1,vae,0.7701675946598523,0.004138647250415451,0.003873696963544836,0.003142226512621994,0.8111699346111291,1.0032023221479527,580.0,
0.0016,1.1,6.0,8,1,jump,0.7831693943572183,0.004138647250415451,0.003873696963544836,0.003142226512621994,0.8111699346111291,1.0032023221479527,24.6,
0.0016,1.1,6.0,8,1,kmeans,0.7935754715047116,0.004138647250415451,0.003873696963544836,0.003142226512621994,0.8111699346111291,1.0032023221479527,0.2,
0.0011,1.6,2.75,8,2,vae,0.6784062509940845,0.004641045494463281,0.0042815016613110745,0.0022175439056853147,0.5179360143016415,1.213394961241578,619.6,
0.0011,1.6,2.75,8,2,jump,0.7132668760652923,0.004641045494463281,0.0042815016613110745,0.0022175439056853147,0.5179360143016415,1.213394961241578,23.9,
0.0011,1.6,2.75,8,2,kmeans,0.7097757289458524,0.004641045494463281,0.0042815016613110745,0.0022175439056853147,0.5179360143016415,1.213394961241578,0.8,
0.0012,1.1,6.0,20,2,vae,0.7216817169491274,0.0040469056379294,0.0036757020780373863,0.0023801157623563815,0.6475268429881093,1.9536948670809435,625.6,
0.0012,1.1,6.0,20,2,jump,0.7454692474156754,0.0040469056379294,0.0036757020780373863,0.0023801157623563815,0.6475268429881093,1.9536948670809435,24.4,
0.0012,1.1,6.0,20,2,kmeans,0.7519676759659621,0.0040469056379294,0.0036757020780373863,0.0023801157623563815,0.6475268429881093,1.9536948670809435,0.6,
0.0005,1.6,4.0,12,2,vae,0.5719200737144283,0.0043708358280381,0.00414224748236374,0.0009642138238465301,0.23277552293816817,1.0373135787114567,602.2,
0.0005,1.6,4.0,12,2,jump,0.5766857639885264,0.0043708358280381,0.00414224748236374,0.0009642138238465301,0.23277552293816817,1.0373135787114567,24.3,
0.0005,1.6,4.0,12,2,kmeans,0.5993521396887658,0.0043708358280381,0.00414224748236374,0.0009642138238465301,0.23277552293816817,1.0373135787114567,0.6,
0.001,1.6,2.0,12,5,vae,0.593321676563954,0.0049291333485182096,0.00433357802261854,0.002001685289358286,0.46190129239874145,3.1107079898446814,613.4,
0.001,1.6,2.0,12,5,jump,0.6924194656681646,0.0049291333485182096,0.00433357802261854,0.002001685289358286,0.46190129239874145,3.1107079898446814,25.5,
0.001,1.6,2.0,12,5,kmeans,0.6860897326291562,0.0049291333485182096,0.00433357802261854,0.002001685289358286,0.46190129239874145,3.1107079898446814,0.5,
0.0012,1.6,2.0,8,3,vae,0.7250462951483598,0.00485057264809772,0.004385091370080211,0.0023991815319387537,0.547122358340932,1.5288511996026655,587.5,
0.0012,1.6,2.0,8,3,jump,0.7534394844729944,0.00485057264809772,0.004385091370080211,0.0023991815319387537,0.547122358340932,1.5288511996026655,25.6,
0.0012,1.6,2.0,8,3,kmeans,0.7284205464135376,0.00485057264809772,0.004385091370080211,0.0023991815319387537,0.547122358340932,1.5288511996026655,0.3,
0.0014,1.1,4.0,8,1,vae,0.7431229538268774,0.004392540783463037,0.0038770450788601063,0.0027935565414248017,0.7205375445998523,1.8782861481301527,547.9,
0.0014,1.1,4.0,8,1,jump,0.7460811031316327,0.004392540783463037,0.0038770450788601063,0.0027935565414248017,0.7205375445998523,1.8782861481301527,24.1,
0.0014,1.1,4.0,8,1,kmeans,0.7590009055766346,0.004392540783463037,0.0038770450788601063,0.0027935565414248017,0.7205375445998523,1.8782861481301527,0.2,
0.0014,1.6,4.0,20,2,vae,0.7492310105130222,0.004561977848341515,0.004367117146062582,0.002763963271253025,0.6329033957206828,0.9341239037783073,572.1,
0.0014,1.6,4.0,20,2,jump,0.7488027460526603,0.004561977848341515,0.004367117146062582,0.002763963271253025,0.6329033957206828,0.9341239037783073,22.1,
0.0014,1.6,4.0,20,2,kmeans,0.7532344439488668,0.004561977848341515,0.004367117146062582,0.002763963271253025,0.6329033957206828,0.9341239037783073,0.3,
0.0008,1.1,2.0,12,3,vae,0.5718681080274739,0.005670347385282821,0.003905759541132107,0.0016435262531021427,0.42079555481947495,5.885464363072833,588.8,
0.0008,1.1,2.0,12,3,jump,0.5207973761228994,0.005670347385282821,0.003905759541132107,0.0016435262531021427,0.42079555481947495,5.885464363072833,24.0,
0.0008,1.1,2.0,12,3,kmeans,0.510609489262638,0.005670347385282821,0.003905759541132107,0.0016435262531021427,0.42079555481947495,5.885464363072833,0.5,
0.002,1.1,2.75,12,2,vae,0.7837261325102671,0.005321357513130196,0.004382870948736,0.004020615051877522,0.9173473503793328,4.2295879363512485,565.3,
0.002,1.1,2.75,12,2,jump,0.783264192306008,0.005321357513130196,0.004382870948736,0.004020615051877522,0.9173473503793328,4.2295879363512485,20.6,
0.002,1.1,2.75,12,2,kmeans,0.7948452331311999,0.005321357513130196,0.004382870948736,0.004020615051877522,0.9173473503793328,4.2295879363512485,0.4,
0.0014,1.1,4.0,20,0,vae,0.7648152880245147,0.00455831921987063,0.0038864901037020086,0.002791533417230768,0.7182659270305979,5.0312606796341495,606.7,
0.0014,1.1,4.0,20,0,jump,0.7719141160220141,0.00455831921987063,0.0038864901037020086,0.002791533417230768,0.7182659270305979,5.0312606796341495,25.4,
0.0014,1.1,4.0,20,0,kmeans,0.7684338299516388,0.00455831921987063,0.0038864901037020086,0.002791533417230768,0.7182659270305979,5.0312606796341495,0.3,
0.0011,1.6,4.0,12,2,vae,0.7061553839724319,0.0044770839731598155,0.004265304570737971,0.0021642138238465304,0.5073995978374141,0.9278136610329932,585.0,
0.0011,1.6,4.0,12,2,jump,0.7166629160838163,0.0044770839731598155,0.004265304570737971,0.0021642138238465304,0.5073995978374141,0.9278136610329932,24.8,
0.0011,1.6,4.0,12,2,kmeans,0.709776198956235,0.0044770839731598155,0.004265304570737971,0.0021642138238465304,0.5073995978374141,0.9278136610329932,0.6,
0.0016,1.1,4.0,12,3,vae,0.7932320416704204,0.00455959493322529,0.003993662085372062,0.0031986169557895157,0.8009232847980233,2.942865468000706,579.7,
0.0016,1.1,4.0,12,3,jump,0.8075170827084571,0.00455959493322529,0.003993662085372062,0.0031986169557895157,0.8009232847980233,2.942865468000706,21.6,
0.0016,1.1,4.0,12,3,kmeans,0.7979831702730129,0.00455959493322529,0.003993662085372062,0.0031986169557895157,0.8009232847980233,2.942865468000706,0.5,
0.0008,1.1,2.75,8,4,vae,0.6487185555348635,0.0047014837375127455,0.003754187342955252,0.0016219867313250445,0.43204736022796236,2.756615729146197,579.3,
0.0008,1.1,2.75,8,4,jump,0.6371715731601055,0.0047014837375127455,0.003754187342955252,0.0016219867313250445,0.43204736022796236,2.756615729146197,23.8,
0.0008,1.1,2.75,8,4,kmeans,0.5176470548211854,0.0047014837375127455,0.003754187342955252,0.0016219867313250445,0.43204736022796236,2.756615729146197,0.4,
0.0011,1.1,6.0,12,5,vae,0.7248949994204436,0.004003451211957176,0.003669039892816025,0.0022205397392581136,0.6052100288159655,1.5145613453234352,609.5,
0.0011,1.1,6.0,12,5,jump,0.758026336518012,0.004003451211957176,0.003669039892816025,0.0022205397392581136,0.6052100288159655,1.5145613453234352,24.3,
0.0011,1.1,6.0,12,5,kmeans,0.7421546948235043,0.004003451211957176,0.003669039892816025,0.0022205397392581136,0.6052100288159655,1.5145613453234352,0.3,
0.0005,1.1,4.0,12,2,vae,0.5635087479082412,0.004311667580448233,0.0035685814228794263,0.0009972768205971328,0.27946029596052974,3.766886122790389,609.1,
0.0005,1.1,4.0,12,2,jump,0.5087862590884633,0.004311667580448233,0.0035685814228794263,0.0009972768205971328,0.27946029596052974,3.766886122790389,23.8,
0.0005,1.1,4.0,12,2,kmeans,0.513079628929003,0.004311667580448233,0.0035685814228794263,0.0009972768205971328,0.27946029596052974,3.766886122790389,0.5,
0.0014,1.6,2.0,8,0,vae,0.7269022357722743,0.004906154581367293,0.004431447801370556,0.0027863405495212315,0.628765287195637,1.48029406207064,600.5,
0.0014,1.6,2.0,8,0,jump,0.7411708004150757,0.004906154581367293,0.004431447801370556,0.0027863405495212315,0.628765287195637,1.48029406207064,26.2,
0.0014,1.6,2.0,8,0,kmeans,0.7412087607514313,0.004906154581367293,0.004431447801370556,0.0027863405495212315,0.628765287195637,1.48029406207064,0.3,
0.0016,1.1,6.0,20,1,vae,0.772855359638268,0.004150672263444559,0.00387396100187961,0.003141602876230369,0.8109536659522624,1.260758721969328,581.2,
0.0016,1.1,6.0,20,1,jump,0.7888950447275976,0.004150672263444559,0.00387396100187961,0.003141602876230369,0.8109536659522624,1.260758721969328,23.7,
0.0016,1.1,6.0,20,1,kmeans,0.7997184219056237,0.004150672263444559,0.00387396100187961,0.003141602876230369,0.8109536659522624,1.260758721969328,0.3,
0.0012,1.6,2.75,12,2,vae,0.7106215326296558,0.004740131028229125,0.004311088177960935,0.0024183514374145057,0.5609607917039501,2.1227586709648145,552.2,
0.0012,1.6,2.75,12,2,jump,0.7377008958127884,0.004740131028229125,0.004311088177960935,0.0024183514374145057,0.5609607917039501,2.1227586709648145,23.5,
0.0012,1.6,2.75,12,2,kmeans,0.7235141024265226,0.004740131028229125,0.004311088177960935,0.0024183514374145057,0.5609607917039501,2.1227586709648145,0.4,
0.0011,1.6,2.0,8,3,vae,0.7089143151300303,0.0048269993243774175,0.004351635196041682,0.002199181531938754,0.5053690010456678,1.5601275155403949,585.0,
0.0011,1.6,2.0,8,3,jump,0.7431364530896325,0.0048269993243774175,0.004351635196041682,0.002199181531938754,0.5053690010456678,1.5601275155403949,24.8,
0.0011,1.6,2.0,8,3,kmeans,0.7133140816924854,0.0048269993243774175,0.004351635196041682,0.002199181531938754,0.5053690010456678,1.5601275155403949,0.4,
0.0005,1.1,6.0,20,1,vae,0.5850020557092864,0.0038708246925706715,0.0034647747895157977,0.0009416028762303686,0.2717645253826029,1.7696677380299963,578.7,
0.0005,1.1,6.0,20,1,jump,0.5012007437312372,0.0038708246925706715,0.0034647747895157977,0.0009416028762303686,0.2717645253826029,1.7696677380299963,23.8,
0.0005,1.1,6.0,20,1,kmeans,0.5262630730989372,0.0038708246925706715,0.0034647747895157977,0.0009416028762303686,0.2717645253826029,1.7696677380299963,0.6,
0.0012,1.1,2.0,20,4,vae,0.6907220044346771,0.006318064926066032,0.004093761915242582,0.002461700545445691,0.6013296807222409,12.141334584407005,583.0,
0.0012,1.1,2.0,20,4,jump,0.5040367941081014,0.006318064926066032,0.004093761915242582,0.002461700545445691,0.6013296807222409,12.141334584407005,22.5,
0.0012,1.1,2.0,20,4,kmeans,0.5044791531712632,0.006318064926066032,0.004093761915242582,0.002461700545445691,0.6013296807222409,12.141334584407005,0.3,
0.0011,0.8,6.0,8,1,vae,0.7675276443198416,0.0032343666681173603,0.002806896250765001,0.0022092972215878273,0.7870961461385322,2.5410564886764284,592.6,
0.0011,0.8,6.0,8,1,jump,0.7723570128451489,0.0032343666681173603,0.002806896250765001,0.0022092972215878273,0.7870961461385322,2.5410564886764284,24.8,
0.0011,0.8,6.0,8,1,kmeans,0.7847004082733792,0.0032343666681173603,0.002806896250765001,0.0022092972215878273,0.7870961461385322,2.5410564886764284,0.3,
0.0011,1.6,2.75,8,5,vae,0.6930589389698241,0.004617225185915158,0.004311280324557376,0.0022651348638215094,0.5253972586563512,1.058481632924213,584.4,
0.0011,1.6,2.75,8,5,jump,0.7312310563488968,0.004617225185915158,0.004311280324557376,0.0022651348638215094,0.5253972586563512,1.058481632924213,23.9,
0.0011,1.6,2.75,8,5,kmeans,0.7159328073138103,0.004617225185915158,0.004311280324557376,0.0022651348638215094,0.5253972586563512,1.058481632924213,0.4,
0.0005,1.6,4.0,20,4,vae,0.6030553533371283,0.00440027347156694,0.004141497946578101,0.0010298851531471895,0.2486745536112432,1.0009645808421546,570.4,
0.0005,1.6,4.0,20,4,jump,0.5823933428372992,0.00440027347156694,0.004141497946578101,0.0010298851531471895,0.2486745536112432,1.0009645808421546,25.0,
0.0005,1.6,4.0,20,4,kmeans,0.6103607316588887,0.00440027347156694,0.004141497946578101,0.0010298851531471895,0.2486745536112432,1.0009645808421546,0.2,
0.0014,0.8,2.0,20,5,vae,0.5057560602072699,0.00709621062174137,0.0036514015373088544,0.0027970018942750034,0.7660077550212244,14.851962960366478,602.7,
0.0014,0.8,2.0,20,5,jump,0.5134151308420731,0.00709621062174137,0.0036514015373088544,0.0027970018942750034,0.7660077550212244,14.851962960366478,25.3,
0.0014,0.8,2.0,20,5,kmeans,0.5152650286031921,0.00709621062174137,0.0036514015373088544,0.0027970018942750034,0.7660077550212244,14.851962960366478,0.4,
0.0011,0.8,6.0,8,4,vae,0.7756675319334014,0.003218709392416256,0.0028082057815011,0.0021885102687169682,0.7793268866311929,2.437676311350647,573.4,
0.0011,0.8,6.0,8,4,jump,0.7762455404383023,0.003218709392416256,0.0028082057815011,0.0021885102687169682,0.7793268866311929,2.437676311350647,23.7,
0.0011,0.8,6.0,8,4,kmeans,0.7860130907064413,0.003218709392416256,0.0028082057815011,0.0021885102687169682,0.7793268866311929,2.437676311350647,0.4,
0.0014,1.1,2.75,20,0,vae,0.7306333831931439,0.005317641558465144,0.004019317868785101,0.002786627368684504,0.6933085313620153,10.060179720964557,604.6,
0.0014,1.1,2.75,20,0,jump,0.5003775525349996,0.005317641558465144,0.004019317868785101,0.002786627368684504,0.6933085313620153,10.060179720964557,25.8,
0.0014,1.1,2.75,20,0,kmeans,0.7334264716288028,0.005317641558465144,0.004019317868785101,0.002786627368684504,0.6933085313620153,10.060179720964557,0.2,
0.0014,0.8,2.75,20,3,vae,0.7566550490002135,0.005256869636603271,0.0033628214773791447,0.0028184046109565927,0.8381071162758096,16.019362011094216,592.6,
0.0014,0.8,2.75,20,3,jump,0.5056782332868496,0.005256869636603271,0.0033628214773791447,0.0028184046109565927,0.8381071162758096,16.019362011094216,26.9,
0.0014,0.8,2.75,20,3,kmeans,0.7646592757595763,0.005256869636603271,0.0033628214773791447,0.0028184046109565927,0.8381071162758096,16.019362011094216,0.4,
0.0012,0.8,6.0,8,0,vae,0.7795169626480795,0.0032799312349683905,0.0028792922575767974,0.00241195566100034,0.8376904618325316,2.4575228006489054,579.9,
0.0012,0.8,6.0,8,0,jump,0.7899885132592419,0.0032799312349683905,0.0028792922575767974,0.00241195566100034,0.8376904618325316,2.4575228006489054,24.8,
0.0012,0.8,6.0,8,0,kmeans,0.7923153383198346,0.0032799312349683905,0.0028792922575767974,0.00241195566100034,0.8376904618325316,2.4575228006489054,0.5,
0.0008,0.8,2.0,20,4,vae,0.515427274829231,0.006913770535494253,0.0032541942958917553,0.0016232248917752018,0.4988100722272286,15.818759449311369,555.0,
0.0008,0.8,2.0,20,4,jump,0.5026376847336874,0.006913770535494253,0.0032541942958917553,0.0016232248917752018,0.4988100722272286,15.818759449311369,22.0,
0.0008,0.8,2.0,20,4,kmeans,0.5024189566377654,0.006913770535494253,0.0032541942958917553,0.0016232248917752018,0.4988100722272286,15.818759449311369,0.5,
0.001,0.8,2.75,8,4,vae,0.6268526099624985,0.004419032589563234,0.003072860488529629,0.0019891982836580365,0.6473441573684566,4.403655895734701,584.6,
0.001,0.8,2.75,8,4,jump,0.6957410337790223,0.004419032589563234,0.003072860488529629,0.0019891982836580365,0.6473441573684566,4.403655895734701,24.7,
0.001,0.8,2.75,8,4,kmeans,0.5140641665384916,0.004419032589563234,0.003072860488529629,0.0019891982836580365,0.6473441573684566,4.403655895734701,0.5,
0.002,1.6,6.0,12,4,vae,0.8243520935600726,0.004689036888756607,0.004640716626889203,0.004023230403771102,0.8669416228648248,0.2848770603813282,583.3,
0.002,1.6,6.0,12,4,jump,0.8181294793482856,0.004689036888756607,0.004640716626889203,0.004023230403771102,0.8669416228648248,0.2848770603813282,23.8,
0.002,1.6,6.0,12,4,kmeans,0.8332096609058128,0.004689036888756607,0.004640716626889203,0.004023230403771102,0.8669416228648248,0.2848770603813282,0.2,
0.0016,1.1,2.0,12,0,vae,0.718748956766023,0.005891088194257225,0.004288111599630596,0.0031803270659867666,0.7416614498234466,5.415547682570475,581.8,
0.0016,1.1,2.0,12,0,jump,0.7465412901466322,0.005891088194257225,0.004288111599630596,0.0031803270659867666,0.7416614498234466,5.415547682570475,22.3,
0.0016,1.1,2.0,12,0,kmeans,0.7402621483105389,0.005891088194257225,0.004288111599630596,0.0031803270659867666,0.7416614498234466,5.415547682570475,0.3,
0.0011,1.1,6.0,8,2,vae,0.7098848563564769,0.003996176259697709,0.0036339402902292655,0.0021795752099374645,0.5997828901585929,1.3717548935376307,582.3,
0.0011,1.1,6.0,8,2,jump,0.7095498489561635,0.003996176259697709,0.0036339402902292655,0.0021795752099374645,0.5997828901585929,1.3717548935376307,23.0,
0.0011,1.1,6.0,8,2,kmeans,0.732324997059185,0.003996176259697709,0.0036339402902292655,0.0021795752099374645,0.5997828901585929,1.3717548935376307,0.4,
0.001,1.6,6.0,12,1,vae,0.6688858952129443,0.004321434658299978,0.004202631901831469,0.0019694834875571324,0.46863097543680887,0.42207951266722166,574.4,
0.001,1.6,6.0,12,1,jump,0.6957812291095479,0.004321434658299978,0.004202631901831469,0.0019694834875571324,0.46863097543680887,0.42207951266722166,24.0,
0.001,1.6,6.0,12,1,kmeans,0.6921037091202726,0.004321434658299978,0.004202631901831469,0.0019694834875571324,0.46863097543680887,0.42207951266722166,0.3,
0.0008,0.8,4.0,12,5,vae,0.6317873745068168,0.0038115551963598957,0.0028048809658448824,0.0016037741171424156,0.5717797427668482,7.1964640437196685,601.4,
0.0008,0.8,4.0,12,5,jump,0.5026527115236955,0.0038115551963598957,0.0028048809658448824,0.0016037741171424156,0.5717797427668482,7.1964640437196685,22.3,
0.0008,0.8,4.0,12,5,kmeans,0.7022788095590312,0.0038115551963598957,0.0028048809658448824,0.0016037741171424156,0.5717797427668482,7.1964640437196685,0.6,
0.0014,1.6,4.0,8,1,vae,0.7331065624805806,0.0045518956203459615,0.004346058074750479,0.0027724168786579465,0.6379152857540036,0.7108731774424726,577.9,
0.0014,1.6,4.0,8,1,jump,0.7640699476033006,0.0045518956203459615,0.004346058074750479,0.0027724168786579465,0.6379152857540036,0.7108731774424726,24.7,
0.0014,1.6,4.0,8,1,kmeans,0.7496858306116558,0.0045518956203459615,0.004346058074750479,0.0027724168786579465,0.6379152857540036,0.7108731774424726,0.3,
0.0005,1.1,6.0,8,2,vae,0.5835061746513981,0.003875234638682481,0.00347918465823284,0.0009795752099374642,0.2815530953838517,1.5576180213568316,609.8,
0.0005,1.1,6.0,8,2,jump,0.5309537087674266,0.003875234638682481,0.00347918465823284,0.0009795752099374642,0.2815530953838517,1.5576180213568316,26.0,
0.0005,1.1,6.0,8,2,kmeans,0.5134521821587039,0.003875234638682481,0.00347918465823284,0.0009795752099374642,0.2815530953838517,1.5576180213568316,0.7,
0.001,1.6,2.75,12,1,vae,0.68472894898012,0.00470319530298309,0.004292298024690264,0.001975679312391677,0.4602847474772546,2.062026133918388,606.1,
0.001,1.6,2.75,12,1,jump,0.6969685809400726,0.00470319530298309,0.004292298024690264,0.001975679312391677,0.4602847474772546,2.062026133918388,26.0,
0.001,1.6,2.75,12,1,kmeans,0.6905499835009983,0.00470319530298309,0.004292298024690264,0.001975679312391677,0.4602847474772546,2.062026133918388,0.5,
0.001,1.1,4.0,8,2,vae,0.6603787877674219,0.004316549315624561,0.0036883596104677887,0.001999163620218467,0.5420197137352657,2.1776920024731847,599.2,
0.001,1.1,4.0,8,2,jump,0.7281314294232759,0.004316549315624561,0.0036883596104677887,0.001999163620218467,0.5420197137352657,2.1776920024731847,24.2,
0.001,1.1,4.0,8,2,kmeans,0.7146790722607063,0.004316549315624561,0.0036883596104677887,0.001999163620218467,0.5420197137352657,2.1776920024731847,0.4,
0.0014,1.1,2.75,12,4,vae,0.7319694205714635,0.005115300980246135,0.004036535054059301,0.002822549112981894,0.6992504896355168,4.988095196983097,586.9,
0.0014,1.1,2.75,12,4,jump,0.7425319564149548,0.005115300980246135,0.004036535054059301,0.002822549112981894,0.6992504896355168,4.988095196983097,24.8,
0.0014,1.1,2.75,12,4,kmeans,0.7363744203155136,0.005115300980246135,0.004036535054059301,0.002822549112981894,0.6992504896355168,4.988095196983097,0.3,
0.0005,0.8,4.0,20,2,vae,0.5637046622359888,0.0038338927296293797,0.0026925827669534805,0.0009800852196334064,0.36399446348025266,13.018010867382369,560.0,
0.0005,0.8,4.0,20,2,jump,0.5009285805123436,0.0038338927296293797,0.0026925827669534805,0.0009800852196334064,0.36399446348025266,13.018010867382369,22.4,
0.0005,0.8,4.0,20,2,kmeans,0.5174413252788754,0.0038338927296293797,0.0026925827669534805,0.0009800852196334064,0.36399446348025266,13.018010867382369,0.6,
0.0014,1.1,6.0,20,1,vae,0.7479347532990275,0.004079215132602798,0.0037724306480648056,0.0027416028762303687,0.7267470583287636,1.3771291446358553,594.1,
0.0014,1.1,6.0,20,1,jump,0.7727723968883926,0.004079215132602798,0.0037724306480648056,0.0027416028762303687,0.7267470583287636,1.3771291446358553,25.6,
0.0014,1.1,6.0,20,1,kmeans,0.7764610376080691,0.004079215132602798,0.0037724306480648056,0.0027416028762303687,0.7267470583287636,1.3771291446358553,0.2,
0.0011,1.1,4.0,8,0,vae,0.7106444274551362,0.0043360762277311615,0.0037532216325266176,0.002189725899246502,0.5834256842893683,2.12111059219706,583.9,
0.0011,1.1,4.0,8,0,jump,0.7413892036521674,0.0043360762277311615,0.0037532216325266176,0.002189725899246502,0.5834256842893683,2.12111059219706,25.6,
0.0011,1.1,4.0,8,0,kmeans,0.7270138308578049,0.0043360762277311615,0.0037532216325266176,0.002189725899246502,0.5834256842893683,2.12111059219706,0.4,
0.002,1.6,2.0,8,3,vae,0.8146957098180163,0.005106141436792359,0.0047618337100134266,0.003999181531938754,0.839840652883168,1.2111191790670848,583.2,
0.002,1.6,2.0,8,3,jump,0.8217201766572149,0.005106141436792359,0.0047618337100134266,0.003999181531938754,0.839840652883168,1.2111191790670848,22.8,
0.002,1.6,2.0,8,3,kmeans,0.8198394894561145,0.005106141436792359,0.0047618337100134266,0.003999181531938754,0.839840652883168,1.2111191790670848,0.3,
0.0012,1.1,2.0,12,5,vae,0.5396400602226393,0.005794999285800493,0.004056947198431889,0.002387337758424821,0.5884566994974907,5.632000578786618,576.4,
0.0012,1.1,2.0,12,5,jump,0.5235752597277429,0.005794999285800493,0.004056947198431889,0.002387337758424821,0.5884566994974907,5.632000578786618,22.3,
0.0012,1.1,2.0,12,5,kmeans,0.5071929839728626,0.005794999285800493,0.004056947198431889,0.002387337758424821,0.5884566994974907,5.632000578786618,0.6,
0.0005,0.8,2.0,12,4,vae,0.5151629400241958,0.005868430306057278,0.003106681268494147,0.0010262789498870608,0.3303457487882279,7.8692995868812385,594.3,
0.0005,0.8,2.0,12,4,jump,0.5122854248362011,0.005868430306057278,0.003106681268494147,0.0010262789498870608,0.3303457487882279,7.8692995868812385,24.7,
0.0005,0.8,2.0,12,4,kmeans,0.5045539169559261,0.005868430306057278,0.003106681268494147,0.0010262789498870608,0.3303457487882279,7.8692995868812385,0.3,
0.0008,1.1,4.0,12,3,vae,0.6802586107133316,0.004342845339468416,0.0036454881458955137,0.0015986169557895156,0.43851931258901833,3.6042437940128966,602.5,
0.0008,1.1,4.0,12,3,jump,0.5026986759761818,0.004342845339468416,0.0036454881458955137,0.0015986169557895156,0.43851931258901833,3.6042437940128966,24.7,
0.0008,1.1,4.0,12,3,kmeans,0.6784150765980463,0.004342845339468416,0.0036454881458955137,0.0015986169557895156,0.43851931258901833,3.6042437940128966,0.3,
0.0011,1.1,6.0,20,5,vae,0.7249644821551047,0.004010637369334513,0.003669061905507259,0.002220801965178659,0.6052778673058737,1.925950842322525,577.7,
0.0011,1.1,6.0,20,5,jump,0.7585613855945961,0.004010637369334513,0.003669061905507259,0.002220801965178659,0.6052778673058737,1.925950842322525,25.0,
0.0011,1.1,6.0,20,5,kmeans,0.7402684146857683,0.004010637369334513,0.003669061905507259,0.002220801965178659,0.6052778673058737,1.925950842322525,0.3,
0.002,0.8,2.75,20,0,vae,0.7954510501787827,0.005484999160194755,0.0038972405032811947,0.004010738361271609,1.0291226209660034,13.875588694118367,608.5,
0.002,0.8,2.75,20,0,jump,0.7981063729557378,0.005484999160194755,0.0038972405032811947,0.004010738361271609,1.0291226209660034,13.875588694118367,24.6,
0.002,0.8,2.75,20,0,kmeans,0.8130312477544053,0.005484999160194755,0.0038972405032811947,0.004010738361271609,1.0291226209660034,13.875588694118367,0.2,
0.0012,1.1,6.0,8,4,vae,0.7416540923026161,0.004004452600005504,0.0036783437556912072,0.0023970758753320406,0.6516726098867831,1.1869119855225128,613.4,
0.0012,1.1,6.0,8,4,jump,0.7571736411712156,0.004004452600005504,0.0036783437556912072,0.0023970758753320406,0.6516726098867831,1.1869119855225128,25.6,
0.0012,1.1,6.0,8,4,kmeans,0.7482313241927002,0.004004452600005504,0.0036783437556912072,0.0023970758753320406,0.6516726098867831,1.1869119855225128,0.2,
0.002,0.8,6.0,20,5,vae,0.8568608036686884,0.003668495210559544,0.0035376574812166607,0.003993892116687312,1.128965180459965,1.944140852680178,569.5,
0.002,0.8,6.0,20,5,jump,0.8392673830112473,0.003668495210559544,0.0035376574812166607,0.003993892116687312,1.128965180459965,1.944140852680178,21.7,
0.002,0.8,6.0,20,5,kmeans,0.864897986857837,0.003668495210559544,0.0035376574812166607,0.003993892116687312,1.128965180459965,1.944140852680178,0.2,
0.0011,0.8,2.75,8,0,vae,0.707578603831734,0.004429438029297444,0.0031348633546060545,0.002211077052980834,0.7053184789480851,4.26357744697917,590.2,
0.0011,0.8,2.75,8,0,jump,0.7337095259855935,0.004429438029297444,0.0031348633546060545,0.002211077052980834,0.7053184789480851,4.26357744697917,23.9,
0.0011,0.8,2.75,8,0,kmeans,0.5093355366501621,0.004429438029297444,0.0031348633546060545,0.002211077052980834,0.7053184789480851,4.26357744697917,0.2,
0.001,1.1,2.75,12,2,vae,0.560597598600953,0.005030213991764931,0.003833973999114484,0.002020615051877522,0.5270288876096225,5.35954519235726,607.0,
0.001,1.1,2.75,12,2,jump,0.5045896513853991,0.005030213991764931,0.003833973999114484,0.002020615051877522,0.5270288876096225,5.35954519235726,24.2,
0.001,1.1,2.75,12,2,kmeans,0.6735750942738326,0.005030213991764931,0.003833973999114484,0.002020615051877522,0.5270288876096225,5.35954519235726,0.2,
0.001,1.1,6.0,12,4,vae,0.7143886345599437,0.003965447466570954,0.0036045465273133307,0.001996545625732104,0.5538964778518868,1.6281073303370572,588.2,
0.001,1.1,6.0,12,4,jump,0.7309808616318061,0.003965447466570954,0.0036045465273133307,0.001996545625732104,0.5538964778518868,1.6281073303370572,24.4,
0.001,1.1,6.0,12,4,kmeans,0.7161730495847589,0.003965447466570954,0.0036045465273133307,0.001996545625732104,0.5538964778518868,1.6281073303370572,0.5,
0.002,1.1,4.0,20,1,vae,0.766136727594362,0.004741980502751561,0.004238725637090787,0.003995232840480709,0.9425551881727365,4.254561403104355,593.4,
0.002,1.1,4.0,20,1,jump,0.8000258703307228,0.004741980502751561,0.004238725637090787,0.003995232840480709,0.9425551881727365,4.254561403104355,23.8,
0.002,1.1,4.0,20,1,kmeans,0.817097867360072,0.004741980502751561,0.004238725637090787,0.003995232840480709,0.9425551881727365,4.254561403104355,0.2,
0.0014,1.6,2.0,12,1,vae,0.7273281999481513,0.005072911205004891,0.0044413201192696474,0.002769591444799051,0.6235964466471505,3.1931521597561794,573.8,
0.0014,1.6,2.0,12,1,jump,0.7318252572368016,0.005072911205004891,0.0044413201192696474,0.002769591444799051,0.6235964466471505,3.1931521597561794,23.0,
0.0014,1.6,2.0,12,1,kmeans,0.7486109617424763,0.005072911205004891,0.0044413201192696474,0.002769591444799051,0.6235964466471505,3.1931521597561794,0.2,
0.0008,0.8,6.0,8,5,vae,0.688022561396161,0.0031622743442724453,0.002683160720103024,0.0015938348919642825,0.5940139478126695,2.7433323672603187,562.8,
0.0008,0.8,6.0,8,5,jump,0.7327160496791947,0.0031622743442724453,0.002683160720103024,0.0015938348919642825,0.5940139478126695,2.7433323672603187,23.3,
0.0008,0.8,6.0,8,5,kmeans,0.7184996260099812,0.0031622743442724453,0.002683160720103024,0.0015938348919642825,0.5940139478126695,2.7433323672603187,0.3,
0.002,0.8,2.0,20,3,vae,0.7646244960649574,0.007144404561126747,0.00415743970918261,0.003982404618825092,0.9578983454718742,13.488614138558717,592.3,
0.002,0.8,2.0,20,3,jump,0.5015627429095789,0.007144404561126747,0.00415743970918261,0.003982404618825092,0.9578983454718742,13.488614138558717,23.7,
0.002,0.8,2.0,20,3,kmeans,0.5032074529370546,0.007144404561126747,0.00415743970918261,0.003982404618825092,0.9578983454718742,13.488614138558717,0.4,
0.0005,1.6,6.0,12,1,vae,0.563963614811076,0.004235046867243422,0.0041086026792819036,0.0009694834875571325,0.2359642835375305,0.4564324761529286,597.2,
0.0005,1.6,6.0,12,1,jump,0.5055336814507148,0.004235046867243422,0.0041086026792819036,0.0009694834875571325,0.2359642835375305,0.4564324761529286,25.3,
0.0005,1.6,6.0,12,1,kmeans,0.524467042622393,0.004235046867243422,0.0041086026792819036,0.0009694834875571325,0.2359642835375305,0.4564324761529286,0.5,
0.0008,1.6,2.75,8,2,vae,0.6307055022845455,0.004577688580244912,0.004208223860804098,0.0016175439056853149,0.3843768675785794,1.276918945388898,580.3,
0.0008,1.6,2.75,8,2,jump,0.6294171738253698,0.004577688580244912,0.004208223860804098,0.0016175439056853149,0.3843768675785794,1.276918945388898,23.5,
0.0008,1.6,2.75,8,2,kmeans,0.6593990561251498,0.004577688580244912,0.004208223860804098,0.0016175439056853149,0.3843768675785794,1.276918945388898,0.5,
0.001,1.6,2.0,8,0,vae,0.6577700506781745,0.0048075932560089915,0.004296604552472345,0.0019863405495212315,0.4623047164948552,1.618078118258988,612.3,
0.001,1.6,2.0,8,0,jump,0.6921306427009577,0.0048075932560089915,0.004296604552472345,0.0019863405495212315,0.4623047164948552,1.618078118258988,25.7,
0.001,1.6,2.0,8,0,kmeans,0.6789127425371124,0.0048075932560089915,0.004296604552472345,0.0019863405495212315,0.4623047164948552,1.618078118258988,0.3,
0.0012,1.1,4.0,8,4,vae,0.7316599493327272,0.004367612415508737,0.003790880231415417,0.002410610061224602,0.6358971832577633,2.0544173653853726,571.1,
0.0012,1.1,4.0,8,4,jump,0.7466322577154085,0.004367612415508737,0.003790880231415417,0.002410610061224602,0.6358971832577633,2.0544173653853726,23.5,
0.0012,1.1,4.0,8,4,kmeans,0.7396786954311922,0.004367612415508737,0.003790880231415417,0.002410610061224602,0.6358971832577633,2.0544173653853726,0.2,
0.0014,1.6,2.0,12,2,vae,0.7005957661604745,0.00501498319163577,0.004444937681651622,0.002813794030315842,0.6330334038047324,2.9334513389153587,613.9,
0.0014,1.6,2.0,12,2,jump,0.7352258361387203,0.00501498319163577,0.004444937681651622,0.002813794030315842,0.6330334038047324,2.9334513389153587,25.4,
0.0014,1.6,2.0,12,2,kmeans,0.7319954347791543,0.00501498319163577,0.004444937681651622,0.002813794030315842,0.6330334038047324,2.9334513389153587,0.2,
0.0012,1.1,6.0,20,3,vae,0.7526124928342612,0.004022085232811352,0.0036815039527422866,0.0023879280085053346,0.6486283972957871,1.8531476128397149,594.0,
0.0012,1.1,6.0,20,3,jump,0.7667974007981564,0.004022085232811352,0.0036815039527422866,0.0023879280085053346,0.6486283972957871,1.8531476128397149,23.9,
0.0012,1.1,6.0,20,3,kmeans,0.7570483910230293,0.004022085232811352,0.0036815039527422866,0.0023879280085053346,0.6486283972957871,1.8531476128397149,0.2,
0.002,1.6,4.0,20,4,vae,0.8088394187171775,0.004818161232011522,0.004666687246545171,0.00402988515314719,0.8635430103293473,0.6542413608742419,599.7,
0.002,1.6,4.0,20,4,jump,0.806027071694267,0.004818161232011522,0.004666687246545171,0.00402988515314719,0.8635430103293473,0.6542413608742419,24.8,
0.002,1.6,4.0,20,4,kmeans,0.8188209843212579,0.004818161232011522,0.004666687246545171,0.00402988515314719,0.8635430103293473,0.6542413608742419,0.4,
0.0014,0.8,2.75,8,2,vae,0.7387409537876692,0.00451632138205888,0.0033418017826816497,0.002808533723008964,0.8404249879701837,3.8612354241338487,587.5,
0.0014,0.8,2.75,8,2,jump,0.7599567374443301,0.00451632138205888,0.0033418017826816497,0.002808533723008964,0.8404249879701837,3.8612354241338487,26.2,
0.0014,0.8,2.75,8,2,kmeans,0.7663535337495605,0.00451632138205888,0.0033418017826816497,0.002808533723008964,0.8404249879701837,3.8612354241338487,0.3,
0.0014,1.6,4.0,8,0,vae,0.7615230079104258,0.004579609759496585,0.004379500379369371,0.002806986419407004,0.6409375901940664,0.602762582049166,594.5,
0.0014,1.6,4.0,8,0,jump,0.7789297754185669,0.004579609759496585,0.004379500379369371,0.002806986419407004,0.6409375901940664,0.602762582049166,23.5,
0.0014,1.6,4.0,8,0,kmeans,0.7680110491439647,0.004579609759496585,0.004379500379369371,0.002806986419407004,0.6409375901940664,0.602762582049166,0.4,
0.0014,0.8,2.0,20,2,vae,0.5162745145040254,0.007054932662775932,0.0036356189162682407,0.002810734279211838,0.7731102582382038,14.667935441155254,571.9,
0.0014,0.8,2.0,20,2,jump,0.50889430647523,0.007054932662775932,0.0036356189162682407,0.002810734279211838,0.7731102582382038,14.667935441155254,21.9,
0.0014,0.8,2.0,20,2,kmeans,0.5023371216270167,0.007054932662775932,0.0036356189162682407,0.002810734279211838,0.7731102582382038,14.667935441155254,0.2,
0.0016,1.1,2.75,8,2,vae,0.7408143195883197,0.0049083103959927194,0.004109386200432185,0.00322175353985773,0.7839987245586452,2.3210843118100044,582.8,
0.0016,1.1,2.75,8,2,jump,0.762932833186285,0.0049083103959927194,0.004109386200432185,0.00322175353985773,0.7839987245586452,2.3210843118100044,25.8,
0.0016,1.1,2.75,8,2,kmeans,0.7642966733135135,0.0049083103959927194,0.004109386200432185,0.00322175353985773,0.7839987245586452,2.3210843118100044,0.4,
0.0012,1.6,2.75,20,0,vae,0.7246802280589382,0.004779066087147939,0.004314775194509268,0.002366580206843061,0.5484828525608085,3.4398456114988036,591.6,
0.0012,1.6,2.75,20,0,jump,0.7251178598665646,0.004779066087147939,0.004314775194509268,0.002366580206843061,0.5484828525608085,3.4398456114988036,25.5,
0.0012,1.6,2.75,20,0,kmeans,0.7275482167550512,0.004779066087147939,0.004314775194509268,0.002366580206843061,0.5484828525608085,3.4398456114988036,0.5,
0.0014,0.8,2.75,12,4,vae,0.7345232962232001,0.004908007130771382,0.00335022083037836,0.0027895950656585972,0.8326600564248632,7.8097440383449666,614.6,
0.0014,0.8,2.75,12,4,jump,0.7399324040130862,0.004908007130771382,0.00335022083037836,0.0027895950656585972,0.8326600564248632,7.8097440383449666,24.9,
0.0014,0.8,2.75,12,4,kmeans,0.746342007733409,0.004908007130771382,0.00335022083037836,0.0027895950656585972,0.8326600564248632,7.8097440383449666,0.4,
0.001,1.6,2.0,20,1,vae,0.6147831215947266,0.0051063462578714355,0.0043129043106912915,0.0019715533099540104,0.45712892471708955,7.034031098417339,590.1,
0.001,1.6,2.0,20,1,jump,0.502081122381552,0.0051063462578714355,0.0043129043106912915,0.0019715533099540104,0.45712892471708955,7.034031098417339,23.7,
0.001,1.6,2.0,20,1,kmeans,0.6839618787164838,0.0051063462578714355,0.0043129043106912915,0.0019715533099540104,0.45712892471708955,7.034031098417339,0.3,
0.0008,1.1,6.0,12,0,vae,0.6732936473664726,0.003943254584395895,0.003562811268917042,0.0016370603026797268,0.4594855520307508,1.811919616939763,579.9,
0.0008,1.1,6.0,12,0,jump,0.699279731004123,0.003943254584395895,0.003562811268917042,0.0016370603026797268,0.4594855520307508,1.811919616939763,22.7,
0.0008,1.1,6.0,12,0,kmeans,0.6798588447718763,0.003943254584395895,0.003562811268917042,0.0016370603026797268,0.4594855520307508,1.811919616939763,0.4,
0.0008,1.1,6.0,12,4,vae,0.6750711486675056,0.0039202916798886855,0.0035446929577728986,0.0015965456257321037,0.45040449053031667,1.7128994695769464,626.1,
0.0008,1.1,6.0,12,4,jump,0.6814889671987503,0.0039202916798886855,0.0035446929577728986,0.0015965456257321037,0.45040449053031667,1.7128994695769464,24.6,
0.0008,1.1,6.0,12,4,kmeans,0.6771486353267928,0.0039202916798886855,0.0035446929577728986,0.0015965456257321037,0.45040449053031667,1.7128994695769464,0.3,
0.0011,1.6,4.0,8,5,vae,0.707281766577716,0.004480333458585034,0.004263020992726758,0.002149541915939694,0.5042297280747805,0.6674847439052178,597.5,
0.0011,1.6,4.0,8,5,jump,0.7253915848403403,0.004480333458585034,0.004263020992726758,0.002149541915939694,0.5042297280747805,0.6674847439052178,23.1,
0.0011,1.6,4.0,8,5,kmeans,0.714735430879408,0.004480333458585034,0.004263020992726758,0.002149541915939694,0.5042297280747805,0.6674847439052178,0.6,
0.0011,1.6,2.75,20,4,vae,0.6961996023351116,0.00473762383631342,0.004314589822073326,0.0021375266343583756,0.4954182720737083,2.6970387213166296,615.8,
0.0011,1.6,2.75,20,4,jump,0.719541292162342,0.00473762383631342,0.004314589822073326,0.0021375266343583756,0.4954182720737083,2.6970387213166296,22.9,
0.0011,1.6,2.75,20,4,kmeans,0.6978153785983223,0.00473762383631342,0.004314589822073326,0.0021375266343583756,0.4954182720737083,2.6970387213166296,0.5,
0.0008,1.6,2.0,20,0,vae,0.6494400452726906,0.005036995475505987,0.004257293212259627,0.0015864965350591142,0.3726538098175896,6.5249019737435585,622.7,
0.0008,1.6,2.0,20,0,jump,0.503948815360894,0.005036995475505987,0.004257293212259627,0.0015864965350591142,0.3726538098175896,6.5249019737435585,23.3,
0.0008,1.6,2.0,20,0,kmeans,0.6557659560038851,0.005036995475505987,0.004257293212259627,0.0015864965350591142,0.3726538098175896,6.5249019737435585,0.3,
0.0005,1.6,6.0,20,0,vae,0.5662353447416291,0.004271977596379348,0.004122661886781353,0.0009695291264527364,0.23517066232411016,0.5276629645697781,595.7,
0.0005,1.6,6.0,20,0,jump,0.6147762407490249,0.004271977596379348,0.004122661886781353,0.0009695291264527364,0.23517066232411016,0.5276629645697781,24.1,
0.0005,1.6,6.0,20,0,kmeans,0.5464464498301959,0.004271977596379348,0.004122661886781353,0.0009695291264527364,0.23517066232411016,0.5276629645697781,0.6,
0.0012,0.8,2.75,12,3,vae,0.7415967531047061,0.004837391283353747,0.0032088146214385945,0.002417906517367254,0.753520163244346,7.9372872094394875,588.6,
0.0012,0.8,2.75,12,3,jump,0.5311775877845301,0.004837391283353747,0.0032088146214385945,0.002417906517367254,0.753520163244346,7.9372872094394875,22.3,
0.0012,0.8,2.75,12,3,kmeans,0.5020549662179308,0.004837391283353747,0.0032088146214385945,0.002417906517367254,0.753520163244346,7.9372872094394875,0.2,
0.0008,0.8,2.75,12,0,vae,0.5608065914710202,0.004788097021219449,0.002992910800794265,0.0016127809457652906,0.5388670271553991,8.939073753525053,576.2,
0.0008,0.8,2.75,12,0,jump,0.5051093392241399,0.004788097021219449,0.002992910800794265,0.0016127809457652906,0.5388670271553991,8.939073753525053,22.5,
0.0008,0.8,2.75,12,0,kmeans,0.5001340791693252,0.004788097021219449,0.002992910800794265,0.0016127809457652906,0.5388670271553991,8.939073753525053,0.2,
0.0012,0.8,4.0,12,1,vae,0.7258051951590135,0.0039042902678493234,0.0029984176416125094,0.0023677184361758476,0.7896559849823055,6.330004068353684,580.5,
0.0012,0.8,4.0,12,1,jump,0.7551830532755224,0.0039042902678493234,0.0029984176416125094,0.0023677184361758476,0.7896559849823055,6.330004068353684,22.5,
0.0012,0.8,4.0,12,1,kmeans,0.7652142622571985,0.0039042902678493234,0.0029984176416125094,0.0023677184361758476,0.7896559849823055,6.330004068353684,0.4,
0.002,1.6,2.0,20,2,vae,0.7489512443329873,0.005326383480831621,0.004737721821307197,0.004015113916658767,0.8474777684501,5.262166380909283,593.3,
0.002,1.6,2.0,20,2,jump,0.7841105760026239,0.005326383480831621,0.004737721821307197,0.004015113916658767,0.8474777684501,5.262166380909283,23.3,
0.002,1.6,2.0,20,2,kmeans,0.798163581433514,0.005326383480831621,0.004737721821307197,0.004015113916658767,0.8474777684501,5.262166380909283,0.3,
0.001,0.8,4.0,8,2,vae,0.6948284837612062,0.0037258864652028227,0.0028956644320492,0.0019797753772130126,0.6837033170352436,4.083221580799308,561.3,
0.001,0.8,4.0,8,2,jump,0.7284111956033108,0.0037258864652028227,0.0028956644320492,0.0019797753772130126,0.6837033170352436,4.083221580799308,23.2,
0.001,0.8,4.0,8,2,kmeans,0.7342030035443483,0.0037258864652028227,0.0028956644320492,0.0019797753772130126,0.6837033170352436,4.083221580799308,0.4,
0.0014,1.1,2.0,20,5,vae,0.5530852095272676,0.006431047439471442,0.004175394529332231,0.002784347243708591,0.6668465037611405,12.374781077444192,602.9,
0.0014,1.1,2.0,20,5,jump,0.503710722242608,0.006431047439471442,0.004175394529332231,0.002784347243708591,0.6668465037611405,12.374781077444192,24.1,
0.0014,1.1,2.0,20,5,kmeans,0.5016875979402371,0.006431047439471442,0.004175394529332231,0.002784347243708591,0.6668465037611405,12.374781077444192,0.2,
0.0005,0.8,6.0,20,3,vae,0.6583000754798486,0.0031411023339960233,0.002562882273594874,0.0010000513905810045,0.39020574643027356,6.780005832831057,564.4,
0.0005,0.8,6.0,20,3,jump,0.5049527967541141,0.0031411023339960233,0.002562882273594874,0.0010000513905810045,0.39020574643027356,6.780005832831057,23.0,
0.0005,0.8,6.0,20,3,kmeans,0.6591986093409707,0.0031411023339960233,0.002562882273594874,0.0010000513905810045,0.39020574643027356,6.780005832831057,0.5,
0.0012,0.8,2.0,12,2,vae,0.5182216975172982,0.006014875691118482,0.0034661695065006343,0.00240710432020962,0.6944566085689726,7.4856822232744005,587.0,
0.0012,0.8,2.0,12,2,jump,0.5291969699610665,0.006014875691118482,0.0034661695065006343,0.00240710432020962,0.6944566085689726,7.4856822232744005,23.9,
0.0012,0.8,2.0,12,2,kmeans,0.5028143071680453,0.006014875691118482,0.0034661695065006343,0.00240710432020962,0.6944566085689726,7.4856822232744005,0.2,
0.002,0.8,2.0,8,5,vae,0.7657161460584718,0.00544461824650932,0.004086266057087515,0.003992811992432377,0.9771297161394951,3.1621755209265494,611.2,
0.002,0.8,2.0,8,5,jump,0.791117689023457,0.00544461824650932,0.004086266057087515,0.003992811992432377,0.9771297161394951,3.1621755209265494,24.8,
0.002,0.8,2.0,8,5,kmeans,0.8005285570837488,0.00544461824650932,0.004086266057087515,0.003992811992432377,0.9771297161394951,3.1621755209265494,0.2,
0.0011,1.6,2.75,8,1,vae,0.6933358940528465,0.004660015223675086,0.004317916860156234,0.002175516590574719,0.5038347566738474,1.1774957015702867,609.2,
0.0011,1.6,2.75,8,1,jump,0.7226159717841005,0.004660015223675086,0.004317916860156234,0.002175516590574719,0.5038347566738474,1.1774957015702867,23.1,
0.0011,1.6,2.75,8,1,kmeans,0.7063058923632759,0.004660015223675086,0.004317916860156234,0.002175516590574719,0.5038347566738474,1.1774957015702867,0.4,
0.0014,1.1,4.0,12,1,vae,0.7422282277834946,0.004475998746577148,0.0038802364366456355,0.002795280660998789,0.7203892614892399,3.204810659266813,605.0,
0.0014,1.1,4.0,12,1,jump,0.7428349854396472,0.004475998746577148,0.0038802364366456355,0.002795280660998789,0.7203892614892399,3.204810659266813,23.8,
0.0014,1.1,4.0,12,1,kmeans,0.7565848456050919,0.004475998746577148,0.0038802364366456355,0.002795280660998789,0.7203892614892399,3.204810659266813,0.6,
0.0016,1.6,4.0,8,4,vae,0.7737313480266583,0.004650946503785156,0.00446334785494534,0.0032303374817213397,0.7237476411662966,0.5958516275943841,583.0,
0.0016,1.6,4.0,8,4,jump,0.7841057236760136,0.004650946503785156,0.00446334785494534,0.0032303374817213397,0.7237476411662966,0.5958516275943841,24.8,
0.0016,1.6,4.0,8,4,kmeans,0.7827559131729906,0.004650946503785156,0.00446334785494534,0.0032303374817213397,0.7237476411662966,0.5958516275943841,0.2,
0.0016,1.1,2.0,8,4,vae,0.7608245693007654,0.005388691915594235,0.0042748540106028075,0.003264362983180249,0.7636197575598455,2.5271080544950424,574.4,
0.0016,1.1,2.0,8,4,jump,0.7651302108566861,0.005388691915594235,0.0042748540106028075,0.003264362983180249,0.7636197575598455,2.5271080544950424,23.2,
0.0016,1.1,2.0,8,4,kmeans,0.7702699909174808,0.005388691915594235,0.0042748540106028075,0.003264362983180249,0.7636197575598455,2.5271080544950424,0.4,
0.002,1.1,6.0,12,2,vae,0.8292379478662684,0.00434739372978004,0.004116600139675345,0.00397996469355835,0.9668086669870807,1.1828335065748572,567.4,
0.002,1.1,6.0,12,2,jump,0.8202908602251023,0.00434739372978004,0.004116600139675345,0.00397996469355835,0.9668086669870807,1.1828335065748572,22.9,
0.002,1.1,6.0,12,2,kmeans,0.838179505385274,0.00434739372978004,0.004116600139675345,0.00397996469355835,0.9668086669870807,1.1828335065748572,0.3,
0.0016,1.1,2.0,8,3,vae,0.7614801432879355,0.005352167745937471,0.004268312701329547,0.0032456856723410863,0.7604142197290465,2.5668726662739285,574.1,
0.0016,1.1,2.0,8,3,jump,0.7813982931371661,0.005352167745937471,0.004268312701329547,0.0032456856723410863,0.7604142197290465,2.5668726662739285,23.6,
0.0016,1.1,2.0,8,3,kmeans,0.7692462297829631,0.005352167745937471,0.004268312701329547,0.0032456856723410863,0.7604142197290465,2.5668726662739285,0.4,
0.0005,0.8,4.0,12,3,vae,0.5960232218202657,0.0037052041247953834,0.0026928167760946727,0.000982349736730306,0.36480377924374946,7.220412681238251,588.7,
0.0005,0.8,4.0,12,3,jump,0.5010341075742664,0.0037052041247953834,0.0026928167760946727,0.000982349736730306,0.36480377924374946,7.220412681238251,23.6,
0.0005,0.8,4.0,12,3,kmeans,0.5022632237846725,0.0037052041247953834,0.0026928167760946727,0.000982349736730306,0.36480377924374946,7.220412681238251,0.5,
0.0008,1.1,2.0,8,2,vae,0.5677404413863503,0.005152120277113677,0.003845110568534768,0.0016001610563466597,0.4161547575357301,2.9392604678073626,584.8,
0.0008,1.1,2.0,8,2,jump,0.5041474216165435,0.005152120277113677,0.003845110568534768,0.0016001610563466597,0.4161547575357301,2.9392604678073626,23.6,
0.0008,1.1,2.0,8,2,kmeans,0.5081078841031599,0.005152120277113677,0.003845110568534768,0.0016001610563466597,0.4161547575357301,2.9392604678073626,0.7,
0.0008,1.6,2.0,12,3,vae,0.6638248194550301,0.00491342606228321,0.0042818991773884655,0.0015996650659192947,0.3735877468499695,3.25904158034235,597.8,
0.0008,1.6,2.0,12,3,jump,0.5087826289715798,0.00491342606228321,0.0042818991773884655,0.0015996650659192947,0.3735877468499695,3.25904158034235,23.9,
0.0008,1.6,2.0,12,3,kmeans,0.6631499551819622,0.00491342606228321,0.0042818991773884655,0.0015996650659192947,0.3735877468499695,3.25904158034235,0.5,
0.002,1.6,4.0,12,4,vae,0.8100727710176188,0.0048165906967694485,0.004666687246545171,0.00402988515314719,0.8635430103293473,0.6155263625995988,565.4,
0.002,1.6,4.0,12,4,jump,0.8046173461025714,0.0048165906967694485,0.004666687246545171,0.00402988515314719,0.8635430103293473,0.6155263625995988,22.4,
0.002,1.6,4.0,12,4,kmeans,0.818948068746981,0.0048165906967694485,0.004666687246545171,0.00402988515314719,0.8635430103293473,0.6155263625995988,0.2,
0.001,1.1,2.75,8,2,vae,0.5998538957725577,0.004745569425587992,0.00381639290170776,0.00202175353985773,0.5297550833807062,2.6753338184667124,591.9,
0.001,1.1,2.75,8,2,jump,0.6926697110739176,0.004745569425587992,0.00381639290170776,0.00202175353985773,0.5297550833807062,2.6753338184667124,25.5,
0.001,1.1,2.75,8,2,kmeans,0.6787328532087273,0.004745569425587992,0.00381639290170776,0.00202175353985773,0.5297550833807062,2.6753338184667124,0.4,
0.0014,0.8,4.0,8,2,vae,0.7693622552122177,0.0038512675789786448,0.0031500243196419045,0.0027797753772130125,0.8824615606551945,3.553818652252721,603.8,
0.0014,0.8,4.0,8,2,jump,0.7934935582727023,0.0038512675789786448,0.0031500243196419045,0.0027797753772130125,0.8824615606551945,3.553818652252721,24.1,
0.0014,0.8,4.0,8,2,kmeans,0.7923813137032196,0.0038512675789786448,0.0031500243196419045,0.0027797753772130125,0.8824615606551945,3.553818652252721,0.2,
0.001,0.8,6.0,20,3,vae,0.7643560625163659,0.0032592919559243016,0.0027702132971243847,0.0020000513905810043,0.7219846185335816,5.86928465247661,594.6,
0.001,0.8,6.0,20,3,jump,0.78165985686989,0.0032592919559243016,0.0027702132971243847,0.0020000513905810043,0.7219846185335816,5.86928465247661,24.0,
0.001,0.8,6.0,20,3,kmeans,0.7723055811065083,0.0032592919559243016,0.0027702132971243847,0.0020000513905810043,0.7219846185335816,5.86928465247661,0.3,
0.001,1.1,2.75,20,4,vae,0.6604716586221555,0.005198656577191521,0.0038439774489404744,0.0020231543158958695,0.5263179461298653,9.503338692041204,615.0,
0.001,1.1,2.75,20,4,jump,0.5030172270088255,0.005198656577191521,0.0038439774489404744,0.0020231543158958695,0.5263179461298653,9.503338692041204,24.0,
0.001,1.1,2.75,20,4,kmeans,0.6711544949184041,0.005198656577191521,0.0038439774489404744,0.0020231543158958695,0.5263179461298653,9.503338692041204,0.2,
0.0012,1.1,4.0,8,1,vae,0.7074527233137964,0.004333577647995447,0.003779787481314698,0.0023935565414248015,0.6332516188429375,1.9954385365951897,587.5,
0.0012,1.1,4.0,8,1,jump,0.7208360746208914,0.004333577647995447,0.003779787481314698,0.0023935565414248015,0.6332516188429375,1.9954385365951897,22.1,
0.0012,1.1,4.0,8,1,kmeans,0.7309704517640896,0.004333577647995447,0.003779787481314698,0.0023935565414248015,0.6332516188429375,1.9954385365951897,0.4,
0.002,1.1,2.0,20,0,vae,0.7647401426650382,0.006578713841959821,0.004577664850369077,0.003980039527781726,0.8694475584993586,11.196885282687415,565.0,
0.002,1.1,2.0,20,0,jump,0.5054823499241929,0.006578713841959821,0.004577664850369077,0.003980039527781726,0.8694475584993586,11.196885282687415,24.0,
0.002,1.1,2.0,20,0,kmeans,0.7723223409489668,0.006578713841959821,0.004577664850369077,0.003980039527781726,0.8694475584993586,11.196885282687415,0.4,
0.001,1.6,2.75,12,2,vae,0.6661373599742819,0.004692307190248738,0.00426182453013039,0.002018351437414506,0.47358858234192824,2.2046615936602327,568.8,
0.001,1.6,2.75,12,2,jump,0.701929990633493,0.004692307190248738,0.00426182453013039,0.002018351437414506,0.47358858234192824,2.2046615936602327,22.9,
0.001,1.6,2.75,12,2,kmeans,0.6906828821848674,0.004692307190248738,0.00426182453013039,0.002018351437414506,0.47358858234192824,2.2046615936602327,0.3,
0.001,1.1,6.0,12,2,vae,0.6875508829990055,0.003988936280489383,0.003600313926492868,0.0019799646935583504,0.5499422367001953,1.771968342968023,583.6,
0.001,1.1,6.0,12,2,jump,0.7131501484867802,0.003988936280489383,0.003600313926492868,0.0019799646935583504,0.5499422367001953,1.771968342968023,24.2,
0.001,1.1,6.0,12,2,kmeans,0.7098713910590285,0.003988936280489383,0.003600313926492868,0.0019799646935583504,0.5499422367001953,1.771968342968023,0.6,
0.0005,0.8,6.0,8,4,vae,0.6531437070806148,0.0030671131460713328,0.0025581104410583124,0.0009885102687169681,0.38642204529215435,2.9965126774226007,584.7,
0.0005,0.8,6.0,8,4,jump,0.5198232492877128,0.0030671131460713328,0.0025581104410583124,0.0009885102687169681,0.38642204529215435,2.9965126774226007,23.4,
0.0005,0.8,6.0,8,4,kmeans,0.5046098497123855,0.0030671131460713328,0.0025581104410583124,0.0009885102687169681,0.38642204529215435,2.9965126774226007,0.5,
0.001,1.1,2.0,8,1,vae,0.5952531029714302,0.005216639804924367,0.003925301337693539,0.001996034150478855,0.5085046927000262,2.8836933993234553,588.2,
0.001,1.1,2.0,8,1,jump,0.6950720286656511,0.005216639804924367,0.003925301337693539,0.001996034150478855,0.5085046927000262,2.8836933993234553,23.4,
0.001,1.1,2.0,8,1,kmeans,0.5136847916362822,0.005216639804924367,0.003925301337693539,0.001996034150478855,0.5085046927000262,2.8836933993234553,0.3,
0.0008,1.6,2.75,12,5,vae,0.6467914426088621,0.004620081507941173,0.004233582148931929,0.0016639252116985655,0.3930300991368148,2.0704986864620505,562.1,
0.0008,1.6,2.75,12,5,jump,0.6882500613177129,0.004620081507941173,0.004233582148931929,0.0016639252116985655,0.3930300991368148,2.0704986864620505,22.9,
0.0008,1.6,2.75,12,5,kmeans,0.6715179704125225,0.004620081507941173,0.004233582148931929,0.0016639252116985655,0.3930300991368148,2.0704986864620505,0.4,
0.0016,0.8,6.0,8,5,vae,0.8350482280621874,0.0034507796956644754,0.003177404355025846,0.0031938348919642824,1.0051710563411445,1.818158620843005,604.0,
0.0016,0.8,6.0,8,5,jump,0.8218732449205559,0.0034507796956644754,0.003177404355025846,0.0031938348919642824,1.0051710563411445,1.818158620843005,24.6,
0.0016,0.8,6.0,8,5,kmeans,0.8401497256872867,0.0034507796956644754,0.003177404355025846,0.0031938348919642824,1.0051710563411445,1.818158620843005,0.3,
0.002,1.1,6.0,20,2,vae,0.8295313743480593,0.004350735011782681,0.004116519594939701,0.003980115762356382,0.9668642819650378,1.4058284101424716,577.9,
0.002,1.1,6.0,20,2,jump,0.8209655501290023,0.004350735011782681,0.004116519594939701,0.003980115762356382,0.9668642819650378,1.4058284101424716,21.5,
0.002,1.1,6.0,20,2,kmeans,0.839815206517912,0.004350735011782681,0.004116519594939701,0.003980115762356382,0.9668642819650378,1.4058284101424716,0.2,
0.001,1.1,6.0,8,4,vae,0.7124999384639621,0.003949589046969516,0.003603981611057471,0.0019970758753320404,0.5541304287471277,1.2638265772634902,605.8,
0.001,1.1,6.0,8,4,jump,0.7248358828864536,0.003949589046969516,0.003603981611057471,0.0019970758753320404,0.5541304287471277,1.2638265772634902,25.3,
0.001,1.1,6.0,8,4,kmeans,0.7138438955389834,0.003949589046969516,0.003603981611057471,0.0019970758753320404,0.5541304287471277,1.2638265772634902,0.4,
0.0014,1.1,2.75,12,1,vae,0.6162803080799505,0.005076575940830965,0.004010781208720307,0.0027488346204208357,0.6853613990322568,4.884705138665154,602.4,
0.0014,1.1,2.75,12,1,jump,0.7198727232155457,0.005076575940830965,0.004010781208720307,0.0027488346204208357,0.6853613990322568,4.884705138665154,24.2,
0.0014,1.1,2.75,12,1,kmeans,0.7256673591334879,0.005076575940830965,0.004010781208720307,0.0027488346204208357,0.6853613990322568,4.884705138665154,0.3,
0.0014,1.1,4.0,8,5,vae,0.7411462746047329,0.004395904777795628,0.003894772379027683,0.002813956429103365,0.722495734091105,1.802473162271248,559.8,
0.0014,1.1,4.0,8,5,jump,0.7672718628865498,0.004395904777795628,0.003894772379027683,0.002813956429103365,0.722495734091105,1.802473162271248,23.4,
0.0014,1.1,4.0,8,5,kmeans,0.7695607506440761,0.004395904777795628,0.003894772379027683,0.002813956429103365,0.722495734091105,1.802473162271248,0.4,
0.0011,0.8,2.75,20,4,vae,0.6974085803610026,0.005214936687144096,0.0031570531270949625,0.0021925901403199942,0.6945053035384166,17.290278301211583,605.2,
0.0011,0.8,2.75,20,4,jump,0.5034779968540777,0.005214936687144096,0.0031570531270949625,0.0021925901403199942,0.6945053035384166,17.290278301211583,24.0,
0.0011,0.8,2.75,20,4,kmeans,0.5006780470914987,0.005214936687144096,0.0031570531270949625,0.0021925901403199942,0.6945053035384166,17.290278301211583,0.4,
0.0011,0.8,2.75,20,2,vae,0.6065454485889593,0.005156874077600263,0.003159761067274041,0.002210059802983412,0.6994388993121096,16.116721877223533,597.2,
0.0011,0.8,2.75,20,2,jump,0.5053903590730319,0.005156874077600263,0.003159761067274041,0.002210059802983412,0.6994388993121096,16.116721877223533,22.8,
0.0011,0.8,2.75,20,2,kmeans,0.5177974031446355,0.005156874077600263,0.003159761067274041,0.002210059802983412,0.6994388993121096,16.116721877223533,0.2,
0.0012,1.6,2.0,8,2,vae,0.6575126744549786,0.004823322429401064,0.004363542701581264,0.002413529734462146,0.5531124362751232,1.5082541421964315,586.5,
0.0012,1.6,2.0,8,2,jump,0.7034769198051585,0.004823322429401064,0.004363542701581264,0.002413529734462146,0.5531124362751232,1.5082541421964315,22.0,
0.0012,1.6,2.0,8,2,kmeans,0.7096400059477314,0.004823322429401064,0.004363542701581264,0.002413529734462146,0.5531124362751232,1.5082541421964315,0.3,
0.0005,1.6,4.0,12,3,vae,0.5945134145472417,0.004368213818190802,0.004134868338377006,0.0009710274024563492,0.23483877187671015,0.9872230067286183,577.7,
0.0005,1.6,4.0,12,3,jump,0.5119321291033481,0.004368213818190802,0.004134868338377006,0.0009710274024563492,0.23483877187671015,0.9872230067286183,24.7,
0.0005,1.6,4.0,12,3,kmeans,0.5981691279768184,0.004368213818190802,0.004134868338377006,0.0009710274024563492,0.23483877187671015,0.9872230067286183,0.3,
0.0005,0.8,6.0,12,1,vae,0.6181731534442383,0.0031041015932141464,0.002545571769424683,0.0010093263533816816,0.39650280754401845,4.226530324637767,583.5,
0.0005,0.8,6.0,12,1,jump,0.501735179120449,0.0031041015932141464,0.002545571769424683,0.0010093263533816816,0.39650280754401845,4.226530324637767,22.9,
0.0005,0.8,6.0,12,1,kmeans,0.5004799022888504,0.0031041015932141464,0.002545571769424683,0.0010093263533816816,0.39650280754401845,4.226530324637767,0.7,
0.0014,1.1,2.75,8,2,vae,0.7090083919953791,0.004846423425149514,0.004002652239145814,0.00282175353985773,0.7049709470788065,2.450949286389121,585.7,
0.0014,1.1,2.75,8,2,jump,0.7448577589078942,0.004846423425149514,0.004002652239145814,0.00282175353985773,0.7049709470788065,2.450949286389121,23.5,
0.0014,1.1,2.75,8,2,kmeans,0.7405881595924454,0.004846423425149514,0.004002652239145814,0.00282175353985773,0.7049709470788065,2.450949286389121,0.3,
0.0012,0.8,2.75,8,1,vae,0.7151970939105212,0.004478137491845512,0.0032041381603508945,0.0023759105899573115,0.7415131530087076,4.263836401653948,573.8,
0.0012,0.8,2.75,8,1,jump,0.7349378411201508,0.004478137491845512,0.0032041381603508945,0.0023759105899573115,0.7415131530087076,4.263836401653948,23.6,
0.0012,0.8,2.75,8,1,kmeans,0.5022694744374829,0.004478137491845512,0.0032041381603508945,0.0023759105899573115,0.7415131530087076,4.263836401653948,0.2,
0.0012,0.8,6.0,20,3,vae,0.7945259805019804,0.0033264821591759393,0.0028833061057774918,0.0024000513905810044,0.8323956259003668,5.405199537978104,601.3,
0.0012,0.8,6.0,20,3,jump,0.8062176159784146,0.0033264821591759393,0.0028833061057774918,0.0024000513905810044,0.8323956259003668,5.405199537978104,24.8,
0.0012,0.8,6.0,20,3,kmeans,0.8035990945302286,0.0033264821591759393,0.0028833061057774918,0.0024000513905810044,0.8323956259003668,5.405199537978104,0.5,
0.002,0.8,6.0,12,0,vae,0.8621591359125,0.0036615860975996424,0.0035321354910820843,0.0040119440243832055,1.1358409196115322,1.7772671630901735,580.5,
0.002,0.8,6.0,12,0,jump,0.8456909275916563,0.0036615860975996424,0.0035321354910820843,0.0040119440243832055,1.1358409196115322,1.7772671630901735,22.6,
0.002,0.8,6.0,12,0,kmeans,0.8679084436903353,0.0036615860975996424,0.0035321354910820843,0.0040119440243832055,1.1358409196115322,1.7772671630901735,0.1,
0.0005,0.8,4.0,20,5,vae,0.5636697994734682,0.003804455261838271,0.0026973491300032546,0.0010038979705426546,0.37217947034592563,10.111799752317696,567.2,
0.0005,0.8,4.0,20,5,jump,0.5008808617652201,0.003804455261838271,0.0026973491300032546,0.0010038979705426546,0.37217947034592563,10.111799752317696,23.8,
0.0005,0.8,4.0,20,5,kmeans,0.5141423381036272,0.003804455261838271,0.0026973491300032546,0.0010038979705426546,0.37217947034592563,10.111799752317696,0.3,
0.0005,0.8,4.0,8,0,vae,0.5506492177904796,0.003643218414665969,0.0026956660132207546,0.0009975491367716293,0.3700566508904297,4.650183777076397,602.3,
0.0005,0.8,4.0,8,0,jump,0.5148738291757252,0.003643218414665969,0.0026956660132207546,0.0009975491367716293,0.3700566508904297,4.650183777076397,23.3,
0.0005,0.8,4.0,8,0,kmeans,0.5095768541448431,0.003643218414665969,0.0026956660132207546,0.0009975491367716293,0.3700566508904297,4.650183777076397,0.2,
0.0008,1.6,6.0,20,0,vae,0.6213264420958711,0.004316840112670854,0.004172861153668904,0.0015695291264527364,0.376127809829656,0.5077319679264845,591.4,
0.0008,1.6,6.0,20,0,jump,0.6747685332351123,0.004316840112670854,0.004172861153668904,0.0015695291264527364,0.376127809829656,0.5077319679264845,22.8,
0.0008,1.6,6.0,20,0,kmeans,0.6659542371713596,0.004316840112670854,0.004172861153668904,0.0015695291264527364,0.376127809829656,0.5077319679264845,0.3,
0.0016,0.8,2.75,8,3,vae,0.7855891612171134,0.0046009565442466,0.0034996839493811496,0.003216589059270976,0.9191084411607415,3.8456576192284135,600.9,
0.0016,0.8,2.75,8,3,jump,0.7951578433328677,0.0046009565442466,0.0034996839493811496,0.003216589059270976,0.9191084411607415,3.8456576192284135,23.4,
0.0016,0.8,2.75,8,3,kmeans,0.80048089912791,0.0046009565442466,0.0034996839493811496,0.003216589059270976,0.9191084411607415,3.8456576192284135,0.4,
0.0012,1.6,2.0,12,0,vae,0.7044944377978146,0.005008208600454715,0.004374197595868846,0.002384980728553352,0.5452384526034708,3.2150193445290354,587.2,
0.0012,1.6,2.0,12,0,jump,0.7180413458841506,0.005008208600454715,0.004374197595868846,0.002384980728553352,0.5452384526034708,3.2150193445290354,25.8,
0.0012,1.6,2.0,12,0,kmeans,0.7115683907455451,0.005008208600454715,0.004374197595868846,0.002384980728553352,0.5452384526034708,3.2150193445290354,0.5,
0.001,0.8,4.0,20,4,vae,0.7266847456544451,0.003912313324257067,0.0028971115033928803,0.002002567033241396,0.6912288432447765,11.672118895980438,575.8,
0.001,0.8,4.0,20,4,jump,0.5035933644179378,0.003912313324257067,0.0028971115033928803,0.002002567033241396,0.6912288432447765,11.672118895980438,23.1,
0.001,0.8,4.0,20,4,kmeans,0.7337236078937268,0.003912313324257067,0.0028971115033928803,0.002002567033241396,0.6912288432447765,11.672118895980438,0.5,
0.0012,1.1,2.0,8,4,vae,0.7123267670478539,0.005280189068025236,0.00404302705640211,0.0024643629831802485,0.6095341309373491,2.752480810033674,574.2,
0.0012,1.1,2.0,8,4,jump,0.7216264333044005,0.005280189068025236,0.00404302705640211,0.0024643629831802485,0.6095341309373491,2.752480810033674,22.7,
0.0012,1.1,2.0,8,4,kmeans,0.5005507825602986,0.005280189068025236,0.00404302705640211,0.0024643629831802485,0.6095341309373491,2.752480810033674,0.3,
0.0011,1.6,2.0,12,2,vae,0.6247924066642632,0.004939332639384319,0.0043397407709036846,0.002213794030315842,0.5101212600435702,3.1232934906233405,574.0,
0.0011,1.6,2.0,12,2,jump,0.6849162397997371,0.004939332639384319,0.0043397407709036846,0.002213794030315842,0.5101212600435702,3.1232934906233405,22.3,
0.0011,1.6,2.0,12,2,kmeans,0.6883723811458995,0.004939332639384319,0.0043397407709036846,0.002213794030315842,0.5101212600435702,3.1232934906233405,0.3,
0.0008,0.8,2.75,8,5,vae,0.5206789583865661,0.004379631469773206,0.0029908298171028415,0.0016060466883355928,0.5369903292897283,4.684572071904737,612.2,
0.0008,0.8,2.75,8,5,jump,0.5286196022001372,0.004379631469773206,0.0029908298171028415,0.0016060466883355928,0.5369903292897283,4.684572071904737,23.1,
0.0008,0.8,2.75,8,5,kmeans,0.518624574858521,0.004379631469773206,0.0029908298171028415,0.0016060466883355928,0.5369903292897283,4.684572071904737,0.3,
0.001,1.1,4.0,8,0,vae,0.6937174888026512,0.004311668654930179,0.0037167923061437055,0.0019897258992465023,0.5353341632669565,2.16986450763463,564.7,
0.001,1.1,4.0,8,0,jump,0.7293906311088743,0.004311668654930179,0.0037167923061437055,0.0019897258992465023,0.5353341632669565,2.16986450763463,24.0,
0.001,1.1,4.0,8,0,kmeans,0.7096703889338332,0.004311668654930179,0.0037167923061437055,0.0019897258992465023,0.5353341632669565,2.16986450763463,0.2,
0.0016,1.1,2.75,8,3,vae,0.7756977079129743,0.004917025710625656,0.004103429561200609,0.003174538177327914,0.773630479086154,2.326047734841164,601.3,
0.0016,1.1,2.75,8,3,jump,0.7950249834974205,0.004917025710625656,0.004103429561200609,0.003174538177327914,0.773630479086154,2.326047734841164,24.8,
0.0016,1.1,2.75,8,3,kmeans,0.7800186618648189,0.004917025710625656,0.004103429561200609,0.003174538177327914,0.773630479086154,2.326047734841164,0.2,
0.002,0.8,2.75,8,3,vae,0.8203859702897889,0.004756655044731811,0.003868626042274018,0.004016589059270976,1.0382469164452979,3.3384906652562956,578.7,
0.002,0.8,2.75,8,3,jump,0.8243603890983593,0.004756655044731811,0.003868626042274018,0.004016589059270976,1.0382469164452979,3.3384906652562956,24.1,
0.002,0.8,2.75,8,3,kmeans,0.834722955547805,0.004756655044731811,0.003868626042274018,0.004016589059270976,1.0382469164452979,3.3384906652562956,0.2,
0.0008,1.6,2.75,12,1,vae,0.616852522936544,0.004665376342812145,0.004244645883901992,0.0015756793123916767,0.3712157281170404,2.1276654633777037,568.9,
0.0008,1.6,2.75,12,1,jump,0.5052449926922844,0.004665376342812145,0.004244645883901992,0.0015756793123916767,0.3712157281170404,2.1276654633777037,24.1,
0.0008,1.6,2.75,12,1,kmeans,0.6583380450112138,0.004665376342812145,0.004244645883901992,0.0015756793123916767,0.3712157281170404,2.1276654633777037,0.3,
0.0011,1.1,4.0,8,4,vae,0.7204569784248447,0.004341135942254719,0.0037507905527870713,0.002210610061224602,0.5893717684614463,2.10692320243356,595.9,
0.0011,1.1,4.0,8,4,jump,0.7347023210673098,0.004341135942254719,0.0037507905527870713,0.002210610061224602,0.5893717684614463,2.10692320243356,24.1,
0.0011,1.1,4.0,8,4,kmeans,0.7215463764198866,0.004341135942254719,0.0037507905527870713,0.002210610061224602,0.5893717684614463,2.10692320243356,0.2,
0.0012,1.1,6.0,12,2,vae,0.717157232003255,0.004043422134768397,0.003675499064749527,0.00237996469355835,0.6475215070475162,1.6731263167901549,594.6,
0.0012,1.1,6.0,12,2,jump,0.7488824278128303,0.004043422134768397,0.003675499064749527,0.00237996469355835,0.6475215070475162,1.6731263167901549,24.7,
0.0012,1.1,6.0,12,2,kmeans,0.7498643395032596,0.004043422134768397,0.003675499064749527,0.00237996469355835,0.6475215070475162,1.6731263167901549,0.3,
0.002,0.8,6.0,20,2,vae,0.8604532624125667,0.0036774258423956014,0.003518819016235122,0.003990571326181309,1.1340655224862706,1.926295017905522,614.8,
0.002,0.8,6.0,20,2,jump,0.8456800860731013,0.0036774258423956014,0.003518819016235122,0.003990571326181309,1.1340655224862706,1.926295017905522,23.9,
0.002,0.8,6.0,20,2,kmeans,0.867819170125468,0.0036774258423956014,0.003518819016235122,0.003990571326181309,1.1340655224862706,1.926295017905522,0.1,
0.0005,1.1,6.0,20,2,vae,0.5755537739828673,0.0038980619875247395,0.003480604657769658,0.0009801157623563817,0.2815935329421847,2.2591927853443465,598.2,
0.0005,1.1,6.0,20,2,jump,0.5017790542993095,0.0038980619875247395,0.003480604657769658,0.0009801157623563817,0.2815935329421847,2.2591927853443465,24.3,
0.0005,1.1,6.0,20,2,kmeans,0.5362090298574695,0.0038980619875247395,0.003480604657769658,0.0009801157623563817,0.2815935329421847,2.2591927853443465,0.2,
0.0012,1.1,2.75,12,5,vae,0.6576524025336543,0.005068068415076158,0.003920172628983435,0.002378937404836518,0.6068450627015921,5.035647843500845,566.6,
0.0012,1.1,2.75,12,5,jump,0.7023872762703973,0.005068068415076158,0.003920172628983435,0.002378937404836518,0.6068450627015921,5.035647843500845,23.6,
0.0012,1.1,2.75,12,5,kmeans,0.7166331580575317,0.005068068415076158,0.003920172628983435,0.002378937404836518,0.6068450627015921,5.035647843500845,0.2,
0.0012,1.6,6.0,20,0,vae,0.7246809933681306,0.0044078101846273645,0.004283413382202908,0.0023695291264527363,0.5531871232176325,0.46289836372488447,585.3,
0.0012,1.6,6.0,20,0,jump,0.7475861772914876,0.0044078101846273645,0.004283413382202908,0.0023695291264527363,0.5531871232176325,0.46289836372488447,23.4,
0.0012,1.6,6.0,20,0,kmeans,0.7341340424945082,0.0044078101846273645,0.004283413382202908,0.0023695291264527363,0.5531871232176325,0.46289836372488447,0.3,
0.0014,1.1,6.0,12,3,vae,0.7742464943610028,0.0040816833218320706,0.003776150865589128,0.002787655346474712,0.7382266878894422,1.5384594089601595,582.4,
0.0014,1.1,6.0,12,3,jump,0.7863827751644661,0.0040816833218320706,0.003776150865589128,0.002787655346474712,0.7382266878894422,1.5384594089601595,23.0,
0.0014,1.1,6.0,12,3,kmeans,0.7853169622883962,0.0040816833218320706,0.003776150865589128,0.002787655346474712,0.7382266878894422,1.5384594089601595,0.2,
0.002,1.1,2.75,8,3,vae,0.80993048106857,0.005060998494389887,0.00436640666353137,0.003974538177327914,0.9102537815645122,2.0456181367401793,583.6,
0.002,1.1,2.75,8,3,jump,0.8229669881513502,0.005060998494389887,0.00436640666353137,0.003974538177327914,0.9102537815645122,2.0456181367401793,24.8,
0.002,1.1,2.75,8,3,kmeans,0.8204300132200895,0.005060998494389887,0.00436640666353137,0.003974538177327914,0.9102537815645122,2.0456181367401793,0.2,
0.001,0.8,6.0,12,2,vae,0.7420466118096549,0.003239674801402286,0.0027623041517242253,0.001990571326181308,0.7206198944235728,3.273572769434093,608.4,
0.001,0.8,6.0,12,2,jump,0.7632459451029273,0.003239674801402286,0.0027623041517242253,0.001990571326181308,0.7206198944235728,3.273572769434093,25.2,
0.001,0.8,6.0,12,2,kmeans,0.7697451486703342,0.003239674801402286,0.0027623041517242253,0.001990571326181308,0.7206198944235728,3.273572769434093,0.2,
0.001,0.8,4.0,12,5,vae,0.7046169275951482,0.0038582367614066653,0.0029077529766164977,0.0020037741171424154,0.689114286274082,6.822125590429831,579.0,
0.001,0.8,4.0,12,5,jump,0.5024087614846635,0.0038582367614066653,0.0029077529766164977,0.0020037741171424154,0.689114286274082,6.822125590429831,22.8,
0.001,0.8,4.0,12,5,kmeans,0.7413780971848927,0.0038582367614066653,0.0029077529766164977,0.0020037741171424154,0.689114286274082,6.822125590429831,0.2,
0.0016,1.1,2.75,12,1,vae,0.7062778078916285,0.0051342129431991325,0.004123855261065234,0.003148834620420836,0.7635657463902988,4.663187080086968,578.1,
0.0016,1.1,2.75,12,1,jump,0.7486021171849643,0.0051342129431991325,0.004123855261065234,0.003148834620420836,0.7635657463902988,4.663187080086968,23.9,
0.0016,1.1,2.75,12,1,kmeans,0.752471135851593,0.0051342129431991325,0.004123855261065234,0.003148834620420836,0.7635657463902988,4.663187080086968,0.2,
0.0011,1.1,2.0,8,3,vae,0.6928731849215433,0.005223488994790971,0.003994875914863802,0.0022456856723410863,0.5621415333541464,2.8276382346896547,577.1,
0.0011,1.1,2.0,8,3,jump,0.7290362060927136,0.005223488994790971,0.003994875914863802,0.0022456856723410863,0.5621415333541464,2.8276382346896547,23.6,
0.0011,1.1,2.0,8,3,kmeans,0.5203136850056835,0.005223488994790971,0.003994875914863802,0.0022456856723410863,0.5621415333541464,2.8276382346896547,0.5,
0.0005,1.6,4.0,8,4,vae,0.5958951100122276,0.0043870219759512535,0.004141062086930203,0.0010303374817213393,0.24880995746797302,0.7723007973737461,610.0,
0.0005,1.6,4.0,8,4,jump,0.56014168137428,0.0043870219759512535,0.004141062086930203,0.0010303374817213393,0.24880995746797302,0.7723007973737461,27.0,
0.0005,1.6,4.0,8,4,kmeans,0.5159654199885622,0.0043870219759512535,0.004141062086930203,0.0010303374817213393,0.24880995746797302,0.7723007973737461,0.4,
0.0014,1.6,2.75,20,3,vae,0.7440315019712767,0.004815037427361784,0.0044280869000257505,0.002843562663550058,0.6421650540628555,2.6089101172229734,598.6,
0.0014,1.6,2.75,20,3,jump,0.768092401146454,0.004815037427361784,0.0044280869000257505,0.002843562663550058,0.6421650540628555,2.6089101172229734,25.0,
0.0014,1.6,2.75,20,3,kmeans,0.7491811399800491,0.004815037427361784,0.0044280869000257505,0.002843562663550058,0.6421650540628555,2.6089101172229734,0.3,
0.001,1.1,2.0,8,3,vae,0.6772226428009397,0.005203136416963098,0.00394315878888121,0.0020456856723410862,0.5187936326859176,2.8702652738212144,582.7,
0.001,1.1,2.0,8,3,jump,0.699873206832851,0.005203136416963098,0.00394315878888121,0.0020456856723410862,0.5187936326859176,2.8702652738212144,23.4,
0.001,1.1,2.0,8,3,kmeans,0.5195011840718492,0.005203136416963098,0.00394315878888121,0.0020456856723410862,0.5187936326859176,2.8702652738212144,0.7,
0.0008,1.6,2.0,8,2,vae,0.5855217841762124,0.004739447674291936,0.004251008588208608,0.001613529734462146,0.37956397899024097,1.6269650063336991,612.0,
0.0008,1.6,2.0,8,2,jump,0.5161170260251049,0.004739447674291936,0.004251008588208608,0.001613529734462146,0.37956397899024097,1.6269650063336991,24.8,
0.0008,1.6,2.0,8,2,kmeans,0.5075028107370891,0.004739447674291936,0.004251008588208608,0.001613529734462146,0.37956397899024097,1.6269650063336991,0.8,
0.0014,1.6,4.0,12,0,vae,0.7627528997990478,0.0045994510401262175,0.004381087591959219,0.002806808602191275,0.6406647991568852,0.8768448955558519,592.7,
0.0014,1.6,4.0,12,0,jump,0.7713463316314424,0.0045994510401262175,0.004381087591959219,0.002806808602191275,0.6406647991568852,0.8768448955558519,23.6,
0.0014,1.6,4.0,12,0,kmeans,0.7657644114798821,0.0045994510401262175,0.004381087591959219,0.002806808602191275,0.6406647991568852,0.8768448955558519,0.3,
0.002,0.8,2.0,8,2,vae,0.7819792039206146,0.005414051843648413,0.004070555285625461,0.0040002008332434705,0.9827162518513294,3.1349943848048865,582.4,
0.002,0.8,2.0,8,2,jump,0.7810222577816743,0.005414051843648413,0.004070555285625461,0.0040002008332434705,0.9827162518513294,3.1349943848048865,24.0,
0.002,0.8,2.0,8,2,kmeans,0.7999401206772658,0.005414051843648413,0.004070555285625461,0.0040002008332434705,0.9827162518513294,3.1349943848048865,0.2,
0.0005,1.6,6.0,12,4,vae,0.6217199940973432,0.004263530544068171,0.00412682183090143,0.0010232304037711016,0.2479463484731046,0.5116095978810109,579.8,
0.0005,1.6,6.0,12,4,jump,0.5063849993109966,0.004263530544068171,0.00412682183090143,0.0010232304037711016,0.2479463484731046,0.5116095978810109,23.6,
0.0005,1.6,6.0,12,4,kmeans,0.6145206278605002,0.004263530544068171,0.00412682183090143,0.0010232304037711016,0.2479463484731046,0.5116095978810109,0.5,
0.0008,1.1,2.75,12,1,vae,0.5335772470196167,0.004948323323776661,0.0037574373772195596,0.0015488346204208358,0.412205038947834,5.416478880158829,602.6,
0.0008,1.1,2.75,12,1,jump,0.5024846703257722,0.004948323323776661,0.0037574373772195596,0.0015488346204208358,0.412205038947834,5.416478880158829,24.3,
0.0008,1.1,2.75,12,1,kmeans,0.5009241612110304,0.004948323323776661,0.0037574373772195596,0.0015488346204208358,0.412205038947834,5.416478880158829,0.3,
0.001,1.6,6.0,8,2,vae,0.7040040514494965,0.004314915953024038,0.004185650184975098,0.002003622787556102,0.4786885427617316,0.38066586442814376,610.3,
0.001,1.6,6.0,8,2,jump,0.715849848123145,0.004314915953024038,0.004185650184975098,0.002003622787556102,0.4786885427617316,0.38066586442814376,25.0,
0.001,1.6,6.0,8,2,kmeans,0.7032211191545221,0.004314915953024038,0.004185650184975098,0.002003622787556102,0.4786885427617316,0.38066586442814376,0.3,
0.0005,1.6,2.0,12,2,vae,0.5401654622550612,0.004840546221300123,0.004199695992977124,0.0010137940303158422,0.24139700397627434,3.386739888214753,593.3,
0.0005,1.6,2.0,12,2,jump,0.5054730809003571,0.004840546221300123,0.004199695992977124,0.0010137940303158422,0.24139700397627434,3.386739888214753,23.9,
0.0005,1.6,2.0,12,2,kmeans,0.504378456720109,0.004840546221300123,0.004199695992977124,0.0010137940303158422,0.24139700397627434,3.386739888214753,0.3,
0.0008,0.8,2.75,20,1,vae,0.5272555995378858,0.005160823746214837,0.003009016308632242,0.0015769079825211888,0.5240609623807514,17.274378171645377,579.3,
0.0008,0.8,2.75,20,1,jump,0.5010274144163747,0.005160823746214837,0.003009016308632242,0.0015769079825211888,0.5240609623807514,17.274378171645377,24.1,
0.0008,0.8,2.75,20,1,kmeans,0.500830753078754,0.005160823746214837,0.003009016308632242,0.0015769079825211888,0.5240609623807514,17.274378171645377,0.3,
0.0011,1.6,2.0,8,2,vae,0.6434620740772163,0.004799366794824354,0.004330683002776325,0.002213529734462146,0.511127167018018,1.5414846444024084,562.8,
0.0011,1.6,2.0,8,2,jump,0.6752060453015407,0.004799366794824354,0.004330683002776325,0.002213529734462146,0.511127167018018,1.5414846444024084,23.2,
0.0011,1.6,2.0,8,2,kmeans,0.6918531880369237,0.004799366794824354,0.004330683002776325,0.002213529734462146,0.511127167018018,1.5414846444024084,0.6,
0.0014,1.6,2.0,20,0,vae,0.7395488001107327,0.005165424774991976,0.004449559627734511,0.0027864965350591136,0.6262409694861997,5.881472333986569,604.3,
0.0014,1.6,2.0,20,0,jump,0.5038548073807299,0.005165424774991976,0.004449559627734511,0.0027864965350591136,0.6262409694861997,5.881472333986569,23.6,
0.0014,1.6,2.0,20,0,kmeans,0.7451477871574895,0.005165424774991976,0.004449559627734511,0.0027864965350591136,0.6262409694861997,5.881472333986569,0.2,
0.002,1.1,6.0,12,3,vae,0.8363710103544348,0.004323039000505452,0.004130967005170177,0.003987655346474712,0.9653079633615808,1.1441943159056107,605.0,
0.002,1.1,6.0,12,3,jump,0.8319096758212003,0.004323039000505452,0.004130967005170177,0.003987655346474712,0.9653079633615808,1.1441943159056107,24.9,
0.002,1.1,6.0,12,3,kmeans,0.8439041139541823,0.004323039000505452,0.004130967005170177,0.003987655346474712,0.9653079633615808,1.1441943159056107,0.2,
0.0012,1.6,2.0,12,1,vae,0.6696939666040513,0.005021703490076676,0.004365837276419968,0.0023695914447990508,0.5427576189330952,3.330511880405977,583.7,
0.0012,1.6,2.0,12,1,jump,0.7218516579408203,0.005021703490076676,0.004365837276419968,0.0023695914447990508,0.5427576189330952,3.330511880405977,25.1,
0.0012,1.6,2.0,12,1,kmeans,0.7232446057128777,0.005021703490076676,0.004365837276419968,0.0023695914447990508,0.5427576189330952,3.330511880405977,0.4,
0.0016,1.6,2.0,8,5,vae,0.7463817746466788,0.004948896580497991,0.004537233547838291,0.0032029754452497726,0.7059313591595457,1.3922862996920546,606.1,
0.0016,1.6,2.0,8,5,jump,0.7657104625628947,0.004948896580497991,0.004537233547838291,0.0032029754452497726,0.7059313591595457,1.3922862996920546,24.7,
0.0016,1.6,2.0,8,5,kmeans,0.767157632630373,0.004948896580497991,0.004537233547838291,0.0032029754452497726,0.7059313591595457,1.3922862996920546,0.2,
0.0016,1.6,4.0,20,4,vae,0.7793693098426162,0.00466341871604634,0.004463559563467411,0.0032298851531471894,0.7236119754248622,0.7813197840381387,574.8,
0.0016,1.6,4.0,20,4,jump,0.786422150268083,0.00466341871604634,0.004463559563467411,0.0032298851531471894,0.7236119754248622,0.7813197840381387,24.2,
0.0016,1.6,4.0,20,4,kmeans,0.7813058839778928,0.00466341871604634,0.004463559563467411,0.0032298851531471894,0.7236119754248622,0.7813197840381387,0.6,
0.0005,0.8,4.0,12,2,vae,0.5613046092188176,0.003757622810866406,0.002691752216902654,0.0009802428499592624,0.3641653358001905,7.852714750682367,581.6,
0.0005,0.8,4.0,12,2,jump,0.502367317294039,0.003757622810866406,0.002691752216902654,0.0009802428499592624,0.3641653358001905,7.852714750682367,25.2,
0.0005,0.8,4.0,12,2,kmeans,0.5157897537956613,0.003757622810866406,0.002691752216902654,0.0009802428499592624,0.3641653358001905,7.852714750682367,0.3,
0.0016,1.6,6.0,20,4,vae,0.7863988766381144,0.004531148039008447,0.0044332777322451744,0.0032232304037711017,0.7270535703926538,0.3718596507458214,564.7,
0.0016,1.6,6.0,20,4,jump,0.7947075625369242,0.004531148039008447,0.0044332777322451744,0.0032232304037711017,0.7270535703926538,0.3718596507458214,24.0,
0.0016,1.6,6.0,20,4,kmeans,0.7955074109601548,0.004531148039008447,0.0044332777322451744,0.0032232304037711017,0.7270535703926538,0.3718596507458214,0.3,
0.002,0.8,6.0,20,0,vae,0.8625540204498019,0.003667315271593806,0.0035323379073431854,0.004011856543223868,1.1357510658546675,2.0797486864048107,571.8,
0.002,0.8,6.0,20,0,jump,0.8447981068831618,0.003667315271593806,0.0035323379073431854,0.004011856543223868,1.1357510658546675,2.0797486864048107,23.1,
0.002,0.8,6.0,20,0,kmeans,0.8663098078254596,0.003667315271593806,0.0035323379073431854,0.004011856543223868,1.1357510658546675,2.0797486864048107,0.3,
0.001,0.8,2.0,8,2,vae,0.507300446266858,0.0051318683500817955,0.003289270856013002,0.0020002008332434705,0.6080985485238993,3.9474177649198223,606.9,
0.001,0.8,2.0,8,2,jump,0.6832872838160995,0.0051318683500817955,0.003289270856013002,0.0020002008332434705,0.6080985485238993,3.9474177649198223,24.0,
0.001,0.8,2.0,8,2,kmeans,0.5094962647724888,0.0051318683500817955,0.003289270856013002,0.0020002008332434705,0.6080985485238993,3.9474177649198223,0.5,
0.0014,1.1,4.0,12,5,vae,0.7417127029808414,0.00447764443180675,0.00389941952036822,0.0028150414595280444,0.721912952639223,2.9665671484187603,585.2,
0.0014,1.1,4.0,12,5,jump,0.762780540543656,0.00447764443180675,0.00389941952036822,0.0028150414595280444,0.721912952639223,2.9665671484187603,23.7,
0.0014,1.1,4.0,12,5,kmeans,0.7702421297194626,0.00447764443180675,0.00389941952036822,0.0028150414595280444,0.721912952639223,2.9665671484187603,0.4,
0.0014,1.1,2.75,20,4,vae,0.7148184762924559,0.005291464602570872,0.004039682792537843,0.002823154315895869,0.6988554450638644,8.891616728640656,582.1,
0.0014,1.1,2.75,20,4,jump,0.5029147469924287,0.005291464602570872,0.004039682792537843,0.002823154315895869,0.6988554450638644,8.891616728640656,24.3,
0.0014,1.1,2.75,20,4,kmeans,0.7270927946242437,0.005291464602570872,0.004039682792537843,0.002823154315895869,0.6988554450638644,8.891616728640656,0.1,
0.001,1.6,2.0,8,2,vae,0.6313021704649455,0.004777384562246757,0.004304284738828147,0.002013529734462146,0.4677965926135116,1.572436029148296,576.5,
0.001,1.6,2.0,8,2,jump,0.653272495789432,0.004777384562246757,0.004304284738828147,0.002013529734462146,0.4677965926135116,1.572436029148296,23.2,
0.001,1.6,2.0,8,2,kmeans,0.6760349786126776,0.004777384562246757,0.004304284738828147,0.002013529734462146,0.4677965926135116,1.572436029148296,0.3,
0.0012,1.6,2.0,20,5,vae,0.6490575563594634,0.005119609543007159,0.004403874366086886,0.0024001957682170238,0.545019128315812,6.803503548580698,595.9,
0.0012,1.6,2.0,20,5,jump,0.5003339654020809,0.005119609543007159,0.004403874366086886,0.0024001957682170238,0.545019128315812,6.803503548580698,24.4,
0.0012,1.6,2.0,20,5,kmeans,0.7092700694635228,0.005119609543007159,0.004403874366086886,0.0024001957682170238,0.545019128315812,6.803503548580698,0.4,
0.0008,1.6,6.0,20,4,vae,0.6804787655842768,0.004310408772957261,0.004175575674009101,0.0016232304037711017,0.38874409913701485,0.4885652018238571,611.2,
0.0008,1.6,6.0,20,4,jump,0.673044601840622,0.004310408772957261,0.004175575674009101,0.0016232304037711017,0.38874409913701485,0.4885652018238571,25.1,
0.0008,1.6,6.0,20,4,kmeans,0.6736386197212536,0.004310408772957261,0.004175575674009101,0.0016232304037711017,0.38874409913701485,0.4885652018238571,1.0,
0.0012,0.8,2.0,8,3,vae,0.7137160260065993,0.0051976140729220075,0.0034406981585435297,0.00238982433577151,0.6945754104693503,3.773574965025169,598.4,
0.0012,0.8,2.0,8,3,jump,0.7480668077776249,0.0051976140729220075,0.0034406981585435297,0.00238982433577151,0.6945754104693503,3.773574965025169,25.2,
0.0012,0.8,2.0,8,3,kmeans,0.5257321671497102,0.0051976140729220075,0.0034406981585435297,0.00238982433577151,0.6945754104693503,3.773574965025169,0.6,
0.0012,0.8,4.0,8,3,vae,0.7752758050813324,0.003761227006086544,0.0030149893583475947,0.002382447347131993,0.7902009141543788,3.7881333947380478,605.5,
0.0012,0.8,4.0,8,3,jump,0.783929059196943,0.003761227006086544,0.0030149893583475947,0.002382447347131993,0.7902009141543788,3.7881333947380478,23.9,
0.0012,0.8,4.0,8,3,kmeans,0.7784428803251238,0.003761227006086544,0.0030149893583475947,0.002382447347131993,0.7902009141543788,3.7881333947380478,0.2,
0.0005,0.8,2.75,12,4,vae,0.5200603481422861,0.004733384083429608,0.002864666350105,0.000989595065658597,0.3454486298630641,9.065493510856465,568.1,
0.0005,0.8,2.75,12,4,jump,0.5010262009843445,0.004733384083429608,0.002864666350105,0.000989595065658597,0.3454486298630641,9.065493510856465,22.5,
0.0005,0.8,2.75,12,4,kmeans,0.5084601145815035,0.004733384083429608,0.002864666350105,0.000989595065658597,0.3454486298630641,9.065493510856465,0.4,
0.0008,0.8,2.75,8,0,vae,0.618381297227893,0.004364864544537963,0.0029743565477293077,0.0016110770529808335,0.5416556579979515,4.5423452222858804,576.7,
0.0008,0.8,2.75,8,0,jump,0.5330856769443423,0.004364864544537963,0.0029743565477293077,0.0016110770529808335,0.5416556579979515,4.5423452222858804,24.2,
0.0008,0.8,2.75,8,0,kmeans,0.5048405056126726,0.004364864544537963,0.0029743565477293077,0.0016110770529808335,0.5416556579979515,4.5423452222858804,0.5,
0.0011,0.8,4.0,12,1,vae,0.6329315432949445,0.0038749502940993194,0.002935874947565773,0.002167718436175848,0.7383551666508044,6.529564059116467,563.9,
0.0011,0.8,4.0,12,1,jump,0.7488765786121931,0.0038749502940993194,0.002935874947565773,0.002167718436175848,0.7383551666508044,6.529564059116467,24.7,
0.0011,0.8,4.0,12,1,kmeans,0.7516117930408359,0.0038749502940993194,0.002935874947565773,0.002167718436175848,0.7383551666508044,6.529564059116467,0.4,
0.0005,0.8,6.0,8,2,vae,0.5637486482076389,0.003108452827050615,0.00256753088599667,0.000990571326181308,0.38580697571503053,3.254441357046522,565.6,
0.0005,0.8,6.0,8,2,jump,0.5083018983889354,0.003108452827050615,0.00256753088599667,0.000990571326181308,0.38580697571503053,3.254441357046522,23.2,
0.0005,0.8,6.0,8,2,kmeans,0.5110076881598314,0.003108452827050615,0.00256753088599667,0.000990571326181308,0.38580697571503053,3.254441357046522,0.3,
0.001,1.1,4.0,8,4,vae,0.7068151092005521,0.004316813778895889,0.0037131870682094075,0.002010610061224602,0.5414782568964857,2.1559384018734704,594.6,
0.001,1.1,4.0,8,4,jump,0.7165497001664054,0.004316813778895889,0.0037131870682094075,0.002010610061224602,0.5414782568964857,2.1559384018734704,23.4,
0.001,1.1,4.0,8,4,kmeans,0.7056136255636751,0.004316813778895889,0.0037131870682094075,0.002010610061224602,0.5414782568964857,2.1559384018734704,0.4,
0.002,1.6,4.0,8,0,vae,0.8227816720233141,0.004797760916241868,0.00466353716968006,0.0040069864194070045,0.8592161429436838,0.45379720357801645,592.5,
0.002,1.6,4.0,8,0,jump,0.8218159618667538,0.004797760916241868,0.00466353716968006,0.0040069864194070045,0.8592161429436838,0.45379720357801645,23.6,
0.002,1.6,4.0,8,0,kmeans,0.829111614383327,0.004797760916241868,0.00466353716968006,0.0040069864194070045,0.8592161429436838,0.45379720357801645,0.3,
0.0008,1.1,4.0,8,3,vae,0.6644614791398542,0.004254509726699996,0.003641608397004958,0.0015992648870053231,0.4391644330347653,2.130669214898094,585.6,
0.0008,1.1,4.0,8,3,jump,0.695239546073011,0.004254509726699996,0.003641608397004958,0.0015992648870053231,0.4391644330347653,2.130669214898094,23.9,
0.0008,1.1,4.0,8,3,kmeans,0.6758846510247702,0.004254509726699996,0.003641608397004958,0.0015992648870053231,0.4391644330347653,2.130669214898094,0.4,
0.002,1.1,6.0,20,4,vae,0.823444301920977,0.004324930047269913,0.004142833705407463,0.003996545625732104,0.9646888844501735,1.0541606524687506,571.7,
0.002,1.1,6.0,20,4,jump,0.8128835471205357,0.004324930047269913,0.004142833705407463,0.003996545625732104,0.9646888844501735,1.0541606524687506,24.6,
0.002,1.1,6.0,20,4,kmeans,0.8342889029531255,0.004324930047269913,0.004142833705407463,0.003996545625732104,0.9646888844501735,1.0541606524687506,0.3,
0.0005,0.8,6.0,12,5,vae,0.5909178381071494,0.003115514928121441,0.002574850505588457,0.0009938921166873123,0.3859999306873033,3.6905526200957572,596.1,
0.0005,0.8,6.0,12,5,jump,0.5011190482594415,0.003115514928121441,0.002574850505588457,0.0009938921166873123,0.3859999306873033,3.6905526200957572,24.2,
0.0005,0.8,6.0,12,5,kmeans,0.5198927148153201,0.003115514928121441,0.002574850505588457,0.0009938921166873123,0.3859999306873033,3.6905526200957572,0.5,
0.001,1.1,4.0,8,1,vae,0.6647993244438928,0.0042831470865675,0.0037002135574966647,0.0019935565414248013,0.5387679685097738,2.1004850872207177,595.8,
0.001,1.1,4.0,8,1,jump,0.7089209748891507,0.0042831470865675,0.0037002135574966647,0.0019935565414248013,0.5387679685097738,2.1004850872207177,24.5,
0.001,1.1,4.0,8,1,kmeans,0.6991880045868836,0.0042831470865675,0.0037002135574966647,0.0019935565414248013,0.5387679685097738,2.1004850872207177,0.2,
0.0016,1.1,4.0,8,1,vae,0.7506803730894493,0.004459698069904802,0.003982247672511003,0.003193556541424802,0.8019482473351808,1.7515592475738657,609.4,
0.0016,1.1,4.0,8,1,jump,0.7663259450962487,0.004459698069904802,0.003982247672511003,0.003193556541424802,0.8019482473351808,1.7515592475738657,24.5,
0.0016,1.1,4.0,8,1,kmeans,0.7849153340224684,0.004459698069904802,0.003982247672511003,0.003193556541424802,0.8019482473351808,1.7515592475738657,0.2,
0.0008,1.1,6.0,8,5,vae,0.6794513697704636,0.003917649263645651,0.003567396269623728,0.0016211136612574936,0.45442489107846745,1.349375895600324,610.0,
0.0008,1.1,6.0,8,5,jump,0.7093881420829067,0.003917649263645651,0.003567396269623728,0.0016211136612574936,0.45442489107846745,1.349375895600324,24.5,
0.0008,1.1,6.0,8,5,kmeans,0.6956079467115455,0.003917649263645651,0.003567396269623728,0.0016211136612574936,0.45442489107846745,1.349375895600324,0.2,
0.0016,1.6,2.75,12,5,vae,0.7833634398500453,0.0048274823156651565,0.004507483354991918,0.0032639252116985653,0.72411253789409,1.7136364895425427,597.1,
0.0016,1.6,2.75,12,5,jump,0.7843079007312657,0.0048274823156651565,0.004507483354991918,0.0032639252116985653,0.72411253789409,1.7136364895425427,23.0,
0.0016,1.6,2.75,12,5,kmeans,0.7874718466845849,0.0048274823156651565,0.004507483354991918,0.0032639252116985653,0.72411253789409,1.7136364895425427,0.2,
0.001,1.1,2.75,20,3,vae,0.6955691269914104,0.005218293419163596,0.0038279066692031676,0.001975974130554129,0.516202274849469,10.71773724942436,590.8,
0.001,1.1,2.75,20,3,jump,0.502756188151879,0.005218293419163596,0.0038279066692031676,0.001975974130554129,0.516202274849469,10.71773724942436,23.4,
0.001,1.1,2.75,20,3,kmeans,0.6997655129555314,0.005218293419163596,0.0038279066692031676,0.001975974130554129,0.516202274849469,10.71773724942436,0.2,
0.0012,1.1,6.0,8,5,vae,0.7521044142989705,0.004019247857114862,0.0037133572692445546,0.002421113661257493,0.6520012715474707,1.2052167494104022,574.2,
0.0012,1.1,6.0,8,5,jump,0.7678007881967726,0.004019247857114862,0.0037133572692445546,0.002421113661257493,0.6520012715474707,1.2052167494104022,23.8,
0.0012,1.1,6.0,8,5,kmeans,0.7634967810602233,0.004019247857114862,0.0037133572692445546,0.002421113661257493,0.6520012715474707,1.2052167494104022,0.2,
0.0012,0.8,2.0,12,1,vae,0.5204199321868566,0.005939634053099231,0.00345675981853246,0.0023644079931346733,0.6839954515956113,7.239873575431849,558.7,
0.0012,0.8,2.0,12,1,jump,0.5165708988184522,0.005939634053099231,0.00345675981853246,0.0023644079931346733,0.6839954515956113,7.239873575431849,23.6,
0.0012,0.8,2.0,12,1,kmeans,0.5036652386608296,0.005939634053099231,0.00345675981853246,0.0023644079931346733,0.6839954515956113,7.239873575431849,0.2,
0.0012,1.6,4.0,12,4,vae,0.7306666276037899,0.004537140320455429,0.004300887541551024,0.002429885153147189,0.5649729572494012,0.840889243896402,573.0,
0.0012,1.6,4.0,12,4,jump,0.7371554377105408,0.004537140320455429,0.004300887541551024,0.002429885153147189,0.5649729572494012,0.840889243896402,23.6,
0.0012,1.6,4.0,12,4,kmeans,0.7324712744771849,0.004537140320455429,0.004300887541551024,0.002429885153147189,0.5649729572494012,0.840889243896402,0.4,
0.0012,1.1,4.0,20,2,vae,0.6982932002967945,0.004483259164094206,0.00376727786584595,0.0023980945702525023,0.6365589838736265,4.5213886470791245,580.8,
0.0012,1.1,4.0,20,2,jump,0.7360689297626585,0.004483259164094206,0.00376727786584595,0.0023980945702525023,0.6365589838736265,4.5213886470791245,25.1,
0.0012,1.1,4.0,20,2,kmeans,0.742360938753137,0.004483259164094206,0.00376727786584595,0.0023980945702525023,0.6365589838736265,4.5213886470791245,0.4,
0.0011,1.6,6.0,8,2,vae,0.7215678894346775,0.004339039864375063,0.004220641941659988,0.0022036227875561025,0.5221060724922363,0.3698492819925554,578.3,
0.0011,1.6,6.0,8,2,jump,0.7341704628255239,0.004339039864375063,0.004220641941659988,0.0022036227875561025,0.5221060724922363,0.3698492819925554,23.9,
0.0011,1.6,6.0,8,2,kmeans,0.7214670572072936,0.004339039864375063,0.004220641941659988,0.0022036227875561025,0.5221060724922363,0.3698492819925554,0.6,
0.002,1.1,6.0,8,2,vae,0.824867931332603,0.0043298205429106755,0.0041157175579649395,0.003979575209937465,0.9669213579138818,0.9191593566351313,571.9,
0.002,1.1,6.0,8,2,jump,0.818665444319665,0.0043298205429106755,0.0041157175579649395,0.003979575209937465,0.9669213579138818,0.9191593566351313,24.1,
0.002,1.1,6.0,8,2,kmeans,0.8353245073183666,0.0043298205429106755,0.0041157175579649395,0.003979575209937465,0.9669213579138818,0.9191593566351313,0.2,
0.0012,1.1,2.0,12,2,vae,0.5574946550569302,0.0057560760358613215,0.004041250724192791,0.002400301987386398,0.5939502770805788,5.784113326509489,593.3,
0.0012,1.1,2.0,12,2,jump,0.6844513645306425,0.0057560760358613215,0.004041250724192791,0.002400301987386398,0.5939502770805788,5.784113326509489,24.8,
0.0012,1.1,2.0,12,2,kmeans,0.5068990123991839,0.0057560760358613215,0.004041250724192791,0.002400301987386398,0.5939502770805788,5.784113326509489,0.2,
0.0014,1.1,6.0,20,5,vae,0.7674237162824624,0.004103643309418496,0.003807404487856573,0.0028208019651786587,0.7408726795840557,1.7440344172190363,598.5,
0.0014,1.1,6.0,20,5,jump,0.7895019352702686,0.004103643309418496,0.003807404487856573,0.0028208019651786587,0.7408726795840557,1.7440344172190363,25.8,
0.0014,1.1,6.0,20,5,kmeans,0.7829392589618318,0.004103643309418496,0.003807404487856573,0.0028208019651786587,0.7408726795840557,1.7440344172190363,0.3,
0.0016,1.1,2.0,12,3,vae,0.7502882017942517,0.005838553933579872,0.004303073452001088,0.003243526253102143,0.7537696693496561,5.240269207357944,611.4,
0.0016,1.1,2.0,12,3,jump,0.7730689017696044,0.005838553933579872,0.004303073452001088,0.003243526253102143,0.7537696693496561,5.240269207357944,23.6,
0.0016,1.1,2.0,12,3,kmeans,0.7572775784952572,0.005838553933579872,0.004303073452001088,0.003243526253102143,0.7537696693496561,5.240269207357944,0.2,
0.0005,1.6,2.0,12,0,vae,0.5377238658190295,0.004889141403054008,0.004200897347585574,0.000984980728553352,0.23446912577367793,3.5719524161484673,601.8,
0.0005,1.6,2.0,12,0,jump,0.5052858305283918,0.004889141403054008,0.004200897347585574,0.000984980728553352,0.23446912577367793,3.5719524161484673,24.0,
0.0005,1.6,2.0,12,0,kmeans,0.5042586505374036,0.004889141403054008,0.004200897347585574,0.000984980728553352,0.23446912577367793,3.5719524161484673,0.2,
0.001,1.1,2.0,20,0,vae,0.5385257798002971,0.006348134620917915,0.004007572496693959,0.0019800395277817257,0.4940745374949939,12.878395725689199,600.7,
0.001,1.1,2.0,20,0,jump,0.5048041859391612,0.006348134620917915,0.004007572496693959,0.0019800395277817257,0.4940745374949939,12.878395725689199,23.6,
0.001,1.1,2.0,20,0,kmeans,0.5155780736975546,0.006348134620917915,0.004007572496693959,0.0019800395277817257,0.4940745374949939,12.878395725689199,0.2,
0.0012,1.1,2.0,8,2,vae,0.6548455155374382,0.00522896996878376,0.0040068590472036566,0.0024001610563466596,0.5990130993057282,2.762447091310136,585.4,
0.0012,1.1,2.0,8,2,jump,0.7124689034380769,0.00522896996878376,0.0040068590472036566,0.0024001610563466596,0.5990130993057282,2.762447091310136,24.4,
0.0012,1.1,2.0,8,2,kmeans,0.5150066264963793,0.00522896996878376,0.0040068590472036566,0.0024001610563466596,0.5990130993057282,2.762447091310136,0.2,
0.001,0.8,2.0,12,2,vae,0.5043636913939429,0.005978002988320061,0.003340397584055099,0.00200710432020962,0.6008579127796763,7.6679088829641255,581.4,
0.001,0.8,2.0,12,2,jump,0.5273955201670405,0.005978002988320061,0.003340397584055099,0.00200710432020962,0.6008579127796763,7.6679088829641255,23.5,
0.001,0.8,2.0,12,2,kmeans,0.5028166572199579,0.005978002988320061,0.003340397584055099,0.00200710432020962,0.6008579127796763,7.6679088829641255,0.2,
0.0014,0.8,2.75,12,5,vae,0.7071979550302618,0.004876563560682179,0.003365970519774189,0.002805043021683788,0.833353413288946,7.517607230481504,564.6,
0.0014,0.8,2.75,12,5,jump,0.7474596776001112,0.004876563560682179,0.003365970519774189,0.002805043021683788,0.833353413288946,7.517607230481504,23.7,
0.0014,0.8,2.75,12,5,kmeans,0.7633735852898966,0.004876563560682179,0.003365970519774189,0.002805043021683788,0.833353413288946,7.517607230481504,0.2,
0.0016,1.1,6.0,12,2,vae,0.7619380662118826,0.004179061305195007,0.0038657266271875977,0.0031799646935583505,0.8226046485526696,1.44191011930889,578.7,
0.0016,1.1,6.0,12,2,jump,0.788273122953286,0.004179061305195007,0.0038657266271875977,0.0031799646935583505,0.8226046485526696,1.44191011930889,25.7,
0.0016,1.1,6.0,12,2,kmeans,0.803206407829549,0.004179061305195007,0.0038657266271875977,0.0031799646935583505,0.8226046485526696,1.44191011930889,0.4,
0.0011,1.1,6.0,8,3,vae,0.7483084129928206,0.0039680328871766445,0.00363719371312159,0.002188014338293686,0.6015666227509894,1.1931071644784552,588.9,
0.0011,1.1,6.0,8,3,jump,0.7679037816393576,0.0039680328871766445,0.00363719371312159,0.002188014338293686,0.6015666227509894,1.1931071644784552,23.4,
0.0011,1.1,6.0,8,3,kmeans,0.7459070418176307,0.0039680328871766445,0.00363719371312159,0.002188014338293686,0.6015666227509894,1.1931071644784552,0.4,
0.0012,1.6,2.0,8,1,vae,0.6658624772759155,0.0048542921046171635,0.004354843651144044,0.0023732980601560752,0.5449789361628621,1.6066733756922114,583.9,
0.0012,1.6,2.0,8,1,jump,0.7196043799409397,0.0048542921046171635,0.004354843651144044,0.0023732980601560752,0.5449789361628621,1.6066733756922114,23.7,
0.0012,1.6,2.0,8,1,kmeans,0.7195925438419163,0.0048542921046171635,0.004354843651144044,0.0023732980601560752,0.5449789361628621,1.6066733756922114,0.2,
0.0016,1.6,6.0,20,5,vae,0.779287372905832,0.0045180040188741565,0.004439938840698071,0.003192314014584738,0.7189995468682684,0.356586686073753,572.1,
0.0016,1.6,6.0,20,5,jump,0.7823703090348688,0.0045180040188741565,0.004439938840698071,0.003192314014584738,0.7189995468682684,0.356586686073753,24.7,
0.0016,1.6,6.0,20,5,kmeans,0.7823256415625867,0.0045180040188741565,0.004439938840698071,0.003192314014584738,0.7189995468682684,0.356586686073753,0.4,
0.002,1.1,2.75,12,5,vae,0.7764218104703117,0.005313831762081825,0.0043977239372251925,0.003978937404836519,0.9047719824239551,4.1315255630297285,592.7,
0.002,1.1,2.75,12,5,jump,0.8027321924076184,0.005313831762081825,0.0043977239372251925,0.003978937404836519,0.9047719824239551,4.1315255630297285,22.9,
0.002,1.1,2.75,12,5,kmeans,0.8020526544646019,0.005313831762081825,0.0043977239372251925,0.003978937404836519,0.9047719824239551,4.1315255630297285,0.6,
0.0011,0.8,4.0,20,5,vae,0.7328294394184199,0.003927763186153953,0.0029656208147104193,0.0022038979705426547,0.7431489419047176,8.785083255388987,603.0,
0.0011,0.8,4.0,20,5,jump,0.5004359481255352,0.003927763186153953,0.0029656208147104193,0.0022038979705426547,0.7431489419047176,8.785083255388987,24.5,
0.0011,0.8,4.0,20,5,kmeans,0.7562120206411751,0.003927763186153953,0.0029656208147104193,0.0022038979705426547,0.7431489419047176,8.785083255388987,0.4,
0.001,1.6,4.0,20,1,vae,0.6835485307223959,0.004474909468723273,0.0042281750973137576,0.0019713650609531007,0.4662448965761961,1.4990728253176169,612.1,
0.001,1.6,4.0,20,1,jump,0.7031392656321875,0.004474909468723273,0.0042281750973137576,0.0019713650609531007,0.4662448965761961,1.4990728253176169,24.4,
0.001,1.6,4.0,20,1,kmeans,0.6900890509870832,0.004474909468723273,0.0042281750973137576,0.0019713650609531007,0.4662448965761961,1.4990728253176169,0.2,
0.0012,0.8,4.0,20,4,vae,0.7582399156241861,0.003967235338012593,0.0030223275330780305,0.0024025670332413953,0.7949393329962976,10.972780346928104,611.9,
0.0012,0.8,4.0,20,4,jump,0.5035348601555014,0.003967235338012593,0.0030223275330780305,0.0024025670332413953,0.7949393329962976,10.972780346928104,25.0,
0.0012,0.8,4.0,20,4,kmeans,0.7649172861594664,0.003967235338012593,0.0030223275330780305,0.0024025670332413953,0.7949393329962976,10.972780346928104,0.3,
0.0014,1.6,4.0,20,5,vae,0.7575963120357545,0.004584947668140934,0.004364491095492296,0.002750189111471772,0.6301282443472512,1.1794938160949018,587.6,
0.0014,1.6,4.0,20,5,jump,0.7680117179269939,0.004584947668140934,0.004364491095492296,0.002750189111471772,0.6301282443472512,1.1794938160949018,24.2,
0.0014,1.6,4.0,20,5,kmeans,0.7582563579904185,0.004584947668140934,0.004364491095492296,0.002750189111471772,0.6301282443472512,1.1794938160949018,0.4,
0.002,1.6,2.75,12,1,vae,0.7996476604429497,0.005009110680035983,0.00471356797416551,0.003975679312391677,0.8434543289036861,1.572895364342859,582.2,
0.002,1.6,2.75,12,1,jump,0.7999217566820007,0.005009110680035983,0.00471356797416551,0.003975679312391677,0.8434543289036861,1.572895364342859,22.7,
0.002,1.6,2.75,12,1,kmeans,0.8125853871241312,0.005009110680035983,0.00471356797416551,0.003975679312391677,0.8434543289036861,1.572895364342859,0.2,
0.002,1.6,6.0,8,2,vae,0.820665488500641,0.004648240377588101,0.004591497415872399,0.004003622787556102,0.871964508509998,0.22029852274811423,574.4,
0.002,1.6,6.0,8,2,jump,0.8111831390355413,0.004648240377588101,0.004591497415872399,0.004003622787556102,0.871964508509998,0.22029852274811423,22.8,
0.002,1.6,6.0,8,2,kmeans,0.8286971559201743,0.004648240377588101,0.004591497415872399,0.004003622787556102,0.871964508509998,0.22029852274811423,0.2,
0.002,1.6,2.75,12,3,vae,0.809876453872351,0.0050065197292456926,0.004704014661899555,0.004043163266513065,0.8595133215168108,1.624484204549188,569.0,
0.002,1.6,2.75,12,3,jump,0.8148117155716774,0.0050065197292456926,0.004704014661899555,0.004043163266513065,0.8595133215168108,1.624484204549188,24.6,
0.002,1.6,2.75,12,3,kmeans,0.8156637630111407,0.0050065197292456926,0.004704014661899555,0.004043163266513065,0.8595133215168108,1.624484204549188,0.2,
0.0011,1.6,6.0,12,0,vae,0.7043177414107074,0.004381823579564279,0.004250851052461866,0.0021695291264527366,0.5103752400819269,0.47608485984606386,576.7,
0.0011,1.6,6.0,12,0,jump,0.7185397522453046,0.004381823579564279,0.004250851052461866,0.0021695291264527366,0.5103752400819269,0.47608485984606386,22.5,
0.0011,1.6,6.0,12,0,kmeans,0.7195160766901436,0.004381823579564279,0.004250851052461866,0.0021695291264527366,0.5103752400819269,0.47608485984606386,0.2,
0.002,1.1,4.0,8,5,vae,0.819018409082322,0.00462024171933923,0.004270092897483064,0.004013956429103365,0.9400161835985642,1.4052589005224627,586.6,
0.002,1.1,4.0,8,5,jump,0.8199296895562647,0.00462024171933923,0.004270092897483064,0.004013956429103365,0.9400161835985642,1.4052589005224627,23.6,
0.002,1.1,4.0,8,5,kmeans,0.8276560015471917,0.00462024171933923,0.004270092897483064,0.004013956429103365,0.9400161835985642,1.4052589005224627,0.2,
0.001,0.8,2.75,8,1,vae,0.5503813610115156,0.004429533613862775,0.003081573131885187,0.0019759105899573117,0.6412019138901714,4.4588510808179755,577.7,
0.001,0.8,2.75,8,1,jump,0.6925778934627225,0.004429533613862775,0.003081573131885187,0.0019759105899573117,0.6412019138901714,4.4588510808179755,25.9,
0.001,0.8,2.75,8,1,kmeans,0.5039635373711719,0.004429533613862775,0.003081573131885187,0.0019759105899573117,0.6412019138901714,4.4588510808179755,0.4,
0.0012,1.6,4.0,20,3,vae,0.7320686990399362,0.004504053732343659,0.004271550518507771,0.002370949530017285,0.5550559497644794,1.0099980732509213,586.4,
0.0012,1.6,4.0,20,3,jump,0.7453825724347978,0.004504053732343659,0.004271550518507771,0.002370949530017285,0.5550559497644794,1.0099980732509213,25.2,
0.0012,1.6,4.0,20,3,kmeans,0.7309017516588403,0.004504053732343659,0.004271550518507771,0.002370949530017285,0.5550559497644794,1.0099980732509213,0.5,
0.001,1.6,2.0,12,1,vae,0.6180625864701822,0.0049780073149583255,0.004308844718629087,0.0019695914447990506,0.4571042990441533,3.4520721178475497,600.8,
0.001,1.6,2.0,12,1,jump,0.5046273594320417,0.0049780073149583255,0.004308844718629087,0.0019695914447990506,0.4571042990441533,3.4520721178475497,23.7,
0.001,1.6,2.0,12,1,kmeans,0.6934256553059226,0.0049780073149583255,0.004308844718629087,0.0019695914447990506,0.4571042990441533,3.4520721178475497,0.5,
0.0014,0.8,4.0,20,1,vae,0.7802491295739782,0.004064487422971074,0.0031352575721163393,0.00276663750978977,0.8824275027337719,11.12663936362782,575.8,
0.0014,0.8,4.0,20,1,jump,0.7774651400119967,0.004064487422971074,0.0031352575721163393,0.00276663750978977,0.8824275027337719,11.12663936362782,23.9,
0.0014,0.8,4.0,20,1,kmeans,0.7907286045426347,0.004064487422971074,0.0031352575721163393,0.00276663750978977,0.8824275027337719,11.12663936362782,0.4,
0.002,1.6,6.0,12,5,vae,0.8149629948403465,0.004673544928047973,0.004636427230450411,0.003992314014584738,0.8610755256471264,0.27024786827624725,612.4,
0.002,1.6,6.0,12,5,jump,0.8127815331541511,0.004673544928047973,0.004636427230450411,0.003992314014584738,0.8610755256471264,0.27024786827624725,25.3,
0.002,1.6,6.0,12,5,kmeans,0.8214538269617345,0.004673544928047973,0.004636427230450411,0.003992314014584738,0.8610755256471264,0.27024786827624725,0.1,
0.0014,1.6,2.0,8,3,vae,0.7507782519975842,0.004903497103451422,0.004462753321850761,0.002799181531938754,0.627231964230077,1.4598005873878952,595.5,
0.0014,1.6,2.0,8,3,jump,0.7743039764937734,0.004903497103451422,0.004462753321850761,0.002799181531938754,0.627231964230077,1.4598005873878952,24.3,
0.0014,1.6,2.0,8,3,kmeans,0.7542564317599558,0.004903497103451422,0.004462753321850761,0.002799181531938754,0.627231964230077,1.4598005873878952,0.5,
0.0005,1.6,2.0,8,1,vae,0.5399946388374466,0.004729971669150019,0.004189228719200311,0.0009732980601560759,0.23233347362849896,1.7670493686189293,579.3,
0.0005,1.6,2.0,8,1,jump,0.509149284534828,0.004729971669150019,0.004189228719200311,0.0009732980601560759,0.23233347362849896,1.7670493686189293,22.8,
0.0005,1.6,2.0,8,1,kmeans,0.5001309724888138,0.004729971669150019,0.004189228719200311,0.0009732980601560759,0.23233347362849896,1.7670493686189293,0.5,
0.002,1.6,2.0,20,5,vae,0.7679858219999629,0.005362784224091336,0.004752168920208606,0.0040001957682170245,0.8417621164950989,5.582059560603097,611.9,
0.002,1.6,2.0,20,5,jump,0.8014042556734093,0.005362784224091336,0.004752168920208606,0.0040001957682170245,0.8417621164950989,5.582059560603097,24.4,
0.002,1.6,2.0,20,5,kmeans,0.8012207428056553,0.005362784224091336,0.004752168920208606,0.0040001957682170245,0.8417621164950989,5.582059560603097,0.3,
0.002,0.8,4.0,12,0,vae,0.8359427692382,0.004227467661769622,0.0036798373136132075,0.003998467390844517,1.0865880880256764,4.728830727575884,576.7,
0.002,0.8,4.0,12,0,jump,0.8316860144667046,0.004227467661769622,0.0036798373136132075,0.003998467390844517,1.0865880880256764,4.728830727575884,24.1,
0.002,0.8,4.0,12,0,kmeans,0.8449898893652025,0.004227467661769622,0.0036798373136132075,0.003998467390844517,1.0865880880256764,4.728830727575884,0.1,
0.0008,1.1,2.75,8,1,vae,0.5428600403501921,0.004685353244919382,0.003737497693490643,0.0015497436949316172,0.41464739834641373,2.7209627577742337,590.8,
0.0008,1.1,2.75,8,1,jump,0.533455819449204,0.004685353244919382,0.003737497693490643,0.0015497436949316172,0.41464739834641373,2.7209627577742337,24.2,
0.0008,1.1,2.75,8,1,kmeans,0.5056219769485018,0.004685353244919382,0.003737497693490643,0.0015497436949316172,0.41464739834641373,2.7209627577742337,0.3,
0.0008,1.1,2.75,12,4,vae,0.6423309747120304,0.00498333391992542,0.0037698779772738643,0.001622549112981894,0.4303983107047985,5.522803149473328,595.8,
0.0008,1.1,2.75,12,4,jump,0.5082448685248029,0.00498333391992542,0.0037698779772738643,0.001622549112981894,0.4303983107047985,5.522803149473328,22.5,
0.0008,1.1,2.75,12,4,kmeans,0.512558995049861,0.00498333391992542,0.0037698779772738643,0.001622549112981894,0.4303983107047985,5.522803149473328,0.2,
0.0014,1.6,2.75,8,2,vae,0.7419829104024908,0.004722644077732062,0.004381945234878812,0.0028175439056853145,0.6429893014770272,1.1306076646438283,590.7,
0.0014,1.6,2.75,8,2,jump,0.75884186781686,0.004722644077732062,0.004381945234878812,0.0028175439056853145,0.6429893014770272,1.1306076646438283,23.7,
0.0014,1.6,2.75,8,2,kmeans,0.7514841702853217,0.004722644077732062,0.004381945234878812,0.0028175439056853145,0.6429893014770272,1.1306076646438283,0.3,
0.0005,1.1,2.0,8,1,vae,0.5224143799058216,0.005141472928489611,0.0037620142311822857,0.0009960341504788549,0.26476086725643033,3.0507127933273352,579.9,
0.0005,1.1,2.0,8,1,jump,0.5122074954003049,0.005141472928489611,0.0037620142311822857,0.0009960341504788549,0.26476086725643033,3.0507127933273352,24.0,
0.0005,1.1,2.0,8,1,kmeans,0.5127422509544943,0.005141472928489611,0.0037620142311822857,0.0009960341504788549,0.26476086725643033,3.0507127933273352,0.3,
0.0014,0.8,6.0,12,5,vae,0.7859136083056524,0.003377196949101735,0.003022657702190965,0.0027938921166873122,0.9243164102445895,2.60441958019619,584.5,
0.0014,0.8,6.0,12,5,jump,0.8030336177962895,0.003377196949101735,0.003022657702190965,0.0027938921166873122,0.9243164102445895,2.60441958019619,24.1,
0.0014,0.8,6.0,12,5,kmeans,0.8227886479300228,0.003377196949101735,0.003022657702190965,0.0027938921166873122,0.9243164102445895,2.60441958019619,0.2,
0.002,1.1,6.0,8,1,vae,0.8181996300873877,0.004306570479123663,0.0041218388632568125,0.003942226512621994,0.9564242182691974,0.8009792479405831,590.9,
0.002,1.1,6.0,8,1,jump,0.8081255039909515,0.004306570479123663,0.0041218388632568125,0.003942226512621994,0.9564242182691974,0.8009792479405831,24.5,
0.002,1.1,6.0,8,1,kmeans,0.826179727151604,0.004306570479123663,0.0041218388632568125,0.003942226512621994,0.9564242182691974,0.8009792479405831,0.2,
0.001,1.6,2.0,8,5,vae,0.6388211805789032,0.004788749471071302,0.004325319604767526,0.0020029754452497725,0.4630814895255415,1.6082191509776758,576.6,
0.001,1.6,2.0,8,5,jump,0.6881417947294304,0.004788749471071302,0.004325319604767526,0.0020029754452497725,0.4630814895255415,1.6082191509776758,23.0,
0.001,1.6,2.0,8,5,kmeans,0.6851337046336979,0.004788749471071302,0.004325319604767526,0.0020029754452497725,0.4630814895255415,1.6082191509776758,0.3,
0.0012,0.8,2.75,12,2,vae,0.6291936938886981,0.004833619856837068,0.0032177410315044792,0.002410608631406832,0.7491617901518115,7.79686553959014,584.5,
0.0012,0.8,2.75,12,2,jump,0.5110820798031429,0.004833619856837068,0.0032177410315044792,0.002410608631406832,0.7491617901518115,7.79686553959014,23.1,
0.0012,0.8,2.75,12,2,kmeans,0.7320110001229927,0.004833619856837068,0.0032177410315044792,0.002410608631406832,0.7491617901518115,7.79686553959014,0.3,
0.0014,0.8,2.0,12,0,vae,0.55020458315364,0.0060254302795434605,0.003605534486867596,0.00280983000023907,0.7793102549631095,7.035190997436228,592.7,
0.0014,0.8,2.0,12,0,jump,0.5240328495115312,0.0060254302795434605,0.003605534486867596,0.00280983000023907,0.7793102549631095,7.035190997436228,23.1,
0.0014,0.8,2.0,12,0,kmeans,0.5041344503592897,0.0060254302795434605,0.003605534486867596,0.00280983000023907,0.7793102549631095,7.035190997436228,0.5,
0.0005,1.1,6.0,8,3,vae,0.6147278877951973,0.0038464673475153695,0.003475153528732271,0.0009880143382936858,0.2843081118934367,1.3766619324288136,623.9,
0.0005,1.1,6.0,8,3,jump,0.5085833642541809,0.0038464673475153695,0.003475153528732271,0.0009880143382936858,0.2843081118934367,1.3766619324288136,23.4,
0.0005,1.1,6.0,8,3,kmeans,0.5054995079168919,0.0038464673475153695,0.003475153528732271,0.0009880143382936858,0.2843081118934367,1.3766619324288136,0.3,
0.0012,1.6,6.0,12,3,vae,0.7289384363954593,0.004399670830058912,0.004263648302785501,0.0024108093153214294,0.5654334373091735,0.44339925400383606,618.2,
0.0012,1.6,6.0,12,3,jump,0.7659250042831198,0.004399670830058912,0.004263648302785501,0.0024108093153214294,0.5654334373091735,0.44339925400383606,23.4,
0.0012,1.6,6.0,12,3,kmeans,0.7421807475393141,0.004399670830058912,0.004263648302785501,0.0024108093153214294,0.5654334373091735,0.44339925400383606,0.2,
0.0008,0.8,6.0,20,4,vae,0.722326613357847,0.003142883221592729,0.002656861153097975,0.0015880058643811495,0.5976999823756276,3.49764363555561,584.4,
0.0008,0.8,6.0,20,4,jump,0.7311590259719702,0.003142883221592729,0.002656861153097975,0.0015880058643811495,0.5976999823756276,3.49764363555561,23.7,
0.0008,0.8,6.0,20,4,kmeans,0.7261752372659525,0.003142883221592729,0.002656861153097975,0.0015880058643811495,0.5976999823756276,3.49764363555561,0.4,
0.0012,1.6,2.75,20,2,vae,0.729148481889965,0.004784879285490502,0.004312124339344117,0.0024187502479263443,0.5609184841581449,3.693721604457121,601.6,
0.0012,1.6,2.75,20,2,jump,0.7265343241432203,0.004784879285490502,0.004312124339344117,0.0024187502479263443,0.5609184841581449,3.693721604457121,24.9,
0.0012,1.6,2.75,20,2,kmeans,0.7298292819288379,0.004784879285490502,0.004312124339344117,0.0024187502479263443,0.5609184841581449,3.693721604457121,0.2,
0.0005,0.8,4.0,8,2,vae,0.5378848218757153,0.0036255583133029214,0.002687916957376249,0.0009797753772130128,0.36451102945137076,4.561523607745036,579.1,
0.0005,0.8,4.0,8,2,jump,0.5041740472047027,0.0036255583133029214,0.002687916957376249,0.0009797753772130128,0.36451102945137076,4.561523607745036,24.0,
0.0005,0.8,4.0,8,2,kmeans,0.5154753418503014,0.0036255583133029214,0.002687916957376249,0.0009797753772130128,0.36451102945137076,4.561523607745036,0.4,
0.0005,1.1,2.75,8,1,vae,0.5180170139871374,0.004645493238188986,0.003659004271242223,0.000949743694931617,0.2595634288803881,2.8236720551968375,585.5,
0.0005,1.1,2.75,8,1,jump,0.5148865158727641,0.004645493238188986,0.003659004271242223,0.000949743694931617,0.2595634288803881,2.8236720551968375,22.8,
0.0005,1.1,2.75,8,1,kmeans,0.5028557965634112,0.004645493238188986,0.003659004271242223,0.000949743694931617,0.2595634288803881,2.8236720551968375,0.4,
0.0011,0.8,2.0,20,0,vae,0.5028769623215475,0.006942235562113382,0.003424866866090051,0.0022121413619170236,0.6459057967536362,15.445243984135825,585.9,
0.0011,0.8,2.0,20,0,jump,0.5035916360568833,0.006942235562113382,0.003424866866090051,0.0022121413619170236,0.6459057967536362,15.445243984135825,22.1,
0.0011,0.8,2.0,20,0,kmeans,0.5089722998988822,0.006942235562113382,0.003424866866090051,0.0022121413619170236,0.6459057967536362,15.445243984135825,0.4,
0.002,0.8,2.75,20,1,vae,0.7918986224411577,0.00547300289926653,0.003894376976712128,0.0039769079825211886,1.021192351511573,13.628769358391523,582.9,
0.002,0.8,2.75,20,1,jump,0.7933001796495716,0.00547300289926653,0.003894376976712128,0.0039769079825211886,1.021192351511573,13.628769358391523,24.5,
0.002,0.8,2.75,20,1,kmeans,0.8030006381988575,0.00547300289926653,0.003894376976712128,0.0039769079825211886,1.021192351511573,13.628769358391523,0.2,
0.0008,1.1,2.75,8,2,vae,0.5392072710886184,0.004707093504264108,0.0037471988262062174,0.0016217535398577302,0.4327908966334847,2.7652464693270193,570.7,
0.0008,1.1,2.75,8,2,jump,0.5176605801222149,0.004707093504264108,0.0037471988262062174,0.0016217535398577302,0.4327908966334847,2.7652464693270193,23.4,
0.0008,1.1,2.75,8,2,kmeans,0.5169419642479902,0.004707093504264108,0.0037471988262062174,0.0016217535398577302,0.4327908966334847,2.7652464693270193,0.3,
0.0011,1.1,2.75,12,4,vae,0.6906016339409011,0.005040830744851827,0.0038836576534897445,0.002222549112981894,0.5722824489910368,5.284374574932574,587.5,
0.0011,1.1,2.75,12,4,jump,0.5112756834912798,0.005040830744851827,0.0038836576534897445,0.002222549112981894,0.5722824489910368,5.284374574932574,25.3,
0.0011,1.1,2.75,12,4,kmeans,0.6948819706773075,0.005040830744851827,0.0038836576534897445,0.002222549112981894,0.5722824489910368,5.284374574932574,0.2,
0.0008,1.6,2.75,20,0,vae,0.6483267905066326,0.004695501063571887,0.004203760964412582,0.001566580206843061,0.3726615809283935,3.7070329120113277,583.8,
0.0008,1.6,2.75,20,0,jump,0.50090965250871,0.004695501063571887,0.004203760964412582,0.001566580206843061,0.3726615809283935,3.7070329120113277,24.2,
0.0008,1.6,2.75,20,0,kmeans,0.6620016352806697,0.004695501063571887,0.004203760964412582,0.001566580206843061,0.3726615809283935,3.7070329120113277,0.4,
0.0012,1.6,2.75,12,4,vae,0.7065200063765343,0.0047399877277556875,0.004344587718823874,0.0023380479857310742,0.5381518655040549,1.9348772794309488,593.2,
0.0012,1.6,2.75,12,4,jump,0.7249049233192928,0.0047399877277556875,0.004344587718823874,0.0023380479857310742,0.5381518655040549,1.9348772794309488,23.8,
0.0012,1.6,2.75,12,4,kmeans,0.709817567560266,0.0047399877277556875,0.004344587718823874,0.0023380479857310742,0.5381518655040549,1.9348772794309488,0.2,
0.0014,1.6,2.0,20,3,vae,0.7553528483638562,0.005167835039314828,0.004475223609224421,0.002799144971242877,0.6254760020199265,6.236661167033963,572.3,
0.0014,1.6,2.0,20,3,jump,0.5029918949391649,0.005167835039314828,0.004475223609224421,0.002799144971242877,0.6254760020199265,6.236661167033963,23.2,
0.0014,1.6,2.0,20,3,kmeans,0.7560149644217644,0.005167835039314828,0.004475223609224421,0.002799144971242877,0.6254760020199265,6.236661167033963,0.2,
0.0005,1.1,4.0,8,2,vae,0.568729598236825,0.004227952486629671,0.0035666253815149693,0.0009991636202184668,0.28014257549921306,2.3625466324249995,608.9,
0.0005,1.1,4.0,8,2,jump,0.5131117896394332,0.004227952486629671,0.0035666253815149693,0.0009991636202184668,0.28014257549921306,2.3625466324249995,25.1,
0.0005,1.1,4.0,8,2,kmeans,0.5054312149755389,0.004227952486629671,0.0035666253815149693,0.0009991636202184668,0.28014257549921306,2.3625466324249995,0.5,
0.0014,1.6,4.0,12,4,vae,0.7543352889186024,0.004595556217442961,0.004372029407648142,0.0028298851531471892,0.6472703839083912,0.7929215295335035,617.9,
0.0014,1.6,4.0,12,4,jump,0.7673621979976353,0.004595556217442961,0.004372029407648142,0.0028298851531471892,0.6472703839083912,0.7929215295335035,26.0,
0.0014,1.6,4.0,12,4,kmeans,0.7581846932837747,0.004595556217442961,0.004372029407648142,0.0028298851531471892,0.6472703839083912,0.7929215295335035,0.3,
0.0011,1.6,2.0,8,1,vae,0.6438468328344913,0.0048305232571879434,0.004323965353421796,0.0021732980601560756,0.502616899655827,1.6376967764595296,604.5,
0.0011,1.6,2.0,8,1,jump,0.708866111618656,0.0048305232571879434,0.004323965353421796,0.0021732980601560756,0.502616899655827,1.6376967764595296,24.9,
0.0011,1.6,2.0,8,1,kmeans,0.7046087178262086,0.0048305232571879434,0.004323965353421796,0.0021732980601560756,0.502616899655827,1.6376967764595296,0.4,
0.001,1.6,6.0,20,2,vae,0.695253983160488,0.0043210249011782515,0.004186048977169085,0.002004229233230562,0.4787878126036571,0.5202629916226815,593.7,
0.001,1.6,6.0,20,2,jump,0.7197816749772002,0.0043210249011782515,0.004186048977169085,0.002004229233230562,0.4787878126036571,0.5202629916226815,24.0,
0.001,1.6,6.0,20,2,kmeans,0.7048995912319703,0.0043210249011782515,0.004186048977169085,0.002004229233230562,0.4787878126036571,0.5202629916226815,0.2,
0.001,1.6,2.0,8,1,vae,0.6133215484607064,0.004808716179897214,0.004296920525884746,0.001973298060156076,0.4592354101661606,1.6662158221524566,584.1,
0.001,1.6,2.0,8,1,jump,0.6993864418396155,0.004808716179897214,0.004296920525884746,0.001973298060156076,0.4592354101661606,1.6662158221524566,23.1,
0.001,1.6,2.0,8,1,kmeans,0.6892393881643273,0.004808716179897214,0.004296920525884746,0.001973298060156076,0.4592354101661606,1.6662158221524566,0.2,
0.001,0.8,2.0,8,5,vae,0.5043858174531664,0.0051652785889713315,0.0033138432191066416,0.0019928119924323777,0.6013597689059073,3.9722241426550813,584.7,
0.001,0.8,2.0,8,5,jump,0.5751461779052588,0.0051652785889713315,0.0033138432191066416,0.0019928119924323777,0.6013597689059073,3.9722241426550813,25.1,
0.001,0.8,2.0,8,5,kmeans,0.5056054475744762,0.0051652785889713315,0.0033138432191066416,0.0019928119924323777,0.6013597689059073,3.9722241426550813,0.3,
0.0008,0.8,6.0,12,4,vae,0.7261134510814914,0.003138382508109252,0.002656861153097975,0.0015880058643811495,0.5976999823756276,3.1144747383648257,586.2,
0.0008,0.8,6.0,12,4,jump,0.729832959374328,0.003138382508109252,0.002656861153097975,0.0015880058643811495,0.5976999823756276,3.1144747383648257,23.6,
0.0008,0.8,6.0,12,4,kmeans,0.729745478141819,0.003138382508109252,0.002656861153097975,0.0015880058643811495,0.5976999823756276,3.1144747383648257,0.2,
0.0016,1.6,6.0,8,0,vae,0.7835228460650387,0.0045293771588198785,0.00442137521028657,0.0031686580456895186,0.7166679811108234,0.35728844975764984,561.6,
0.0016,1.6,6.0,8,0,jump,0.8009230709298863,0.0045293771588198785,0.00442137521028657,0.0031686580456895186,0.7166679811108234,0.35728844975764984,23.6,
0.0016,1.6,6.0,8,0,kmeans,0.7904379448340924,0.0045293771588198785,0.00442137521028657,0.0031686580456895186,0.7166679811108234,0.35728844975764984,0.2,
0.002,1.6,6.0,20,0,vae,0.8167025810097538,0.004687846622127884,0.004621878250949614,0.003969529126452737,0.858856272476921,0.3119019937330436,583.0,
0.002,1.6,6.0,20,0,jump,0.8238044302278564,0.004687846622127884,0.004621878250949614,0.003969529126452737,0.858856272476921,0.3119019937330436,23.5,
0.002,1.6,6.0,20,0,kmeans,0.8243436030590718,0.004687846622127884,0.004621878250949614,0.003969529126452737,0.858856272476921,0.3119019937330436,0.4,
0.002,1.6,4.0,20,3,vae,0.8214686172190273,0.004777421951909131,0.00462494646067037,0.003970949530017286,0.8585936213068529,0.7521205681411751,588.3,
0.002,1.6,4.0,20,3,jump,0.8252134980545602,0.004777421951909131,0.00462494646067037,0.003970949530017286,0.8585936213068529,0.7521205681411751,23.3,
0.002,1.6,4.0,20,3,kmeans,0.8255620961454565,0.004777421951909131,0.00462494646067037,0.003970949530017286,0.8585936213068529,0.7521205681411751,0.2,
0.0014,0.8,4.0,12,1,vae,0.7784886073945043,0.003969880061317684,0.0031340363331927453,0.002767718436175848,0.883116257097212,5.907303608028146,564.7,
0.0014,0.8,4.0,12,1,jump,0.7717730819513987,0.003969880061317684,0.0031340363331927453,0.002767718436175848,0.883116257097212,5.907303608028146,22.9,
0.0014,0.8,4.0,12,1,kmeans,0.7914504815186216,0.003969880061317684,0.0031340363331927453,0.002767718436175848,0.883116257097212,5.907303608028146,0.3,
0.0016,1.6,2.75,8,0,vae,0.7722127566758246,0.004790909045240822,0.004477747510596409,0.003168491437735461,0.707608329910821,1.0335138680343272,585.3,
0.0016,1.6,2.75,8,0,jump,0.7801478675399649,0.004790909045240822,0.004477747510596409,0.003168491437735461,0.707608329910821,1.0335138680343272,25.0,
0.0016,1.6,2.75,8,0,kmeans,0.7771536878614329,0.004790909045240822,0.004477747510596409,0.003168491437735461,0.707608329910821,1.0335138680343272,0.2,
0.0005,0.8,2.75,8,5,vae,0.5242619620771559,0.0043352880890084895,0.002875280746241182,0.0010060466883355928,0.3498951153381404,4.891375025426422,612.1,
0.0005,0.8,2.75,8,5,jump,0.5208908887322059,0.0043352880890084895,0.002875280746241182,0.0010060466883355928,0.3498951153381404,4.891375025426422,25.9,
0.0005,0.8,2.75,8,5,kmeans,0.5137744718511674,0.0043352880890084895,0.002875280746241182,0.0010060466883355928,0.3498951153381404,4.891375025426422,0.3,
0.0012,0.8,6.0,12,5,vae,0.7686112866857633,0.003299686767394066,0.002894566301606061,0.002393892116687312,0.8270296366537024,2.8900485332636174,609.0,
0.0012,0.8,6.0,12,5,jump,0.7906880247627501,0.003299686767394066,0.002894566301606061,0.002393892116687312,0.8270296366537024,2.8900485332636174,25.0,
0.0012,0.8,6.0,12,5,kmeans,0.7984811378390165,0.003299686767394066,0.002894566301606061,0.002393892116687312,0.8270296366537024,2.8900485332636174,0.3,
0.002,1.6,6.0,8,0,vae,0.8198684350464431,0.0046848852997922585,0.004621826359648698,0.003968658045689518,0.8586774441243122,0.2757771220279346,584.5,
0.002,1.6,6.0,8,0,jump,0.8268702438472166,0.0046848852997922585,0.004621826359648698,0.003968658045689518,0.8586774441243122,0.2757771220279346,26.0,
0.002,1.6,6.0,8,0,kmeans,0.8269707944706741,0.0046848852997922585,0.004621826359648698,0.003968658045689518,0.8586774441243122,0.2757771220279346,0.3,
0.001,0.8,2.0,20,1,vae,0.5086725888983334,0.0068885191270864924,0.003368339256122411,0.001958516854427933,0.5814488106766752,15.306446338072096,589.8,
0.001,0.8,2.0,20,1,jump,0.5008612587980461,0.0068885191270864924,0.003368339256122411,0.001958516854427933,0.5814488106766752,15.306446338072096,23.6,
0.001,0.8,2.0,20,1,kmeans,0.5025363319464887,0.0068885191270864924,0.003368339256122411,0.001958516854427933,0.5814488106766752,15.306446338072096,0.2,
0.0011,1.6,6.0,8,5,vae,0.7142464101120753,0.004363663718453257,0.0042642663412771915,0.0021921437260109386,0.5140728909898178,0.38602820710436836,581.3,
0.0011,1.6,6.0,8,5,jump,0.7368744472600428,0.004363663718453257,0.0042642663412771915,0.0021921437260109386,0.5140728909898178,0.38602820710436836,25.2,
0.0011,1.6,6.0,8,5,kmeans,0.7162130596802257,0.004363663718453257,0.0042642663412771915,0.0021921437260109386,0.5140728909898178,0.38602820710436836,0.3,
0.001,1.6,2.75,8,4,vae,0.6800509550413104,0.004630447884428203,0.004280314529176911,0.0019408797531935648,0.4534432551541461,1.0988154579644336,582.8,
0.001,1.6,2.75,8,4,jump,0.6988397084868783,0.004630447884428203,0.004280314529176911,0.0019408797531935648,0.4534432551541461,1.0988154579644336,24.3,
0.001,1.6,2.75,8,4,kmeans,0.6778532579820046,0.004630447884428203,0.004280314529176911,0.0019408797531935648,0.4534432551541461,1.0988154579644336,0.4,
0.0014,1.6,6.0,20,1,vae,0.7441960267706347,0.0044301260257108505,0.004319503581270761,0.0027694834875571324,0.6411578172004603,0.3722970394856331,592.4,
0.0014,1.6,6.0,20,1,jump,0.7608593332058076,0.0044301260257108505,0.004319503581270761,0.0027694834875571324,0.6411578172004603,0.3722970394856331,23.1,
0.0014,1.6,6.0,20,1,kmeans,0.7544608111113575,0.0044301260257108505,0.004319503581270761,0.0027694834875571324,0.6411578172004603,0.3722970394856331,0.2,
0.0011,1.6,6.0,8,3,vae,0.7195855626353158,0.004369210920349491,0.0042346593458079855,0.0022107876926589784,0.5220697846327361,0.3912594205226201,580.8,
0.0011,1.6,6.0,8,3,jump,0.753836591875936,0.004369210920349491,0.0042346593458079855,0.0022107876926589784,0.5220697846327361,0.3912594205226201,23.6,
0.0011,1.6,6.0,8,3,kmeans,0.7251660562678377,0.004369210920349491,0.0042346593458079855,0.0022107876926589784,0.5220697846327361,0.3912594205226201,0.2,
0.001,1.1,4.0,12,1,vae,0.6567116469445541,0.004368316847016272,0.0037052028492786555,0.0019952806609987894,0.5385078070387533,3.543560779980541,581.1,
0.001,1.1,4.0,12,1,jump,0.706700595749984,0.004368316847016272,0.0037052028492786555,0.0019952806609987894,0.5385078070387533,3.543560779980541,24.0,
0.001,1.1,4.0,12,1,kmeans,0.7000522499238633,0.004368316847016272,0.0037052028492786555,0.0019952806609987894,0.5385078070387533,3.543560779980541,0.3,
0.0011,1.1,2.75,20,5,vae,0.6452163538662818,0.005269170728615913,0.0038871687580476918,0.002178223084355836,0.5603623665286496,10.346126924881721,590.6,
0.0011,1.1,2.75,20,5,jump,0.5005715915516679,0.005269170728615913,0.0038871687580476918,0.002178223084355836,0.5603623665286496,10.346126924881721,23.6,
0.0011,1.1,2.75,20,5,kmeans,0.6983011231227654,0.005269170728615913,0.0038871687580476918,0.002178223084355836,0.5603623665286496,10.346126924881721,0.5,
0.0005,1.1,2.75,12,2,vae,0.5144729147066859,0.004954404931658486,0.003684733383877208,0.0010206150518775221,0.27698477625091955,5.706306087502318,586.1,
0.0005,1.1,2.75,12,2,jump,0.5023900727967081,0.004954404931658486,0.003684733383877208,0.0010206150518775221,0.27698477625091955,5.706306087502318,23.8,
0.0005,1.1,2.75,12,2,kmeans,0.5063008091848749,0.004954404931658486,0.003684733383877208,0.0010206150518775221,0.27698477625091955,5.706306087502318,0.5,
0.0014,0.8,2.0,8,1,vae,0.7119683101505374,0.005244317631832618,0.0035509393103838587,0.0027698638816950802,0.7800369534886972,3.7017841266813445,586.4,
0.0014,0.8,2.0,8,1,jump,0.746460638702517,0.005244317631832618,0.0035509393103838587,0.0027698638816950802,0.7800369534886972,3.7017841266813445,23.3,
0.0014,0.8,2.0,8,1,kmeans,0.5053225376504259,0.005244317631832618,0.0035509393103838587,0.0027698638816950802,0.7800369534886972,3.7017841266813445,0.2,
0.0014,1.6,6.0,8,4,vae,0.7648806547066225,0.004459423832255092,0.004342891713088133,0.002823113617527189,0.650053882075668,0.3430549383362078,615.8,
0.0014,1.6,6.0,8,4,jump,0.7729843805726386,0.004459423832255092,0.004342891713088133,0.002823113617527189,0.650053882075668,0.3430549383362078,24.2,
0.0014,1.6,6.0,8,4,kmeans,0.7664400379438214,0.004459423832255092,0.004342891713088133,0.002823113617527189,0.650053882075668,0.3430549383362078,0.4,
0.0011,1.1,6.0,20,2,vae,0.7082156744842494,0.004018520951095338,0.003635088748795906,0.002180115762356382,0.5997421006787049,2.010605280287524,609.7,
0.0011,1.1,6.0,20,2,jump,0.7362878995997022,0.004018520951095338,0.003635088748795906,0.002180115762356382,0.5997421006787049,2.010605280287524,24.5,
0.0011,1.1,6.0,20,2,kmeans,0.7318385613138194,0.004018520951095338,0.003635088748795906,0.002180115762356382,0.5997421006787049,2.010605280287524,0.4,
0.001,0.8,2.75,20,4,vae,0.6826438835639703,0.005195046589839253,0.003097438175010474,0.001992590140319994,0.6433026351892419,17.558679371016268,593.1,
0.001,0.8,2.75,20,4,jump,0.5042421443694285,0.005195046589839253,0.003097438175010474,0.001992590140319994,0.6433026351892419,17.558679371016268,24.7,
0.001,0.8,2.75,20,4,kmeans,0.5004509040674581,0.005195046589839253,0.003097438175010474,0.001992590140319994,0.6433026351892419,17.558679371016268,0.4,
0.0012,1.6,4.0,12,1,vae,0.7092954878719455,0.004516209603569983,0.004285490992946192,0.0023720147565087176,0.5534989480582255,1.0667927018497947,578.6,
0.0012,1.6,4.0,12,1,jump,0.7356068958773767,0.004516209603569983,0.004285490992946192,0.0023720147565087176,0.5534989480582255,1.0667927018497947,24.2,
0.0012,1.6,4.0,12,1,kmeans,0.7239394687688618,0.004516209603569983,0.004285490992946192,0.0023720147565087176,0.5534989480582255,1.0667927018497947,0.4,
0.0011,0.8,2.75,12,5,vae,0.571572259802669,0.004799480906335298,0.0031658537620289392,0.0022050430216837883,0.696508173602629,8.023860811451279,583.0,
0.0011,0.8,2.75,12,5,jump,0.503881947553023,0.004799480906335298,0.0031658537620289392,0.0022050430216837883,0.696508173602629,8.023860811451279,23.5,
0.0011,0.8,2.75,12,5,kmeans,0.5081184731857482,0.004799480906335298,0.0031658537620289392,0.0022050430216837883,0.696508173602629,8.023860811451279,0.2,
0.001,1.6,2.75,12,0,vae,0.6863366168565762,0.004687950571811753,0.004246890452546998,0.0019674067128979274,0.46325817321659657,2.058914250387498,574.0,
0.001,1.6,2.75,12,0,jump,0.6705403350007437,0.004687950571811753,0.004246890452546998,0.0019674067128979274,0.46325817321659657,2.058914250387498,21.7,
0.001,1.6,2.75,12,0,kmeans,0.6953734078104896,0.004687950571811753,0.004246890452546998,0.0019674067128979274,0.46325817321659657,2.058914250387498,0.9,
0.0008,1.1,4.0,8,4,vae,0.6693153178227298,0.004274776215572519,0.0036460127311829893,0.001610610061224602,0.4417455944269349,2.242314520437599,583.8,
0.0008,1.1,4.0,8,4,jump,0.6793575789725494,0.004274776215572519,0.0036460127311829893,0.001610610061224602,0.4417455944269349,2.242314520437599,24.4,
0.0008,1.1,4.0,8,4,kmeans,0.5070968662087265,0.004274776215572519,0.0036460127311829893,0.001610610061224602,0.4417455944269349,2.242314520437599,0.2,
0.0016,0.8,6.0,8,2,vae,0.8296882478133942,0.003462265644800417,0.0031624631847602743,0.003190571326181308,1.0088880533239044,2.048022380387554,579.9,
0.0016,0.8,6.0,8,2,jump,0.8189151598358808,0.003462265644800417,0.0031624631847602743,0.003190571326181308,1.0088880533239044,2.048022380387554,24.2,
0.0016,0.8,6.0,8,2,kmeans,0.8392988001104944,0.003462265644800417,0.0031624631847602743,0.003190571326181308,1.0088880533239044,2.048022380387554,0.2,
0.0011,1.6,6.0,20,0,vae,0.7043177414107074,0.004381823579564279,0.004250851052461866,0.0021695291264527366,0.5103752400819269,0.47608485984606386,587.2,
0.0011,1.6,6.0,20,0,jump,0.7185397522453046,0.004381823579564279,0.004250851052461866,0.0021695291264527366,0.5103752400819269,0.47608485984606386,23.6,
0.0011,1.6,6.0,20,0,kmeans,0.7195160766901436,0.004381823579564279,0.004250851052461866,0.0021695291264527366,0.5103752400819269,0.47608485984606386,0.3,
0.0005,1.1,4.0,20,5,vae,0.5753625910079736,0.004316884093685932,0.0035807091434689616,0.0010148025388585832,0.2834082574703208,4.959806697974276,590.9,
0.0005,1.1,4.0,20,5,jump,0.5031665075287904,0.004316884093685932,0.0035807091434689616,0.0010148025388585832,0.2834082574703208,4.959806697974276,21.6,
0.0005,1.1,4.0,20,5,kmeans,0.5206847619559934,0.004316884093685932,0.0035807091434689616,0.0010148025388585832,0.2834082574703208,4.959806697974276,0.3,
0.002,1.1,6.0,12,0,vae,0.8303980641218859,0.004350048064534819,0.0041495099921361285,0.004037060302679727,0.9729004895350274,1.1217867095738132,580.5,
0.002,1.1,6.0,12,0,jump,0.8207662777838876,0.004350048064534819,0.0041495099921361285,0.004037060302679727,0.9729004895350274,1.1217867095738132,23.7,
0.002,1.1,6.0,12,0,kmeans,0.838842930932526,0.004350048064534819,0.0041495099921361285,0.004037060302679727,0.9729004895350274,1.1217867095738132,0.1,
0.0012,1.1,2.0,8,0,vae,0.6882363743776123,0.005264384324122156,0.00403885542210942,0.0023813352961633994,0.5896064719542923,2.734923829147002,589.8,
0.0012,1.1,2.0,8,0,jump,0.6920345438760713,0.005264384324122156,0.00403885542210942,0.0023813352961633994,0.5896064719542923,2.734923829147002,23.7,
0.0012,1.1,2.0,8,0,kmeans,0.5221314013074423,0.005264384324122156,0.00403885542210942,0.0023813352961633994,0.5896064719542923,2.734923829147002,0.2,
0.0012,1.1,6.0,20,5,vae,0.7444732408220351,0.0040394029082548785,0.0037142194756871346,0.0024208019651786586,0.6517659984890386,1.868389474442548,613.2,
0.0012,1.1,6.0,20,5,jump,0.7685220317904324,0.0040394029082548785,0.0037142194756871346,0.0024208019651786586,0.6517659984890386,1.868389474442548,25.6,
0.0012,1.1,6.0,20,5,kmeans,0.7558647670663364,0.0040394029082548785,0.0037142194756871346,0.0024208019651786586,0.6517659984890386,1.868389474442548,0.3,
0.0011,0.8,4.0,8,4,vae,0.7424013699382906,0.00373887989950866,0.0029541038644292717,0.0022022737716248164,0.7454963916951824,3.968605282651769,588.9,
0.0011,0.8,4.0,8,4,jump,0.7519491114776458,0.00373887989950866,0.0029541038644292717,0.0022022737716248164,0.7454963916951824,3.968605282651769,24.9,
0.0011,0.8,4.0,8,4,kmeans,0.7522998268706085,0.00373887989950866,0.0029541038644292717,0.0022022737716248164,0.7454963916951824,3.968605282651769,0.2,
0.0012,0.8,2.75,8,3,vae,0.7421982926084105,0.004475672209177158,0.0031934942459982555,0.0024165890592709755,0.7567225343522024,4.304750745994659,609.8,
0.0012,0.8,2.75,8,3,jump,0.7568715283145169,0.004475672209177158,0.0031934942459982555,0.0024165890592709755,0.7567225343522024,4.304750745994659,25.5,
0.0012,0.8,2.75,8,3,kmeans,0.7481335932033126,0.004475672209177158,0.0031934942459982555,0.0024165890592709755,0.7567225343522024,4.304750745994659,0.2,
0.001,0.8,6.0,12,3,vae,0.7641781483054246,0.0032427314793363068,0.0027699890764886353,0.0020000513905810043,0.7220430605872138,3.4718404955023443,584.3,
0.001,0.8,6.0,12,3,jump,0.7825016095998607,0.0032427314793363068,0.0027699890764886353,0.0020000513905810043,0.7220430605872138,3.4718404955023443,23.5,
0.001,0.8,6.0,12,3,kmeans,0.7711265764975628,0.0032427314793363068,0.0027699890764886353,0.0020000513905810043,0.7220430605872138,3.4718404955023443,0.6,
0.0005,0.8,2.0,8,1,vae,0.50283452060012,0.005080414412114103,0.0030763774690727693,0.0009698638816950803,0.3152616645536026,4.205823350266262,559.0,
0.0005,0.8,2.0,8,1,jump,0.5226364093153562,0.005080414412114103,0.0030763774690727693,0.0009698638816950803,0.3152616645536026,4.205823350266262,22.9,
0.0005,0.8,2.0,8,1,kmeans,0.5000186095893353,0.005080414412114103,0.0030763774690727693,0.0009698638816950803,0.3152616645536026,4.205823350266262,0.3,
0.0012,1.6,6.0,20,1,vae,0.704741886446667,0.004371546698394667,0.0042601797039854,0.002369483487557132,0.5561933186387605,0.399723794210622,584.5,
0.0012,1.6,6.0,20,1,jump,0.7255181822641389,0.004371546698394667,0.0042601797039854,0.002369483487557132,0.5561933186387605,0.399723794210622,24.2,
0.0012,1.6,6.0,20,1,kmeans,0.7248876273454948,0.004371546698394667,0.0042601797039854,0.002369483487557132,0.5561933186387605,0.399723794210622,0.3,
0.0008,1.1,2.75,20,3,vae,0.6640130484040816,0.005183773072727567,0.0037693862750166084,0.0015759741305541287,0.4180983363259009,11.01050548086934,600.8,
0.0008,1.1,2.75,20,3,jump,0.502704223903282,0.005183773072727567,0.0037693862750166084,0.0015759741305541287,0.4180983363259009,11.01050548086934,23.8,
0.0008,1.1,2.75,20,3,kmeans,0.5064520389313065,0.005183773072727567,0.0037693862750166084,0.0015759741305541287,0.4180983363259009,11.01050548086934,0.6,
0.0014,0.8,6.0,12,2,vae,0.8048434639921196,0.0033854593544009946,0.0030095261648427412,0.002790571326181308,0.9272460757380142,2.717014863523328,594.4,
0.0014,0.8,6.0,12,2,jump,0.811616463607681,0.0033854593544009946,0.0030095261648427412,0.002790571326181308,0.9272460757380142,2.717014863523328,25.4,
0.0014,0.8,6.0,12,2,kmeans,0.8255999075019567,0.0033854593544009946,0.0030095261648427412,0.002790571326181308,0.9272460757380142,2.717014863523328,0.3,
0.0011,1.6,4.0,20,4,vae,0.7171373142967448,0.004512582342662635,0.0042641579224485925,0.0022298851531471894,0.5229368127779682,0.9083965107610501,579.8,
0.0011,1.6,4.0,20,4,jump,0.7292515889005237,0.004512582342662635,0.0042641579224485925,0.0022298851531471894,0.5229368127779682,0.9083965107610501,25.6,
0.0011,1.6,4.0,20,4,kmeans,0.7181265736465905,0.004512582342662635,0.0042641579224485925,0.0022298851531471894,0.5229368127779682,0.9083965107610501,0.3,
0.001,1.1,2.75,12,3,vae,0.6805838153787658,0.004997442493059444,0.003822345587998897,0.00197428785634618,0.5165121287161725,5.059205595217891,589.8,
0.001,1.1,2.75,12,3,jump,0.5030820437473881,0.004997442493059444,0.003822345587998897,0.00197428785634618,0.5165121287161725,5.059205595217891,23.4,
0.001,1.1,2.75,12,3,kmeans,0.5069874839966337,0.004997442493059444,0.003822345587998897,0.00197428785634618,0.5165121287161725,5.059205595217891,0.3,
0.0005,1.1,2.75,8,2,vae,0.5117699499981955,0.004664887326381947,0.0036674287604726587,0.0010217535398577302,0.27860215060484134,2.8664777715631216,580.9,
0.0005,1.1,2.75,8,2,jump,0.5067626893878086,0.004664887326381947,0.0036674287604726587,0.0010217535398577302,0.27860215060484134,2.8664777715631216,21.9,
0.0005,1.1,2.75,8,2,kmeans,0.5125423370602257,0.004664887326381947,0.0036674287604726587,0.0010217535398577302,0.27860215060484134,2.8664777715631216,0.3,
0.0012,0.8,6.0,12,3,vae,0.7926597339342345,0.003310281856574682,0.002883260477414718,0.0024000513905810044,0.8324087987822092,3.1977868698757614,587.9,
0.0012,0.8,6.0,12,3,jump,0.8017800053428341,0.003310281856574682,0.002883260477414718,0.0024000513905810044,0.8324087987822092,3.1977868698757614,23.5,
0.0012,0.8,6.0,12,3,kmeans,0.8036699858225427,0.003310281856574682,0.002883260477414718,0.0024000513905810044,0.8324087987822092,3.1977868698757614,0.2,
0.001,1.1,2.0,8,5,vae,0.5494300814773119,0.0052185014184174296,0.003934497727756909,0.0019918965657927004,0.5062645103949006,2.8747521749376324,588.8,
0.001,1.1,2.0,8,5,jump,0.668166389055925,0.0052185014184174296,0.003934497727756909,0.0019918965657927004,0.5062645103949006,2.8747521749376324,23.9,
0.001,1.1,2.0,8,5,kmeans,0.5049315931270368,0.0052185014184174296,0.003934497727756909,0.0019918965657927004,0.5062645103949006,2.8747521749376324,0.4,
0.0011,0.8,6.0,8,2,vae,0.7588701234410268,0.0032604547764318896,0.0028218327971880957,0.002190571326181308,0.7762938074729914,2.6808861512421025,619.6,
0.0011,0.8,6.0,8,2,jump,0.778260321770508,0.0032604547764318896,0.0028218327971880957,0.002190571326181308,0.7762938074729914,2.6808861512421025,25.1,
0.0011,0.8,6.0,8,2,kmeans,0.7815383591823544,0.0032604547764318896,0.0028218327971880957,0.002190571326181308,0.7762938074729914,2.6808861512421025,0.2,
0.002,1.1,2.0,12,3,vae,0.7855089766461911,0.005961237988858757,0.004579068282824296,0.004043526253102143,0.8830456335995411,4.81378609069533,607.3,
0.002,1.1,2.0,12,3,jump,0.8024875563199723,0.005961237988858757,0.004579068282824296,0.004043526253102143,0.8830456335995411,4.81378609069533,23.9,
0.002,1.1,2.0,12,3,kmeans,0.7964882442629326,0.005961237988858757,0.004579068282824296,0.004043526253102143,0.8830456335995411,4.81378609069533,0.4,
0.0012,1.1,2.0,8,3,vae,0.7086080375083134,0.005245668108285381,0.004044014452927631,0.002445685672341086,0.6047667981430067,2.781542864526112,576.7,
0.0012,1.1,2.0,8,3,jump,0.7450005766239033,0.005245668108285381,0.004044014452927631,0.002445685672341086,0.6047667981430067,2.781542864526112,25.0,
0.0012,1.1,2.0,8,3,kmeans,0.5212074019842512,0.005245668108285381,0.004044014452927631,0.002445685672341086,0.6047667981430067,2.781542864526112,0.5,
0.001,1.1,6.0,20,4,vae,0.7143886345599437,0.003965447466570954,0.0036045465273133307,0.001996545625732104,0.5538964778518868,1.6281073303370572,571.3,
0.001,1.1,6.0,20,4,jump,0.7309808616318061,0.003965447466570954,0.0036045465273133307,0.001996545625732104,0.5538964778518868,1.6281073303370572,22.7,
0.001,1.1,6.0,20,4,kmeans,0.7161730495847589,0.003965447466570954,0.0036045465273133307,0.001996545625732104,0.5538964778518868,1.6281073303370572,0.3,
0.0008,1.6,2.0,20,1,vae,0.5873986406455383,0.005071368611815594,0.0042667631711426875,0.0015715533099540106,0.36832447617033565,7.247164006608015,580.6,
0.0008,1.6,2.0,20,1,jump,0.5020299610186133,0.005071368611815594,0.0042667631711426875,0.0015715533099540106,0.36832447617033565,7.247164006608015,23.2,
0.0008,1.6,2.0,20,1,kmeans,0.6497202193318194,0.005071368611815594,0.0042667631711426875,0.0015715533099540106,0.36832447617033565,7.247164006608015,0.2,
0.002,1.1,4.0,20,4,vae,0.8164194979147588,0.0047491090210777295,0.004260247624310732,0.004011887432129064,0.9417028740854353,3.447250836148796,588.6,
0.002,1.1,4.0,20,4,jump,0.804202032878535,0.0047491090210777295,0.004260247624310732,0.004011887432129064,0.9417028740854353,3.447250836148796,25.0,
0.002,1.1,4.0,20,4,kmeans,0.8254732001249212,0.0047491090210777295,0.004260247624310732,0.004011887432129064,0.9417028740854353,3.447250836148796,0.4,
0.002,0.8,2.75,8,1,vae,0.7923601502618285,0.004752392576951479,0.0038641625425893705,0.003975910589957311,1.028919085606854,3.3102684291921207,584.3,
0.002,0.8,2.75,8,1,jump,0.8065068649224258,0.004752392576951479,0.0038641625425893705,0.003975910589957311,1.028919085606854,3.3102684291921207,24.1,
0.002,0.8,2.75,8,1,kmeans,0.8222536891034582,0.004752392576951479,0.0038641625425893705,0.003975910589957311,1.028919085606854,3.3102684291921207,0.2,
0.002,1.1,2.0,12,2,vae,0.717744914985172,0.005973050294056828,0.004545983170284513,0.004000301987386398,0.8799640996330473,4.950893354319898,581.5,
0.002,1.1,2.0,12,2,jump,0.7688691543196189,0.005973050294056828,0.004545983170284513,0.004000301987386398,0.8799640996330473,4.950893354319898,25.5,
0.002,1.1,2.0,12,2,kmeans,0.782017744771982,0.005973050294056828,0.004545983170284513,0.004000301987386398,0.8799640996330473,4.950893354319898,0.2,
0.002,0.8,2.0,20,5,vae,0.5602251208583326,0.0072380097412380025,0.004166343593770323,0.003997001894275003,0.9593548405972743,13.722437048507697,587.9,
0.002,0.8,2.0,20,5,jump,0.5148308815854103,0.0072380097412380025,0.004166343593770323,0.003997001894275003,0.9593548405972743,13.722437048507697,22.7,
0.002,0.8,2.0,20,5,kmeans,0.518328072497709,0.0072380097412380025,0.004166343593770323,0.003997001894275003,0.9593548405972743,13.722437048507697,0.2,
0.0014,1.1,2.0,12,3,vae,0.722507958271096,0.005786606638048406,0.004183906592042767,0.002843526253102143,0.6796342582098155,5.432003600256721,577.7,
0.0014,1.1,2.0,12,3,jump,0.7473793054467945,0.005786606638048406,0.004183906592042767,0.002843526253102143,0.6796342582098155,5.432003600256721,22.5,
0.0014,1.1,2.0,12,3,kmeans,0.5186560364911801,0.005786606638048406,0.004183906592042767,0.002843526253102143,0.6796342582098155,5.432003600256721,0.4,
0.0014,1.6,2.75,8,0,vae,0.7500540543384933,0.004728187434860133,0.004381969268176549,0.002768491437735461,0.6317916142957118,1.1021402616965643,595.7,
0.0014,1.6,2.75,8,0,jump,0.7661293889344234,0.004728187434860133,0.004381969268176549,0.002768491437735461,0.6317916142957118,1.1021402616965643,24.2,
0.0014,1.6,2.75,8,0,kmeans,0.7548137573060892,0.004728187434860133,0.004381969268176549,0.002768491437735461,0.6317916142957118,1.1021402616965643,0.3,
0.0012,0.8,4.0,20,0,vae,0.7533465995596881,0.003992082253344274,0.0030204794778116487,0.0023984871628817987,0.7940749740234996,11.150286516339687,588.6,
0.0012,0.8,4.0,20,0,jump,0.5007354671360776,0.003992082253344274,0.0030204794778116487,0.0023984871628817987,0.7940749740234996,11.150286516339687,24.3,
0.0012,0.8,4.0,20,0,kmeans,0.763730674829938,0.003992082253344274,0.0030204794778116487,0.0023984871628817987,0.7940749740234996,11.150286516339687,0.3,
0.0016,1.6,6.0,12,2,vae,0.787558702171731,0.0044955149381309106,0.004390147262318179,0.0032042586207214076,0.7298749744056254,0.3620867405218875,624.5,
0.0016,1.6,6.0,12,2,jump,0.7864431125283557,0.0044955149381309106,0.004390147262318179,0.0032042586207214076,0.7298749744056254,0.3620867405218875,24.4,
0.0016,1.6,6.0,12,2,kmeans,0.7903338534748232,0.0044955149381309106,0.004390147262318179,0.0032042586207214076,0.7298749744056254,0.3620867405218875,0.3,
0.0016,1.1,6.0,12,5,vae,0.7900252571341477,0.004169525513862055,0.003905545041407025,0.0032205397392581136,0.8246069895785586,1.2528991588983187,620.4,
0.0016,1.1,6.0,12,5,jump,0.8025025311567626,0.004169525513862055,0.003905545041407025,0.0032205397392581136,0.8246069895785586,1.2528991588983187,24.7,
0.0016,1.1,6.0,12,5,kmeans,0.8061601807575731,0.004169525513862055,0.003905545041407025,0.0032205397392581136,0.8246069895785586,1.2528991588983187,0.2,
0.002,0.8,2.0,20,0,vae,0.7636587857860454,0.007142205621988436,0.004157232340168807,0.004012141361917024,0.9650991413566528,13.840498081179021,591.9,
0.002,0.8,2.0,20,0,jump,0.5053782878820873,0.007142205621988436,0.004157232340168807,0.004012141361917024,0.9650991413566528,13.840498081179021,23.2,
0.002,0.8,2.0,20,0,kmeans,0.5095926505267393,0.007142205621988436,0.004157232340168807,0.004012141361917024,0.9650991413566528,13.840498081179021,0.4,
0.0012,0.8,2.75,8,4,vae,0.711297444235242,0.004467898772442866,0.0031983657723250207,0.0023891982836580362,0.7470059567080822,4.200693420547244,595.5,
0.0012,0.8,2.75,8,4,jump,0.7226541351677196,0.004467898772442866,0.0031983657723250207,0.0023891982836580362,0.7470059567080822,4.200693420547244,24.7,
0.0012,0.8,2.75,8,4,kmeans,0.5186083577986612,0.004467898772442866,0.0031983657723250207,0.0023891982836580362,0.7470059567080822,4.200693420547244,0.2,
0.0005,1.6,2.75,12,0,vae,0.555220129484513,0.004608243364283194,0.004158957861997121,0.0009674067128979274,0.2326079621382317,2.221228245763591,591.5,
0.0005,1.6,2.75,12,0,jump,0.5016647275665842,0.004608243364283194,0.004158957861997121,0.0009674067128979274,0.2326079621382317,2.221228245763591,23.2,
0.0005,1.6,2.75,12,0,kmeans,0.5074318125265789,0.004608243364283194,0.004158957861997121,0.0009674067128979274,0.2326079621382317,2.221228245763591,0.6,
0.0011,1.1,4.0,12,5,vae,0.7075295990045718,0.004393916423740682,0.0037641310032393866,0.0022150414595280446,0.5884602468994289,3.218031546481452,588.7,
0.0011,1.1,4.0,12,5,jump,0.7245008369947853,0.004393916423740682,0.0037641310032393866,0.0022150414595280446,0.5884602468994289,3.218031546481452,22.9,
0.0011,1.1,4.0,12,5,kmeans,0.7279515993516652,0.004393916423740682,0.0037641310032393866,0.0022150414595280446,0.5884602468994289,3.218031546481452,0.5,
0.0016,1.6,4.0,12,2,vae,0.7715822092510023,0.004623597754489379,0.004442671457412402,0.0031642138238465304,0.7122322355318845,0.788428042613277,592.6,
0.0016,1.6,4.0,12,2,jump,0.7724379931552687,0.004623597754489379,0.004442671457412402,0.0031642138238465304,0.7122322355318845,0.788428042613277,24.7,
0.0016,1.6,4.0,12,2,kmeans,0.7770354397128633,0.004623597754489379,0.004442671457412402,0.0031642138238465304,0.7122322355318845,0.788428042613277,0.3,
0.001,1.6,4.0,8,2,vae,0.6679492049979384,0.004436333183536886,0.0042379353517488765,0.0019649473537791703,0.4636567551622259,0.686689114952252,586.5,
0.001,1.6,4.0,8,2,jump,0.7191019799627374,0.004436333183536886,0.0042379353517488765,0.0019649473537791703,0.4636567551622259,0.686689114952252,23.8,
0.001,1.6,4.0,8,2,kmeans,0.7008205961269685,0.004436333183536886,0.0042379353517488765,0.0019649473537791703,0.4636567551622259,0.686689114952252,0.4,
0.0016,0.8,4.0,8,4,vae,0.8015592751739129,0.003913514322654926,0.0033133417950098536,0.0032022737716248164,0.9664785493750406,3.227405733538994,577.0,
0.0016,0.8,4.0,8,4,jump,0.7996487863152177,0.003913514322654926,0.0033133417950098536,0.0032022737716248164,0.9664785493750406,3.227405733538994,25.3,
0.0016,0.8,4.0,8,4,kmeans,0.8138249284310863,0.003913514322654926,0.0033133417950098536,0.0032022737716248164,0.9664785493750406,3.227405733538994,0.1,
0.0005,1.1,4.0,20,1,vae,0.5720466399130808,0.004331666252327446,0.003566770827729984,0.000995232840480709,0.2790290962186964,6.136261605246162,586.3,
0.0005,1.1,4.0,20,1,jump,0.5040685264710052,0.004331666252327446,0.003566770827729984,0.000995232840480709,0.2790290962186964,6.136261605246162,23.8,
0.0005,1.1,4.0,20,1,kmeans,0.6029326701756148,0.004331666252327446,0.003566770827729984,0.000995232840480709,0.2790290962186964,6.136261605246162,0.2,
0.0005,1.1,4.0,12,4,vae,0.6107797870745023,0.004302302447091585,0.0035840593943113046,0.0010117202539470776,0.28228333926410415,3.60052177144226,590.2,
0.0005,1.1,4.0,12,4,jump,0.5069777064239901,0.004302302447091585,0.0035840593943113046,0.0010117202539470776,0.28228333926410415,3.60052177144226,23.3,
0.0005,1.1,4.0,12,4,kmeans,0.5028441656571755,0.004302302447091585,0.0035840593943113046,0.0010117202539470776,0.28228333926410415,3.60052177144226,0.3,
0.0014,1.6,2.75,8,4,vae,0.7425013484897296,0.004730876963132465,0.004406946201223534,0.0027408797531935647,0.6219453626260728,0.9938364737599845,582.5,
0.0014,1.6,2.75,8,4,jump,0.7549975767808659,0.004730876963132465,0.004406946201223534,0.0027408797531935647,0.6219453626260728,0.9938364737599845,25.7,
0.0014,1.6,2.75,8,4,kmeans,0.744694903123065,0.004730876963132465,0.004406946201223534,0.0027408797531935647,0.6219453626260728,0.9938364737599845,0.4,
0.002,1.1,2.0,20,1,vae,0.6108322307401781,0.006572055065594075,0.0045631133370845345,0.003997567384551116,0.8760613838062683,11.445141247502022,589.5,
0.002,1.1,2.0,20,1,jump,0.5005043248735641,0.006572055065594075,0.0045631133370845345,0.003997567384551116,0.8760613838062683,11.445141247502022,23.3,
0.002,1.1,2.0,20,1,kmeans,0.7685683205699065,0.006572055065594075,0.0045631133370845345,0.003997567384551116,0.8760613838062683,11.445141247502022,0.2,
0.002,0.8,2.0,12,5,vae,0.7289270793108593,0.006210894353322436,0.004135081426072033,0.003995320466707305,0.9662011590670201,6.301398181952491,589.8,
0.002,0.8,2.0,12,5,jump,0.7721631111999123,0.006210894353322436,0.004135081426072033,0.003995320466707305,0.9662011590670201,6.301398181952491,23.3,
0.002,0.8,2.0,12,5,kmeans,0.7843706593303146,0.006210894353322436,0.004135081426072033,0.003995320466707305,0.9662011590670201,6.301398181952491,0.1,
0.0005,1.6,6.0,8,3,vae,0.5844664189981212,0.004258123108355836,0.004128728546323045,0.0010107876926589783,0.24481815196088969,0.447316117800054,615.1,
0.0005,1.6,6.0,8,3,jump,0.6260258407623148,0.004258123108355836,0.004128728546323045,0.0010107876926589783,0.24481815196088969,0.447316117800054,23.8,
0.0005,1.6,6.0,8,3,kmeans,0.509285167018042,0.004258123108355836,0.004128728546323045,0.0010107876926589783,0.24481815196088969,0.447316117800054,0.2,
0.0016,1.6,2.75,8,4,vae,0.7679916066044918,0.004792833473869399,0.004495874928061763,0.003140879753193565,0.6986136855340955,0.9317889119873466,610.9,
0.0016,1.6,2.75,8,4,jump,0.7716577636527056,0.004792833473869399,0.004495874928061763,0.003140879753193565,0.6986136855340955,0.9317889119873466,22.8,
0.0016,1.6,2.75,8,4,kmeans,0.7706149229234609,0.004792833473869399,0.004495874928061763,0.003140879753193565,0.6986136855340955,0.9317889119873466,0.4,
0.0008,1.6,4.0,20,0,vae,0.6236771418020595,0.004462149503835038,0.0042016551609262475,0.001606808602191275,0.38242276927768076,1.560975286375112,588.4,
0.0008,1.6,4.0,20,0,jump,0.6802648337955017,0.004462149503835038,0.0042016551609262475,0.001606808602191275,0.38242276927768076,1.560975286375112,23.4,
0.0008,1.6,4.0,20,0,kmeans,0.6663976363090451,0.004462149503835038,0.0042016551609262475,0.001606808602191275,0.38242276927768076,1.560975286375112,0.5,
0.0008,0.8,2.0,8,5,vae,0.5035349341258848,0.005131012586178593,0.0032039984202135202,0.0015928119924323776,0.49713257733948246,4.0867153895621,580.8,
0.0008,0.8,2.0,8,5,jump,0.5400706450495313,0.005131012586178593,0.0032039984202135202,0.0015928119924323776,0.49713257733948246,4.0867153895621,25.3,
0.0008,0.8,2.0,8,5,kmeans,0.5067300992802612,0.005131012586178593,0.0032039984202135202,0.0015928119924323776,0.49713257733948246,4.0867153895621,0.3,
0.002,0.8,6.0,8,2,vae,0.8589804348778065,0.0036650572097232724,0.0035184573669231993,0.003990571326181309,1.1341820889167007,1.532461489898691,581.4,
0.002,0.8,6.0,8,2,jump,0.8380869683411307,0.0036650572097232724,0.0035184573669231993,0.003990571326181309,1.1341820889167007,1.532461489898691,23.9,
0.002,0.8,6.0,8,2,kmeans,0.8644951266973487,0.0036650572097232724,0.0035184573669231993,0.003990571326181309,1.1341820889167007,1.532461489898691,0.2,
0.0008,1.1,6.0,12,2,vae,0.6485912723812068,0.003943850877480192,0.0035409175270293652,0.0015799646935583504,0.44620205963504994,1.8562431844807126,575.1,
0.0008,1.1,6.0,12,2,jump,0.6006655587021917,0.003943850877480192,0.0035409175270293652,0.0015799646935583504,0.44620205963504994,1.8562431844807126,23.8,
0.0008,1.1,6.0,12,2,kmeans,0.6677173498762587,0.003943850877480192,0.0035409175270293652,0.0015799646935583504,0.44620205963504994,1.8562431844807126,0.9,
0.0011,1.6,2.75,8,3,vae,0.6975203649983241,0.004647677645183921,0.004312785510903151,0.0022427366791643905,0.5200204539489685,1.1424284422714184,577.0,
0.0011,1.6,2.75,8,3,jump,0.7421002725534352,0.004647677645183921,0.004312785510903151,0.0022427366791643905,0.5200204539489685,1.1424284422714184,23.3,
0.0011,1.6,2.75,8,3,kmeans,0.703265353667935,0.004647677645183921,0.004312785510903151,0.0022427366791643905,0.5200204539489685,1.1424284422714184,0.3,
0.0014,0.8,6.0,8,1,vae,0.799989531605741,0.003349020987801304,0.003000329523910633,0.002809297221587827,0.9363295595365758,2.1717703333818275,584.5,
0.0014,0.8,6.0,8,1,jump,0.8066556916113303,0.003349020987801304,0.003000329523910633,0.002809297221587827,0.9363295595365758,2.1717703333818275,22.5,
0.0014,0.8,6.0,8,1,kmeans,0.8211305303509846,0.003349020987801304,0.003000329523910633,0.002809297221587827,0.9363295595365758,2.1717703333818275,0.3,
0.0005,0.8,2.0,12,3,vae,0.5180854612304244,0.0058773957303012445,0.003139740258514681,0.0009835875271735717,0.3132703491972543,7.714558705150674,585.3,
0.0005,0.8,2.0,12,3,jump,0.5026560050061931,0.0058773957303012445,0.003139740258514681,0.0009835875271735717,0.3132703491972543,7.714558705150674,23.2,
0.0005,0.8,2.0,12,3,kmeans,0.5079431294610992,0.0058773957303012445,0.003139740258514681,0.0009835875271735717,0.3132703491972543,7.714558705150674,0.2,
0.002,1.6,2.75,12,4,vae,0.7961020592099557,0.004998635747681426,0.004700123277752157,0.003938047985731075,0.8378605736516882,1.5133079033389816,581.4,
0.002,1.6,2.75,12,4,jump,0.8015158397363833,0.004998635747681426,0.004700123277752157,0.003938047985731075,0.8378605736516882,1.5133079033389816,23.4,
0.002,1.6,2.75,12,4,kmeans,0.8043963766940471,0.004998635747681426,0.004700123277752157,0.003938047985731075,0.8378605736516882,1.5133079033389816,0.2,
0.0012,1.1,2.75,20,4,vae,0.689205036037305,0.005241452105372967,0.003933958601247513,0.0024231543158958688,0.6159582653278183,9.217257962839229,588.4,
0.0012,1.1,2.75,20,4,jump,0.502965987000627,0.005241452105372967,0.003933958601247513,0.0024231543158958688,0.6159582653278183,9.217257962839229,23.5,
0.0012,1.1,2.75,20,4,kmeans,0.7003206758005758,0.005241452105372967,0.003933958601247513,0.0024231543158958688,0.6159582653278183,9.217257962839229,0.2,
0.0005,0.8,6.0,12,2,vae,0.5897314721682202,0.003120604619337736,0.002568124659623317,0.000990571326181308,0.38571777365612825,3.7951886604933973,590.1,
0.0005,0.8,6.0,12,2,jump,0.506094799634124,0.003120604619337736,0.002568124659623317,0.000990571326181308,0.38571777365612825,3.7951886604933973,24.4,
0.0005,0.8,6.0,12,2,kmeans,0.5183735958727329,0.003120604619337736,0.002568124659623317,0.000990571326181308,0.38571777365612825,3.7951886604933973,0.3,
0.002,0.8,2.75,8,2,vae,0.798212297509652,0.004737486023533493,0.003860121134956456,0.004008533723008964,1.0384476504399085,3.1372064916965376,582.0,
0.002,0.8,2.75,8,2,jump,0.8077883440445199,0.004737486023533493,0.003860121134956456,0.004008533723008964,1.0384476504399085,3.1372064916965376,23.3,
0.002,0.8,2.75,8,2,kmeans,0.826707451967614,0.004737486023533493,0.003860121134956456,0.004008533723008964,1.0384476504399085,3.1372064916965376,0.4,
0.001,1.6,2.0,8,4,vae,0.6805250026625593,0.004800595924171047,0.004319505629073835,0.00200260818947459,0.46361976611290545,1.5310549613006188,610.6,
0.001,1.6,2.0,8,4,jump,0.7040791569174571,0.004800595924171047,0.004319505629073835,0.00200260818947459,0.46361976611290545,1.5310549613006188,23.7,
0.001,1.6,2.0,8,4,kmeans,0.6775202829785235,0.004800595924171047,0.004319505629073835,0.00200260818947459,0.46361976611290545,1.5310549613006188,0.6,
0.0012,0.8,6.0,20,5,vae,0.770590984278971,0.003302605180598568,0.0028946031910778896,0.002393892116687312,0.8270190968026525,3.181993004278663,610.4,
0.0012,0.8,6.0,20,5,jump,0.7872661601791566,0.003302605180598568,0.0028946031910778896,0.002393892116687312,0.8270190968026525,3.181993004278663,24.5,
0.0012,0.8,6.0,20,5,kmeans,0.7968338446878368,0.003302605180598568,0.0028946031910778896,0.002393892116687312,0.8270190968026525,3.181993004278663,0.4,
0.0014,1.6,6.0,20,0,vae,0.7545598947430752,0.004466049770899476,0.0043466803425565755,0.0027695291264527365,0.637159604155246,0.4325929000140478,584.1,
0.0014,1.6,6.0,20,0,jump,0.7740385743244128,0.004466049770899476,0.0043466803425565755,0.0027695291264527365,0.637159604155246,0.4325929000140478,25.6,
0.0014,1.6,6.0,20,0,kmeans,0.7624608117925723,0.004466049770899476,0.0043466803425565755,0.0027695291264527365,0.637159604155246,0.4325929000140478,0.3,
0.001,0.8,6.0,8,5,vae,0.7399571432413792,0.003218226883636851,0.0027795601193788726,0.0019938348919642823,0.7173202975763768,2.536337975328009,574.1,
0.001,0.8,6.0,8,5,jump,0.7727985420152811,0.003218226883636851,0.0027795601193788726,0.0019938348919642823,0.7173202975763768,2.536337975328009,25.0,
0.001,0.8,6.0,8,5,kmeans,0.7611333274417098,0.003218226883636851,0.0027795601193788726,0.0019938348919642823,0.7173202975763768,2.536337975328009,0.7,
0.0014,1.1,4.0,8,2,vae,0.7454419868134887,0.004426985105555321,0.003859382017208052,0.0027991636202184668,0.7252880403488622,1.959675164106426,577.2,
0.0014,1.1,4.0,8,2,jump,0.7687606369224695,0.004426985105555321,0.003859382017208052,0.0027991636202184668,0.7252880403488622,1.959675164106426,23.0,
0.0014,1.1,4.0,8,2,kmeans,0.7743123495598018,0.004426985105555321,0.003859382017208052,0.0027991636202184668,0.7252880403488622,1.959675164106426,0.2,
0.0014,0.8,2.75,8,3,vae,0.7655684548310007,0.0045343407002796906,0.003338477601552356,0.0028165890592709757,0.8436746911110897,4.083768395780513,568.5,
0.0014,0.8,2.75,8,3,jump,0.7797833055783425,0.0045343407002796906,0.003338477601552356,0.0028165890592709757,0.8436746911110897,4.083768395780513,24.7,
0.0014,0.8,2.75,8,3,kmeans,0.7770088713557479,0.0045343407002796906,0.003338477601552356,0.0028165890592709757,0.8436746911110897,4.083768395780513,0.3,
0.0008,1.6,2.75,20,1,vae,0.6470898389230987,0.004713598617182273,0.004246138918373859,0.0015765211005076096,0.3712834485197128,3.8782081814967713,590.2,
0.0008,1.6,2.75,20,1,jump,0.5013979703601469,0.004713598617182273,0.004246138918373859,0.0015765211005076096,0.3712834485197128,3.8782081814967713,24.0,
0.0008,1.6,2.75,20,1,kmeans,0.6515194764710308,0.004713598617182273,0.004246138918373859,0.0015765211005076096,0.3712834485197128,3.8782081814967713,0.2,
0.0011,0.8,6.0,12,2,vae,0.7674848837410818,0.003272148300071109,0.0028221418222706945,0.002190571326181308,0.7762088031489414,3.141851396338872,585.0,
0.0011,0.8,6.0,12,2,jump,0.7808815296729905,0.003272148300071109,0.0028221418222706945,0.002190571326181308,0.7762088031489414,3.141851396338872,24.2,
0.0011,0.8,6.0,12,2,kmeans,0.7866929380470014,0.003272148300071109,0.0028221418222706945,0.002190571326181308,0.7762088031489414,3.141851396338872,0.2,
0.0008,1.1,4.0,8,1,vae,0.6189787035361451,0.0042415534579071145,0.0036330762113070377,0.0015935565414248016,0.4386245838898884,2.1909499874287945,583.4,
0.0008,1.1,4.0,8,1,jump,0.6728829398500753,0.0042415534579071145,0.0036330762113070377,0.0015935565414248016,0.4386245838898884,2.1909499874287945,25.9,
0.0008,1.1,4.0,8,1,kmeans,0.6646678266844122,0.0042415534579071145,0.0036330762113070377,0.0015935565414248016,0.4386245838898884,2.1909499874287945,0.4,
0.0014,1.6,6.0,20,2,vae,0.7632318447914515,0.004430191381244545,0.004307603970736946,0.002804229233230562,0.6509951361083024,0.45640871145353445,587.5,
0.0014,1.6,6.0,20,2,jump,0.7711915456212428,0.004430191381244545,0.004307603970736946,0.002804229233230562,0.6509951361083024,0.45640871145353445,24.8,
0.0014,1.6,6.0,20,2,kmeans,0.7680906471223949,0.004430191381244545,0.004307603970736946,0.002804229233230562,0.6509951361083024,0.45640871145353445,0.3,
0.0011,0.8,2.0,12,0,vae,0.5104000717329809,0.0059635428339406184,0.00340086437951891,0.0022098300002390703,0.6497848057533171,7.347348151520874,583.5,
0.0011,0.8,2.0,12,0,jump,0.5221574668381773,0.0059635428339406184,0.00340086437951891,0.0022098300002390703,0.6497848057533171,7.347348151520874,22.3,
0.0011,0.8,2.0,12,0,kmeans,0.5037282562528087,0.0059635428339406184,0.00340086437951891,0.0022098300002390703,0.6497848057533171,7.347348151520874,0.4,
0.0012,1.1,6.0,12,3,vae,0.7518887787626471,0.004017943039281016,0.003681485690776496,0.002387655346474712,0.6485575517668547,1.6561539302964334,591.9,
0.0012,1.1,6.0,12,3,jump,0.7718606453645227,0.004017943039281016,0.003681485690776496,0.002387655346474712,0.6485575517668547,1.6561539302964334,23.6,
0.0012,1.1,6.0,12,3,kmeans,0.7554140958767526,0.004017943039281016,0.003681485690776496,0.002387655346474712,0.6485575517668547,1.6561539302964334,0.2,
0.001,0.8,2.75,12,1,vae,0.5355778028860492,0.00483724959372518,0.0030968377740556202,0.001976363928908026,0.6381877492794138,8.481533490661421,608.0,
0.001,0.8,2.75,12,1,jump,0.5025419348336004,0.00483724959372518,0.0030968377740556202,0.001976363928908026,0.6381877492794138,8.481533490661421,22.5,
0.001,0.8,2.75,12,1,kmeans,0.5071111643118583,0.00483724959372518,0.0030968377740556202,0.001976363928908026,0.6381877492794138,8.481533490661421,0.4,
0.002,0.8,2.75,12,2,vae,0.7589144994212922,0.005094587751775362,0.0038788198944572205,0.004010608631406832,1.0339765033014128,6.318548970559229,612.5,
0.002,0.8,2.75,12,2,jump,0.7930809691586087,0.005094587751775362,0.0038788198944572205,0.004010608631406832,1.0339765033014128,6.318548970559229,24.2,
0.002,0.8,2.75,12,2,kmeans,0.8175340393269288,0.005094587751775362,0.0038788198944572205,0.004010608631406832,1.0339765033014128,6.318548970559229,0.3,
0.002,1.1,2.0,12,1,vae,0.7429796349761069,0.005999607106921411,0.004542890063943237,0.0039941874961806,0.8792172911870197,4.825822930031656,588.5,
0.002,1.1,2.0,12,1,jump,0.7701153527401134,0.005999607106921411,0.004542890063943237,0.0039941874961806,0.8792172911870197,4.825822930031656,24.4,
0.002,1.1,2.0,12,1,kmeans,0.7840865919799813,0.005999607106921411,0.004542890063943237,0.0039941874961806,0.8792172911870197,4.825822930031656,0.2,
0.0016,0.8,2.75,12,4,vae,0.7538592101078075,0.004968162133522423,0.003508217591571344,0.0031895950656585974,0.9091782315104251,7.4253571777256955,575.1,
0.0016,0.8,2.75,12,4,jump,0.7570424943664007,0.004968162133522423,0.003508217591571344,0.0031895950656585974,0.9091782315104251,7.4253571777256955,23.9,
0.0016,0.8,2.75,12,4,kmeans,0.7696011392111677,0.004968162133522423,0.003508217591571344,0.0031895950656585974,0.9091782315104251,7.4253571777256955,0.4,
0.0012,1.6,6.0,12,5,vae,0.7275091272136014,0.004393474566297482,0.004292559467672978,0.0023923140145847375,0.5573164524804184,0.42529622778084386,580.1,
0.0012,1.6,6.0,12,5,jump,0.7362056359143128,0.004393474566297482,0.004292559467672978,0.0023923140145847375,0.5573164524804184,0.42529622778084386,24.8,
0.0012,1.6,6.0,12,5,kmeans,0.7266343491901259,0.004393474566297482,0.004292559467672978,0.0023923140145847375,0.5573164524804184,0.42529622778084386,0.5,
0.0012,1.1,2.0,20,5,vae,0.5307762886485704,0.006391109534656022,0.0040769510142834794,0.002384347243708591,0.5848358823432265,12.694325086290588,572.3,
0.0012,1.1,2.0,20,5,jump,0.5025562922219682,0.006391109534656022,0.0040769510142834794,0.002384347243708591,0.5848358823432265,12.694325086290588,25.1,
0.0012,1.1,2.0,20,5,kmeans,0.5023028563487688,0.006391109534656022,0.0040769510142834794,0.002384347243708591,0.5848358823432265,12.694325086290588,0.2,
0.0011,1.1,6.0,12,4,vae,0.7297738347485822,0.003991592702261677,0.003641340007345267,0.0021965456257321036,0.6032245330843201,1.5806209006573724,573.8,
0.0011,1.1,6.0,12,4,jump,0.7391522371161448,0.003991592702261677,0.003641340007345267,0.0021965456257321036,0.6032245330843201,1.5806209006573724,24.4,
0.0011,1.1,6.0,12,4,kmeans,0.7328731498314673,0.003991592702261677,0.003641340007345267,0.0021965456257321036,0.6032245330843201,1.5806209006573724,0.2,
0.002,0.8,2.75,12,0,vae,0.7888486377381325,0.005126803338886014,0.003889537639626607,0.004012780945765291,1.0316858499794632,6.734461125009236,602.1,
0.002,0.8,2.75,12,0,jump,0.8193028665511153,0.005126803338886014,0.003889537639626607,0.004012780945765291,1.0316858499794632,6.734461125009236,24.3,
0.002,0.8,2.75,12,0,kmeans,0.8255584188568024,0.005126803338886014,0.003889537639626607,0.004012780945765291,1.0316858499794632,6.734461125009236,0.3,
0.0016,1.1,4.0,8,4,vae,0.78012377168565,0.00449425352411128,0.003987661261703659,0.0032106100612246022,0.8051361062330868,1.8157032720024544,595.3,
0.0016,1.1,4.0,8,4,jump,0.7880572978759282,0.00449425352411128,0.003987661261703659,0.0032106100612246022,0.8051361062330868,1.8157032720024544,24.2,
0.0016,1.1,4.0,8,4,kmeans,0.7930453891016735,0.00449425352411128,0.003987661261703659,0.0032106100612246022,0.8051361062330868,1.8157032720024544,0.6,
0.001,0.8,2.0,8,1,vae,0.5051869377771672,0.005152748847591816,0.0032923264843487017,0.0019698638816950803,0.5983197265093729,3.976402102801636,583.3,
0.001,0.8,2.0,8,1,jump,0.5753228230975139,0.005152748847591816,0.0032923264843487017,0.0019698638816950803,0.5983197265093729,3.976402102801636,24.9,
0.001,0.8,2.0,8,1,kmeans,0.5009508699737888,0.005152748847591816,0.0032923264843487017,0.0019698638816950803,0.5983197265093729,3.976402102801636,0.4,
0.0005,0.8,2.75,8,4,vae,0.5376181606996322,0.004334987695015358,0.0028494505917017856,0.0009891982836580365,0.34715403963795516,4.78354123418512,582.1,
0.0005,0.8,2.75,8,4,jump,0.5005954987478867,0.004334987695015358,0.0028494505917017856,0.0009891982836580365,0.34715403963795516,4.78354123418512,24.8,
0.0005,0.8,2.75,8,4,kmeans,0.5084435448776221,0.004334987695015358,0.0028494505917017856,0.0009891982836580365,0.34715403963795516,4.78354123418512,0.5,
0.0014,1.1,4.0,12,4,vae,0.7586031283360788,0.004498003515854275,0.003887006406421071,0.0028117202539470775,0.7233639361392115,3.0240372098594994,589.4,
0.0014,1.1,4.0,12,4,jump,0.7643093501278089,0.004498003515854275,0.003887006406421071,0.0028117202539470775,0.7233639361392115,3.0240372098594994,24.4,
0.0014,1.1,4.0,12,4,kmeans,0.7671677841411044,0.004498003515854275,0.003887006406421071,0.0028117202539470775,0.7233639361392115,3.0240372098594994,0.4,
0.002,1.1,6.0,20,1,vae,0.8258342691405455,0.004317889256443627,0.004122187853565643,0.003941602876230368,0.9561919583118779,1.013291445650922,610.2,
0.002,1.1,6.0,20,1,jump,0.8134834598920477,0.004317889256443627,0.004122187853565643,0.003941602876230368,0.9561919583118779,1.013291445650922,24.4,
0.002,1.1,6.0,20,1,kmeans,0.8329491653754263,0.004317889256443627,0.004122187853565643,0.003941602876230368,0.9561919583118779,1.013291445650922,0.3,
0.0005,0.8,4.0,20,1,vae,0.5210901725550159,0.003851579602857664,0.0026723373447099055,0.0009666375097897698,0.36171986733011163,13.980100941526217,611.4,
0.0005,0.8,4.0,20,1,jump,0.5015469121083403,0.003851579602857664,0.0026723373447099055,0.0009666375097897698,0.36171986733011163,13.980100941526217,23.4,
0.0005,0.8,4.0,20,1,kmeans,0.5114677041932938,0.003851579602857664,0.0026723373447099055,0.0009666375097897698,0.36171986733011163,13.980100941526217,0.8,
0.0011,1.1,2.75,8,1,vae,0.6334704009629122,0.004743880475609877,0.0038389138395133653,0.002149743694931617,0.5599874820853302,2.5790936248629617,583.7,
0.0011,1.1,2.75,8,1,jump,0.6971854226764509,0.004743880475609877,0.0038389138395133653,0.002149743694931617,0.5599874820853302,2.5790936248629617,23.9,
0.0011,1.1,2.75,8,1,kmeans,0.5090930605631776,0.004743880475609877,0.0038389138395133653,0.002149743694931617,0.5599874820853302,2.5790936248629617,0.4,
0.001,0.8,2.75,12,4,vae,0.6799118435720696,0.004810436001359476,0.0030893271959670124,0.001989595065658597,0.6440221250296603,8.48294267667971,573.1,
0.001,0.8,2.75,12,4,jump,0.5074186246433361,0.004810436001359476,0.0030893271959670124,0.001989595065658597,0.6440221250296603,8.48294267667971,23.6,
0.001,0.8,2.75,12,4,kmeans,0.5167730229531623,0.004810436001359476,0.0030893271959670124,0.001989595065658597,0.6440221250296603,8.48294267667971,0.2,
0.0008,1.6,4.0,20,1,vae,0.6234911837720859,0.004435061905280694,0.004188325672175957,0.001571365060953101,0.37517738207228074,1.558027923900931,583.0,
0.0008,1.6,4.0,20,1,jump,0.6737906926059929,0.004435061905280694,0.004188325672175957,0.001571365060953101,0.37517738207228074,1.558027923900931,23.3,
0.0008,1.6,4.0,20,1,kmeans,0.6546932718960753,0.004435061905280694,0.004188325672175957,0.001571365060953101,0.37517738207228074,1.558027923900931,0.5,
0.0008,1.1,2.75,20,0,vae,0.5776862810344008,0.005193082810689168,0.0037745583065951238,0.0015866273686845037,0.4203478234558618,11.13506291177383,582.1,
0.0008,1.1,2.75,20,0,jump,0.5003428385101865,0.005193082810689168,0.0037745583065951238,0.0015866273686845037,0.4203478234558618,11.13506291177383,22.2,
0.0008,1.1,2.75,20,0,kmeans,0.505695160901956,0.005193082810689168,0.0037745583065951238,0.0015866273686845037,0.4203478234558618,11.13506291177383,0.2,
0.0012,1.1,4.0,12,0,vae,0.7283088440560871,0.004457349564217556,0.003792816429497697,0.0023910207389149993,0.6304077150476948,3.5058027776447895,598.5,
0.0012,1.1,4.0,12,0,jump,0.7508887865786656,0.004457349564217556,0.003792816429497697,0.0023910207389149993,0.6304077150476948,3.5058027776447895,23.6,
0.0012,1.1,4.0,12,0,kmeans,0.7382221241203659,0.004457349564217556,0.003792816429497697,0.0023910207389149993,0.6304077150476948,3.5058027776447895,0.2,
0.0011,1.6,4.0,20,2,vae,0.7044675116873331,0.004480193660154275,0.004265381902478527,0.0021639632712530253,0.5073316576871089,1.022946371267957,589.4,
0.0011,1.6,4.0,20,2,jump,0.723239091351528,0.004480193660154275,0.004265381902478527,0.0021639632712530253,0.5073316576871089,1.022946371267957,24.4,
0.0011,1.6,4.0,20,2,kmeans,0.7100034089753042,0.004480193660154275,0.004265381902478527,0.0021639632712530253,0.5073316576871089,1.022946371267957,0.2,
0.0008,0.8,4.0,12,1,vae,0.562041734485363,0.0038013775392365494,0.002785652236993799,0.0015677184361758483,0.5627832560562864,7.060970262158174,602.3,
0.0008,0.8,4.0,12,1,jump,0.5023811519838057,0.0038013775392365494,0.002785652236993799,0.0015677184361758483,0.5627832560562864,7.060970262158174,25.1,
0.0008,0.8,4.0,12,1,kmeans,0.696464020945353,0.0038013775392365494,0.002785652236993799,0.0015677184361758483,0.5627832560562864,7.060970262158174,0.5,
0.0014,0.8,2.75,20,5,vae,0.6132689849565076,0.005257327783677338,0.003375698263405767,0.002804545721902296,0.8308046226479878,16.022204905976064,582.9,
0.0014,0.8,2.75,20,5,jump,0.5005472966093066,0.005257327783677338,0.003375698263405767,0.002804545721902296,0.8308046226479878,16.022204905976064,23.0,
0.0014,0.8,2.75,20,5,kmeans,0.7480905456091714,0.005257327783677338,0.003375698263405767,0.002804545721902296,0.8308046226479878,16.022204905976064,0.2,
0.001,1.1,6.0,8,0,vae,0.7091769945975874,0.003971488699313548,0.0036169556072761255,0.0020365647941648717,0.563060489343019,1.3871230200604883,587.0,
0.001,1.1,6.0,8,0,jump,0.7407185827146026,0.003971488699313548,0.0036169556072761255,0.0020365647941648717,0.563060489343019,1.3871230200604883,23.8,
0.001,1.1,6.0,8,0,kmeans,0.7175082254981835,0.003971488699313548,0.0036169556072761255,0.0020365647941648717,0.563060489343019,1.3871230200604883,0.3,
0.0008,1.1,6.0,8,3,vae,0.6846566548146653,0.003896197170547914,0.003545033807381966,0.0015880143382936858,0.4479546386798625,1.2986418355887697,588.0,
0.0008,1.1,6.0,8,3,jump,0.7255955900028197,0.003896197170547914,0.003545033807381966,0.0015880143382936858,0.4479546386798625,1.2986418355887697,25.6,
0.0008,1.1,6.0,8,3,kmeans,0.693023920298279,0.003896197170547914,0.003545033807381966,0.0015880143382936858,0.4479546386798625,1.2986418355887697,0.3,
0.002,1.6,2.0,8,1,vae,0.7821623054143569,0.0051113094565858495,0.004722286995696554,0.0039732980601560755,0.8413927539298149,1.285938030760394,592.8,
0.002,1.6,2.0,8,1,jump,0.7912099725867743,0.0051113094565858495,0.004722286995696554,0.0039732980601560755,0.8413927539298149,1.285938030760394,25.0,
0.002,1.6,2.0,8,1,kmeans,0.8046378018128961,0.0051113094565858495,0.004722286995696554,0.0039732980601560755,0.8413927539298149,1.285938030760394,0.3,
0.0008,0.8,2.75,12,3,vae,0.6109538452923075,0.0047520048910691046,0.0029908618100906903,0.0016179065173672548,0.5409499402174639,8.51954178434448,614.2,
0.0008,0.8,2.75,12,3,jump,0.5194456947865388,0.0047520048910691046,0.0029908618100906903,0.0016179065173672548,0.5409499402174639,8.51954178434448,24.8,
0.0008,0.8,2.75,12,3,kmeans,0.5032897204842167,0.0047520048910691046,0.0029908618100906903,0.0016179065173672548,0.5409499402174639,8.51954178434448,0.3,
0.0016,1.1,6.0,8,3,vae,0.8071209667220911,0.004133593799391493,0.0038754509238064154,0.003188014338293686,0.8226176517189544,0.9708253967421432,617.6,
0.0016,1.1,6.0,8,3,jump,0.8079076808106495,0.004133593799391493,0.0038754509238064154,0.003188014338293686,0.8226176517189544,0.9708253967421432,24.7,
0.0016,1.1,6.0,8,3,kmeans,0.8138955965842234,0.004133593799391493,0.0038754509238064154,0.003188014338293686,0.8226176517189544,0.9708253967421432,0.4,
0.0005,1.6,2.0,20,4,vae,0.6038752735151814,0.005022907591613605,0.0042325260310314096,0.0010037788560568832,0.23715834201550695,7.947579985512828,566.2,
0.0005,1.6,2.0,20,4,jump,0.5021628566553716,0.005022907591613605,0.0042325260310314096,0.0010037788560568832,0.23715834201550695,7.947579985512828,23.9,
0.0005,1.6,2.0,20,4,kmeans,0.6025996664686708,0.005022907591613605,0.0042325260310314096,0.0010037788560568832,0.23715834201550695,7.947579985512828,0.5,
0.0016,1.1,2.75,20,1,vae,0.7443613469584742,0.005327505474002325,0.004128610005403364,0.0031502429572701357,0.7630274966991846,9.153636395567089,572.3,
0.0016,1.1,2.75,20,1,jump,0.7384624823325212,0.005327505474002325,0.004128610005403364,0.0031502429572701357,0.7630274966991846,9.153636395567089,23.3,
0.0016,1.1,2.75,20,1,kmeans,0.7559935008910741,0.005327505474002325,0.004128610005403364,0.0031502429572701357,0.7630274966991846,9.153636395567089,0.2,
0.0005,1.6,2.75,12,3,vae,0.5865784167049246,0.004610863889479143,0.004186995600617602,0.001043163266513065,0.24914362612637886,2.2936317571081375,563.9,
0.0005,1.6,2.75,12,3,jump,0.50147975433218,0.004610863889479143,0.004186995600617602,0.001043163266513065,0.24914362612637886,2.2936317571081375,21.6,
0.0005,1.6,2.75,12,3,kmeans,0.5063566326109398,0.004610863889479143,0.004186995600617602,0.001043163266513065,0.24914362612637886,2.2936317571081375,0.5,
0.0008,1.1,4.0,12,5,vae,0.6323697727050044,0.0043293947158471,0.003663109220715279,0.0016150414595280443,0.44089361310735975,3.426819557230364,573.2,
0.0008,1.1,4.0,12,5,jump,0.5059848008919405,0.0043293947158471,0.003663109220715279,0.0016150414595280443,0.44089361310735975,3.426819557230364,22.9,
0.0008,1.1,4.0,12,5,kmeans,0.6756715250147451,0.0043293947158471,0.003663109220715279,0.0016150414595280443,0.44089361310735975,3.426819557230364,0.4,
0.002,1.1,4.0,8,2,vae,0.807407855639531,0.004652587812352234,0.00423259472129752,0.003999163620218467,0.9448491725644137,1.5616133005122848,602.3,
0.002,1.1,4.0,8,2,jump,0.8166212741639463,0.004652587812352234,0.00423259472129752,0.003999163620218467,0.9448491725644137,1.5616133005122848,23.4,
0.002,1.1,4.0,8,2,kmeans,0.8295741452928695,0.004652587812352234,0.00423259472129752,0.003999163620218467,0.9448491725644137,1.5616133005122848,0.3,
0.001,1.6,2.0,12,4,vae,0.6712092469834033,0.004944166966045793,0.004330099273699772,0.002004114143986556,0.4628333018042283,3.0982156911763026,590.9,
0.001,1.6,2.0,12,4,jump,0.5020925554841937,0.004944166966045793,0.004330099273699772,0.002004114143986556,0.4628333018042283,3.0982156911763026,24.9,
0.001,1.6,2.0,12,4,kmeans,0.6751530866536679,0.004944166966045793,0.004330099273699772,0.002004114143986556,0.4628333018042283,3.0982156911763026,0.5,
0.002,1.6,6.0,20,2,vae,0.8212627366938536,0.004653985649116791,0.0045912113065104026,0.004004229233230562,0.8721509348856387,0.32357665550164816,582.9,
0.002,1.6,6.0,20,2,jump,0.8119122951425997,0.004653985649116791,0.0045912113065104026,0.004004229233230562,0.8721509348856387,0.32357665550164816,25.8,
0.002,1.6,6.0,20,2,kmeans,0.8271961827636772,0.004653985649116791,0.0045912113065104026,0.004004229233230562,0.8721509348856387,0.32357665550164816,0.4,
0.0005,1.1,4.0,8,3,vae,0.5868344425248573,0.004207973823724719,0.0035735114695635197,0.000999264887005323,0.279631084303579,2.22716766352129,600.1,
0.0005,1.1,4.0,8,3,jump,0.5080241352053468,0.004207973823724719,0.0035735114695635197,0.000999264887005323,0.279631084303579,2.22716766352129,28.6,
0.0005,1.1,4.0,8,3,kmeans,0.5110100115448958,0.004207973823724719,0.0035735114695635197,0.000999264887005323,0.279631084303579,2.22716766352129,0.3,
0.0011,0.8,2.0,12,4,vae,0.6706648981909765,0.0059518218871789635,0.0033895594787664053,0.002226278949887061,0.6568048042329359,7.444375855466449,589.2,
0.0011,0.8,2.0,12,4,jump,0.5394421589059417,0.0059518218871789635,0.0033895594787664053,0.002226278949887061,0.6568048042329359,7.444375855466449,25.2,
0.0011,0.8,2.0,12,4,kmeans,0.5006100772856615,0.0059518218871789635,0.0033895594787664053,0.002226278949887061,0.6568048042329359,7.444375855466449,0.5,
0.0005,1.6,6.0,8,2,vae,0.57472494567405,0.004227842491421104,0.004081896821756957,0.0010036227875561022,0.24587166980965386,0.41790327595606946,590.1,
0.0005,1.6,6.0,8,2,jump,0.5878169448763123,0.004227842491421104,0.004081896821756957,0.0010036227875561022,0.24587166980965386,0.41790327595606946,25.0,
0.0005,1.6,6.0,8,2,kmeans,0.6043541851839507,0.004227842491421104,0.004081896821756957,0.0010036227875561022,0.24587166980965386,0.41790327595606946,0.2,
0.0008,1.1,6.0,20,4,vae,0.6750711486675056,0.0039202916798886855,0.0035446929577728986,0.0015965456257321037,0.45040449053031667,1.7128994695769464,614.8,
0.0008,1.1,6.0,20,4,jump,0.6814889671987503,0.0039202916798886855,0.0035446929577728986,0.0015965456257321037,0.45040449053031667,1.7128994695769464,23.9,
0.0008,1.1,6.0,20,4,kmeans,0.6771486353267928,0.0039202916798886855,0.0035446929577728986,0.0015965456257321037,0.45040449053031667,1.7128994695769464,0.3,
0.0014,1.1,6.0,12,4,vae,0.7693468903128429,0.004083737213091995,0.0037709810765100887,0.0027965456257321034,0.7415963031880841,1.4213810178650457,618.2,
0.0014,1.1,6.0,12,4,jump,0.781096001062062,0.004083737213091995,0.0037709810765100887,0.0027965456257321034,0.7415963031880841,1.4213810178650457,24.6,
0.0014,1.1,6.0,12,4,kmeans,0.7774052396045219,0.004083737213091995,0.0037709810765100887,0.0027965456257321034,0.7415963031880841,1.4213810178650457,0.5,
0.001,1.6,2.75,20,3,vae,0.6891059421343593,0.00471240067474348,0.004288046549334732,0.0020435626635500583,0.4765719401686781,2.8228803417787747,571.0,
0.001,1.6,2.75,20,3,jump,0.7202250163123076,0.00471240067474348,0.004288046549334732,0.0020435626635500583,0.4765719401686781,2.8228803417787747,23.3,
0.001,1.6,2.75,20,3,kmeans,0.689446298449076,0.00471240067474348,0.004288046549334732,0.0020435626635500583,0.4765719401686781,2.8228803417787747,0.3,
0.0012,1.1,4.0,8,5,vae,0.7196669439572114,0.004337017493306991,0.0038004087084111578,0.002413956429103365,0.6351833748198549,1.9205604940944676,585.7,
0.0012,1.1,4.0,8,5,jump,0.7518830781683967,0.004337017493306991,0.0038004087084111578,0.002413956429103365,0.6351833748198549,1.9205604940944676,24.3,
0.0012,1.1,4.0,8,5,kmeans,0.7428360338742741,0.004337017493306991,0.0038004087084111578,0.002413956429103365,0.6351833748198549,1.9205604940944676,0.5,
0.0014,1.1,6.0,12,0,vae,0.7696167278542203,0.004108062894021035,0.0037772428556185145,0.0028370603026797265,0.7510929032428244,1.505147598620237,583.8,
0.0014,1.1,6.0,12,0,jump,0.7870305382077414,0.004108062894021035,0.0037772428556185145,0.0028370603026797265,0.7510929032428244,1.505147598620237,23.5,
0.0014,1.1,6.0,12,0,kmeans,0.7764302755956434,0.004108062894021035,0.0037772428556185145,0.0028370603026797265,0.7510929032428244,1.505147598620237,0.4,
0.0016,1.1,4.0,12,2,vae,0.7545200423477354,0.004572757108280061,0.003972086823996724,0.003197276820597133,0.804936287213386,2.9455778327764746,585.4,
0.0016,1.1,4.0,12,2,jump,0.7773972127044286,0.004572757108280061,0.003972086823996724,0.003197276820597133,0.804936287213386,2.9455778327764746,22.7,
0.0016,1.1,4.0,12,2,kmeans,0.7924155694599293,0.004572757108280061,0.003972086823996724,0.003197276820597133,0.804936287213386,2.9455778327764746,0.4,
0.001,1.1,2.0,20,5,vae,0.5252522111199273,0.006357214097521413,0.003993934011648852,0.0019843472437085907,0.4968402677462802,12.973889592376826,604.7,
0.001,1.1,2.0,20,5,jump,0.503679302918467,0.006357214097521413,0.003993934011648852,0.0019843472437085907,0.4968402677462802,12.973889592376826,23.8,
0.001,1.1,2.0,20,5,kmeans,0.5019563632416482,0.006357214097521413,0.003993934011648852,0.0019843472437085907,0.4968402677462802,12.973889592376826,0.3,
0.0008,1.6,2.0,12,1,vae,0.5969053293471593,0.004942021929378213,0.004262675621938042,0.0015695914447990508,0.36821742586301465,3.5553040243956326,597.5,
0.0008,1.6,2.0,12,1,jump,0.5035082627727242,0.004942021929378213,0.004262675621938042,0.0015695914447990508,0.36821742586301465,3.5553040243956326,23.2,
0.0008,1.6,2.0,12,1,kmeans,0.6607973722779611,0.004942021929378213,0.004262675621938042,0.0015695914447990508,0.36821742586301465,3.5553040243956326,0.6,
0.0008,1.6,4.0,8,2,vae,0.6227781221687188,0.004396253000869229,0.0041868260225272425,0.0015649473537791701,0.3737789307124207,0.7155714754794227,581.8,
0.0008,1.6,4.0,8,2,jump,0.6718189354802848,0.004396253000869229,0.0041868260225272425,0.0015649473537791701,0.3737789307124207,0.7155714754794227,23.7,
0.0008,1.6,4.0,8,2,kmeans,0.664642356949665,0.004396253000869229,0.0041868260225272425,0.0015649473537791701,0.3737789307124207,0.7155714754794227,0.6,
0.0008,0.8,2.0,12,4,vae,0.5210470259802951,0.00590265559533396,0.003225206068898158,0.001626278949887061,0.504240322988929,7.692558578615534,599.7,
0.0008,0.8,2.0,12,4,jump,0.5249307704564101,0.00590265559533396,0.003225206068898158,0.001626278949887061,0.504240322988929,7.692558578615534,22.8,
0.0008,0.8,2.0,12,4,kmeans,0.5036142566532664,0.00590265559533396,0.003225206068898158,0.001626278949887061,0.504240322988929,7.692558578615534,0.4,
0.002,1.6,2.75,8,2,vae,0.8044764108839164,0.004936747357250215,0.004669016125078005,0.004017543905685315,0.8604690577328418,0.9193787930602202,582.3,
0.002,1.6,2.75,8,2,jump,0.8135465312428751,0.004936747357250215,0.004669016125078005,0.004017543905685315,0.8604690577328418,0.9193787930602202,23.8,
0.002,1.6,2.75,8,2,kmeans,0.8169734519435534,0.004936747357250215,0.004669016125078005,0.004017543905685315,0.8604690577328418,0.9193787930602202,0.4,
0.0005,1.1,6.0,20,3,vae,0.6174011274269127,0.0038729526958878016,0.0034756354533528335,0.0009879280085053348,0.28424385174006456,2.1894276975830964,595.7,
0.0005,1.1,6.0,20,3,jump,0.5068021391685296,0.0038729526958878016,0.0034756354533528335,0.0009879280085053348,0.28424385174006456,2.1894276975830964,24.7,
0.0005,1.1,6.0,20,3,kmeans,0.62278266678561,0.0038729526958878016,0.0034756354533528335,0.0009879280085053348,0.28424385174006456,2.1894276975830964,0.3,
0.0008,1.6,2.0,20,5,vae,0.5744609564666653,0.005041404168213757,0.004279492949766091,0.0016001957682170239,0.373921814336553,7.263469474338846,566.2,
0.0008,1.6,2.0,20,5,jump,0.5002156526349966,0.005041404168213757,0.004279492949766091,0.0016001957682170239,0.373921814336553,7.263469474338846,22.3,
0.0008,1.6,2.0,20,5,kmeans,0.6479291023150879,0.005041404168213757,0.004279492949766091,0.0016001957682170239,0.373921814336553,7.263469474338846,0.2,
0.0008,0.8,6.0,20,0,vae,0.7165998385007527,0.00317745360147649,0.002668101432301452,0.0016118565432238679,0.604121164101888,4.143432004871308,621.7,
0.0008,0.8,6.0,20,0,jump,0.7346382261897629,0.00317745360147649,0.002668101432301452,0.0016118565432238679,0.604121164101888,4.143432004871308,25.4,
0.0008,0.8,6.0,20,0,kmeans,0.7264960316617517,0.00317745360147649,0.002668101432301452,0.0016118565432238679,0.604121164101888,4.143432004871308,0.4,
0.002,1.6,2.75,20,4,vae,0.7993959482431291,0.005018807194947586,0.004700406837355549,0.003937526634358376,0.8376991121418822,2.0929480219501144,616.0,
0.002,1.6,2.75,20,4,jump,0.8088125429776694,0.005018807194947586,0.004700406837355549,0.003937526634358376,0.8376991121418822,2.0929480219501144,25.2,
0.002,1.6,2.75,20,4,kmeans,0.8073517374715329,0.005018807194947586,0.004700406837355549,0.003937526634358376,0.8376991121418822,2.0929480219501144,0.3,
0.002,1.1,6.0,20,3,vae,0.8390325432591104,0.004326898746767812,0.004131128624832115,0.003987928008505335,0.9653362000238859,1.2933380340374692,578.1,
0.002,1.1,6.0,20,3,jump,0.8322823683391778,0.004326898746767812,0.004131128624832115,0.003987928008505335,0.9653362000238859,1.2933380340374692,24.2,
0.002,1.1,6.0,20,3,kmeans,0.844267863694361,0.004326898746767812,0.004131128624832115,0.003987928008505335,0.9653362000238859,1.2933380340374692,0.2,
0.0005,1.1,4.0,20,3,vae,0.6055918138072404,0.004345992381876625,0.0035786947794926322,0.0009994188223918295,0.27926908662870703,5.821592572326418,573.9,
0.0005,1.1,4.0,20,3,jump,0.5033831640000498,0.004345992381876625,0.0035786947794926322,0.0009994188223918295,0.27926908662870703,5.821592572326418,23.4,
0.0005,1.1,4.0,20,3,kmeans,0.6155785632743489,0.004345992381876625,0.0035786947794926322,0.0009994188223918295,0.27926908662870703,5.821592572326418,0.6,
0.001,0.8,6.0,20,2,vae,0.7490280760301995,0.0032418491353418347,0.0027623041517242253,0.001990571326181308,0.7206198944235728,3.4375697541749552,572.7,
0.001,0.8,6.0,20,2,jump,0.7585139355728368,0.0032418491353418347,0.0027623041517242253,0.001990571326181308,0.7206198944235728,3.4375697541749552,23.0,
0.001,0.8,6.0,20,2,kmeans,0.7683878336872462,0.0032418491353418347,0.0027623041517242253,0.001990571326181308,0.7206198944235728,3.4375697541749552,0.2,
0.002,1.1,2.0,8,2,vae,0.7653773171849365,0.005467875104020189,0.0045068678560889405,0.0040001610563466595,0.88757007839542,2.273733623519842,599.3,
0.002,1.1,2.0,8,2,jump,0.7775983771481512,0.005467875104020189,0.0045068678560889405,0.0040001610563466595,0.88757007839542,2.273733623519842,25.0,
0.002,1.1,2.0,8,2,kmeans,0.7966893988688211,0.005467875104020189,0.0045068678560889405,0.0040001610563466595,0.88757007839542,2.273733623519842,0.2,
0.0016,0.8,2.0,20,0,vae,0.5180667641533856,0.007039843043047191,0.003799214921143464,0.0032121413619170236,0.8454750332866805,14.640403338816,597.5,
0.0016,0.8,2.0,20,0,jump,0.5048351034301368,0.007039843043047191,0.003799214921143464,0.0032121413619170236,0.8454750332866805,14.640403338816,24.3,
0.0016,0.8,2.0,20,0,kmeans,0.5084331370717083,0.007039843043047191,0.003799214921143464,0.0032121413619170236,0.8454750332866805,14.640403338816,0.5,
0.0012,1.1,2.75,8,2,vae,0.6851088040534816,0.004792089950365401,0.00389573610694153,0.0024217535398577297,0.6216420910909706,2.569817611446185,589.7,
0.0012,1.1,2.75,8,2,jump,0.7143140091964632,0.004792089950365401,0.00389573610694153,0.0024217535398577297,0.6216420910909706,2.569817611446185,23.1,
0.0012,1.1,2.75,8,2,kmeans,0.7106208676149657,0.004792089950365401,0.00389573610694153,0.0024217535398577297,0.6216420910909706,2.569817611446185,0.3,
0.0008,0.8,4.0,8,3,vae,0.6960165362676807,0.0036551105037544622,0.002799071409350624,0.0015824473471319934,0.5653472583249015,4.273546168370153,597.3,
0.0008,0.8,4.0,8,3,jump,0.5008600188293041,0.0036551105037544622,0.002799071409350624,0.0015824473471319934,0.5653472583249015,4.273546168370153,23.6,
0.0008,0.8,4.0,8,3,kmeans,0.503232628909491,0.0036551105037544622,0.002799071409350624,0.0015824473471319934,0.5653472583249015,4.273546168370153,0.3,
0.0016,1.1,2.75,8,0,vae,0.750951396873851,0.004903057560890585,0.00409628183284573,0.003188213709728541,0.7783189340548025,2.295417528648491,583.6,
0.0016,1.1,2.75,8,0,jump,0.7669138608689297,0.004903057560890585,0.00409628183284573,0.003188213709728541,0.7783189340548025,2.295417528648491,23.7,
0.0016,1.1,2.75,8,0,kmeans,0.7601498281320637,0.004903057560890585,0.00409628183284573,0.003188213709728541,0.7783189340548025,2.295417528648491,0.4,
0.0016,1.6,2.75,12,2,vae,0.7611443236781101,0.0048591176124275414,0.00446912747091159,0.003218351437414506,0.7201297028026017,1.9240075193150528,586.7,
0.0016,1.6,2.75,12,2,jump,0.7783205381006866,0.0048591176124275414,0.00446912747091159,0.003218351437414506,0.7201297028026017,1.9240075193150528,23.3,
0.0016,1.6,2.75,12,2,kmeans,0.7766565813438819,0.0048591176124275414,0.00446912747091159,0.003218351437414506,0.7201297028026017,1.9240075193150528,0.3,
0.0011,1.1,4.0,20,2,vae,0.6884802935296841,0.004457411711593109,0.0037296190999745542,0.0021980945702525026,0.5893616777829938,4.629757772278808,570.9,
0.0011,1.1,4.0,20,2,jump,0.7260598336617256,0.004457411711593109,0.0037296190999745542,0.0021980945702525026,0.5893616777829938,4.629757772278808,24.8,
0.0011,1.1,4.0,20,2,kmeans,0.7264521273274926,0.004457411711593109,0.0037296190999745542,0.0021980945702525026,0.5893616777829938,4.629757772278808,0.2,
0.002,1.6,4.0,12,3,vae,0.8200291003797866,0.004773847643085192,0.004624825145241205,0.00397102740245635,0.8586329813014462,0.6480726871435905,605.9,
0.002,1.6,4.0,12,3,jump,0.8219614213572921,0.004773847643085192,0.004624825145241205,0.00397102740245635,0.8586329813014462,0.6480726871435905,23.8,
0.002,1.6,4.0,12,3,kmeans,0.822938757814716,0.004773847643085192,0.004624825145241205,0.00397102740245635,0.8586329813014462,0.6480726871435905,0.3,
0.0008,1.6,4.0,12,3,vae,0.6576740910482534,0.004411708886784358,0.004170743228438942,0.0015710274024563493,0.37667804427374585,0.9514412617971351,610.0,
0.0008,1.6,4.0,12,3,jump,0.6972605938268837,0.004411708886784358,0.004170743228438942,0.0015710274024563493,0.37667804427374585,0.9514412617971351,26.0,
0.0008,1.6,4.0,12,3,kmeans,0.6578272298591119,0.004411708886784358,0.004170743228438942,0.0015710274024563493,0.37667804427374585,0.9514412617971351,0.4,
0.0005,0.8,2.0,12,2,vae,0.5033477039507803,0.0059144722497708625,0.0031135899240234714,0.00100710432020962,0.32345438698883333,7.988933020004186,573.4,
0.0005,0.8,2.0,12,2,jump,0.5175296122291342,0.0059144722497708625,0.0031135899240234714,0.00100710432020962,0.32345438698883333,7.988933020004186,23.6,
0.0005,0.8,2.0,12,2,kmeans,0.5009593311916261,0.0059144722497708625,0.0031135899240234714,0.00100710432020962,0.32345438698883333,7.988933020004186,0.3,
0.0011,1.6,4.0,12,1,vae,0.695110998746544,0.004490936488071745,0.004255675874684872,0.002172014756508718,0.5103806822857611,1.0927098654732745,570.3,
0.0011,1.6,4.0,12,1,jump,0.7255846465125013,0.004490936488071745,0.004255675874684872,0.002172014756508718,0.5103806822857611,1.0927098654732745,22.7,
0.0011,1.6,4.0,12,1,kmeans,0.7079289487079797,0.004490936488071745,0.004255675874684872,0.002172014756508718,0.5103806822857611,1.0927098654732745,0.6,
0.0005,1.1,6.0,12,2,vae,0.5692681501334365,0.003894544231041071,0.003480551941907664,0.0009799646935583503,0.28155439422094625,1.9503507846157415,570.5,
0.0005,1.1,6.0,12,2,jump,0.5087140424931986,0.003894544231041071,0.003480551941907664,0.0009799646935583503,0.28155439422094625,1.9503507846157415,23.0,
0.0005,1.1,6.0,12,2,kmeans,0.5265951874876916,0.003894544231041071,0.003480551941907664,0.0009799646935583503,0.28155439422094625,1.9503507846157415,0.3,
0.0014,1.1,2.0,20,1,vae,0.5723062887075081,0.006412463864861334,0.004176761907477156,0.002797567384551116,0.6697933582335557,12.619269893944418,595.8,
0.0014,1.1,2.0,20,1,jump,0.5001620935251726,0.006412463864861334,0.004176761907477156,0.002797567384551116,0.6697933582335557,12.619269893944418,23.8,
0.0014,1.1,2.0,20,1,kmeans,0.5127939075726331,0.006412463864861334,0.004176761907477156,0.002797567384551116,0.6697933582335557,12.619269893944418,0.2,
0.0011,1.6,2.75,12,1,vae,0.7011053675848629,0.0047251656866079865,0.004321935136588207,0.002175679312391677,0.5034039715156825,2.024255215564515,594.2,
0.0011,1.6,2.75,12,1,jump,0.708745499468421,0.0047251656866079865,0.004321935136588207,0.002175679312391677,0.5034039715156825,2.024255215564515,23.6,
0.0011,1.6,2.75,12,1,kmeans,0.7050927222288372,0.0047251656866079865,0.004321935136588207,0.002175679312391677,0.5034039715156825,2.024255215564515,0.4,
0.0011,1.1,2.75,12,5,vae,0.6363184813187504,0.005045429489720841,0.0038806241567649895,0.002178937404836518,0.5614914809613898,5.128591201207815,585.5,
0.0011,1.1,2.75,12,5,jump,0.6902418063205594,0.005045429489720841,0.0038806241567649895,0.002178937404836518,0.5614914809613898,5.128591201207815,24.3,
0.0011,1.1,2.75,12,5,kmeans,0.7013411128380399,0.005045429489720841,0.0038806241567649895,0.002178937404836518,0.5614914809613898,5.128591201207815,0.5,
0.0008,0.8,2.0,12,0,vae,0.5043996224914828,0.005916234407164256,0.003234902304981153,0.0016098300002390705,0.4976440858075464,7.599133905747941,591.3,
0.0008,0.8,2.0,12,0,jump,0.5137088235017829,0.005916234407164256,0.003234902304981153,0.0016098300002390705,0.4976440858075464,7.599133905747941,22.9,
0.0008,0.8,2.0,12,0,kmeans,0.5025848292968842,0.005916234407164256,0.003234902304981153,0.0016098300002390705,0.4976440858075464,7.599133905747941,0.3,
0.0011,1.1,2.0,20,1,vae,0.5607754970058522,0.0063524400300197,0.0040242626286024555,0.0021975673845511163,0.546079515022678,13.093930536427564,595.7,
0.0011,1.1,2.0,20,1,jump,0.501308204104493,0.0063524400300197,0.0040242626286024555,0.0021975673845511163,0.546079515022678,13.093930536427564,24.8,
0.0011,1.1,2.0,20,1,kmeans,0.5137683647006466,0.0063524400300197,0.0040242626286024555,0.0021975673845511163,0.546079515022678,13.093930536427564,0.2,
0.0016,1.6,2.0,8,0,vae,0.7496282523102158,0.004966791882752043,0.004506298292017193,0.0031863405495212316,0.7070860256112568,1.3995661620389495,579.8,
0.0016,1.6,2.0,8,0,jump,0.7585006668544159,0.004966791882752043,0.004506298292017193,0.0031863405495212316,0.7070860256112568,1.3995661620389495,24.5,
0.0016,1.6,2.0,8,0,kmeans,0.7658541427322052,0.004966791882752043,0.004506298292017193,0.0031863405495212316,0.7070860256112568,1.3995661620389495,0.2,
0.0008,0.8,2.0,12,3,vae,0.5284139690154881,0.005909218846601031,0.0032520282728369233,0.0015835875271735717,0.4869538006175208,7.531623485586792,600.6,
0.0008,0.8,2.0,12,3,jump,0.507447040629533,0.005909218846601031,0.0032520282728369233,0.0015835875271735717,0.4869538006175208,7.531623485586792,25.5,
0.0008,0.8,2.0,12,3,kmeans,0.5062406969574407,0.005909218846601031,0.0032520282728369233,0.0015835875271735717,0.4869538006175208,7.531623485586792,0.4,
0.0005,1.6,2.0,20,0,vae,0.5616538987916508,0.004998610667160202,0.0042036855098729845,0.000986496535059114,0.23467420023267188,6.733787940343376,574.7,
0.0005,1.6,2.0,20,0,jump,0.5039468045485057,0.004998610667160202,0.0042036855098729845,0.000986496535059114,0.23467420023267188,6.733787940343376,22.9,
0.0005,1.6,2.0,20,0,kmeans,0.6048307976905749,0.004998610667160202,0.0042036855098729845,0.000986496535059114,0.23467420023267188,6.733787940343376,0.2,
0.0011,0.8,2.0,20,1,vae,0.5090820799049542,0.006903203901738697,0.0034222537642018005,0.002158516854427933,0.6307296311591263,15.167095526369899,577.5,
0.0011,0.8,2.0,20,1,jump,0.5009101489906734,0.006903203901738697,0.0034222537642018005,0.002158516854427933,0.6307296311591263,15.167095526369899,23.5,
0.0011,0.8,2.0,20,1,kmeans,0.5033185750285265,0.006903203901738697,0.0034222537642018005,0.002158516854427933,0.6307296311591263,15.167095526369899,0.2,
0.0016,1.1,4.0,12,5,vae,0.7662220171894523,0.00454361898784969,0.004005920857698537,0.0032150414595280446,0.8025723856599443,2.7818444490946472,601.5,
0.0016,1.1,4.0,12,5,jump,0.7856640548202767,0.00454361898784969,0.004005920857698537,0.0032150414595280446,0.8025723856599443,2.7818444490946472,25.2,
0.0016,1.1,4.0,12,5,kmeans,0.7923615340378947,0.00454361898784969,0.004005920857698537,0.0032150414595280446,0.8025723856599443,2.7818444490946472,0.2,
0.0014,0.8,6.0,12,0,vae,0.813382394621251,0.0033718529320458396,0.0030103264573649513,0.0028119440243832058,0.9340993623809835,2.6836190887861457,573.9,
0.0014,0.8,6.0,12,0,jump,0.8151084669717412,0.0033718529320458396,0.0030103264573649513,0.0028119440243832058,0.9340993623809835,2.6836190887861457,23.3,
0.0014,0.8,6.0,12,0,kmeans,0.8217943331285272,0.0033718529320458396,0.0030103264573649513,0.0028119440243832058,0.9340993623809835,2.6836190887861457,0.4,
0.0008,1.6,4.0,12,0,vae,0.6229959565964245,0.004453050184369441,0.0042015698639936245,0.001606808602191275,0.3824305329208524,1.0206334507213235,574.7,
0.0008,1.6,4.0,12,0,jump,0.682238746275883,0.004453050184369441,0.0042015698639936245,0.001606808602191275,0.3824305329208524,1.0206334507213235,23.9,
0.0008,1.6,4.0,12,0,kmeans,0.6708516957936176,0.004453050184369441,0.0042015698639936245,0.001606808602191275,0.3824305329208524,1.0206334507213235,0.6,
0.0012,0.8,4.0,20,1,vae,0.7534703407318757,0.004000696628500752,0.0029999339879339467,0.00236663750978977,0.7888965288265133,11.895135180192897,595.8,
0.0012,0.8,4.0,20,1,jump,0.5003246572926564,0.004000696628500752,0.0029999339879339467,0.00236663750978977,0.7888965288265133,11.895135180192897,22.3,
0.0012,0.8,4.0,20,1,kmeans,0.7649710069101507,0.004000696628500752,0.0029999339879339467,0.00236663750978977,0.7888965288265133,11.895135180192897,0.3,
0.002,0.8,6.0,20,3,vae,0.8656293057772668,0.003692559856924864,0.003529995353568445,0.004000051390581004,1.133160525703634,3.4446615880475218,567.6,
0.002,0.8,6.0,20,3,jump,0.851398682493494,0.003692559856924864,0.003529995353568445,0.004000051390581004,1.133160525703634,3.4446615880475218,24.0,
0.002,0.8,6.0,20,3,kmeans,0.8714919826044245,0.003692559856924864,0.003529995353568445,0.004000051390581004,1.133160525703634,3.4446615880475218,0.3,
0.002,0.8,2.75,20,5,vae,0.6673015771620178,0.0054465582190206885,0.0039030558493069988,0.004004545721902297,1.0260026698345395,13.861789241624361,608.9,
0.002,0.8,2.75,20,5,jump,0.7922474638801849,0.0054465582190206885,0.0039030558493069988,0.004004545721902297,1.0260026698345395,13.861789241624361,25.7,
0.002,0.8,2.75,20,5,kmeans,0.8080969319370186,0.0054465582190206885,0.0039030558493069988,0.004004545721902297,1.0260026698345395,13.861789241624361,0.3,
0.0005,0.8,2.0,12,5,vae,0.5027273574339162,0.005906508628384514,0.003133298349701783,0.0009953204667073048,0.3176590147574157,7.779416759547715,590.7,
0.0005,0.8,2.0,12,5,jump,0.5070657457162453,0.005906508628384514,0.003133298349701783,0.0009953204667073048,0.3176590147574157,7.779416759547715,25.0,
0.0005,0.8,2.0,12,5,kmeans,0.5053511311597085,0.005906508628384514,0.003133298349701783,0.0009953204667073048,0.3176590147574157,7.779416759547715,0.2,
0.0005,1.6,4.0,20,2,vae,0.5723035771860201,0.00437414010953033,0.004142604860481303,0.0009639632712530252,0.23269495974593832,1.149333484043968,600.6,
0.0005,1.6,4.0,20,2,jump,0.5032656521382557,0.00437414010953033,0.004142604860481303,0.0009639632712530252,0.23269495974593832,1.149333484043968,23.8,
0.0005,1.6,4.0,20,2,kmeans,0.6013403786089635,0.00437414010953033,0.004142604860481303,0.0009639632712530252,0.23269495974593832,1.149333484043968,0.8,
0.0008,1.6,2.75,8,4,vae,0.6368968722842846,0.004592488894756235,0.004234327443311057,0.001540879753193565,0.36390188851069705,1.1402546281044375,588.0,
0.0008,1.6,2.75,8,4,jump,0.5726498266444761,0.004592488894756235,0.004234327443311057,0.001540879753193565,0.36390188851069705,1.1402546281044375,26.1,
0.0008,1.6,2.75,8,4,kmeans,0.6028931883668351,0.004592488894756235,0.004234327443311057,0.001540879753193565,0.36390188851069705,1.1402546281044375,0.5,
0.0008,1.6,2.75,8,0,vae,0.6307672012569798,0.004587425512907099,0.004198783731507403,0.0015684914377354607,0.37355852028424374,1.2657206258042324,590.8,
0.0008,1.6,2.75,8,0,jump,0.6793458925340428,0.004587425512907099,0.004198783731507403,0.0015684914377354607,0.37355852028424374,1.2657206258042324,25.7,
0.0008,1.6,2.75,8,0,kmeans,0.6636422531066777,0.004587425512907099,0.004198783731507403,0.0015684914377354607,0.37355852028424374,1.2657206258042324,0.3,
0.0014,1.1,6.0,8,1,vae,0.7505917974473066,0.004066852161678206,0.003771972919896874,0.002742226512621994,0.7270005832112301,1.096094429292652,577.6,
0.0014,1.1,6.0,8,1,jump,0.760150963189822,0.004066852161678206,0.003771972919896874,0.002742226512621994,0.7270005832112301,1.096094429292652,22.8,
0.0014,1.1,6.0,8,1,kmeans,0.7707717259626713,0.004066852161678206,0.003771972919896874,0.002742226512621994,0.7270005832112301,1.096094429292652,0.4,
0.0011,1.1,4.0,20,4,vae,0.7175548888451033,0.004444426361042669,0.0037564230459368273,0.0022118874321290635,0.5888280965908709,4.532080110513637,575.3,
0.0011,1.1,4.0,20,4,jump,0.721456313675541,0.004444426361042669,0.0037564230459368273,0.0022118874321290635,0.5888280965908709,4.532080110513637,23.0,
0.0011,1.1,4.0,20,4,kmeans,0.7202415522626671,0.004444426361042669,0.0037564230459368273,0.0022118874321290635,0.5888280965908709,4.532080110513637,0.3,
0.0016,0.8,2.0,20,3,vae,0.7288734134881284,0.007045065493220811,0.0038096566405775916,0.0031824046188250917,0.8353520852584235,14.30972175648812,613.5,
0.0016,0.8,2.0,20,3,jump,0.5041936420434974,0.007045065493220811,0.0038096566405775916,0.0031824046188250917,0.8353520852584235,14.30972175648812,24.6,
0.0016,0.8,2.0,20,3,kmeans,0.5035192384286363,0.007045065493220811,0.0038096566405775916,0.0031824046188250917,0.8353520852584235,14.30972175648812,0.4,
0.0005,1.1,6.0,12,0,vae,0.5867743026860281,0.003893035413391349,0.00349830293916608,0.001037060302679727,0.2964466830671159,1.9156669194525868,581.4,
0.0005,1.1,6.0,12,0,jump,0.5213976148503757,0.003893035413391349,0.00349830293916608,0.001037060302679727,0.2964466830671159,1.9156669194525868,23.1,
0.0005,1.1,6.0,12,0,kmeans,0.6184533813505995,0.003893035413391349,0.00349830293916608,0.001037060302679727,0.2964466830671159,1.9156669194525868,0.5,
0.0014,0.8,6.0,12,1,vae,0.8037333957815123,0.003370720461852583,0.003000732181838398,0.0028093263533816816,0.9362136249228841,3.004793904765018,564.5,
0.0014,0.8,6.0,12,1,jump,0.8046111480784934,0.003370720461852583,0.003000732181838398,0.0028093263533816816,0.9362136249228841,3.004793904765018,23.2,
0.0014,0.8,6.0,12,1,kmeans,0.8180471014909273,0.003370720461852583,0.003000732181838398,0.0028093263533816816,0.9362136249228841,3.004793904765018,0.1,
0.0008,1.6,2.75,12,4,vae,0.6252583563037857,0.004657034553437523,0.004238356738367707,0.0015380479857310745,0.3628878078638123,2.0886984006012046,603.3,
0.0008,1.6,2.75,12,4,jump,0.5029591830159414,0.004657034553437523,0.004238356738367707,0.0015380479857310745,0.3628878078638123,2.0886984006012046,24.6,
0.0008,1.6,2.75,12,4,kmeans,0.6395279231329035,0.004657034553437523,0.004238356738367707,0.0015380479857310745,0.3628878078638123,2.0886984006012046,1.1,
0.0014,1.1,4.0,20,3,vae,0.7685521079939861,0.00454033738422599,0.0038916740051474132,0.0027994188223918297,0.7193353859262398,4.919370408201689,587.1,
0.0014,1.1,4.0,20,3,jump,0.7795565115259286,0.00454033738422599,0.0038916740051474132,0.0027994188223918297,0.7193353859262398,4.919370408201689,24.5,
0.0014,1.1,4.0,20,3,kmeans,0.7731401135198016,0.00454033738422599,0.0038916740051474132,0.0027994188223918297,0.7193353859262398,4.919370408201689,0.2,
0.0008,0.8,6.0,12,0,vae,0.7208962993138858,0.0031703919377917113,0.0026679821015134727,0.0016119440243832057,0.6041809738786457,3.532721053017034,601.5,
0.0008,0.8,6.0,12,0,jump,0.7335194291845848,0.0031703919377917113,0.0026679821015134727,0.0016119440243832057,0.6041809738786457,3.532721053017034,23.3,
0.0008,0.8,6.0,12,0,kmeans,0.7284860306412393,0.0031703919377917113,0.0026679821015134727,0.0016119440243832057,0.6041809738786457,3.532721053017034,0.2,
0.0016,0.8,2.75,12,1,vae,0.7380258273285641,0.004993539462055266,0.0035187607993648674,0.003176363928908026,0.902693905616249,7.442507642188557,590.9,
0.0016,0.8,2.75,12,1,jump,0.7671240913730436,0.004993539462055266,0.0035187607993648674,0.003176363928908026,0.902693905616249,7.442507642188557,25.1,
0.0016,0.8,2.75,12,1,kmeans,0.781582791796785,0.004993539462055266,0.0035187607993648674,0.003176363928908026,0.902693905616249,7.442507642188557,0.2,
0.0008,1.1,6.0,20,0,vae,0.6795564776125202,0.003947604497173553,0.003562811268917042,0.0016370603026797268,0.4594855520307508,2.0378040484423714,595.6,
0.0008,1.1,6.0,20,0,jump,0.7075974164322127,0.003947604497173553,0.003562811268917042,0.0016370603026797268,0.4594855520307508,2.0378040484423714,24.6,
0.0008,1.1,6.0,20,0,kmeans,0.6855523500049254,0.003947604497173553,0.003562811268917042,0.0016370603026797268,0.4594855520307508,2.0378040484423714,0.5,
0.0012,1.1,2.75,12,2,vae,0.582985043139603,0.0050740336410604195,0.003914277422720282,0.002420615051877522,0.6184066151844908,5.17060385014466,594.3,
0.0012,1.1,2.75,12,2,jump,0.5052901368591233,0.0050740336410604195,0.003914277422720282,0.002420615051877522,0.6184066151844908,5.17060385014466,25.3,
0.0012,1.1,2.75,12,2,kmeans,0.704418905613625,0.0050740336410604195,0.003914277422720282,0.002420615051877522,0.6184066151844908,5.17060385014466,0.3,
0.001,1.1,4.0,12,0,vae,0.6977826961870865,0.004407357030479108,0.003722503880063306,0.001991020738914999,0.5348606215236877,3.6653155266198025,587.1,
0.001,1.1,4.0,12,0,jump,0.7139414144708605,0.004407357030479108,0.003722503880063306,0.001991020738914999,0.5348606215236877,3.6653155266198025,24.9,
0.001,1.1,4.0,12,0,kmeans,0.7094220486018556,0.004407357030479108,0.003722503880063306,0.001991020738914999,0.5348606215236877,3.6653155266198025,0.5,
0.0016,1.1,2.75,12,2,vae,0.73204545088401,0.005183757090983846,0.004127212058640925,0.0032206150518775223,0.7803367033527369,4.72864056915717,575.5,
0.0016,1.1,2.75,12,2,jump,0.7606101118773714,0.005183757090983846,0.004127212058640925,0.0032206150518775223,0.7803367033527369,4.72864056915717,22.5,
0.0016,1.1,2.75,12,2,kmeans,0.7562824512793487,0.005183757090983846,0.004127212058640925,0.0032206150518775223,0.7803367033527369,4.72864056915717,0.2,
0.0012,1.6,2.0,20,0,vae,0.7141387892122296,0.005115160858758245,0.0043775485640391324,0.0023864965350591134,0.5451673465518587,6.1242185980944,598.9,
0.0012,1.6,2.0,20,0,jump,0.500190792081909,0.005115160858758245,0.0043775485640391324,0.0023864965350591134,0.5451673465518587,6.1242185980944,26.2,
0.0012,1.6,2.0,20,0,kmeans,0.7208399765589295,0.005115160858758245,0.0043775485640391324,0.0023864965350591134,0.5451673465518587,6.1242185980944,0.3,
0.001,0.8,2.75,12,2,vae,0.5967496822004797,0.004787080276190856,0.003091943368033148,0.0020106086314068323,0.6502734339166839,8.094895064551494,580.8,
0.001,0.8,2.75,12,2,jump,0.5109863076875368,0.004787080276190856,0.003091943368033148,0.0020106086314068323,0.6502734339166839,8.094895064551494,23.3,
0.001,0.8,2.75,12,2,kmeans,0.5138187952571872,0.004787080276190856,0.003091943368033148,0.0020106086314068323,0.6502734339166839,8.094895064551494,0.4,
0.0011,1.1,4.0,12,2,vae,0.6812013377375505,0.004422187402274036,0.0037285939588293277,0.002197276820597133,0.5893043986175999,3.3955667294286025,572.7,
0.0011,1.1,4.0,12,2,jump,0.7279773760202363,0.004422187402274036,0.0037285939588293277,0.002197276820597133,0.5893043986175999,3.3955667294286025,24.5,
0.0011,1.1,4.0,12,2,kmeans,0.7215050730470636,0.004422187402274036,0.0037285939588293277,0.002197276820597133,0.5893043986175999,3.3955667294286025,0.2,
0.001,0.8,4.0,8,5,vae,0.706875516717802,0.00373432474798669,0.0029025038802093536,0.0020063773319980486,0.6912574159429999,4.008889866750481,563.3,
0.001,0.8,4.0,8,5,jump,0.732464655061449,0.00373432474798669,0.0029025038802093536,0.0020063773319980486,0.6912574159429999,4.008889866750481,24.6,
0.001,0.8,4.0,8,5,kmeans,0.735869789355245,0.00373432474798669,0.0029025038802093536,0.0020063773319980486,0.6912574159429999,4.008889866750481,0.2,
0.001,0.8,6.0,12,1,vae,0.7543500040135682,0.0032240618898792647,0.002751732562688589,0.002009326353381681,0.7302040832843372,3.630406394987527,612.5,
0.001,0.8,6.0,12,1,jump,0.7521137316847999,0.0032240618898792647,0.002751732562688589,0.002009326353381681,0.7302040832843372,3.630406394987527,26.9,
0.001,0.8,6.0,12,1,kmeans,0.7644137297508034,0.0032240618898792647,0.002751732562688589,0.002009326353381681,0.7302040832843372,3.630406394987527,0.3,
0.0012,0.8,2.75,8,0,vae,0.7165005533885745,0.0044552445286110956,0.003203170321013351,0.0024110770529808334,0.7527158444131901,4.157951523787581,584.8,
0.0012,0.8,2.75,8,0,jump,0.7513307051181748,0.0044552445286110956,0.003203170321013351,0.0024110770529808334,0.7527158444131901,4.157951523787581,24.0,
0.0012,0.8,2.75,8,0,kmeans,0.7475253827298767,0.0044552445286110956,0.003203170321013351,0.0024110770529808334,0.7527158444131901,4.157951523787581,0.4,
0.002,1.1,2.75,8,2,vae,0.7827744664879648,0.005053601073584734,0.004366923547215683,0.00402175353985773,0.9209580832762618,2.037729810824138,602.8,
0.002,1.1,2.75,8,2,jump,0.7929344359216894,0.005053601073584734,0.004366923547215683,0.00402175353985773,0.9209580832762618,2.037729810824138,23.1,
0.002,1.1,2.75,8,2,kmeans,0.8038759276192411,0.005053601073584734,0.004366923547215683,0.00402175353985773,0.9209580832762618,2.037729810824138,0.4,
0.002,0.8,6.0,20,4,vae,0.8584122405445526,0.0036357622698083144,0.0035158286834994393,0.003988005864381149,1.1343003949816275,1.7104510790211238,592.2,
0.002,0.8,6.0,20,4,jump,0.8410000132477584,0.0036357622698083144,0.0035158286834994393,0.003988005864381149,1.1343003949816275,1.7104510790211238,24.8,
0.002,0.8,6.0,20,4,kmeans,0.8641535428808528,0.0036357622698083144,0.0035158286834994393,0.003988005864381149,1.1343003949816275,1.7104510790211238,0.3,
0.0005,1.6,2.75,12,2,vae,0.563536118512858,0.004608686924484673,0.00416264241997129,0.001018351437414506,0.24464062359253275,2.3448448615414916,597.9,
0.0005,1.6,2.75,12,2,jump,0.5000950821003636,0.004608686924484673,0.00416264241997129,0.001018351437414506,0.24464062359253275,2.3448448615414916,25.1,
0.0005,1.6,2.75,12,2,kmeans,0.6022335133383097,0.004608686924484673,0.00416264241997129,0.001018351437414506,0.24464062359253275,2.3448448615414916,0.6,
0.0011,1.6,6.0,20,5,vae,0.6948095356568104,0.004367513128636207,0.004264718745619235,0.002192314014584738,0.5140582873927398,0.4395430055948526,582.8,
0.0011,1.6,6.0,20,5,jump,0.725231206201062,0.004367513128636207,0.004264718745619235,0.002192314014584738,0.5140582873927398,0.4395430055948526,24.0,
0.0011,1.6,6.0,20,5,kmeans,0.7108510818493807,0.004367513128636207,0.004264718745619235,0.002192314014584738,0.5140582873927398,0.4395430055948526,0.2,
0.0005,1.1,2.75,20,4,vae,0.5787919737314962,0.005124353677828113,0.003688957867456091,0.001023154315895869,0.2773559234498488,10.005221720607281,576.0,
0.0005,1.1,2.75,20,4,jump,0.502023905279888,0.005124353677828113,0.003688957867456091,0.001023154315895869,0.2773559234498488,10.005221720607281,23.8,
0.0005,1.1,2.75,20,4,kmeans,0.5147565420212693,0.005124353677828113,0.003688957867456091,0.001023154315895869,0.2773559234498488,10.005221720607281,0.2,
0.002,1.6,2.75,12,2,vae,0.7969691400483037,0.0050073140299501905,0.00467453177200946,0.0040183514374145055,0.859626510932264,1.6912880011186235,579.4,
0.002,1.6,2.75,12,2,jump,0.8000516231403552,0.0050073140299501905,0.00467453177200946,0.0040183514374145055,0.859626510932264,1.6912880011186235,23.5,
0.002,1.6,2.75,12,2,kmeans,0.8170222780221215,0.0050073140299501905,0.00467453177200946,0.0040183514374145055,0.859626510932264,1.6912880011186235,0.3,
0.0016,1.1,6.0,8,5,vae,0.7999843023453145,0.004157000270743462,0.003905062317271157,0.0032211136612574935,0.8248558920586946,1.0229791128762162,600.4,
0.0016,1.1,6.0,8,5,jump,0.8077361500417217,0.004157000270743462,0.003905062317271157,0.0032211136612574935,0.8248558920586946,1.0229791128762162,25.0,
0.0016,1.1,6.0,8,5,kmeans,0.8116354682784099,0.004157000270743462,0.003905062317271157,0.0032211136612574935,0.8248558920586946,1.0229791128762162,0.2,
0.002,1.6,2.75,20,1,vae,0.7902700682634756,0.005054293353627664,0.004714836593952745,0.003976521100507609,0.8434059211315829,2.9256295328573065,577.9,
0.002,1.6,2.75,20,1,jump,0.7932171068429851,0.005054293353627664,0.004714836593952745,0.003976521100507609,0.8434059211315829,2.9256295328573065,22.7,
0.002,1.6,2.75,20,1,kmeans,0.8088277758646253,0.005054293353627664,0.004714836593952745,0.003976521100507609,0.8434059211315829,2.9256295328573065,0.4,
0.0005,1.1,4.0,12,0,vae,0.5594663199879383,0.004320507195496335,0.003573218873842343,0.000991020738914999,0.2773467772068879,3.952630324159183,578.2,
0.0005,1.1,4.0,12,0,jump,0.5047524050191518,0.004320507195496335,0.003573218873842343,0.000991020738914999,0.2773467772068879,3.952630324159183,23.5,
0.0005,1.1,4.0,12,0,kmeans,0.5024649308567155,0.004320507195496335,0.003573218873842343,0.000991020738914999,0.2773467772068879,3.952630324159183,0.2,
0.0012,1.6,2.75,12,5,vae,0.7244220685490403,0.0047079623149521976,0.004344945373915098,0.002463925211698565,0.5670785245059127,1.9132397301328972,566.1,
0.0012,1.6,2.75,12,5,jump,0.7521840632862835,0.0047079623149521976,0.004344945373915098,0.002463925211698565,0.5670785245059127,1.9132397301328972,24.2,
0.0012,1.6,2.75,12,5,kmeans,0.736573622240623,0.0047079623149521976,0.004344945373915098,0.002463925211698565,0.5670785245059127,1.9132397301328972,0.3,
0.0014,1.6,2.75,8,1,vae,0.7399137751692069,0.004738857397873172,0.004426496607575241,0.002775516590574719,0.6270233181303847,1.0943978756902046,612.6,
0.0014,1.6,2.75,8,1,jump,0.751506008531136,0.004738857397873172,0.004426496607575241,0.002775516590574719,0.6270233181303847,1.0943978756902046,25.9,
0.0014,1.6,2.75,8,1,kmeans,0.7484082322780106,0.004738857397873172,0.004426496607575241,0.002775516590574719,0.6270233181303847,1.0943978756902046,0.2,
0.0012,1.6,2.0,20,4,vae,0.7153665672764598,0.0051393380657968335,0.004394435723402798,0.002403778856056883,0.5470051236056162,7.269879583023721,586.6,
0.0012,1.6,2.0,20,4,jump,0.5021628566553716,0.0051393380657968335,0.004394435723402798,0.002403778856056883,0.5470051236056162,7.269879583023721,22.8,
0.0012,1.6,2.0,20,4,kmeans,0.7162856055020062,0.0051393380657968335,0.004394435723402798,0.002403778856056883,0.5470051236056162,7.269879583023721,0.3,
0.001,1.6,4.0,12,4,vae,0.7008943117447302,0.00448688479118039,0.004233954072221884,0.0020298851531471897,0.47943013044587696,0.882202935254135,591.1,
0.001,1.6,4.0,12,4,jump,0.7125391514286427,0.00448688479118039,0.004233954072221884,0.0020298851531471897,0.47943013044587696,0.882202935254135,25.8,
0.001,1.6,4.0,12,4,kmeans,0.7006151482554244,0.00448688479118039,0.004233954072221884,0.0020298851531471897,0.47943013044587696,0.882202935254135,0.5,
0.001,0.8,2.75,20,2,vae,0.5903886916861993,0.005136035466433433,0.0030990166227243495,0.0020100598029834118,0.6486121398136825,16.36964965558839,611.4,
0.001,0.8,2.75,20,2,jump,0.506297429110209,0.005136035466433433,0.0030990166227243495,0.0020100598029834118,0.6486121398136825,16.36964965558839,24.8,
0.001,0.8,2.75,20,2,kmeans,0.5168969132528137,0.005136035466433433,0.0030990166227243495,0.0020100598029834118,0.6486121398136825,16.36964965558839,0.3,
0.001,0.8,4.0,8,0,vae,0.7208221543585824,0.0037433058518761293,0.002897404583690225,0.001997549136771629,0.6894270644893811,4.145804586655532,577.2,
0.001,0.8,4.0,8,0,jump,0.7507530417363919,0.0037433058518761293,0.002897404583690225,0.001997549136771629,0.6894270644893811,4.145804586655532,23.7,
0.001,0.8,4.0,8,0,kmeans,0.7289404842450398,0.0037433058518761293,0.002897404583690225,0.001997549136771629,0.6894270644893811,4.145804586655532,0.2,
0.0012,1.1,6.0,8,2,vae,0.7262640681732659,0.004024684535397879,0.0036747141889336174,0.002379575209937464,0.6475538198599343,1.329553098930984,617.7,
0.0012,1.1,6.0,8,2,jump,0.739182268536312,0.004024684535397879,0.0036747141889336174,0.002379575209937464,0.6475538198599343,1.329553098930984,24.3,
0.0012,1.1,6.0,8,2,kmeans,0.749226310409197,0.004024684535397879,0.0036747141889336174,0.002379575209937464,0.6475538198599343,1.329553098930984,0.2,
0.0005,1.6,2.0,20,3,vae,0.613485542682807,0.005001869802387483,0.004226660757184588,0.000999144971242877,0.2363910965753531,7.129667647885249,586.5,
0.0005,1.6,2.0,20,3,jump,0.5032035373422962,0.005001869802387483,0.004226660757184588,0.000999144971242877,0.2363910965753531,7.129667647885249,23.2,
0.0005,1.6,2.0,20,3,kmeans,0.6149439765514557,0.005001869802387483,0.004226660757184588,0.000999144971242877,0.2363910965753531,7.129667647885249,0.2,
0.0005,1.1,4.0,20,4,vae,0.6054154455015035,0.004334210177874898,0.0035850208588555418,0.0010118874321290634,0.282254266283988,4.99129433336372,591.9,
0.0005,1.1,4.0,20,4,jump,0.5026872137398546,0.004334210177874898,0.0035850208588555418,0.0010118874321290634,0.282254266283988,4.99129433336372,23.2,
0.0005,1.1,4.0,20,4,kmeans,0.5065830553005062,0.004334210177874898,0.0035850208588555418,0.0010118874321290634,0.282254266283988,4.99129433336372,0.3,
0.0012,1.6,4.0,8,4,vae,0.7303769179382213,0.004525919817214716,0.0043006679467857195,0.0024303374817213393,0.5651069814719715,0.681485359387263,588.7,
0.0012,1.6,4.0,8,4,jump,0.7303230163713077,0.004525919817214716,0.0043006679467857195,0.0024303374817213393,0.5651069814719715,0.681485359387263,25.8,
0.0012,1.6,4.0,8,4,kmeans,0.731172543888603,0.004525919817214716,0.0043006679467857195,0.0024303374817213393,0.5651069814719715,0.681485359387263,0.6,
0.001,1.1,4.0,20,5,vae,0.6853778948204303,0.004401526356574621,0.0037333968752877623,0.002014802538858583,0.5396700662056687,4.57777825318465,579.6,
0.001,1.1,4.0,20,5,jump,0.6985850177293043,0.004401526356574621,0.0037333968752877623,0.002014802538858583,0.5396700662056687,4.57777825318465,23.4,
0.001,1.1,4.0,20,5,kmeans,0.7046389011097385,0.004401526356574621,0.0037333968752877623,0.002014802538858583,0.5396700662056687,4.57777825318465,0.2,
0.0008,1.1,4.0,12,2,vae,0.6157184712210293,0.004356961411685496,0.0036304618628457282,0.0015972768205971331,0.4399651837535381,3.6100761505159342,620.9,
0.0008,1.1,4.0,12,2,jump,0.5085886047222783,0.004356961411685496,0.0036304618628457282,0.0015972768205971331,0.4399651837535381,3.6100761505159342,24.5,
0.0008,1.1,4.0,12,2,kmeans,0.6706372643771701,0.004356961411685496,0.0036304618628457282,0.0015972768205971331,0.4399651837535381,3.6100761505159342,0.5,
0.001,0.8,2.75,12,5,vae,0.5449598120828234,0.004777696999026047,0.0031097886683295974,0.002005043021683788,0.6447521794980312,8.173884000033842,576.3,
0.001,0.8,2.75,12,5,jump,0.5038306760189787,0.004777696999026047,0.0031097886683295974,0.002005043021683788,0.6447521794980312,8.173884000033842,22.4,
0.001,0.8,2.75,12,5,kmeans,0.508367386277256,0.004777696999026047,0.0031097886683295974,0.002005043021683788,0.6447521794980312,8.173884000033842,0.2,
0.0011,1.1,6.0,8,5,vae,0.7349442200931261,0.003990334122599829,0.003668459344430923,0.0022211136612574935,0.6054622534196432,1.2453709411164136,588.6,
0.0011,1.1,6.0,8,5,jump,0.7532207408844735,0.003990334122599829,0.003668459344430923,0.0022211136612574935,0.6054622534196432,1.2453709411164136,24.7,
0.0011,1.1,6.0,8,5,kmeans,0.7482518848392515,0.003990334122599829,0.003668459344430923,0.0022211136612574935,0.6054622534196432,1.2453709411164136,0.4,
0.0014,1.6,2.75,12,3,vae,0.7467226271585893,0.004796196034940433,0.004427649367159538,0.0028431632665130648,0.6421383065247179,1.9632489593411897,605.9,
0.0014,1.6,2.75,12,3,jump,0.7706097480323786,0.004796196034940433,0.004427649367159538,0.0028431632665130648,0.6421383065247179,1.9632489593411897,25.5,
0.0014,1.6,2.75,12,3,kmeans,0.7514675669183155,0.004796196034940433,0.004427649367159538,0.0028431632665130648,0.6421383065247179,1.9632489593411897,0.4,
0.001,1.1,4.0,20,0,vae,0.707548941847996,0.0044510936824299265,0.0037237585538197004,0.0019915334172307684,0.5348180845903459,5.527857892653477,582.3,
0.001,1.1,4.0,20,0,jump,0.5044892637074304,0.0044510936824299265,0.0037237585538197004,0.0019915334172307684,0.5348180845903459,5.527857892653477,23.6,
0.001,1.1,4.0,20,0,kmeans,0.7099219955854366,0.0044510936824299265,0.0037237585538197004,0.0019915334172307684,0.5348180845903459,5.527857892653477,0.5,
0.0012,0.8,2.0,12,0,vae,0.5114748759646385,0.005982572241331206,0.0034581554611573407,0.00240983000023907,0.6968541545649808,7.249474316217652,597.2,
0.0012,0.8,2.0,12,0,jump,0.5239006360959891,0.005982572241331206,0.0034581554611573407,0.00240983000023907,0.6968541545649808,7.249474316217652,24.4,
0.0012,0.8,2.0,12,0,kmeans,0.5034811714280687,0.005982572241331206,0.0034581554611573407,0.00240983000023907,0.6968541545649808,7.249474316217652,0.5,
0.0011,0.8,4.0,20,3,vae,0.7575408346461758,0.0038793565523241092,0.0029566129103000566,0.002182913049289521,0.7383154695986174,8.946424221440385,577.0,
0.0011,0.8,4.0,20,3,jump,0.5009518900986486,0.0038793565523241092,0.0029566129103000566,0.002182913049289521,0.7383154695986174,8.946424221440385,22.7,
0.0011,0.8,4.0,20,3,kmeans,0.7617241419229452,0.0038793565523241092,0.0029566129103000566,0.002182913049289521,0.7383154695986174,8.946424221440385,0.2,
0.0014,0.8,2.75,20,1,vae,0.5710168542748393,0.0052852675022442685,0.003371757238911473,0.002776907982521189,0.8235788598522226,15.698303547979094,605.7,
0.0014,0.8,2.75,20,1,jump,0.5016299949200824,0.0052852675022442685,0.003371757238911473,0.002776907982521189,0.8235788598522226,15.698303547979094,24.6,
0.0014,0.8,2.75,20,1,kmeans,0.7496559452120083,0.0052852675022442685,0.003371757238911473,0.002776907982521189,0.8235788598522226,15.698303547979094,0.1,
0.0016,1.6,4.0,12,1,vae,0.770312829497912,0.004637524808578126,0.004438028625532818,0.003172014756508718,0.7147350826579885,0.9448190781837416,574.2,
0.0016,1.6,4.0,12,1,jump,0.7810978369043784,0.004637524808578126,0.004438028625532818,0.003172014756508718,0.7147350826579885,0.9448190781837416,23.2,
0.0016,1.6,4.0,12,1,kmeans,0.7762119242424429,0.004637524808578126,0.004438028625532818,0.003172014756508718,0.7147350826579885,0.9448190781837416,0.2,
0.002,1.6,2.0,20,3,vae,0.809348880053776,0.005360148036278842,0.004775794439897871,0.003999144971242877,0.8373779528350885,5.354210555012047,584.0,
0.002,1.6,2.0,20,3,jump,0.8145153921729524,0.005360148036278842,0.004775794439897871,0.003999144971242877,0.8373779528350885,5.354210555012047,22.9,
0.002,1.6,2.0,20,3,kmeans,0.8194217125197166,0.005360148036278842,0.004775794439897871,0.003999144971242877,0.8373779528350885,5.354210555012047,0.2,
0.0016,1.6,2.0,8,4,vae,0.7533517329088608,0.00495957117563375,0.004535480749322358,0.00320260818947459,0.7061232020338943,1.326353004801577,579.8,
0.0016,1.6,2.0,8,4,jump,0.7741343140196625,0.00495957117563375,0.004535480749322358,0.00320260818947459,0.7061232020338943,1.326353004801577,23.2,
0.0016,1.6,2.0,8,4,kmeans,0.7629903176496283,0.00495957117563375,0.004535480749322358,0.00320260818947459,0.7061232020338943,1.326353004801577,0.2,
0.0016,1.1,6.0,8,0,vae,0.792502108776967,0.004164013664968515,0.0038877517742535945,0.003236564794164872,0.8325029431145348,1.1014962459420659,570.3,
0.0016,1.1,6.0,8,0,jump,0.8049344965859657,0.004164013664968515,0.0038877517742535945,0.003236564794164872,0.8325029431145348,1.1014962459420659,25.1,
0.0016,1.1,6.0,8,0,kmeans,0.8012732273966006,0.004164013664968515,0.0038877517742535945,0.003236564794164872,0.8325029431145348,1.1014962459420659,0.1,
0.0008,0.8,2.75,8,1,vae,0.5292867411648549,0.004389509507217663,0.00297940243559499,0.0015759105899573118,0.5289351217310798,4.626136925831725,570.9,
0.0008,0.8,2.75,8,1,jump,0.5293852819419319,0.004389509507217663,0.00297940243559499,0.0015759105899573118,0.5289351217310798,4.626136925831725,24.6,
0.0008,0.8,2.75,8,1,kmeans,0.5047684921563232,0.004389509507217663,0.00297940243559499,0.0015759105899573118,0.5289351217310798,4.626136925831725,0.3,
0.0016,1.1,2.0,20,5,vae,0.5564079331351954,0.006476916035893022,0.0042982290100766225,0.003184347243708591,0.7408509961296421,12.01997329825981,598.9,
0.0016,1.1,2.0,20,5,jump,0.503710722242608,0.006476916035893022,0.0042982290100766225,0.003184347243708591,0.7408509961296421,12.01997329825981,25.9,
0.0016,1.1,2.0,20,5,kmeans,0.500145329383384,0.006476916035893022,0.0042982290100766225,0.003184347243708591,0.7408509961296421,12.01997329825981,0.4,
0.0012,1.1,4.0,8,2,vae,0.7138862997483615,0.004367539245095581,0.0037635646248135946,0.0023991636202184666,0.6374710837700295,2.0750941058559533,579.9,
0.0012,1.1,4.0,8,2,jump,0.7492718464150874,0.004367539245095581,0.0037635646248135946,0.0023991636202184666,0.6374710837700295,2.0750941058559533,25.0,
0.0012,1.1,4.0,8,2,kmeans,0.7464422289088366,0.004367539245095581,0.0037635646248135946,0.0023991636202184666,0.6374710837700295,2.0750941058559533,0.3,
0.001,1.6,6.0,8,1,vae,0.6673975532852323,0.004320036125898748,0.004202264077507453,0.0019694834875571324,0.46867199472273985,0.40526722771091217,612.9,
0.001,1.6,6.0,8,1,jump,0.6888161100533494,0.004320036125898748,0.004202264077507453,0.0019694834875571324,0.46867199472273985,0.40526722771091217,25.5,
0.001,1.6,6.0,8,1,kmeans,0.6935692192830043,0.004320036125898748,0.004202264077507453,0.0019694834875571324,0.46867199472273985,0.40526722771091217,0.5,
0.001,1.6,4.0,20,3,vae,0.697784322150862,0.004455565518225949,0.004218527237593913,0.0019709495300172853,0.46721270694969835,1.0578436432171916,591.5,
0.001,1.6,4.0,20,3,jump,0.7297543922658452,0.004455565518225949,0.004218527237593913,0.0019709495300172853,0.46721270694969835,1.0578436432171916,23.6,
0.001,1.6,4.0,20,3,kmeans,0.6999709565014876,0.004455565518225949,0.004218527237593913,0.0019709495300172853,0.46721270694969835,1.0578436432171916,0.7,
0.0016,1.1,4.0,12,0,vae,0.7771330895395049,0.004581947317922427,0.003992489441680687,0.0031910207389149996,0.7992558992395734,3.1329080642312706,596.1,
0.0016,1.1,4.0,12,0,jump,0.7941899656880376,0.004581947317922427,0.003992489441680687,0.0031910207389149996,0.7992558992395734,3.1329080642312706,24.3,
0.0016,1.1,4.0,12,0,kmeans,0.7895672430618694,0.004581947317922427,0.003992489441680687,0.0031910207389149996,0.7992558992395734,3.1329080642312706,0.4,
0.0016,1.6,6.0,12,0,vae,0.7773138075513888,0.0045323713169945915,0.0044215192047739596,0.0031695291264527367,0.7168416509489688,0.3971549622428179,591.3,
0.0016,1.6,6.0,12,0,jump,0.8004397106474987,0.0045323713169945915,0.0044215192047739596,0.0031695291264527367,0.7168416509489688,0.3971549622428179,25.2,
0.0016,1.6,6.0,12,0,kmeans,0.7854017401570408,0.0045323713169945915,0.0044215192047739596,0.0031695291264527367,0.7168416509489688,0.3971549622428179,0.2,
0.0016,1.6,4.0,8,3,vae,0.7837962294044222,0.004606362589229119,0.004420097689269332,0.003171313205866265,0.7174758181397799,0.557375378011626,560.7,
0.0016,1.6,4.0,8,3,jump,0.800402437018109,0.004606362589229119,0.004420097689269332,0.003171313205866265,0.7174758181397799,0.557375378011626,23.7,
0.0016,1.6,4.0,8,3,kmeans,0.7863734518429313,0.004606362589229119,0.004420097689269332,0.003171313205866265,0.7174758181397799,0.557375378011626,0.3,
0.002,1.1,2.0,12,0,vae,0.7673152980535667,0.006010906228350082,0.004559314284458358,0.003980327065986767,0.8730100224840337,4.985558365119819,567.3,
0.002,1.1,2.0,12,0,jump,0.7928542460439443,0.006010906228350082,0.004559314284458358,0.003980327065986767,0.8730100224840337,4.985558365119819,23.4,
0.002,1.1,2.0,12,0,kmeans,0.7788179252299721,0.006010906228350082,0.004559314284458358,0.003980327065986767,0.8730100224840337,4.985558365119819,0.2,
0.0012,1.6,4.0,8,3,vae,0.7326282585609623,0.004484349914219086,0.004270321912574788,0.0023713132058662645,0.5553008073895962,0.6373701750742082,612.4,
0.0012,1.6,4.0,8,3,jump,0.760405067176184,0.004484349914219086,0.004270321912574788,0.0023713132058662645,0.5553008073895962,0.6373701750742082,26.5,
0.0012,1.6,4.0,8,3,kmeans,0.7312593025418439,0.004484349914219086,0.004270321912574788,0.0023713132058662645,0.5553008073895962,0.6373701750742082,0.3,
0.0008,0.8,6.0,12,3,vae,0.7272053901496615,0.0031863145792294695,0.0026723782105081344,0.0016000513905810045,0.5987368794916067,3.7139260268949528,575.8,
0.0008,0.8,6.0,12,3,jump,0.749846380502317,0.0031863145792294695,0.0026723782105081344,0.0016000513905810045,0.5987368794916067,3.7139260268949528,25.2,
0.0008,0.8,6.0,12,3,kmeans,0.734141771128259,0.0031863145792294695,0.0026723782105081344,0.0016000513905810045,0.5987368794916067,3.7139260268949528,0.3,
0.002,0.8,6.0,12,3,vae,0.8650687147824296,0.0036780588355446943,0.003529769095584186,0.004000051390581004,1.1332331612243847,1.9940097552136278,570.3,
0.002,0.8,6.0,12,3,jump,0.8463037726825597,0.0036780588355446943,0.003529769095584186,0.004000051390581004,1.1332331612243847,1.9940097552136278,25.3,
0.002,0.8,6.0,12,3,kmeans,0.8725811688773387,0.0036780588355446943,0.003529769095584186,0.004000051390581004,1.1332331612243847,1.9940097552136278,0.2,
0.0005,0.8,4.0,12,0,vae,0.5624843943201493,0.0037606910780774074,0.0026995375945737875,0.0009984673908445168,0.3698660810842156,7.659284023411248,589.8,
0.0005,0.8,4.0,12,0,jump,0.502890352731407,0.0037606910780774074,0.0026995375945737875,0.0009984673908445168,0.3698660810842156,7.659284023411248,22.4,
0.0005,0.8,4.0,12,0,kmeans,0.5116963204304171,0.0037606910780774074,0.0026995375945737875,0.0009984673908445168,0.3698660810842156,7.659284023411248,0.5,
0.0014,0.8,4.0,12,0,vae,0.7605409761597783,0.003979968417422945,0.003161046387306271,0.0027984673908445167,0.8852977931871696,6.099633555986294,601.5,
0.0014,0.8,4.0,12,0,jump,0.7864968876075624,0.003979968417422945,0.003161046387306271,0.0027984673908445167,0.8852977931871696,6.099633555986294,24.8,
0.0014,0.8,4.0,12,0,kmeans,0.7888845572499745,0.003979968417422945,0.003161046387306271,0.0027984673908445167,0.8852977931871696,6.099633555986294,0.3,
0.0012,1.1,6.0,20,0,vae,0.7472984160330616,0.004048311584095921,0.0036887295328819907,0.0024370603026797263,0.6606774177817424,1.8316723614257562,587.1,
0.0012,1.1,6.0,20,0,jump,0.771805277049981,0.004048311584095921,0.0036887295328819907,0.0024370603026797263,0.6606774177817424,1.8316723614257562,23.2,
0.0012,1.1,6.0,20,0,kmeans,0.7529461627792244,0.004048311584095921,0.0036887295328819907,0.0024370603026797263,0.6606774177817424,1.8316723614257562,0.3,
0.0005,0.8,4.0,12,5,vae,0.547005029973635,0.00376043333026343,0.002696719615186731,0.0010037741171424154,0.37222042346916745,7.644291630764263,608.9,
0.0005,0.8,4.0,12,5,jump,0.5026527115236955,0.00376043333026343,0.002696719615186731,0.0010037741171424154,0.37222042346916745,7.644291630764263,26.3,
0.0005,0.8,4.0,12,5,kmeans,0.5027494510223568,0.00376043333026343,0.002696719615186731,0.0010037741171424154,0.37222042346916745,7.644291630764263,0.8,
0.0016,0.8,2.75,8,1,vae,0.7713108337595279,0.00459994882866924,0.003499716631391572,0.003175910589957312,0.9074764972312895,3.811461404754211,582.3,
0.0016,0.8,2.75,8,1,jump,0.7745798982757826,0.00459994882866924,0.003499716631391572,0.003175910589957312,0.9074764972312895,3.811461404754211,25.3,
0.0016,0.8,2.75,8,1,kmeans,0.7905804982249303,0.00459994882866924,0.003499716631391572,0.003175910589957312,0.9074764972312895,3.811461404754211,0.2,
0.0016,1.1,2.75,8,5,vae,0.7455928894507278,0.004918671528518788,0.004115346753688757,0.003178442406169199,0.7723389051773654,2.2956077676005044,575.9,
0.0016,1.1,2.75,8,5,jump,0.7774463205850126,0.004918671528518788,0.004115346753688757,0.003178442406169199,0.7723389051773654,2.2956077676005044,24.4,
0.0016,1.1,2.75,8,5,kmeans,0.7730587820733263,0.004918671528518788,0.004115346753688757,0.003178442406169199,0.7723389051773654,2.2956077676005044,0.2,
0.0016,0.8,2.75,12,0,vae,0.7748432244110943,0.0049844540602967495,0.0035238332377166585,0.003212780945765291,0.911728997665928,7.575856440573055,562.0,
0.0016,0.8,2.75,12,0,jump,0.7801935860106841,0.0049844540602967495,0.0035238332377166585,0.003212780945765291,0.911728997665928,7.575856440573055,23.4,
0.0016,0.8,2.75,12,0,kmeans,0.7914755540385872,0.0049844540602967495,0.0035238332377166585,0.003212780945765291,0.911728997665928,7.575856440573055,0.2,
0.0016,0.8,2.75,12,3,vae,0.7891299704670021,0.004953681970642751,0.0035178338220509925,0.0032179065173672545,0.9147409116361067,7.211281486516489,593.9,
0.0016,0.8,2.75,12,3,jump,0.790669640409002,0.004953681970642751,0.0035178338220509925,0.0032179065173672545,0.9147409116361067,7.211281486516489,25.2,
0.0016,0.8,2.75,12,3,kmeans,0.7985031632597921,0.004953681970642751,0.0035178338220509925,0.0032179065173672545,0.9147409116361067,7.211281486516489,0.2,
0.0016,1.1,2.0,20,0,vae,0.5814983911650146,0.006468946819630104,0.004303677127131563,0.0031800395277817263,0.7389121985322467,11.96691787705863,551.5,
0.0016,1.1,2.0,20,0,jump,0.5052822690895349,0.006468946819630104,0.004303677127131563,0.0031800395277817263,0.7389121985322467,11.96691787705863,23.0,
0.0016,1.1,2.0,20,0,kmeans,0.5175728496069697,0.006468946819630104,0.004303677127131563,0.0031800395277817263,0.7389121985322467,11.96691787705863,0.2,
0.0016,1.1,2.0,20,3,vae,0.7491085362409224,0.006414013128431003,0.004318169819144104,0.003239995120361161,0.7503167443755961,12.056203600592708,581.8,
0.0016,1.1,2.0,20,3,jump,0.5080396473697478,0.006414013128431003,0.004318169819144104,0.003239995120361161,0.7503167443755961,12.056203600592708,22.4,
0.0016,1.1,2.0,20,3,kmeans,0.7534246733102126,0.006414013128431003,0.004318169819144104,0.003239995120361161,0.7503167443755961,12.056203600592708,0.2,
0.001,0.8,6.0,20,4,vae,0.7602007839871342,0.0031991543016712705,0.0027535131203753494,0.0019880058643811493,0.721988883826401,3.2284142661268813,609.5,
0.001,0.8,6.0,20,4,jump,0.7604459675764514,0.0031991543016712705,0.0027535131203753494,0.0019880058643811493,0.721988883826401,3.2284142661268813,25.1,
0.001,0.8,6.0,20,4,kmeans,0.7672412071405499,0.0031991543016712705,0.0027535131203753494,0.0019880058643811493,0.721988883826401,3.2284142661268813,0.3,
0.0016,0.8,4.0,12,5,vae,0.7572096342134267,0.00405462514650545,0.0033307884566470256,0.0032037741171424155,0.9618665846967446,5.4861827224192545,578.1,
0.0016,0.8,4.0,12,5,jump,0.796794820686515,0.00405462514650545,0.0033307884566470256,0.0032037741171424155,0.9618665846967446,5.4861827224192545,24.5,
0.0016,0.8,4.0,12,5,kmeans,0.8203556715522315,0.00405462514650545,0.0033307884566470256,0.0032037741171424155,0.9618665846967446,5.4861827224192545,0.3,
0.0012,1.1,4.0,20,5,vae,0.716787372905832,0.004450682847355353,0.0038045833838716127,0.002414802538858583,0.6347087959999542,4.371077701576065,578.3,
0.0012,1.1,4.0,20,5,jump,0.7394604377476323,0.004450682847355353,0.0038045833838716127,0.002414802538858583,0.6347087959999542,4.371077701576065,23.9,
0.0012,1.1,4.0,20,5,kmeans,0.7363286715861723,0.004450682847355353,0.0038045833838716127,0.002414802538858583,0.6347087959999542,4.371077701576065,0.2,
0.0012,0.8,2.0,12,4,vae,0.6857475011665832,0.0059714703181791146,0.003454216917375694,0.0024262789498870605,0.7024107078169257,7.347400497213899,605.3,
0.0012,0.8,2.0,12,4,jump,0.6791824764254939,0.0059714703181791146,0.003454216917375694,0.0024262789498870605,0.7024107078169257,7.347400497213899,26.0,
0.0012,0.8,2.0,12,4,kmeans,0.5000806472302439,0.0059714703181791146,0.003454216917375694,0.0024262789498870605,0.7024107078169257,7.347400497213899,0.3,
0.0005,1.1,2.0,12,4,vae,0.5241484522996047,0.005676600808243285,0.0038342476260745406,0.0010616562731325823,0.27688776956210676,6.038463058434557,575.6,
0.0005,1.1,2.0,12,4,jump,0.5054723748416022,0.005676600808243285,0.0038342476260745406,0.0010616562731325823,0.27688776956210676,6.038463058434557,24.9,
0.0005,1.1,2.0,12,4,kmeans,0.5001177489585,0.005676600808243285,0.0038342476260745406,0.0010616562731325823,0.27688776956210676,6.038463058434557,0.3,
0.002,1.1,4.0,8,0,vae,0.8236156789704608,0.004647683075050192,0.004248617647401816,0.0039897258992465014,0.9390644746971674,1.5600744092445273,614.2,
0.002,1.1,4.0,8,0,jump,0.8246985264516717,0.004647683075050192,0.004248617647401816,0.0039897258992465014,0.9390644746971674,1.5600744092445273,23.5,
0.002,1.1,4.0,8,0,kmeans,0.8319195338108549,0.004647683075050192,0.004248617647401816,0.0039897258992465014,0.9390644746971674,1.5600744092445273,0.4,
0.0008,0.8,4.0,20,1,vae,0.5554210028885784,0.003900836272948464,0.002787590189681489,0.0015666375097897697,0.5620042413654692,13.237304724142593,590.5,
0.0008,0.8,4.0,20,1,jump,0.5012205789521282,0.003900836272948464,0.002787590189681489,0.0015666375097897697,0.5620042413654692,13.237304724142593,23.7,
0.0008,0.8,4.0,20,1,kmeans,0.695340261883546,0.003900836272948464,0.002787590189681489,0.0015666375097897697,0.5620042413654692,13.237304724142593,0.5,
0.0011,0.8,2.0,8,2,vae,0.5106704957112502,0.005152054405112792,0.0033505121719110613,0.00220020083324347,0.6566759708228495,3.882515992472995,572.7,
0.0011,0.8,2.0,8,2,jump,0.7002187328318082,0.005152054405112792,0.0033505121719110613,0.00220020083324347,0.6566759708228495,3.882515992472995,24.1,
0.0011,0.8,2.0,8,2,kmeans,0.5107981735316534,0.005152054405112792,0.0033505121719110613,0.00220020083324347,0.6566759708228495,3.882515992472995,0.3,
0.0011,0.8,2.0,12,1,vae,0.5168386367811469,0.005920392969440327,0.00339311964149784,0.0021644079931346736,0.6378814253007681,7.333558114720601,557.4,
0.0011,0.8,2.0,12,1,jump,0.5158944452486922,0.005920392969440327,0.00339311964149784,0.0021644079931346736,0.6378814253007681,7.333558114720601,25.9,
0.0011,0.8,2.0,12,1,kmeans,0.5048260518162404,0.005920392969440327,0.00339311964149784,0.0021644079931346736,0.6378814253007681,7.333558114720601,0.5,
0.0012,0.8,2.0,8,0,vae,0.6991639092109603,0.005187295460506832,0.003411209935911968,0.0024131220829978536,0.7074094319418424,3.743735480967393,587.5,
0.0012,0.8,2.0,8,0,jump,0.7096083488690266,0.005187295460506832,0.003411209935911968,0.0024131220829978536,0.7074094319418424,3.743735480967393,23.3,
0.0012,0.8,2.0,8,0,kmeans,0.50869858931707,0.005187295460506832,0.003411209935911968,0.0024131220829978536,0.7074094319418424,3.743735480967393,0.3,
0.0014,1.1,2.0,8,5,vae,0.7026507182977819,0.005309223002442772,0.004120779489160301,0.0027918965657927003,0.6775166138194914,2.674393109473468,596.3,
0.0014,1.1,2.0,8,5,jump,0.7397949234697307,0.005309223002442772,0.004120779489160301,0.0027918965657927003,0.6775166138194914,2.674393109473468,25.4,
0.0014,1.1,2.0,8,5,kmeans,0.733421203376925,0.005309223002442772,0.004120779489160301,0.0027918965657927003,0.6775166138194914,2.674393109473468,0.4,
0.0014,1.6,6.0,20,3,vae,0.7648333745188475,0.0044583134257331885,0.004332572062333981,0.0028108093153214296,0.6487622767449668,0.4103146932904469,538.9,
0.0014,1.6,6.0,20,3,jump,0.7817303876470856,0.0044583134257331885,0.004332572062333981,0.0028108093153214296,0.6487622767449668,0.4103146932904469,20.9,
0.0014,1.6,6.0,20,3,kmeans,0.7682681923239201,0.0044583134257331885,0.004332572062333981,0.0028108093153214296,0.6487622767449668,0.4103146932904469,0.2,
0.0016,1.1,2.75,20,4,vae,0.7411092031937584,0.005348491620036633,0.004149556900312054,0.003223154315895869,0.7767466245982751,8.533217494586816,583.8,
0.0016,1.1,2.75,20,4,jump,0.5030684670170238,0.005348491620036633,0.004149556900312054,0.003223154315895869,0.7767466245982751,8.533217494586816,23.6,
0.0016,1.1,2.75,20,4,kmeans,0.7520989292169067,0.005348491620036633,0.004149556900312054,0.003223154315895869,0.7767466245982751,8.533217494586816,0.2,
0.002,1.1,4.0,20,2,vae,0.7840910855720803,0.004761127418572104,0.004237031637128827,0.003998094570252502,0.9436074385703106,3.503392485473155,607.2,
0.002,1.1,4.0,20,2,jump,0.8048269586275161,0.004761127418572104,0.004237031637128827,0.003998094570252502,0.9436074385703106,3.503392485473155,25.0,
0.002,1.1,4.0,20,2,kmeans,0.828731411676884,0.004761127418572104,0.004237031637128827,0.003998094570252502,0.9436074385703106,3.503392485473155,0.2,
0.0005,1.1,6.0,8,5,vae,0.5778504811599325,0.003866929050494807,0.003488900192408304,0.0010211136612574938,0.2926749419428486,1.4246134228356686,585.8,
0.0005,1.1,6.0,8,5,jump,0.5779406165968317,0.003866929050494807,0.003488900192408304,0.0010211136612574938,0.2926749419428486,1.4246134228356686,24.0,
0.0005,1.1,6.0,8,5,kmeans,0.5200103871885364,0.003866929050494807,0.003488900192408304,0.0010211136612574938,0.2926749419428486,1.4246134228356686,0.5,
0.0008,0.8,2.75,12,1,vae,0.5299785026226164,0.004800706072782483,0.0029976673484849296,0.0015763639289080263,0.5258635284214397,8.748308659595082,602.4,
0.0008,0.8,2.75,12,1,jump,0.5007898970260385,0.004800706072782483,0.0029976673484849296,0.0015763639289080263,0.5258635284214397,8.748308659595082,24.1,
0.0008,0.8,2.75,12,1,kmeans,0.5077717196894388,0.004800706072782483,0.0029976673484849296,0.0015763639289080263,0.5258635284214397,8.748308659595082,0.4,
0.0014,0.8,2.0,12,1,vae,0.5275336328056484,0.0059829450947564925,0.003593801151569405,0.0027644079931346734,0.7692156233873604,7.033363719166118,579.9,
0.0014,0.8,2.0,12,1,jump,0.7035761657624557,0.0059829450947564925,0.003593801151569405,0.0027644079931346734,0.7692156233873604,7.033363719166118,25.8,
0.0014,0.8,2.0,12,1,kmeans,0.5038119092387117,0.0059829450947564925,0.003593801151569405,0.0027644079931346734,0.7692156233873604,7.033363719166118,0.4,
0.0014,1.1,2.0,12,2,vae,0.5756476960576059,0.005800745249155903,0.004147118552333666,0.002800301987386398,0.6752403993395879,5.600457431643552,547.4,
0.0014,1.1,2.0,12,2,jump,0.7089589559033359,0.005800745249155903,0.004147118552333666,0.002800301987386398,0.6752403993395879,5.600457431643552,23.3,
0.0014,1.1,2.0,12,2,kmeans,0.506742193935064,0.005800745249155903,0.004147118552333666,0.002800301987386398,0.6752403993395879,5.600457431643552,0.2,
0.0008,1.6,6.0,20,3,vae,0.6572597590340983,0.004307905297859949,0.004166893268270345,0.00161080931532143,0.3865732121307893,0.4949716478446584,591.9,
0.0008,1.6,6.0,20,3,jump,0.6878427171880269,0.004307905297859949,0.004166893268270345,0.00161080931532143,0.3865732121307893,0.4949716478446584,23.5,
0.0008,1.6,6.0,20,3,kmeans,0.6744217307457587,0.004307905297859949,0.004166893268270345,0.00161080931532143,0.3865732121307893,0.4949716478446584,0.5,
0.0011,1.1,4.0,20,5,vae,0.6998777728253985,0.004425043336213527,0.003764804317975409,0.0022148025388585833,0.5882915423475802,4.477620847734626,580.8,
0.0011,1.1,4.0,20,5,jump,0.7148486605201663,0.004425043336213527,0.003764804317975409,0.0022148025388585833,0.5882915423475802,4.477620847734626,23.9,
0.0011,1.1,4.0,20,5,kmeans,0.7200938465193633,0.004425043336213527,0.003764804317975409,0.0022148025388585833,0.5882915423475802,4.477620847734626,0.4,
0.0005,0.8,6.0,20,4,vae,0.6490671596914017,0.0030809708792553657,0.0025582691538485465,0.0009880058643811495,0.3862009057549075,3.827202168431988,545.8,
0.0005,0.8,6.0,20,4,jump,0.5057551304345878,0.0030809708792553657,0.0025582691538485465,0.0009880058643811495,0.3862009057549075,3.827202168431988,22.1,
0.0005,0.8,6.0,20,4,kmeans,0.65368516417955,0.0030809708792553657,0.0025582691538485465,0.0009880058643811495,0.3862009057549075,3.827202168431988,0.5,
0.0008,0.8,2.0,20,1,vae,0.5017495465238282,0.0068634261744851795,0.0032662173507310727,0.0015585168544279332,0.47716262791852865,15.550727284344642,609.1,
0.0008,0.8,2.0,20,1,jump,0.5004565102351591,0.0068634261744851795,0.0032662173507310727,0.0015585168544279332,0.47716262791852865,15.550727284344642,23.9,
0.0008,0.8,2.0,20,1,kmeans,0.5021918294277858,0.0068634261744851795,0.0032662173507310727,0.0015585168544279332,0.47716262791852865,15.550727284344642,0.3,
0.0011,1.1,2.0,8,1,vae,0.6258773633465589,0.005237272957195087,0.0039709805725899345,0.0021960341504788554,0.5530206230766241,2.838725725166034,601.9,
0.0011,1.1,2.0,8,1,jump,0.711850804601103,0.005237272957195087,0.0039709805725899345,0.0021960341504788554,0.5530206230766241,2.838725725166034,24.4,
0.0011,1.1,2.0,8,1,kmeans,0.5135051290579523,0.005237272957195087,0.0039709805725899345,0.0021960341504788554,0.5530206230766241,2.838725725166034,0.3,
0.0016,1.6,2.0,12,0,vae,0.7542487090209316,0.005118148023972427,0.004518785683714906,0.003184980728553352,0.7048311098336868,2.9227105336321806,595.2,
0.0016,1.6,2.0,12,0,jump,0.7650809603587946,0.005118148023972427,0.004518785683714906,0.003184980728553352,0.7048311098336868,2.9227105336321806,24.2,
0.0016,1.6,2.0,12,0,kmeans,0.762500527838252,0.005118148023972427,0.004518785683714906,0.003184980728553352,0.7048311098336868,2.9227105336321806,0.3,
0.0014,1.1,4.0,8,0,vae,0.7511479762939025,0.004422073873290131,0.0038800430981632806,0.0027897258992465018,0.7189935340066431,1.9547976346615057,575.5,
0.0014,1.1,4.0,8,0,jump,0.7892809423935364,0.004422073873290131,0.0038800430981632806,0.0027897258992465018,0.7189935340066431,1.9547976346615057,24.2,
0.0014,1.1,4.0,8,0,kmeans,0.7705960134954123,0.004422073873290131,0.0038800430981632806,0.0027897258992465018,0.7189935340066431,1.9547976346615057,0.4,
0.0014,0.8,6.0,12,4,vae,0.8161399441969195,0.0033407860839887683,0.003004235390891351,0.0027880058643811496,0.9280251051013527,2.3463475769741633,602.4,
0.0014,0.8,6.0,12,4,jump,0.8110304718855551,0.0033407860839887683,0.003004235390891351,0.0027880058643811496,0.9280251051013527,2.3463475769741633,24.6,
0.0014,0.8,6.0,12,4,kmeans,0.825749632014493,0.0033407860839887683,0.003004235390891351,0.0027880058643811496,0.9280251051013527,2.3463475769741633,0.2,
0.0012,1.6,4.0,8,0,vae,0.7235901026373666,0.0045222659507077635,0.004313292585121061,0.0024069864194070038,0.5580392175828821,0.6426023693205019,572.0,
0.0012,1.6,4.0,8,0,jump,0.7479378343644616,0.0045222659507077635,0.004313292585121061,0.0024069864194070038,0.5580392175828821,0.6426023693205019,24.8,
0.0012,1.6,4.0,8,0,kmeans,0.7390764942944599,0.0045222659507077635,0.004313292585121061,0.0024069864194070038,0.5580392175828821,0.6426023693205019,0.4,
0.002,0.8,2.0,12,4,vae,0.7662991254198108,0.006184863551641626,0.004115706435915429,0.004026278949887061,0.9782716558090768,6.375568009240702,604.1,
0.002,0.8,2.0,12,4,jump,0.7695106862382886,0.006184863551641626,0.004115706435915429,0.004026278949887061,0.9782716558090768,6.375568009240702,25.1,
0.002,0.8,2.0,12,4,kmeans,0.7817690752412243,0.006184863551641626,0.004115706435915429,0.004026278949887061,0.9782716558090768,6.375568009240702,0.4,
0.0005,1.1,2.75,12,4,vae,0.5339055364383598,0.004943402795263049,0.0036850137058709246,0.001022549112981894,0.2774885508167255,5.690954616557219,577.6,
0.0005,1.1,2.75,12,4,jump,0.5062429161013856,0.004943402795263049,0.0036850137058709246,0.001022549112981894,0.2774885508167255,5.690954616557219,24.2,
0.0005,1.1,2.75,12,4,kmeans,0.5097500900427326,0.004943402795263049,0.0036850137058709246,0.001022549112981894,0.2774885508167255,5.690954616557219,0.4,
0.0016,1.6,2.75,20,0,vae,0.7702225025932727,0.0048939893909488875,0.0044826382317262135,0.0031665802068430613,0.7064099405638735,3.104981913251758,552.1,
0.0016,1.6,2.75,20,0,jump,0.7816748594599704,0.0048939893909488875,0.0044826382317262135,0.0031665802068430613,0.7064099405638735,3.104981913251758,25.4,
0.0016,1.6,2.75,20,0,kmeans,0.7762364823012146,0.0048939893909488875,0.0044826382317262135,0.0031665802068430613,0.7064099405638735,3.104981913251758,0.2,
0.0014,1.1,6.0,12,2,vae,0.7428156087967983,0.004106934315787498,0.003762496777409065,0.0027799646935583503,0.7388616809587524,1.562244042397376,538.7,
0.0014,1.1,6.0,12,2,jump,0.771074568037208,0.004106934315787498,0.003762496777409065,0.0027799646935583503,0.7388616809587524,1.562244042397376,22.6,
0.0014,1.1,6.0,12,2,kmeans,0.7791368411328206,0.004106934315787498,0.003762496777409065,0.0027799646935583503,0.7388616809587524,1.562244042397376,0.2,
0.0012,1.6,2.75,12,1,vae,0.719404041708652,0.004749139788749054,0.004357139720770322,0.0023756793123916767,0.5452382674502959,1.9834405774269026,572.4,
0.0012,1.6,2.75,12,1,jump,0.7257390860936732,0.004749139788749054,0.004357139720770322,0.0023756793123916767,0.5452382674502959,1.9834405774269026,23.4,
0.0012,1.6,2.75,12,1,kmeans,0.7201526924809085,0.004749139788749054,0.004357139720770322,0.0023756793123916767,0.5452382674502959,1.9834405774269026,0.2,
0.0011,1.6,6.0,20,4,vae,0.7325511812738011,0.004377388120702922,0.004244736027807807,0.0022232304037711017,0.5237617579058946,0.4542193423645191,595.4,
0.0011,1.6,6.0,20,4,jump,0.7316526150374705,0.004377388120702922,0.004244736027807807,0.0022232304037711017,0.5237617579058946,0.4542193423645191,26.5,
0.0011,1.6,6.0,20,4,kmeans,0.7282826414461365,0.004377388120702922,0.004244736027807807,0.0022232304037711017,0.5237617579058946,0.4542193423645191,0.6,
0.0012,0.8,4.0,20,5,vae,0.7493570045320674,0.0039567933380330895,0.003030718936278289,0.0024038979705426544,0.7931774674871804,8.508378052514248,598.9,
0.0012,0.8,4.0,20,5,jump,0.7688057262738874,0.0039567933380330895,0.003030718936278289,0.0024038979705426544,0.7931774674871804,8.508378052514248,22.9,
0.0012,0.8,4.0,20,5,kmeans,0.7706804392973854,0.0039567933380330895,0.003030718936278289,0.0024038979705426544,0.7931774674871804,8.508378052514248,0.6,
0.0011,1.1,6.0,20,1,vae,0.7034769596425342,0.003988460772277493,0.003631867766738336,0.002141602876230369,0.5896698376091136,1.5361860885121024,600.8,
0.0011,1.1,6.0,20,1,jump,0.7306412471282328,0.003988460772277493,0.003631867766738336,0.002141602876230369,0.5896698376091136,1.5361860885121024,24.0,
0.0011,1.1,6.0,20,1,kmeans,0.7308591644188334,0.003988460772277493,0.003631867766738336,0.002141602876230369,0.5896698376091136,1.5361860885121024,0.3,
0.0008,1.1,4.0,12,0,vae,0.6575511272309126,0.004365959930772875,0.003644418924610719,0.0015910207389149993,0.4365636255949761,3.8012428252797834,601.2,
0.0008,1.1,4.0,12,0,jump,0.502100328553739,0.004365959930772875,0.003644418924610719,0.0015910207389149993,0.4365636255949761,3.8012428252797834,24.9,
0.0008,1.1,4.0,12,0,kmeans,0.6730664055585097,0.004365959930772875,0.003644418924610719,0.0015910207389149993,0.4365636255949761,3.8012428252797834,0.5,
0.0005,1.6,2.75,20,4,vae,0.5732488974843227,0.004638538740609375,0.0041868167031948135,0.0009375266343583757,0.22392349625503832,2.9450088469248374,611.7,
0.0005,1.6,2.75,20,4,jump,0.5030507266275421,0.004638538740609375,0.0041868167031948135,0.0009375266343583757,0.22392349625503832,2.9450088469248374,24.3,
0.0005,1.6,2.75,20,4,kmeans,0.5258521200355777,0.004638538740609375,0.0041868167031948135,0.0009375266343583757,0.22392349625503832,2.9450088469248374,0.3,
0.0008,1.1,2.75,8,0,vae,0.6232684366811035,0.004702506720244615,0.00375216560083076,0.001588213709728541,0.42327921490909076,2.712811273178805,589.3,
0.0008,1.1,2.75,8,0,jump,0.6569794562701277,0.004702506720244615,0.00375216560083076,0.001588213709728541,0.42327921490909076,2.712811273178805,24.5,
0.0008,1.1,2.75,8,0,kmeans,0.5060279603562636,0.004702506720244615,0.00375216560083076,0.001588213709728541,0.42327921490909076,2.712811273178805,0.4,
0.0014,0.8,2.0,12,4,vae,0.7088929060414941,0.006015562846133125,0.003595510138773165,0.0028262789498870607,0.7860578445904269,7.134484936230336,618.0,
0.0014,0.8,2.0,12,4,jump,0.7162089105863958,0.006015562846133125,0.003595510138773165,0.0028262789498870607,0.7860578445904269,7.134484936230336,26.1,
0.0014,0.8,2.0,12,4,kmeans,0.5010345258597245,0.006015562846133125,0.003595510138773165,0.0028262789498870607,0.7860578445904269,7.134484936230336,0.5,
0.0014,1.1,2.75,12,2,vae,0.6890822968279369,0.005125288185302892,0.004018839415516297,0.002820615051877522,0.7018481606872465,4.958877730834399,607.6,
0.0014,1.1,2.75,12,2,jump,0.7429406865597661,0.005125288185302892,0.004018839415516297,0.002820615051877522,0.7018481606872465,4.958877730834399,25.7,
0.0014,1.1,2.75,12,2,kmeans,0.7315429497837607,0.005125288185302892,0.004018839415516297,0.002820615051877522,0.7018481606872465,4.958877730834399,0.4,
0.002,1.1,4.0,20,0,vae,0.8227384445589863,0.0047777795386387155,0.004256771373130382,0.003991533417230768,0.9376903449469121,4.144707024910422,585.1,
0.002,1.1,4.0,20,0,jump,0.8246394575872598,0.0047777795386387155,0.004256771373130382,0.003991533417230768,0.9376903449469121,4.144707024910422,24.3,
0.002,1.1,4.0,20,0,kmeans,0.829164650810574,0.0047777795386387155,0.004256771373130382,0.003991533417230768,0.9376903449469121,4.144707024910422,0.3,
0.0016,0.8,2.75,20,2,vae,0.6442308810601627,0.005288268971650403,0.003525706093956994,0.003210059802983412,0.9104728861221316,14.611844152875438,562.1,
0.0016,0.8,2.75,20,2,jump,0.5050959925704759,0.005288268971650403,0.003525706093956994,0.003210059802983412,0.9104728861221316,14.611844152875438,23.2,
0.0016,0.8,2.75,20,2,kmeans,0.7831392795466852,0.005288268971650403,0.003525706093956994,0.003210059802983412,0.9104728861221316,14.611844152875438,0.4,
0.0005,1.1,4.0,20,0,vae,0.5883468280019811,0.004365153997092828,0.0035747078950187088,0.0009915334172307683,0.27737466846240844,5.953360717911753,554.7,
0.0005,1.1,4.0,20,0,jump,0.5038198982771029,0.004365153997092828,0.0035747078950187088,0.0009915334172307683,0.27737466846240844,5.953360717911753,21.8,
0.0005,1.1,4.0,20,0,kmeans,0.6149738405813332,0.004365153997092828,0.0035747078950187088,0.0009915334172307683,0.27737466846240844,5.953360717911753,0.4,
0.0016,1.1,6.0,20,2,vae,0.768216169895193,0.004182484451169363,0.003865803046095981,0.003180115762356382,0.8226274656097483,1.6953619938878397,586.6,
0.0016,1.1,6.0,20,2,jump,0.7874139389739119,0.004182484451169363,0.003865803046095981,0.003180115762356382,0.8226274656097483,1.6953619938878397,25.0,
0.0016,1.1,6.0,20,2,kmeans,0.8050989296353557,0.004182484451169363,0.003865803046095981,0.003180115762356382,0.8226274656097483,1.6953619938878397,0.4,
0.001,1.6,6.0,8,3,vae,0.7037750018736773,0.004345146985667712,0.004214197647825722,0.0020107876926589783,0.4771460336456754,0.40338256053767907,591.0,
0.001,1.6,6.0,8,3,jump,0.7310088346633203,0.004345146985667712,0.004214197647825722,0.0020107876926589783,0.4771460336456754,0.40338256053767907,24.0,
0.001,1.6,6.0,8,3,kmeans,0.709328997644995,0.004345146985667712,0.004214197647825722,0.0020107876926589783,0.4771460336456754,0.40338256053767907,0.2,
0.001,1.1,2.75,8,4,vae,0.6849660935430225,0.0047396828973944385,0.0038267122576777085,0.0020219867313250447,0.5283874498972949,2.666758019616963,598.6,
0.001,1.1,2.75,8,4,jump,0.6961383564670813,0.0047396828973944385,0.0038267122576777085,0.0020219867313250447,0.5283874498972949,2.666758019616963,24.3,
0.001,1.1,2.75,8,4,kmeans,0.5253737498828814,0.0047396828973944385,0.0038267122576777085,0.0020219867313250447,0.5283874498972949,2.666758019616963,0.3,
0.0008,0.8,6.0,12,2,vae,0.6729692508907521,0.0031831693662609053,0.0026627615878535493,0.0015905713261813084,0.5973389932605522,3.5138408929394265,606.6,
0.0008,0.8,6.0,12,2,jump,0.7287989291683453,0.0031831693662609053,0.0026627615878535493,0.0015905713261813084,0.5973389932605522,3.5138408929394265,24.4,
0.0008,0.8,6.0,12,2,kmeans,0.7287737986132115,0.0031831693662609053,0.0026627615878535493,0.0015905713261813084,0.5973389932605522,3.5138408929394265,0.4,
0.0016,0.8,2.75,12,5,vae,0.7451082313666197,0.004937416739407462,0.0035261078529894014,0.0032050430216837883,0.9089463950929869,7.143178239050263,608.2,
0.0016,0.8,2.75,12,5,jump,0.765853590592358,0.004937416739407462,0.0035261078529894014,0.0032050430216837883,0.9089463950929869,7.143178239050263,23.3,
0.0016,0.8,2.75,12,5,kmeans,0.7859726045907275,0.004937416739407462,0.0035261078529894014,0.0032050430216837883,0.9089463950929869,7.143178239050263,0.3,
0.0011,1.6,6.0,12,4,vae,0.7325511812738011,0.004377388120702922,0.004244736027807807,0.0022232304037711017,0.5237617579058946,0.4542193423645191,579.3,
0.0011,1.6,6.0,12,4,jump,0.7316526150374705,0.004377388120702922,0.004244736027807807,0.0022232304037711017,0.5237617579058946,0.4542193423645191,22.8,
0.0011,1.6,6.0,12,4,kmeans,0.7282826414461365,0.004377388120702922,0.004244736027807807,0.0022232304037711017,0.5237617579058946,0.4542193423645191,0.6,
0.002,0.8,4.0,20,3,vae,0.8408475065512606,0.004221587738737352,0.0036732924659561472,0.0039829130492895215,1.0842896628033076,6.3839940012267515,607.1,
0.002,0.8,4.0,20,3,jump,0.8354834922330423,0.004221587738737352,0.0036732924659561472,0.0039829130492895215,1.0842896628033076,6.3839940012267515,22.6,
0.002,0.8,4.0,20,3,kmeans,0.8554560097649926,0.004221587738737352,0.0036732924659561472,0.0039829130492895215,1.0842896628033076,6.3839940012267515,0.1,
0.0011,1.6,6.0,12,5,vae,0.6948095356568104,0.004367513128636207,0.004264718745619235,0.002192314014584738,0.5140582873927398,0.4395430055948526,615.9,
0.0011,1.6,6.0,12,5,jump,0.725231206201062,0.004367513128636207,0.004264718745619235,0.002192314014584738,0.5140582873927398,0.4395430055948526,24.7,
0.0011,1.6,6.0,12,5,kmeans,0.7108510818493807,0.004367513128636207,0.004264718745619235,0.002192314014584738,0.5140582873927398,0.4395430055948526,0.3,
0.0012,0.8,4.0,12,4,vae,0.7581770388010034,0.0038806694123203938,0.0030208184425793445,0.002402777743193845,0.7954062082401147,6.234170555788122,599.6,
0.0012,0.8,4.0,12,4,jump,0.7616482316703954,0.0038806694123203938,0.0030208184425793445,0.002402777743193845,0.7954062082401147,6.234170555788122,25.2,
0.0012,0.8,4.0,12,4,kmeans,0.7649217387670916,0.0038806694123203938,0.0030208184425793445,0.002402777743193845,0.7954062082401147,6.234170555788122,0.3,
0.001,1.1,6.0,20,5,vae,0.7112593729647483,0.003984174115424135,0.0036354708982380794,0.0020208019651786592,0.5558570049778242,1.979934537115943,554.3,
0.001,1.1,6.0,20,5,jump,0.7414713945665142,0.003984174115424135,0.0036354708982380794,0.0020208019651786592,0.5558570049778242,1.979934537115943,23.1,
0.001,1.1,6.0,20,5,kmeans,0.7243561480052692,0.003984174115424135,0.0036354708982380794,0.0020208019651786592,0.5558570049778242,1.979934537115943,0.3,
0.0011,0.8,2.75,12,1,vae,0.5438159779352703,0.004858505525189423,0.0031540348121967417,0.002176363928908026,0.6900253353234928,8.330845031757418,588.7,
0.0011,0.8,2.75,12,1,jump,0.5037857057363089,0.004858505525189423,0.0031540348121967417,0.002176363928908026,0.6900253353234928,8.330845031757418,22.9,
0.0011,0.8,2.75,12,1,kmeans,0.5070668164598536,0.004858505525189423,0.0031540348121967417,0.002176363928908026,0.6900253353234928,8.330845031757418,0.3,
0.002,1.6,2.0,12,3,vae,0.8072947550377882,0.0052417080592273265,0.004771882113489348,0.0039996650659192955,0.8381734860156922,2.465310653325317,546.2,
0.002,1.6,2.0,12,3,jump,0.8175850582346079,0.0052417080592273265,0.004771882113489348,0.0039996650659192955,0.8381734860156922,2.465310653325317,21.5,
0.002,1.6,2.0,12,3,kmeans,0.8140294678648641,0.0052417080592273265,0.004771882113489348,0.0039996650659192955,0.8381734860156922,2.465310653325317,0.1,
0.0014,1.6,6.0,8,2,vae,0.764210246404343,0.004424202102046297,0.004307430736175278,0.0028036227875561023,0.6508805269949713,0.3303749369549722,579.2,
0.0014,1.6,6.0,8,2,jump,0.7621983419613739,0.004424202102046297,0.004307430736175278,0.0028036227875561023,0.6508805269949713,0.3303749369549722,24.1,
0.0014,1.6,6.0,8,2,kmeans,0.7670215885068901,0.004424202102046297,0.004307430736175278,0.0028036227875561023,0.6508805269949713,0.3303749369549722,0.4,
0.002,0.8,4.0,20,5,vae,0.7288445885757576,0.0042669840929761655,0.003693059866458832,0.004003897970542654,1.084168173634801,6.10869767831438,591.5,
0.002,0.8,4.0,20,5,jump,0.8215480048849244,0.0042669840929761655,0.003693059866458832,0.004003897970542654,1.084168173634801,6.10869767831438,23.5,
0.002,0.8,4.0,20,5,kmeans,0.8502773946087803,0.0042669840929761655,0.003693059866458832,0.004003897970542654,1.084168173634801,6.10869767831438,0.2,
0.001,1.1,6.0,8,1,vae,0.6918606988995359,0.0039498071471321256,0.0035938354571569734,0.0019422265126219941,0.5404327871366874,1.2568502429711321,582.8,
0.001,1.1,6.0,8,1,jump,0.7217244724033848,0.0039498071471321256,0.0035938354571569734,0.0019422265126219941,0.5404327871366874,1.2568502429711321,24.3,
0.001,1.1,6.0,8,1,kmeans,0.7100668503473154,0.0039498071471321256,0.0035938354571569734,0.0019422265126219941,0.5404327871366874,1.2568502429711321,0.6,
0.0014,0.8,4.0,12,2,vae,0.7749013325704365,0.003976007226012712,0.003154348330758502,0.0027802428499592623,0.8814000733047509,6.2448243918077395,597.3,
0.0014,0.8,4.0,12,2,jump,0.7670308237108958,0.003976007226012712,0.003154348330758502,0.0027802428499592623,0.8814000733047509,6.2448243918077395,23.4,
0.0014,0.8,4.0,12,2,kmeans,0.7904755766054872,0.003976007226012712,0.003154348330758502,0.0027802428499592623,0.8814000733047509,6.2448243918077395,0.5,
0.0016,0.8,2.0,12,5,vae,0.6959638456036001,0.006095223896629771,0.003782733623120307,0.003195320466707305,0.844711995361583,6.818473246113204,593.8,
0.0016,0.8,2.0,12,5,jump,0.7276934805983072,0.006095223896629771,0.003782733623120307,0.003195320466707305,0.844711995361583,6.818473246113204,24.2,
0.0016,0.8,2.0,12,5,kmeans,0.5174106282327883,0.006095223896629771,0.003782733623120307,0.003195320466707305,0.844711995361583,6.818473246113204,0.2,
0.0008,1.6,4.0,8,4,vae,0.66310832275814,0.0044335704585177675,0.004189238005630349,0.0016303374817213394,0.3891727993325184,0.7431277791759001,583.2,
0.0008,1.6,4.0,8,4,jump,0.6824575044128843,0.0044335704585177675,0.004189238005630349,0.0016303374817213394,0.3891727993325184,0.7431277791759001,23.1,
0.0008,1.6,4.0,8,4,kmeans,0.6645521883435815,0.0044335704585177675,0.004189238005630349,0.0016303374817213394,0.3891727993325184,0.7431277791759001,0.5,
0.0016,1.1,4.0,8,5,vae,0.7623966244198832,0.004462982968391985,0.004002033847406385,0.0032139564291033653,0.8030807713398646,1.6756632308391062,602.8,
0.0016,1.1,4.0,8,5,jump,0.7856665763711312,0.004462982968391985,0.004002033847406385,0.0032139564291033653,0.8030807713398646,1.6756632308391062,25.5,
0.0016,1.1,4.0,8,5,kmeans,0.7925823498484508,0.004462982968391985,0.004002033847406385,0.0032139564291033653,0.8030807713398646,1.6756632308391062,0.5,
0.0005,0.8,4.0,12,1,vae,0.5244968229679071,0.0037504189023978194,0.002670765764906294,0.0009677184361758482,0.36233744227652304,7.457293150255081,613.8,
0.0005,0.8,4.0,12,1,jump,0.5034066504128912,0.0037504189023978194,0.002670765764906294,0.0009677184361758482,0.36233744227652304,7.457293150255081,24.7,
0.0005,0.8,4.0,12,1,kmeans,0.5014686467789987,0.0037504189023978194,0.002670765764906294,0.0009677184361758482,0.36233744227652304,7.457293150255081,0.3,
0.001,1.1,2.0,12,5,vae,0.5399808298095661,0.005757315998104146,0.003974220215282492,0.001987337758424821,0.5000572818744918,5.787016134209752,604.9,
0.001,1.1,2.0,12,5,jump,0.5221041149148372,0.005757315998104146,0.003974220215282492,0.001987337758424821,0.5000572818744918,5.787016134209752,24.5,
0.001,1.1,2.0,12,5,kmeans,0.5076469832005477,0.005757315998104146,0.003974220215282492,0.001987337758424821,0.5000572818744918,5.787016134209752,0.4,
0.0016,1.6,2.75,20,1,vae,0.761120877977213,0.004910875620742105,0.00451347854696217,0.0031765211005076095,0.7037855763478904,3.2999591466033653,558.0,
0.0016,1.6,2.75,20,1,jump,0.7697250716321613,0.004910875620742105,0.00451347854696217,0.0031765211005076095,0.7037855763478904,3.2999591466033653,22.5,
0.0016,1.6,2.75,20,1,kmeans,0.7679328681276174,0.004910875620742105,0.00451347854696217,0.0031765211005076095,0.7037855763478904,3.2999591466033653,0.2,
0.0016,1.1,2.75,12,0,vae,0.7441272948683998,0.005155594657572978,0.004116366738755223,0.0031898462954482116,0.7749179064673941,4.5413365820028995,545.3,
0.0016,1.1,2.75,12,0,jump,0.764934426157512,0.005155594657572978,0.004116366738755223,0.0031898462954482116,0.7749179064673941,4.5413365820028995,22.6,
0.0016,1.1,2.75,12,0,kmeans,0.7555218283738814,0.005155594657572978,0.004116366738755223,0.0031898462954482116,0.7749179064673941,4.5413365820028995,0.2,
0.0012,1.6,6.0,12,1,vae,0.704741886446667,0.004371546698394667,0.0042601797039854,0.002369483487557132,0.5561933186387605,0.399723794210622,580.9,
0.0012,1.6,6.0,12,1,jump,0.7255181822641389,0.004371546698394667,0.0042601797039854,0.002369483487557132,0.5561933186387605,0.399723794210622,23.6,
0.0012,1.6,6.0,12,1,kmeans,0.7248876273454948,0.004371546698394667,0.0042601797039854,0.002369483487557132,0.5561933186387605,0.399723794210622,0.4,
0.002,0.8,4.0,12,3,vae,0.8446481270298254,0.004175646451807065,0.0036723781252390075,0.003982349736730307,1.0844062351207708,4.3854382766567594,577.8,
0.002,0.8,4.0,12,3,jump,0.8343946564609377,0.004175646451807065,0.0036723781252390075,0.003982349736730307,1.0844062351207708,4.3854382766567594,24.3,
0.002,0.8,4.0,12,3,kmeans,0.8565603376728805,0.004175646451807065,0.0036723781252390075,0.003982349736730307,1.0844062351207708,4.3854382766567594,0.2,
0.001,0.8,2.75,8,3,vae,0.7115441827901379,0.004425267171076692,0.003074331221509481,0.0020165890592709758,0.655943980649177,4.503225032775732,592.4,
0.001,0.8,2.75,8,3,jump,0.7275254875175846,0.004425267171076692,0.003074331221509481,0.0020165890592709758,0.655943980649177,4.503225032775732,23.6,
0.001,0.8,2.75,8,3,kmeans,0.524132601626508,0.004425267171076692,0.003074331221509481,0.0020165890592709758,0.655943980649177,4.503225032775732,0.3,
0.0014,1.6,6.0,12,5,vae,0.7554742869054183,0.0044516850178753075,0.004365523122163122,0.0027923140145847377,0.6396287309551902,0.39325646802015113,583.4,
0.0014,1.6,6.0,12,5,jump,0.7698467665553022,0.0044516850178753075,0.004365523122163122,0.0027923140145847377,0.6396287309551902,0.39325646802015113,23.7,
0.0014,1.6,6.0,12,5,kmeans,0.7573284272759118,0.0044516850178753075,0.004365523122163122,0.0027923140145847377,0.6396287309551902,0.39325646802015113,0.3,
0.0005,1.6,2.75,8,5,vae,0.5728201873280142,0.004508649011377162,0.004164268770580542,0.0010651348638215097,0.2557795671947032,1.1696140351262043,589.2,
0.0005,1.6,2.75,8,5,jump,0.5092705017293836,0.004508649011377162,0.004164268770580542,0.0010651348638215097,0.2557795671947032,1.1696140351262043,23.5,
0.0005,1.6,2.75,8,5,kmeans,0.5067130888181467,0.004508649011377162,0.004164268770580542,0.0010651348638215097,0.2557795671947032,1.1696140351262043,0.3,
0.0014,0.8,6.0,20,0,vae,0.8110103312839421,0.003378283535476534,0.00301057533860034,0.0028118565432238675,0.9339930833722766,3.1320610228195607,593.5,
0.0014,0.8,6.0,20,0,jump,0.817342029353279,0.003378283535476534,0.00301057533860034,0.0028118565432238675,0.9339930833722766,3.1320610228195607,24.3,
0.0014,0.8,6.0,20,0,kmeans,0.8192013255275263,0.003378283535476534,0.00301057533860034,0.0028118565432238675,0.9339930833722766,3.1320610228195607,0.3,
0.0005,1.6,4.0,20,5,vae,0.5720486728157286,0.00440124739079772,0.004141941015338789,0.0009501891114717719,0.22940672210274135,1.4181270449971182,581.0,
0.0005,1.6,4.0,20,5,jump,0.5003269210695346,0.00440124739079772,0.004141941015338789,0.0009501891114717719,0.22940672210274135,1.4181270449971182,24.3,
0.0005,1.6,4.0,20,5,kmeans,0.6042981075080418,0.00440124739079772,0.004141941015338789,0.0009501891114717719,0.22940672210274135,1.4181270449971182,0.5,
0.0005,1.1,2.0,8,0,vae,0.5100244999982443,0.005152758546367999,0.0038006259594402817,0.0009813352961633996,0.2582035976799782,2.9847961338392297,602.6,
0.0005,1.1,2.0,8,0,jump,0.5270078514420611,0.005152758546367999,0.0038006259594402817,0.0009813352961633996,0.2582035976799782,2.9847961338392297,24.6,
0.0005,1.1,2.0,8,0,kmeans,0.5144230120410948,0.005152758546367999,0.0038006259594402817,0.0009813352961633996,0.2582035976799782,2.9847961338392297,0.2,
0.0014,0.8,2.75,20,4,vae,0.736464553100878,0.005285519146203526,0.003358713429679161,0.002792590140319994,0.8314463852865097,16.376740895362907,610.4,
0.0014,0.8,2.75,20,4,jump,0.50364140255099,0.005285519146203526,0.003358713429679161,0.002792590140319994,0.8314463852865097,16.376740895362907,23.6,
0.0014,0.8,2.75,20,4,kmeans,0.7489764905919503,0.005285519146203526,0.003358713429679161,0.002792590140319994,0.8314463852865097,16.376740895362907,0.2,
0.0014,1.1,2.75,8,4,vae,0.7403771544767478,0.004840025386438141,0.0040182455438686655,0.002821986731325044,0.7022932522456322,2.4425260999467238,609.3,
0.0014,1.1,2.75,8,4,jump,0.7488937021077025,0.004840025386438141,0.0040182455438686655,0.002821986731325044,0.7022932522456322,2.4425260999467238,24.7,
0.0014,1.1,2.75,8,4,kmeans,0.7472601854550098,0.004840025386438141,0.0040182455438686655,0.002821986731325044,0.7022932522456322,2.4425260999467238,0.2,
0.0011,1.6,6.0,12,1,vae,0.6872206729405596,0.004345412798740472,0.004232043497124762,0.0021694834875571325,0.5126326062175574,0.41153335210699105,550.9,
0.0011,1.6,6.0,12,1,jump,0.7118891743726625,0.004345412798740472,0.004232043497124762,0.0021694834875571325,0.5126326062175574,0.41153335210699105,21.8,
0.0011,1.6,6.0,12,1,kmeans,0.7088474620086984,0.004345412798740472,0.004232043497124762,0.0021694834875571325,0.5126326062175574,0.41153335210699105,0.3,
0.0014,0.8,4.0,8,4,vae,0.7824958108466642,0.003836802724516245,0.0031628984922983474,0.002802273771624816,0.885982834557716,3.5336247430034495,534.8,
0.0014,0.8,4.0,8,4,jump,0.7830490548484814,0.003836802724516245,0.0031628984922983474,0.002802273771624816,0.885982834557716,3.5336247430034495,24.5,
0.0014,0.8,4.0,8,4,kmeans,0.7945329903004396,0.003836802724516245,0.0031628984922983474,0.002802273771624816,0.885982834557716,3.5336247430034495,0.2,
0.0011,1.6,4.0,8,2,vae,0.7168861160143027,0.004459602765465517,0.004264741822727755,0.00216494735377917,0.5076385497104855,0.6699905173807887,584.5,
0.0011,1.6,4.0,8,2,jump,0.7383108892875443,0.004459602765465517,0.004264741822727755,0.00216494735377917,0.5076385497104855,0.6699905173807887,23.0,
0.0011,1.6,4.0,8,2,kmeans,0.7180069307731007,0.004459602765465517,0.004264741822727755,0.00216494735377917,0.5076385497104855,0.6699905173807887,0.5,
0.0012,1.6,2.0,20,2,vae,0.662057094841225,0.005079684937064278,0.004376187077343283,0.002415113916658767,0.5518762964139426,6.413779385992086,581.4,
0.0012,1.6,2.0,20,2,jump,0.5017962246786032,0.005079684937064278,0.004376187077343283,0.002415113916658767,0.5518762964139426,6.413779385992086,24.7,
0.0012,1.6,2.0,20,2,kmeans,0.7065060967196766,0.005079684937064278,0.004376187077343283,0.002415113916658767,0.5518762964139426,6.413779385992086,0.4,
0.0008,1.1,4.0,8,0,vae,0.6547037468607693,0.004269464851034585,0.003639373143727412,0.001589725899246502,0.436813109418706,2.2555372639256097,597.1,
0.0008,1.1,4.0,8,0,jump,0.6987968909319054,0.004269464851034585,0.003639373143727412,0.001589725899246502,0.436813109418706,2.2555372639256097,23.3,
0.0008,1.1,4.0,8,0,kmeans,0.5024139402560028,0.004269464851034585,0.003639373143727412,0.001589725899246502,0.436813109418706,2.2555372639256097,0.4,
0.0008,1.1,6.0,12,3,vae,0.6757931302562353,0.003918057725728113,0.0035454752843098554,0.0015876553464747125,0.44779760657216305,1.8551863104172792,584.0,
0.0008,1.1,6.0,12,3,jump,0.7210017361206387,0.003918057725728113,0.0035454752843098554,0.0015876553464747125,0.44779760657216305,1.8551863104172792,23.3,
0.0008,1.1,6.0,12,3,kmeans,0.6848438422755971,0.003918057725728113,0.0035454752843098554,0.0015876553464747125,0.44779760657216305,1.8551863104172792,0.4,
0.0011,1.1,2.0,20,4,vae,0.6774820105646671,0.006299035776766486,0.004045151614872835,0.0022617005454456914,0.5591139123512905,12.285865297534857,598.4,
0.0011,1.1,2.0,20,4,jump,0.5039855540999031,0.006299035776766486,0.004045151614872835,0.0022617005454456914,0.5591139123512905,12.285865297534857,23.2,
0.0011,1.1,2.0,20,4,kmeans,0.5030371686874702,0.006299035776766486,0.004045151614872835,0.0022617005454456914,0.5591139123512905,12.285865297534857,0.5,
0.0014,1.6,4.0,12,2,vae,0.7493465780659094,0.0045589810621657345,0.004367240342652788,0.0027642138238465302,0.6329429129076664,0.8486742498951347,600.7,
0.0014,1.6,4.0,12,2,jump,0.7508957422869471,0.0045589810621657345,0.004367240342652788,0.0027642138238465302,0.6329429129076664,0.8486742498951347,25.1,
0.0014,1.6,4.0,12,2,kmeans,0.7520780734046415,0.0045589810621657345,0.004367240342652788,0.0027642138238465302,0.6329429129076664,0.8486742498951347,0.3,
0.0005,0.8,2.75,20,3,vae,0.508310043722873,0.005087468813116868,0.0028826960154924785,0.0010184046109565931,0.3532819990326345,18.2397342979815,576.2,
0.0005,0.8,2.75,20,3,jump,0.5052663047068173,0.005087468813116868,0.0028826960154924785,0.0010184046109565931,0.3532819990326345,18.2397342979815,23.3,
0.0005,0.8,2.75,20,3,kmeans,0.5095560240293742,0.005087468813116868,0.0028826960154924785,0.0010184046109565931,0.3532819990326345,18.2397342979815,0.2,
0.0011,0.8,2.75,8,1,vae,0.6004345078975746,0.004452779478759648,0.003139344104657807,0.002175910589957312,0.6931099355209069,4.3644915897509104,596.3,
0.0011,0.8,2.75,8,1,jump,0.717476748593783,0.004452779478759648,0.003139344104657807,0.002175910589957312,0.6931099355209069,4.3644915897509104,26.2,
0.0011,0.8,2.75,8,1,kmeans,0.5039930625852196,0.004452779478759648,0.003139344104657807,0.002175910589957312,0.6931099355209069,4.3644915897509104,0.4,
0.0016,0.8,6.0,12,0,vae,0.8333859562601886,0.00345957894072264,0.0031694526875446715,0.003211944024383206,1.0134065218911508,2.3764594703718904,612.6,
0.0016,0.8,6.0,12,0,jump,0.8292765009991687,0.00345957894072264,0.0031694526875446715,0.003211944024383206,1.0134065218911508,2.3764594703718904,24.6,
0.0016,0.8,6.0,12,0,kmeans,0.8420932390895246,0.00345957894072264,0.0031694526875446715,0.003211944024383206,1.0134065218911508,2.3764594703718904,0.3,
0.001,0.8,6.0,12,4,vae,0.7623851232235647,0.003194775875675056,0.0027535131203753494,0.0019880058643811493,0.721988883826401,2.879237787818389,552.1,
0.001,0.8,6.0,12,4,jump,0.7624475297713353,0.003194775875675056,0.0027535131203753494,0.0019880058643811493,0.721988883826401,2.879237787818389,22.7,
0.001,0.8,6.0,12,4,kmeans,0.7705875068675219,0.003194775875675056,0.0027535131203753494,0.0019880058643811493,0.721988883826401,2.879237787818389,0.2,
0.0014,1.1,6.0,8,0,vae,0.7699221362422632,0.004091079901986426,0.0037762771975710222,0.0028365647941648716,0.7511537542819705,1.20494257144757,544.1,
0.0014,1.1,6.0,8,0,jump,0.7871954148195413,0.004091079901986426,0.0037762771975710222,0.0028365647941648716,0.7511537542819705,1.20494257144757,22.0,
0.0014,1.1,6.0,8,0,kmeans,0.7763953364798912,0.004091079901986426,0.0037762771975710222,0.0028365647941648716,0.7511537542819705,1.20494257144757,0.2,
0.0016,1.1,2.75,12,3,vae,0.7630820922166428,0.0051506383557335216,0.004116403370188077,0.00317428785634618,0.7711313908969879,4.472988600399287,609.6,
0.0016,1.1,2.75,12,3,jump,0.7773788099387929,0.0051506383557335216,0.004116403370188077,0.00317428785634618,0.7711313908969879,4.472988600399287,23.2,
0.0016,1.1,2.75,12,3,kmeans,0.7727894324526656,0.0051506383557335216,0.004116403370188077,0.00317428785634618,0.7711313908969879,4.472988600399287,0.4,
0.002,0.8,4.0,8,4,vae,0.837591226926137,0.004092020927752502,0.0036747858828475475,0.004002273771624817,1.0891175429583133,2.609548153163664,590.2,
0.002,0.8,4.0,8,4,jump,0.8195580259623245,0.004092020927752502,0.0036747858828475475,0.004002273771624817,1.0891175429583133,2.609548153163664,24.1,
0.002,0.8,4.0,8,4,kmeans,0.8440381725153518,0.004092020927752502,0.0036747858828475475,0.004002273771624817,1.0891175429583133,2.609548153163664,0.3,
0.0014,0.8,6.0,12,3,vae,0.8208932150614083,0.003388299893232142,0.0030199109001140785,0.0028000513905810046,0.9271966899669892,2.9033356059456032,584.2,
0.0014,0.8,6.0,12,3,jump,0.8193336166448069,0.003388299893232142,0.0030199109001140785,0.0028000513905810046,0.9271966899669892,2.9033356059456032,24.6,
0.0014,0.8,6.0,12,3,kmeans,0.829131796676363,0.003388299893232142,0.0030199109001140785,0.0028000513905810046,0.9271966899669892,2.9033356059456032,0.4,
0.0014,1.6,6.0,8,1,vae,0.7489904923107829,0.004428762312573618,0.0043193203728703845,0.0027694834875571324,0.6411850125663832,0.357081523607627,591.0,
0.0014,1.6,6.0,8,1,jump,0.7657867222401031,0.004428762312573618,0.0043193203728703845,0.0027694834875571324,0.6411850125663832,0.357081523607627,24.9,
0.0014,1.6,6.0,8,1,kmeans,0.7567153778670611,0.004428762312573618,0.0043193203728703845,0.0027694834875571324,0.6411850125663832,0.357081523607627,0.4,
0.0005,1.1,6.0,20,5,vae,0.5885057545792964,0.0038878946822171975,0.0034896576582565727,0.001020801965178659,0.29252209389749995,2.1838810889745837,586.7,
0.0005,1.1,6.0,20,5,jump,0.5025563322465849,0.0038878946822171975,0.0034896576582565727,0.001020801965178659,0.29252209389749995,2.1838810889745837,23.3,
0.0005,1.1,6.0,20,5,kmeans,0.6267347869633739,0.0038878946822171975,0.0034896576582565727,0.001020801965178659,0.29252209389749995,2.1838810889745837,0.6,
0.0016,1.6,6.0,8,3,vae,0.7895473969025903,0.004520877297582678,0.004416809173058414,0.0032107876926589785,0.7269473429470517,0.3136686637467747,596.7,
0.0016,1.6,6.0,8,3,jump,0.8008395015133423,0.004520877297582678,0.004416809173058414,0.0032107876926589785,0.7269473429470517,0.3136686637467747,23.3,
0.0016,1.6,6.0,8,3,kmeans,0.7934509144045379,0.004520877297582678,0.004416809173058414,0.0032107876926589785,0.7269473429470517,0.3136686637467747,0.2,
0.0011,0.8,2.0,8,3,vae,0.698509077710596,0.005175605952395924,0.0033741028231852226,0.0021898243357715104,0.6490093664970977,3.8429347233171898,595.9,
0.0011,0.8,2.0,8,3,jump,0.7373112498061731,0.005175605952395924,0.0033741028231852226,0.0021898243357715104,0.6490093664970977,3.8429347233171898,24.7,
0.0011,0.8,2.0,8,3,kmeans,0.5247014844690688,0.005175605952395924,0.0033741028231852226,0.0021898243357715104,0.6490093664970977,3.8429347233171898,0.5,
0.0011,1.6,6.0,8,1,vae,0.6904108468052503,0.004344022112419661,0.004231993980515566,0.0021694834875571325,0.5126386042951869,0.39509283358783787,606.4,
0.0011,1.6,6.0,8,1,jump,0.7138806405552718,0.004344022112419661,0.004231993980515566,0.0021694834875571325,0.5126386042951869,0.39509283358783787,23.6,
0.0011,1.6,6.0,8,1,kmeans,0.7108303237575291,0.004344022112419661,0.004231993980515566,0.0021694834875571325,0.5126386042951869,0.39509283358783787,0.8,
0.0008,1.1,4.0,20,3,vae,0.6774459919311109,0.004391290217856283,0.003646233388786197,0.0015994188223918296,0.43864960134223985,5.602382827623227,573.6,
0.0008,1.1,4.0,20,3,jump,0.5040690239842296,0.004391290217856283,0.003646233388786197,0.0015994188223918296,0.43864960134223985,5.602382827623227,23.1,
0.0008,1.1,4.0,20,3,kmeans,0.6793731455252523,0.004391290217856283,0.003646233388786197,0.0015994188223918296,0.43864960134223985,5.602382827623227,0.6,
0.0014,1.1,2.0,12,5,vae,0.5546320008658125,0.005839291568790295,0.004156642899945549,0.002787337758424821,0.670574265222864,5.456111071651248,539.0,
0.0014,1.1,2.0,12,5,jump,0.7160104950949031,0.005839291568790295,0.004156642899945549,0.002787337758424821,0.670574265222864,5.456111071651248,22.7,
0.0014,1.1,2.0,12,5,kmeans,0.5073219833126166,0.005839291568790295,0.004156642899945549,0.002787337758424821,0.670574265222864,5.456111071651248,0.2,
0.001,1.1,6.0,12,0,vae,0.7112335954849118,0.003988932872185178,0.003617370947105377,0.002037060302679727,0.5631328200691676,1.7223657176264817,603.9,
0.001,1.1,6.0,12,0,jump,0.7384246959614154,0.003988932872185178,0.003617370947105377,0.002037060302679727,0.5631328200691676,1.7223657176264817,24.7,
0.001,1.1,6.0,12,0,kmeans,0.7158075384035905,0.003988932872185178,0.003617370947105377,0.002037060302679727,0.5631328200691676,1.7223657176264817,0.8,
0.0014,1.6,4.0,12,5,vae,0.757739400040601,0.004578991573851797,0.0043644457844624835,0.002750189111471772,0.6301347862453698,0.8548346196103673,553.9,
0.0014,1.6,4.0,12,5,jump,0.7739931567511282,0.004578991573851797,0.0043644457844624835,0.002750189111471772,0.6301347862453698,0.8548346196103673,22.8,
0.0014,1.6,4.0,12,5,kmeans,0.7596820348387072,0.004578991573851797,0.0043644457844624835,0.002750189111471772,0.6301347862453698,0.8548346196103673,0.3,
0.0005,1.1,2.0,8,4,vae,0.5181339899898977,0.005159890440544293,0.0037981744105376734,0.0010643629831802491,0.2802301495758792,3.021874917840111,593.7,
0.0005,1.1,2.0,8,4,jump,0.512415791183949,0.005159890440544293,0.0037981744105376734,0.0010643629831802491,0.2802301495758792,3.021874917840111,24.6,
0.0005,1.1,2.0,8,4,kmeans,0.5054363137227686,0.005159890440544293,0.0037981744105376734,0.0010643629831802491,0.2802301495758792,3.021874917840111,0.3,
0.0011,0.8,6.0,20,3,vae,0.7821701860486336,0.0032915406492145544,0.0028244899051838245,0.0022000513905810048,0.7789198986136295,5.641767592597713,587.0,
0.0011,0.8,6.0,20,3,jump,0.7939808916572355,0.0032915406492145544,0.0028244899051838245,0.0022000513905810048,0.7789198986136295,5.641767592597713,25.9,
0.0011,0.8,6.0,20,3,kmeans,0.78841898458193,0.0032915406492145544,0.0028244899051838245,0.0022000513905810048,0.7789198986136295,5.641767592597713,0.2,
0.0011,0.8,6.0,12,1,vae,0.7679637090196207,0.0032567438525906486,0.00280721703424927,0.0022093263533816817,0.7870165813426387,3.481592505664074,575.9,
0.0011,0.8,6.0,12,1,jump,0.7700120795244582,0.0032567438525906486,0.00280721703424927,0.0022093263533816817,0.7870165813426387,3.481592505664074,25.1,
0.0011,0.8,6.0,12,1,kmeans,0.7807551253085202,0.0032567438525906486,0.00280721703424927,0.0022093263533816817,0.7870165813426387,3.481592505664074,0.3,
0.0011,1.1,4.0,8,2,vae,0.6986389629346912,0.004340967507401841,0.003723929236056798,0.002199163620218467,0.5905492507551303,2.128152490399536,584.7,
0.0011,1.1,4.0,8,2,jump,0.7417716257352125,0.004340967507401841,0.003723929236056798,0.002199163620218467,0.5905492507551303,2.128152490399536,24.3,
0.0011,1.1,4.0,8,2,kmeans,0.7309076307495632,0.004340967507401841,0.003723929236056798,0.002199163620218467,0.5905492507551303,2.128152490399536,0.4,
0.0005,0.8,2.75,8,2,vae,0.5070682161368945,0.004321710977725371,0.0028671148869630543,0.0010085337230089642,0.35175908980656073,4.634077374631266,596.9,
0.0005,0.8,2.75,8,2,jump,0.5135201236595316,0.004321710977725371,0.0028671148869630543,0.0010085337230089642,0.35175908980656073,4.634077374631266,25.4,
0.0005,0.8,2.75,8,2,kmeans,0.5094800194136289,0.004321710977725371,0.0028671148869630543,0.0010085337230089642,0.35175908980656073,4.634077374631266,0.4,
0.002,0.8,4.0,12,5,vae,0.7601220254505332,0.0042279878909065,0.003692038329899912,0.0040037741171424154,1.0844346020781843,4.544132169361631,597.4,
0.002,0.8,4.0,12,5,jump,0.8212312900926586,0.0042279878909065,0.003692038329899912,0.0040037741171424154,1.0844346020781843,4.544132169361631,24.2,
0.002,0.8,4.0,12,5,kmeans,0.8494371978541682,0.0042279878909065,0.003692038329899912,0.0040037741171424154,1.0844346020781843,4.544132169361631,0.2,
0.0014,1.1,4.0,20,1,vae,0.7364199798514176,0.004522979378791098,0.003880888303657933,0.002795232840480709,0.7202559367261513,5.176394884968982,599.3,
0.0014,1.1,4.0,20,1,jump,0.7539171609738782,0.004522979378791098,0.003880888303657933,0.002795232840480709,0.7202559367261513,5.176394884968982,22.7,
0.0014,1.1,4.0,20,1,kmeans,0.7524907409539061,0.004522979378791098,0.003880888303657933,0.002795232840480709,0.7202559367261513,5.176394884968982,0.4,
0.0014,1.6,2.75,12,1,vae,0.7437245788382296,0.004802976623439141,0.0044299317667166735,0.002775679312391677,0.6265738297023304,1.8935078546072415,589.4,
0.0014,1.6,2.75,12,1,jump,0.75559473541121,0.004802976623439141,0.0044299317667166735,0.002775679312391677,0.6265738297023304,1.8935078546072415,23.5,
0.0014,1.6,2.75,12,1,kmeans,0.7481477630608276,0.004802976623439141,0.0044299317667166735,0.002775679312391677,0.6265738297023304,1.8935078546072415,0.3,
0.0014,0.8,2.75,12,3,vae,0.768680471404762,0.004891797615443495,0.003355888951613984,0.0028179065173672543,0.8396900368267574,7.588302173696739,577.2,
0.0014,0.8,2.75,12,3,jump,0.7697005088751011,0.004891797615443495,0.003355888951613984,0.0028179065173672543,0.8396900368267574,7.588302173696739,23.5,
0.0014,0.8,2.75,12,3,kmeans,0.7758611915048699,0.004891797615443495,0.003355888951613984,0.0028179065173672543,0.8396900368267574,7.588302173696739,0.2,
0.0014,0.8,2.75,12,2,vae,0.7039436701156729,0.004887905612248568,0.003359015151051764,0.0028106086314068322,0.836735919612266,7.462562127921691,538.4,
0.0014,0.8,2.75,12,2,jump,0.7466704889511009,0.004887905612248568,0.003359015151051764,0.0028106086314068322,0.836735919612266,7.462562127921691,21.9,
0.0014,0.8,2.75,12,2,kmeans,0.7589665305706603,0.004887905612248568,0.003359015151051764,0.0028106086314068322,0.836735919612266,7.462562127921691,0.2,
0.0014,0.8,2.75,8,0,vae,0.7433360151834942,0.004513064742308998,0.0033431913985030198,0.0028110770529808336,0.8408364098566266,3.9316757991214866,558.2,
0.0014,0.8,2.75,8,0,jump,0.7803094878361807,0.004513064742308998,0.0033431913985030198,0.0028110770529808336,0.8408364098566266,3.9316757991214866,22.8,
0.0014,0.8,2.75,8,0,kmeans,0.7728758245618812,0.004513064742308998,0.0033431913985030198,0.0028110770529808336,0.8408364098566266,3.9316757991214866,0.6,
0.0011,0.8,6.0,20,4,vae,0.7758313278588472,0.003231566216220558,0.0028083912112315344,0.00218800586438115,0.779095823840606,3.0835843677663366,608.5,
0.0011,0.8,6.0,20,4,jump,0.7822139857986431,0.003231566216220558,0.0028083912112315344,0.00218800586438115,0.779095823840606,3.0835843677663366,23.2,
0.0011,0.8,6.0,20,4,kmeans,0.7843463846166869,0.003231566216220558,0.0028083912112315344,0.00218800586438115,0.779095823840606,3.0835843677663366,0.3,
0.002,1.6,6.0,20,4,vae,0.8243520935600726,0.004689036888756607,0.004640716626889203,0.004023230403771102,0.8669416228648248,0.2848770603813282,603.2,
0.002,1.6,6.0,20,4,jump,0.8181294793482856,0.004689036888756607,0.004640716626889203,0.004023230403771102,0.8669416228648248,0.2848770603813282,24.0,
0.002,1.6,6.0,20,4,kmeans,0.8332096609058128,0.004689036888756607,0.004640716626889203,0.004023230403771102,0.8669416228648248,0.2848770603813282,0.2,
0.0014,1.6,4.0,8,5,vae,0.7512055414562172,0.004561098078263757,0.004363635023315009,0.0027495419159396938,0.6301035492768813,0.6089544165913869,598.5,
0.0014,1.6,4.0,8,5,jump,0.7707383549178086,0.004561098078263757,0.004363635023315009,0.0027495419159396938,0.6301035492768813,0.6089544165913869,24.8,
0.0014,1.6,4.0,8,5,kmeans,0.7597597626444168,0.004561098078263757,0.004363635023315009,0.0027495419159396938,0.6301035492768813,0.6089544165913869,0.3,
0.0012,0.8,4.0,12,0,vae,0.745053308987364,0.0039144598257628265,0.0030193571109348345,0.0023984673908445165,0.7943636021583145,6.527580461284828,589.7,
0.0012,0.8,4.0,12,0,jump,0.7679363639704078,0.0039144598257628265,0.0030193571109348345,0.0023984673908445165,0.7943636021583145,6.527580461284828,24.6,
0.0012,0.8,4.0,12,0,kmeans,0.7612774236919457,0.0039144598257628265,0.0030193571109348345,0.0023984673908445165,0.7943636021583145,6.527580461284828,0.2,
0.0008,1.1,2.75,20,5,vae,0.5937473383629868,0.005215477214595685,0.003781720108368713,0.0015782230843558362,0.4173294265917052,10.8011155058994,596.1,
0.0008,1.1,2.75,20,5,jump,0.5008155415907,0.005215477214595685,0.003781720108368713,0.0015782230843558362,0.4173294265917052,10.8011155058994,22.4,
0.0008,1.1,2.75,20,5,kmeans,0.5249201268748331,0.005215477214595685,0.003781720108368713,0.0015782230843558362,0.4173294265917052,10.8011155058994,0.3,
0.0014,0.8,2.0,8,2,vae,0.5479050582227362,0.0052236419853820175,0.00355295333023311,0.00280020083324347,0.7881333000959369,3.6617738056372726,619.8,
0.0014,0.8,2.0,8,2,jump,0.7382001618415751,0.0052236419853820175,0.00355295333023311,0.00280020083324347,0.7881333000959369,3.6617738056372726,25.4,
0.0014,0.8,2.0,8,2,kmeans,0.5152034408440083,0.0052236419853820175,0.00355295333023311,0.00280020083324347,0.7881333000959369,3.6617738056372726,0.3,
0.0016,0.8,2.0,8,3,vae,0.7674223036843963,0.00530360740829592,0.0037279188691174926,0.0031898243357715104,0.8556581963723462,3.4584663201023575,596.7,
0.0016,0.8,2.0,8,3,jump,0.7980726381082346,0.00530360740829592,0.0037279188691174926,0.0031898243357715104,0.8556581963723462,3.4584663201023575,24.8,
0.0016,0.8,2.0,8,3,kmeans,0.7743005215572218,0.00530360740829592,0.0037279188691174926,0.0031898243357715104,0.8556581963723462,3.4584663201023575,0.3,
0.0014,1.1,6.0,8,3,vae,0.7888969775574131,0.004060801504788364,0.0037752624922786394,0.0027880143382936857,0.7384954937559641,1.065408117838608,585.1,
0.0014,1.1,6.0,8,3,jump,0.799170797201874,0.004060801504788364,0.0037752624922786394,0.0027880143382936857,0.7384954937559641,1.065408117838608,23.6,
0.0014,1.1,6.0,8,3,kmeans,0.7904215058644393,0.004060801504788364,0.0037752624922786394,0.0027880143382936857,0.7384954937559641,1.065408117838608,0.4,
0.0016,0.8,4.0,8,3,vae,0.8190968383264744,0.003905589722750639,0.0033102571603250064,0.0031824473471319934,0.9613897630900482,3.214863718006307,601.9,
0.0016,0.8,4.0,8,3,jump,0.8200308328552168,0.003905589722750639,0.0033102571603250064,0.0031824473471319934,0.9613897630900482,3.214863718006307,24.5,
0.0016,0.8,4.0,8,3,kmeans,0.8286090597689603,0.003905589722750639,0.0033102571603250064,0.0031824473471319934,0.9613897630900482,3.214863718006307,0.2,
0.0011,1.6,2.0,20,4,vae,0.7022535777852941,0.0051170086241263055,0.004363191935453663,0.0022037788560568834,0.5050840963813217,7.3958653508068455,585.2,
0.0011,1.6,2.0,20,4,jump,0.5021628566553716,0.0051170086241263055,0.004363191935453663,0.0022037788560568834,0.5050840963813217,7.3958653508068455,24.1,
0.0011,1.6,2.0,20,4,kmeans,0.7039364533445367,0.0051170086241263055,0.004363191935453663,0.0022037788560568834,0.5050840963813217,7.3958653508068455,0.5,
0.0011,1.6,4.0,20,5,vae,0.7022479505795244,0.004504612572212693,0.004265130669437321,0.002150189111471772,0.5041320602155048,1.279816254168808,537.6,
0.0011,1.6,4.0,20,5,jump,0.7383818143510985,0.004504612572212693,0.004265130669437321,0.002150189111471772,0.5041320602155048,1.279816254168808,22.0,
0.0011,1.6,4.0,20,5,kmeans,0.713468531685728,0.004504612572212693,0.004265130669437321,0.002150189111471772,0.5041320602155048,1.279816254168808,0.3,
0.0012,1.6,2.0,12,3,vae,0.7214738506968297,0.0049933153526746845,0.004394590239441562,0.0023996650659192944,0.546049787391379,3.045996220898977,565.1,
0.0012,1.6,2.0,12,3,jump,0.7525508647776289,0.0049933153526746845,0.004394590239441562,0.0023996650659192944,0.546049787391379,3.045996220898977,22.8,
0.0012,1.6,2.0,12,3,kmeans,0.7254551393212678,0.0049933153526746845,0.004394590239441562,0.0023996650659192944,0.546049787391379,3.045996220898977,0.5,
0.0014,1.6,6.0,8,0,vae,0.7633689736990641,0.004463046037621647,0.004346636257343098,0.0027686580456895184,0.6369656630485739,0.3910693381697934,619.6,
0.0014,1.6,6.0,8,0,jump,0.7792658161823959,0.004463046037621647,0.004346636257343098,0.0027686580456895184,0.6369656630485739,0.3910693381697934,25.9,
0.0014,1.6,6.0,8,0,kmeans,0.7658232252412297,0.004463046037621647,0.004346636257343098,0.0027686580456895184,0.6369656630485739,0.3910693381697934,0.4,
0.0008,0.8,2.0,12,5,vae,0.5043291425958621,0.0059384010225020925,0.0032515883582761923,0.0015953204667073046,0.4906280534086587,7.603304674195007,600.0,
0.0008,0.8,2.0,12,5,jump,0.5087667919277072,0.0059384010225020925,0.0032515883582761923,0.0015953204667073046,0.4906280534086587,7.603304674195007,23.4,
0.0008,0.8,2.0,12,5,kmeans,0.5088905080180515,0.0059384010225020925,0.0032515883582761923,0.0015953204667073046,0.4906280534086587,7.603304674195007,0.3,
0.002,1.6,2.0,8,2,vae,0.7763962505931756,0.005082179976025639,0.004723948172781468,0.004013529734462146,0.8496134139632131,1.1780312879364203,592.0,
0.002,1.6,2.0,8,2,jump,0.7966072020530934,0.005082179976025639,0.004723948172781468,0.004013529734462146,0.8496134139632131,1.1780312879364203,24.9,
0.002,1.6,2.0,8,2,kmeans,0.8053055692000237,0.005082179976025639,0.004723948172781468,0.004013529734462146,0.8496134139632131,1.1780312879364203,0.3,
0.001,0.8,4.0,12,0,vae,0.7094321326759224,0.003858214887464884,0.0029007478904824148,0.0019984673908445168,0.6889490111848905,6.920244322701098,584.5,
0.001,0.8,4.0,12,0,jump,0.5025472491141146,0.003858214887464884,0.0029007478904824148,0.0019984673908445168,0.6889490111848905,6.920244322701098,24.7,
0.001,0.8,4.0,12,0,kmeans,0.7264296748529373,0.003858214887464884,0.0029007478904824148,0.0019984673908445168,0.6889490111848905,6.920244322701098,0.4,
0.0016,0.8,4.0,20,5,vae,0.7756871586300438,0.004095329439712693,0.003331733845179245,0.0032038979705426547,0.9616308262973771,7.324159306577787,598.3,
0.0016,0.8,4.0,20,5,jump,0.798130322073288,0.004095329439712693,0.003331733845179245,0.0032038979705426547,0.9616308262973771,7.324159306577787,24.8,
0.0016,0.8,4.0,20,5,kmeans,0.8191590555855474,0.004095329439712693,0.003331733845179245,0.0032038979705426547,0.9616308262973771,7.324159306577787,0.5,
0.001,0.8,2.75,8,5,vae,0.5571419846062122,0.004420269174879596,0.00309371192135464,0.0020060466883355926,0.6484271125855853,4.505318914300406,620.9,
0.001,0.8,2.75,8,5,jump,0.6948030116442816,0.004420269174879596,0.00309371192135464,0.0020060466883355926,0.6484271125855853,4.505318914300406,25.5,
0.001,0.8,2.75,8,5,kmeans,0.5182160435954529,0.004420269174879596,0.00309371192135464,0.0020060466883355926,0.6484271125855853,4.505318914300406,0.2,
0.0012,0.8,2.75,12,0,vae,0.7276759283518135,0.004870869444860401,0.003224584756152408,0.0024127809457652905,0.7482454728974883,8.332192610124899,578.8,
0.0012,0.8,2.75,12,0,jump,0.5069394736167359,0.004870869444860401,0.003224584756152408,0.0024127809457652905,0.7482454728974883,8.332192610124899,22.3,
0.0012,0.8,2.75,12,0,kmeans,0.5021386990558055,0.004870869444860401,0.003224584756152408,0.0024127809457652905,0.7482454728974883,8.332192610124899,0.2,
0.0016,0.8,6.0,20,5,vae,0.83169492564707,0.003467357622077301,0.0031775394267125803,0.0031938921166873124,1.005146337394671,2.561590472472777,598.4,
0.0016,0.8,6.0,20,5,jump,0.8193568972660945,0.003467357622077301,0.0031775394267125803,0.0031938921166873124,1.005146337394671,2.561590472472777,25.4,
0.0016,0.8,6.0,20,5,kmeans,0.8394964438928518,0.003467357622077301,0.0031775394267125803,0.0031938921166873124,1.005146337394671,2.561590472472777,0.2,
0.0014,0.8,2.75,8,4,vae,0.7395110772672908,0.00452508313249279,0.003335113055458721,0.0027891982836580364,0.8363129636918416,3.9763276733998962,588.9,
0.0014,0.8,2.75,8,4,jump,0.7524376175663516,0.00452508313249279,0.003335113055458721,0.0027891982836580364,0.8363129636918416,3.9763276733998962,24.7,
0.0014,0.8,2.75,8,4,kmeans,0.7651618493854742,0.00452508313249279,0.003335113055458721,0.0027891982836580364,0.8363129636918416,3.9763276733998962,0.4,
0.0016,1.1,2.0,20,1,vae,0.5775043071944542,0.006459911617302173,0.00429503036566098,0.0031975673845511163,0.7444807399071857,12.25691419415351,570.5,
0.0016,1.1,2.0,20,1,jump,0.5005532150661914,0.006459911617302173,0.00429503036566098,0.0031975673845511163,0.7444807399071857,12.25691419415351,24.7,
0.0016,1.1,2.0,20,1,kmeans,0.5126245252916375,0.006459911617302173,0.00429503036566098,0.0031975673845511163,0.7444807399071857,12.25691419415351,0.4,
0.001,0.8,2.0,12,5,vae,0.5040586562359314,0.005967949689112644,0.0033606336140389304,0.001995320466707305,0.5937334133575057,7.4465541578061245,549.2,
0.001,0.8,2.0,12,5,jump,0.5242004042166094,0.005967949689112644,0.0033606336140389304,0.001995320466707305,0.5937334133575057,7.4465541578061245,21.7,
0.001,0.8,2.0,12,5,kmeans,0.5120949588835118,0.005967949689112644,0.0033606336140389304,0.001995320466707305,0.5937334133575057,7.4465541578061245,0.2,
0.0012,1.1,6.0,20,1,vae,0.7161358126228865,0.004016451791660094,0.0036771285660250645,0.0023416028762303686,0.6368020139044568,1.4856264689399294,555.4,
0.0012,1.1,6.0,20,1,jump,0.7459992209385574,0.004016451791660094,0.0036771285660250645,0.0023416028762303686,0.6368020139044568,1.4856264689399294,22.9,
0.0012,1.1,6.0,20,1,kmeans,0.7468663377551819,0.004016451791660094,0.0036771285660250645,0.0023416028762303686,0.6368020139044568,1.4856264689399294,0.4,
0.0014,1.1,2.0,20,0,vae,0.5688480603048438,0.006422705070714598,0.00419675256708536,0.002780039527781726,0.6624263602255828,12.308069777688843,614.0,
0.0014,1.1,2.0,20,0,jump,0.5046880590227257,0.006422705070714598,0.00419675256708536,0.002780039527781726,0.6624263602255828,12.308069777688843,23.7,
0.0014,1.1,2.0,20,0,kmeans,0.518013227524052,0.006422705070714598,0.00419675256708536,0.002780039527781726,0.6624263602255828,12.308069777688843,0.2,
0.0005,0.8,6.0,8,5,vae,0.5915909320868707,0.0031007150488202495,0.002574721203781459,0.0009938348919642822,0.3859970899003162,2.993139757902582,599.5,
0.0005,0.8,6.0,8,5,jump,0.5167527436074283,0.0031007150488202495,0.002574721203781459,0.0009938348919642822,0.3859970899003162,2.993139757902582,24.7,
0.0005,0.8,6.0,8,5,kmeans,0.5175970628975646,0.0031007150488202495,0.002574721203781459,0.0009938348919642822,0.3859970899003162,2.993139757902582,0.3,
0.0016,1.1,4.0,20,2,vae,0.7611042077919501,0.0046069490452904024,0.003973585856626159,0.0031980945702525026,0.804838421930538,4.036838685053328,592.3,
0.0016,1.1,4.0,20,2,jump,0.7830344122301662,0.0046069490452904024,0.003973585856626159,0.0031980945702525026,0.804838421930538,4.036838685053328,25.5,
0.0016,1.1,4.0,20,2,kmeans,0.7943377019198354,0.0046069490452904024,0.003973585856626159,0.0031980945702525026,0.804838421930538,4.036838685053328,0.3,
0.0016,0.8,2.75,8,2,vae,0.7585366910755058,0.004582506608937863,0.003500215133928068,0.0032085337230089643,0.9166675762035894,3.629295488284745,580.6,
0.0016,0.8,2.75,8,2,jump,0.7832112461364271,0.004582506608937863,0.003500215133928068,0.0032085337230089643,0.9166675762035894,3.629295488284745,23.9,
0.0016,0.8,2.75,8,2,kmeans,0.7911493814898372,0.004582506608937863,0.003500215133928068,0.0032085337230089643,0.9166675762035894,3.629295488284745,0.4,
0.0016,1.6,6.0,8,4,vae,0.784385987809901,0.0045270773462754875,0.004433018603422381,0.003223113617527189,0.7270697251391816,0.3101533254544657,587.5,
0.0016,1.6,6.0,8,4,jump,0.7927520072855467,0.0045270773462754875,0.004433018603422381,0.003223113617527189,0.7270697251391816,0.3101533254544657,25.4,
0.0016,1.6,6.0,8,4,kmeans,0.790057849478969,0.0045270773462754875,0.004433018603422381,0.003223113617527189,0.7270697251391816,0.3101533254544657,0.3,
0.0012,1.1,2.75,12,1,vae,0.5898113538925474,0.005026238857941426,0.0038974708886372143,0.0023488346204208355,0.6026561038002074,5.086866856540237,573.7,
0.0012,1.1,2.75,12,1,jump,0.5004457446877801,0.005026238857941426,0.0038974708886372143,0.0023488346204208355,0.6026561038002074,5.086866856540237,23.7,
0.0012,1.1,2.75,12,1,kmeans,0.697654119191078,0.005026238857941426,0.0038974708886372143,0.0023488346204208355,0.6026561038002074,5.086866856540237,0.2,
0.0011,1.6,2.75,20,1,vae,0.6981020249924583,0.004772847186815187,0.004323911102827108,0.0021765211005076095,0.5033686051233875,3.69740559003559,550.2,
0.0011,1.6,2.75,20,1,jump,0.7235752410859793,0.004772847186815187,0.004323911102827108,0.0021765211005076095,0.5033686051233875,3.69740559003559,21.4,
0.0011,1.6,2.75,20,1,kmeans,0.7000968378996013,0.004772847186815187,0.004323911102827108,0.0021765211005076095,0.5033686051233875,3.69740559003559,0.3,
0.0014,1.6,6.0,12,0,vae,0.7545598947430752,0.004466049770899476,0.0043466803425565755,0.0027695291264527365,0.637159604155246,0.4325929000140478,596.5,
0.0014,1.6,6.0,12,0,jump,0.7740385743244128,0.004466049770899476,0.0043466803425565755,0.0027695291264527365,0.637159604155246,0.4325929000140478,23.9,
0.0014,1.6,6.0,12,0,kmeans,0.7624608117925723,0.004466049770899476,0.0043466803425565755,0.0027695291264527365,0.637159604155246,0.4325929000140478,0.3,
0.0016,1.6,2.0,8,2,vae,0.7329130400490547,0.004938269157820882,0.004518948498667346,0.003213529734462146,0.7111233366367923,1.3554405595839132,612.5,
0.0016,1.6,2.0,8,2,jump,0.7637678266312903,0.004938269157820882,0.004518948498667346,0.003213529734462146,0.7111233366367923,1.3554405595839132,25.1,
0.0016,1.6,2.0,8,2,kmeans,0.7645210632702877,0.004938269157820882,0.004518948498667346,0.003213529734462146,0.7111233366367923,1.3554405595839132,0.3,
0.001,0.8,4.0,20,5,vae,0.7168955994694977,0.003901080464914586,0.0029087679234775826,0.0020038979705426546,0.6889164152177844,9.049652396386303,579.3,
0.001,0.8,4.0,20,5,jump,0.5006699720596155,0.003901080464914586,0.0029087679234775826,0.0020038979705426546,0.6889164152177844,9.049652396386303,24.3,
0.001,0.8,4.0,20,5,kmeans,0.7384506967165085,0.003901080464914586,0.0029087679234775826,0.0020038979705426546,0.6889164152177844,9.049652396386303,0.3,
0.001,1.1,6.0,20,3,vae,0.7221493959428991,0.003967471237180559,0.003607681983285857,0.001987928008505335,0.5510263980348792,1.9700638431493136,596.1,
0.001,1.1,6.0,20,3,jump,0.7424622898181839,0.003967471237180559,0.003607681983285857,0.001987928008505335,0.5510263980348792,1.9700638431493136,23.8,
0.001,1.1,6.0,20,3,kmeans,0.7216982212865031,0.003967471237180559,0.003607681983285857,0.001987928008505335,0.5510263980348792,1.9700638431493136,0.3,
0.0005,1.6,4.0,8,3,vae,0.5818454941158124,0.0043517651876844,0.004134161880421114,0.0009713132058662649,0.23494803395732652,0.720123967926809,553.7,
0.0005,1.6,4.0,8,3,jump,0.6062581959607165,0.0043517651876844,0.004134161880421114,0.0009713132058662649,0.23494803395732652,0.720123967926809,23.0,
0.0005,1.6,4.0,8,3,kmeans,0.5049659355273188,0.0043517651876844,0.004134161880421114,0.0009713132058662649,0.23494803395732652,0.720123967926809,0.4,
0.0012,1.1,2.0,12,1,vae,0.5965935837077487,0.005779807485827368,0.0040574648314972775,0.0023941874961805995,0.5900698085156542,5.640491743957293,614.3,
0.0012,1.1,2.0,12,1,jump,0.5262014263329751,0.005779807485827368,0.0040574648314972775,0.0023941874961805995,0.5900698085156542,5.640491743957293,26.1,
0.0012,1.1,2.0,12,1,kmeans,0.5140457976590758,0.005779807485827368,0.0040574648314972775,0.0023941874961805995,0.5900698085156542,5.640491743957293,0.4,
0.001,0.8,4.0,12,4,vae,0.7239981622837599,0.0038242761863018764,0.002896233454500313,0.0020027777431938453,0.6915111556638601,6.641408102030155,586.7,
0.001,0.8,4.0,12,4,jump,0.7443516821191163,0.0038242761863018764,0.002896233454500313,0.0020027777431938453,0.6915111556638601,6.641408102030155,24.4,
0.001,0.8,4.0,12,4,kmeans,0.7341569616830401,0.0038242761863018764,0.002896233454500313,0.0020027777431938453,0.6915111556638601,6.641408102030155,0.2,
0.0014,0.8,2.0,8,3,vae,0.7454520817524912,0.005247070226266642,0.003580533026105183,0.00278982433577151,0.7791645309319248,3.622856412112869,599.2,
0.0014,0.8,2.0,8,3,jump,0.7711337867999313,0.005247070226266642,0.003580533026105183,0.00278982433577151,0.7791645309319248,3.622856412112869,25.5,
0.0014,0.8,2.0,8,3,kmeans,0.5241601610044496,0.005247070226266642,0.003580533026105183,0.00278982433577151,0.7791645309319248,3.622856412112869,0.3,
0.0012,1.1,6.0,12,1,vae,0.7178719522382688,0.004014570831379125,0.0036769953272923254,0.0023416028762303686,0.6368250889115716,1.4056748161190935,586.0,
0.0012,1.1,6.0,12,1,jump,0.7505243727040107,0.004014570831379125,0.0036769953272923254,0.0023416028762303686,0.6368250889115716,1.4056748161190935,24.2,
0.0012,1.1,6.0,12,1,kmeans,0.7451575722454022,0.004014570831379125,0.0036769953272923254,0.0023416028762303686,0.6368250889115716,1.4056748161190935,0.5,
0.001,1.6,6.0,20,0,vae,0.6775152079191514,0.0043579765898609036,0.004225247679902494,0.0019695291264527365,0.4661334141003983,0.4879514258307478,599.9,
0.001,1.6,6.0,20,0,jump,0.701930521950173,0.0043579765898609036,0.004225247679902494,0.0019695291264527365,0.4661334141003983,0.4879514258307478,23.3,
0.001,1.6,6.0,20,0,kmeans,0.7033384357614321,0.0043579765898609036,0.004225247679902494,0.0019695291264527365,0.4661334141003983,0.4879514258307478,0.3,
0.0014,1.6,2.0,12,0,vae,0.7307429874743696,0.005059526327357332,0.004444747885017501,0.002784980728553352,0.6265778848652034,3.0749680701213364,544.0,
0.0014,1.6,2.0,12,0,jump,0.7338401887746668,0.005059526327357332,0.004444747885017501,0.002784980728553352,0.6265778848652034,3.0749680701213364,23.5,
0.0014,1.6,2.0,12,0,kmeans,0.7399673041905661,0.005059526327357332,0.004444747885017501,0.002784980728553352,0.6265778848652034,3.0749680701213364,0.4,
0.0014,0.8,6.0,20,2,vae,0.8005451940433364,0.003387498311133967,0.00300954183928821,0.002790571326181308,0.9272412464088917,2.848612357045444,573.0,
0.0014,0.8,6.0,20,2,jump,0.8134113332563516,0.003387498311133967,0.00300954183928821,0.002790571326181308,0.9272412464088917,2.848612357045444,25.2,
0.0014,0.8,6.0,20,2,kmeans,0.8247538838132935,0.003387498311133967,0.00300954183928821,0.002790571326181308,0.9272412464088917,2.848612357045444,0.4,
0.0005,0.8,2.0,20,5,vae,0.5064281135469559,0.006975456927065254,0.0031631475603863383,0.0009970018942750034,0.3151929763761107,15.894417553617789,576.5,
0.0005,0.8,2.0,20,5,jump,0.5026497897266735,0.006975456927065254,0.0031631475603863383,0.0009970018942750034,0.3151929763761107,15.894417553617789,24.2,
0.0005,0.8,2.0,20,5,kmeans,0.5112286660787851,0.006975456927065254,0.0031631475603863383,0.0009970018942750034,0.3151929763761107,15.894417553617789,0.3,
0.0012,0.8,2.0,20,2,vae,0.5119918098990807,0.007017418995310794,0.0034945170053933207,0.002410734279211838,0.6898619395731059,14.973862833122176,595.8,
0.0012,0.8,2.0,20,2,jump,0.5072858109435637,0.007017418995310794,0.0034945170053933207,0.002410734279211838,0.6898619395731059,14.973862833122176,23.8,
0.0012,0.8,2.0,20,2,kmeans,0.5016352261221451,0.007017418995310794,0.0034945170053933207,0.002410734279211838,0.6898619395731059,14.973862833122176,0.2,
0.0016,1.1,2.0,20,4,vae,0.73657742920564,0.00640923427072155,0.004323575350658865,0.0032617005454456914,0.7543989131468807,11.473131761274951,604.2,
0.0016,1.1,2.0,20,4,jump,0.503880652665427,0.00640923427072155,0.004323575350658865,0.0032617005454456914,0.7543989131468807,11.473131761274951,25.6,
0.0016,1.1,2.0,20,4,kmeans,0.7486750640645188,0.00640923427072155,0.004323575350658865,0.0032617005454456914,0.7543989131468807,11.473131761274951,0.4,
0.0016,1.6,6.0,20,3,vae,0.7880036010653462,0.004525037620273985,0.004417033959497529,0.00321080931532143,0.7269152432974918,0.3725247860949499,564.5,
0.0016,1.6,6.0,20,3,jump,0.8021502944266886,0.004525037620273985,0.004417033959497529,0.00321080931532143,0.7269152432974918,0.3725247860949499,23.0,
0.0016,1.6,6.0,20,3,kmeans,0.7927471588504519,0.004525037620273985,0.004417033959497529,0.00321080931532143,0.7269152432974918,0.3725247860949499,0.1,
0.002,1.1,4.0,12,0,vae,0.8006870805874282,0.004737133561223768,0.004255535463856247,0.003991020738914999,0.9378421993688305,2.7161989338849963,598.0,
0.002,1.1,4.0,12,0,jump,0.8193234848811268,0.004737133561223768,0.004255535463856247,0.003991020738914999,0.9378421993688305,2.7161989338849963,23.5,
0.002,1.1,4.0,12,0,kmeans,0.8268038970424441,0.004737133561223768,0.004255535463856247,0.003991020738914999,0.9378421993688305,2.7161989338849963,0.2,
0.001,0.8,2.0,8,3,vae,0.5261777237788442,0.00515544273717791,0.0033138551959159372,0.00198982433577151,0.600456030252562,3.907842154680316,606.3,
0.001,0.8,2.0,8,3,jump,0.7177306823081091,0.00515544273717791,0.0033138551959159372,0.00198982433577151,0.600456030252562,3.907842154680316,25.9,
0.001,0.8,2.0,8,3,kmeans,0.5203027593947336,0.00515544273717791,0.0033138551959159372,0.00198982433577151,0.600456030252562,3.907842154680316,0.3,
0.002,0.8,2.0,8,4,vae,0.7853247876086151,0.005416632448811504,0.0040630803247766285,0.004016135300674493,0.988445952245673,3.2016011196547316,614.9,
0.002,0.8,2.0,8,4,jump,0.7855114669354961,0.005416632448811504,0.0040630803247766285,0.004016135300674493,0.988445952245673,3.2016011196547316,24.8,
0.002,0.8,2.0,8,4,kmeans,0.8020744869025096,0.005416632448811504,0.0040630803247766285,0.004016135300674493,0.988445952245673,3.2016011196547316,0.2,
0.0005,1.6,4.0,8,5,vae,0.5677063621209588,0.004376390967251744,0.0041409101071501414,0.0009495419159396936,0.2293075414267294,0.7455444483549898,575.8,
0.0005,1.6,4.0,8,5,jump,0.5720380662922924,0.004376390967251744,0.0041409101071501414,0.0009495419159396936,0.2293075414267294,0.7455444483549898,23.8,
0.0005,1.6,4.0,8,5,kmeans,0.5146246347353477,0.004376390967251744,0.0041409101071501414,0.0009495419159396936,0.2293075414267294,0.7455444483549898,0.3,
0.0005,1.1,6.0,20,4,vae,0.6075951720365516,0.0038709860874923956,0.003476064726795584,0.0009965456257321037,0.2866878795582069,1.8105362317125016,587.9,
0.0005,1.1,6.0,20,4,jump,0.5066484736120862,0.0038709860874923956,0.003476064726795584,0.0009965456257321037,0.2866878795582069,1.8105362317125016,22.9,
0.0005,1.1,6.0,20,4,kmeans,0.5091983869433294,0.0038709860874923956,0.003476064726795584,0.0009965456257321037,0.2866878795582069,1.8105362317125016,0.4,
0.0016,0.8,4.0,12,2,vae,0.7883354143293025,0.004050177438486469,0.0033119101567644455,0.0031802428499592625,0.9602442999438684,5.782088421693679,556.0,
0.0016,0.8,4.0,12,2,jump,0.7914905840270011,0.004050177438486469,0.0033119101567644455,0.0031802428499592625,0.9602442999438684,5.782088421693679,25.6,
0.0016,0.8,4.0,12,2,kmeans,0.8109460037972238,0.004050177438486469,0.0033119101567644455,0.0031802428499592625,0.9602442999438684,5.782088421693679,0.3,
0.0005,1.6,4.0,12,4,vae,0.6007382263348707,0.004398671680761545,0.004141432972603373,0.0010298851531471895,0.24867845500823998,0.9532181080540023,599.8,
0.0005,1.6,4.0,12,4,jump,0.5740745009907602,0.004398671680761545,0.004141432972603373,0.0010298851531471895,0.24867845500823998,0.9532181080540023,24.1,
0.0005,1.6,4.0,12,4,kmeans,0.5046800808425447,0.004398671680761545,0.004141432972603373,0.0010298851531471895,0.24867845500823998,0.9532181080540023,0.6,
0.0014,1.6,2.75,12,0,vae,0.749584014437673,0.004788482660562831,0.0043857291076855286,0.0027674067128979274,0.6310026554189903,1.8725007974464853,577.8,
0.0014,1.6,2.75,12,0,jump,0.755877772178738,0.004788482660562831,0.0043857291076855286,0.0027674067128979274,0.6310026554189903,1.8725007974464853,24.9,
0.0014,1.6,2.75,12,0,kmeans,0.7541257943621802,0.004788482660562831,0.0043857291076855286,0.0027674067128979274,0.6310026554189903,1.8725007974464853,0.2,
0.0008,1.6,2.0,8,5,vae,0.578873230191497,0.004751027577179753,0.004268081758431115,0.0016029754452497728,0.3755728067025135,1.6618934972529624,566.6,
0.0008,1.6,2.0,8,5,jump,0.6602327095256666,0.004751027577179753,0.004268081758431115,0.0016029754452497728,0.3755728067025135,1.6618934972529624,23.9,
0.0008,1.6,2.0,8,5,kmeans,0.500220375539772,0.004751027577179753,0.004268081758431115,0.0016029754452497728,0.3755728067025135,1.6618934972529624,0.3,
0.0011,0.8,2.75,8,5,vae,0.5937539424247489,0.004443824478196154,0.0031515017376573537,0.002206046688335593,0.6999985632168625,4.405127548201209,572.9,
0.0011,0.8,2.75,8,5,jump,0.7153883524522923,0.004443824478196154,0.0031515017376573537,0.002206046688335593,0.6999985632168625,4.405127548201209,23.7,
0.0011,0.8,2.75,8,5,kmeans,0.5188726474330771,0.004443824478196154,0.0031515017376573537,0.002206046688335593,0.6999985632168625,4.405127548201209,0.2,
0.0005,1.1,2.0,12,3,vae,0.5184313154006971,0.0056353072597145875,0.0038127053804826944,0.001043526253102143,0.27369705995222504,6.027420180987113,583.6,
0.0005,1.1,2.0,12,3,jump,0.514560284316643,0.0056353072597145875,0.0038127053804826944,0.001043526253102143,0.27369705995222504,6.027420180987113,22.4,
0.0005,1.1,2.0,12,3,kmeans,0.5091527678408017,0.0056353072597145875,0.0038127053804826944,0.001043526253102143,0.27369705995222504,6.027420180987113,0.2,
0.0008,1.1,4.0,20,2,vae,0.6169793790744837,0.00439263405890778,0.003631115740533734,0.0015980945702525028,0.44011116264159633,4.9129585988074576,599.3,
0.0008,1.1,4.0,20,2,jump,0.5014602472568619,0.00439263405890778,0.003631115740533734,0.0015980945702525028,0.44011116264159633,4.9129585988074576,25.0,
0.0008,1.1,4.0,20,2,kmeans,0.674772135716478,0.00439263405890778,0.003631115740533734,0.0015980945702525028,0.44011116264159633,4.9129585988074576,0.5,
0.002,0.8,6.0,12,5,vae,0.8565481713873301,0.0036657767442155177,0.003537642372524008,0.003993892116687312,1.1289700020858193,1.7376093164965436,599.1,
0.002,0.8,6.0,12,5,jump,0.8396783958005531,0.0036657767442155177,0.003537642372524008,0.003993892116687312,1.1289700020858193,1.7376093164965436,25.0,
0.002,0.8,6.0,12,5,kmeans,0.8665237867898272,0.0036657767442155177,0.003537642372524008,0.003993892116687312,1.1289700020858193,1.7376093164965436,0.3,
0.0012,1.1,2.0,20,2,vae,0.5405995368437688,0.006350850557561346,0.00406128578801689,0.0023982815075508784,0.5905227144140354,13.055662075784948,602.2,
0.0012,1.1,2.0,20,2,jump,0.501753398732578,0.006350850557561346,0.00406128578801689,0.0023982815075508784,0.5905227144140354,13.055662075784948,25.2,
0.0012,1.1,2.0,20,2,kmeans,0.5002621057899169,0.006350850557561346,0.00406128578801689,0.0023982815075508784,0.5905227144140354,13.055662075784948,0.3,
0.0014,0.8,2.75,12,1,vae,0.5989589625638195,0.004933894244197042,0.0033599323056617797,0.002776363928908026,0.8263154362454297,7.820889431435559,603.8,
0.0014,0.8,2.75,12,1,jump,0.7518514665421945,0.004933894244197042,0.0033599323056617797,0.002776363928908026,0.8263154362454297,7.820889431435559,25.0,
0.0014,0.8,2.75,12,1,kmeans,0.7608277719426043,0.004933894244197042,0.0033599323056617797,0.002776363928908026,0.8263154362454297,7.820889431435559,0.2,
0.0016,1.1,2.0,8,0,vae,0.7374406634024212,0.0053682490447463874,0.004253307232732298,0.0031813352961633998,0.7479674338314211,2.519110431419249,587.5,
0.0016,1.1,2.0,8,0,jump,0.759624966082547,0.0053682490447463874,0.004253307232732298,0.0031813352961633998,0.7479674338314211,2.519110431419249,24.9,
0.0016,1.1,2.0,8,0,kmeans,0.7556781715380831,0.0053682490447463874,0.004253307232732298,0.0031813352961633998,0.7479674338314211,2.519110431419249,0.3,
0.002,0.8,2.75,8,0,vae,0.7832229799161159,0.004733210078058862,0.0038679677505462496,0.004011077052980833,1.0369985769437642,3.179692898206075,575.2,
0.002,0.8,2.75,8,0,jump,0.8217367748744171,0.004733210078058862,0.0038679677505462496,0.004011077052980833,1.0369985769437642,3.179692898206075,25.3,
0.002,0.8,2.75,8,0,kmeans,0.8295793883686948,0.004733210078058862,0.0038679677505462496,0.004011077052980833,1.0369985769437642,3.179692898206075,0.3,
0.002,0.8,4.0,8,0,vae,0.8381504461617538,0.004121959062794138,0.0036769709690404545,0.003997549136771629,1.0871853953785315,2.694118921645849,569.6,
0.002,0.8,4.0,8,0,jump,0.8351439465058278,0.004121959062794138,0.0036769709690404545,0.003997549136771629,1.0871853953785315,2.694118921645849,24.4,
0.002,0.8,4.0,8,0,kmeans,0.8489862289263486,0.004121959062794138,0.0036769709690404545,0.003997549136771629,1.0871853953785315,2.694118921645849,0.5,
0.0011,1.1,4.0,12,3,vae,0.733188869584417,0.004408400659163224,0.0037487120132771615,0.0021986169557895157,0.5864992957587752,3.391232480042386,591.4,
0.0011,1.1,4.0,12,3,jump,0.7573736457600078,0.004408400659163224,0.0037487120132771615,0.0021986169557895157,0.5864992957587752,3.391232480042386,24.6,
0.0011,1.1,4.0,12,3,kmeans,0.7323381740766477,0.004408400659163224,0.0037487120132771615,0.0021986169557895157,0.5864992957587752,3.391232480042386,0.3,
0.0011,1.1,2.75,20,1,vae,0.5930540098007102,0.005201820946480018,0.003860562459569822,0.0021502429572701357,0.5569766011530182,10.062905441268583,578.9,
0.0011,1.1,2.75,20,1,jump,0.5036001801368227,0.005201820946480018,0.003860562459569822,0.0021502429572701357,0.5569766011530182,10.062905441268583,22.7,
0.0011,1.1,2.75,20,1,kmeans,0.6908110480249368,0.005201820946480018,0.003860562459569822,0.0021502429572701357,0.5569766011530182,10.062905441268583,0.2,
0.0012,1.6,4.0,12,0,vae,0.7211931542462471,0.004542378887983569,0.00431444681210768,0.002406808602191275,0.5578487131738468,0.9316858997335453,595.8,
0.0012,1.6,4.0,12,0,jump,0.7413130879006427,0.004542378887983569,0.00431444681210768,0.002406808602191275,0.5578487131738468,0.9316858997335453,24.7,
0.0012,1.6,4.0,12,0,kmeans,0.738596400331698,0.004542378887983569,0.00431444681210768,0.002406808602191275,0.5578487131738468,0.9316858997335453,0.4,
0.0012,1.6,6.0,8,5,vae,0.7299710013646793,0.004389640352796825,0.004292338601003447,0.0023921437260109382,0.5573054570885232,0.37277541361212263,588.9,
0.0012,1.6,6.0,8,5,jump,0.7496665549179367,0.004389640352796825,0.004292338601003447,0.0023921437260109382,0.5573054570885232,0.37277541361212263,25.1,
0.0012,1.6,6.0,8,5,kmeans,0.7317358468152253,0.004389640352796825,0.004292338601003447,0.0023921437260109382,0.5573054570885232,0.37277541361212263,0.4,
0.0016,1.6,2.75,12,3,vae,0.7671889803026155,0.004859093797188301,0.004514608303221011,0.003243163266513065,0.7183709081027438,1.8575320179143846,581.1,
0.0016,1.6,2.75,12,3,jump,0.7857905289393697,0.004859093797188301,0.004514608303221011,0.003243163266513065,0.7183709081027438,1.8575320179143846,22.9,
0.0016,1.6,2.75,12,3,kmeans,0.7766110529368784,0.004859093797188301,0.004514608303221011,0.003243163266513065,0.7183709081027438,1.8575320179143846,0.5,
0.0008,0.8,2.0,8,0,vae,0.5166935343548147,0.005109968591401139,0.003187672682115246,0.001613122082997854,0.5060501010810914,3.9909297866277953,585.7,
0.0008,0.8,2.0,8,0,jump,0.5438428029308121,0.005109968591401139,0.003187672682115246,0.001613122082997854,0.5060501010810914,3.9909297866277953,25.7,
0.0008,0.8,2.0,8,0,kmeans,0.5107330812721648,0.005109968591401139,0.003187672682115246,0.001613122082997854,0.5060501010810914,3.9909297866277953,0.3,
0.0008,0.8,2.75,8,2,vae,0.5688970619360982,0.004366980291466347,0.002977425865882205,0.0016085337230089644,0.5402430809246561,4.440717214898182,577.9,
0.0008,0.8,2.75,8,2,jump,0.6697898606580219,0.004366980291466347,0.002977425865882205,0.0016085337230089644,0.5402430809246561,4.440717214898182,25.8,
0.0008,0.8,2.75,8,2,kmeans,0.5114349975990969,0.004366980291466347,0.002977425865882205,0.0016085337230089644,0.5402430809246561,4.440717214898182,0.5,
0.0011,0.8,2.0,20,4,vae,0.5152415060355947,0.006955391841432335,0.0034141797979381624,0.0022232248917752016,0.6511739344008235,15.439082757863513,593.4,
0.0011,0.8,2.0,20,4,jump,0.5048434265042979,0.006955391841432335,0.0034141797979381624,0.0022232248917752016,0.6511739344008235,15.439082757863513,24.5,
0.0011,0.8,2.0,20,4,kmeans,0.502472618064043,0.006955391841432335,0.0034141797979381624,0.0022232248917752016,0.6511739344008235,15.439082757863513,0.5,
0.0012,0.8,6.0,12,0,vae,0.7918671722562632,0.0032939455384262428,0.0028798808923013062,0.0024119440243832056,0.8375152010039647,2.9855938828776685,603.4,
0.0012,0.8,6.0,12,0,jump,0.7999568605712394,0.0032939455384262428,0.0028798808923013062,0.0024119440243832056,0.8375152010039647,2.9855938828776685,24.1,
0.0012,0.8,6.0,12,0,kmeans,0.7973877376198758,0.0032939455384262428,0.0028798808923013062,0.0024119440243832056,0.8375152010039647,2.9855938828776685,0.3,
0.0011,1.1,2.0,12,5,vae,0.5376363478593875,0.005775322900229278,0.0040178603371296175,0.0021873377584248213,0.5444036315078756,5.712290667728356,584.3,
0.0011,1.1,2.0,12,5,jump,0.5224067810666272,0.005775322900229278,0.0040178603371296175,0.0021873377584248213,0.5444036315078756,5.712290667728356,22.8,
0.0011,1.1,2.0,12,5,kmeans,0.5089940917261753,0.005775322900229278,0.0040178603371296175,0.0021873377584248213,0.5444036315078756,5.712290667728356,0.4,
0.0012,0.8,2.75,20,4,vae,0.7119211394961344,0.005236660873757472,0.003221114132359107,0.002392590140319994,0.7427834103374935,17.002750637697627,575.2,
0.0012,0.8,2.75,20,4,jump,0.5050547202463651,0.005236660873757472,0.003221114132359107,0.002392590140319994,0.7427834103374935,17.002750637697627,23.4,
0.0012,0.8,2.75,20,4,kmeans,0.5005142511660529,0.005236660873757472,0.003221114132359107,0.002392590140319994,0.7427834103374935,17.002750637697627,0.2,
0.0016,1.1,2.0,12,4,vae,0.7461254809266499,0.005884290105846643,0.004306887949298764,0.0032616562731325825,0.7573116160738838,5.201571261542492,566.8,
0.0016,1.1,2.0,12,4,jump,0.7422189030783989,0.005884290105846643,0.004306887949298764,0.0032616562731325825,0.7573116160738838,5.201571261542492,22.3,
0.0016,1.1,2.0,12,4,kmeans,0.7555249756467377,0.005884290105846643,0.004306887949298764,0.0032616562731325825,0.7573116160738838,5.201571261542492,0.2,
0.0014,1.1,2.0,12,1,vae,0.6416225166666132,0.00582524615218582,0.004155331636820503,0.0027941874961805997,0.6724342941538601,5.460471532249931,566.3,
0.0014,1.1,2.0,12,1,jump,0.716767192966864,0.00582524615218582,0.004155331636820503,0.0027941874961805997,0.6724342941538601,5.460471532249931,24.3,
0.0014,1.1,2.0,12,1,kmeans,0.510362059465622,0.00582524615218582,0.004155331636820503,0.0027941874961805997,0.6724342941538601,5.460471532249931,0.4,
0.0005,1.6,2.0,12,4,vae,0.5880523469764833,0.004868285364970179,0.004227735845237743,0.0010041141439865561,0.23750635818877436,3.295206310307078,581.6,
0.0005,1.6,2.0,12,4,jump,0.5013191125250591,0.004868285364970179,0.004227735845237743,0.0010041141439865561,0.23750635818877436,3.295206310307078,23.9,
0.0005,1.6,2.0,12,4,kmeans,0.5077039217247189,0.004868285364970179,0.004227735845237743,0.0010041141439865561,0.23750635818877436,3.295206310307078,0.2,
0.0008,1.6,2.75,20,5,vae,0.6482807986223846,0.004648769878556923,0.004234554131902924,0.00166434391561049,0.39303876246885217,3.1329966098776563,605.3,
0.0008,1.6,2.75,20,5,jump,0.5004058896383632,0.004648769878556923,0.004234554131902924,0.00166434391561049,0.39303876246885217,3.1329966098776563,22.9,
0.0008,1.6,2.75,20,5,kmeans,0.6612793932780417,0.004648769878556923,0.004234554131902924,0.00166434391561049,0.39303876246885217,3.1329966098776563,0.4,
0.0011,0.8,4.0,8,1,vae,0.7208114619382222,0.003760721489250571,0.0029316180287724297,0.0021689020998242,0.739831068896924,4.018983866193793,581.5,
0.0011,0.8,4.0,8,1,jump,0.7591546347917619,0.003760721489250571,0.0029316180287724297,0.0021689020998242,0.739831068896924,4.018983866193793,23.9,
0.0011,0.8,4.0,8,1,kmeans,0.7577309561844123,0.003760721489250571,0.0029316180287724297,0.0021689020998242,0.739831068896924,4.018983866193793,0.2,
0.0005,1.1,2.75,20,0,vae,0.539600308920807,0.005155912893984117,0.003707394859836676,0.0009866273686845038,0.26612416696503927,11.494145736953513,585.3,
0.0005,1.1,2.75,20,0,jump,0.50083298653489,0.005155912893984117,0.003707394859836676,0.0009866273686845038,0.26612416696503927,11.494145736953513,24.4,
0.0005,1.1,2.75,20,0,kmeans,0.509461757644706,0.005155912893984117,0.003707394859836676,0.0009866273686845038,0.26612416696503927,11.494145736953513,0.6,
0.0012,1.6,4.0,20,5,vae,0.7266945061890866,0.004529342443415605,0.004296629744075959,0.002350189111471772,0.5469843229363966,1.2483821442481604,590.6,
0.0012,1.6,4.0,20,5,jump,0.7468299302803196,0.004529342443415605,0.004296629744075959,0.002350189111471772,0.5469843229363966,1.2483821442481604,26.7,
0.0012,1.6,4.0,20,5,kmeans,0.7297413401138235,0.004529342443415605,0.004296629744075959,0.002350189111471772,0.5469843229363966,1.2483821442481604,0.6,
0.0016,1.6,2.75,20,3,vae,0.7627527416273469,0.004877852559386308,0.004515551445910715,0.0032435626635500584,0.718309314466438,2.4814848049232427,614.4,
0.0016,1.6,2.75,20,3,jump,0.7881709001089117,0.004877852559386308,0.004515551445910715,0.0032435626635500584,0.718309314466438,2.4814848049232427,25.4,
0.0016,1.6,2.75,20,3,kmeans,0.7749471655079644,0.004877852559386308,0.004515551445910715,0.0032435626635500584,0.718309314466438,2.4814848049232427,0.2,
0.0008,0.8,6.0,20,1,vae,0.7156488216813242,0.0031694867205318933,0.002654323916371922,0.001609695771752118,0.6064428541759666,4.09750995572645,577.0,
0.0008,0.8,6.0,20,1,jump,0.7203813753188881,0.0031694867205318933,0.002654323916371922,0.001609695771752118,0.6064428541759666,4.09750995572645,24.1,
0.0008,0.8,6.0,20,1,kmeans,0.7275321200261282,0.0031694867205318933,0.002654323916371922,0.001609695771752118,0.6064428541759666,4.09750995572645,0.2,
0.0016,0.8,6.0,20,0,vae,0.8310807499337808,0.003465778546197874,0.0031695478076427517,0.0032118565432238677,1.013348508414701,2.7726674656015273,598.2,
0.0016,0.8,6.0,20,0,jump,0.8301756092478922,0.003465778546197874,0.0031695478076427517,0.0032118565432238677,1.013348508414701,2.7726674656015273,24.6,
0.0016,0.8,6.0,20,0,kmeans,0.8391000698192077,0.003465778546197874,0.0031695478076427517,0.0032118565432238677,1.013348508414701,2.7726674656015273,0.2,
0.0011,0.8,2.0,8,1,vae,0.5287117698879056,0.005172894980736306,0.0033513946273595286,0.0021698638816950804,0.6474510235175308,3.9144165206926766,617.2,
0.0011,0.8,2.0,8,1,jump,0.5886868194311847,0.005172894980736306,0.0033513946273595286,0.0021698638816950804,0.6474510235175308,3.9144165206926766,24.8,
0.0011,0.8,2.0,8,1,kmeans,0.500488146537029,0.005172894980736306,0.0033513946273595286,0.0021698638816950804,0.6474510235175308,3.9144165206926766,0.2,
0.002,0.8,4.0,12,1,vae,0.8324136444268367,0.004217722316724909,0.003644818120608878,0.003967718436175848,1.0885916127724444,4.5592597277898035,584.9,
0.002,0.8,4.0,12,1,jump,0.8102177421003269,0.004217722316724909,0.003644818120608878,0.003967718436175848,1.0885916127724444,4.5592597277898035,23.7,
0.002,0.8,4.0,12,1,kmeans,0.840664611067437,0.004217722316724909,0.003644818120608878,0.003967718436175848,1.0885916127724444,4.5592597277898035,0.2,
0.0012,0.8,2.0,20,4,vae,0.5191869066199929,0.006972079099450538,0.0034801011976716557,0.0024232248917752013,0.6963087433769017,15.290118274688755,571.7,
0.0012,0.8,2.0,20,4,jump,0.5051948423074489,0.006972079099450538,0.0034801011976716557,0.0024232248917752013,0.6963087433769017,15.290118274688755,22.1,
0.0012,0.8,2.0,20,4,kmeans,0.5025238580722414,0.006972079099450538,0.0034801011976716557,0.0024232248917752013,0.6963087433769017,15.290118274688755,0.4,
0.0011,1.6,2.0,20,3,vae,0.714609412512975,0.005095490349653551,0.004365180572435474,0.002199144971242877,0.503792439911805,6.608819286589316,580.8,
0.0011,1.6,2.0,20,3,jump,0.5030438591877618,0.005095490349653551,0.004365180572435474,0.002199144971242877,0.503792439911805,6.608819286589316,23.8,
0.0011,1.6,2.0,20,3,kmeans,0.7137614609258293,0.005095490349653551,0.004365180572435474,0.002199144971242877,0.503792439911805,6.608819286589316,0.2,
0.001,1.6,6.0,12,3,vae,0.7070996823100719,0.004349436733335741,0.004214586611814604,0.00201080931532143,0.4771071282969006,0.47163804104497187,581.1,
0.001,1.6,6.0,12,3,jump,0.7421573741424697,0.004349436733335741,0.004214586611814604,0.00201080931532143,0.4771071282969006,0.47163804104497187,22.4,
0.001,1.6,6.0,12,3,kmeans,0.7114151384063605,0.004349436733335741,0.004214586611814604,0.00201080931532143,0.4771071282969006,0.47163804104497187,0.2,
0.002,1.1,2.75,12,0,vae,0.7689333067452582,0.005293471492539632,0.004377078971418178,0.003989846295448211,0.9115317136157352,4.064280668631718,586.2,
0.002,1.1,2.75,12,0,jump,0.7923050391588706,0.005293471492539632,0.004377078971418178,0.003989846295448211,0.9115317136157352,4.064280668631718,21.1,
0.002,1.1,2.75,12,0,kmeans,0.7965378992766867,0.005293471492539632,0.004377078971418178,0.003989846295448211,0.9115317136157352,4.064280668631718,0.1,
0.0008,1.1,6.0,20,5,vae,0.6730539150799308,0.003938336068865673,0.0035682583272404157,0.001620801965178659,0.4542277538611222,2.0757110247316497,582.1,
0.0008,1.1,6.0,20,5,jump,0.704200391408732,0.003938336068865673,0.0035682583272404157,0.001620801965178659,0.4542277538611222,2.0757110247316497,22.5,
0.0008,1.1,6.0,20,5,kmeans,0.6894578041278507,0.003938336068865673,0.0035682583272404157,0.001620801965178659,0.4542277538611222,2.0757110247316497,0.5,
0.002,1.6,6.0,12,0,vae,0.8167025810097538,0.004687846622127884,0.004621878250949614,0.003969529126452737,0.858856272476921,0.3119019937330436,609.2,
0.002,1.6,6.0,12,0,jump,0.8238044302278564,0.004687846622127884,0.004621878250949614,0.003969529126452737,0.858856272476921,0.3119019937330436,24.1,
0.002,1.6,6.0,12,0,kmeans,0.8243436030590718,0.004687846622127884,0.004621878250949614,0.003969529126452737,0.858856272476921,0.3119019937330436,0.3,
0.001,1.6,2.0,20,5,vae,0.6108181575996501,0.005076720288612427,0.0043379203432733085,0.0020001957682170236,0.46109555038710454,7.05061414086383,605.0,
0.001,1.6,2.0,20,5,jump,0.5010450827677054,0.005076720288612427,0.0043379203432733085,0.0020001957682170236,0.46109555038710454,7.05061414086383,23.3,
0.001,1.6,2.0,20,5,kmeans,0.6809063446382062,0.005076720288612427,0.0043379203432733085,0.0020001957682170236,0.46109555038710454,7.05061414086383,0.4,
0.0005,1.1,2.0,20,4,vae,0.5368130091706907,0.006217493863645808,0.003849043223557852,0.0010617005454456913,0.27583492410467436,12.921808558179249,618.4,
0.0005,1.1,2.0,20,4,jump,0.5011144726797802,0.006217493863645808,0.003849043223557852,0.0010617005454456913,0.27583492410467436,12.921808558179249,25.9,
0.0005,1.1,2.0,20,4,kmeans,0.5014063936403715,0.006217493863645808,0.003849043223557852,0.0010617005454456913,0.27583492410467436,12.921808558179249,0.2,
0.0005,1.1,2.0,8,5,vae,0.5040080250957548,0.005146725194103312,0.003787451804459358,0.0009918965657927006,0.26189021458301814,3.0436579201030822,580.2,
0.0005,1.1,2.0,8,5,jump,0.5055211557316212,0.005146725194103312,0.003787451804459358,0.0009918965657927006,0.26189021458301814,3.0436579201030822,23.7,
0.0005,1.1,2.0,8,5,kmeans,0.5057304444525561,0.005146725194103312,0.003787451804459358,0.0009918965657927006,0.26189021458301814,3.0436579201030822,0.4,
0.0011,1.1,2.75,20,3,vae,0.7118308523951362,0.0052383307986007465,0.0038644436543261063,0.002175974130554129,0.5630756520717294,10.552125476572659,599.0,
0.0011,1.1,2.75,20,3,jump,0.5031247547746122,0.0052383307986007465,0.0038644436543261063,0.002175974130554129,0.5630756520717294,10.552125476572659,26.0,
0.0011,1.1,2.75,20,3,kmeans,0.7152202352809789,0.0052383307986007465,0.0038644436543261063,0.002175974130554129,0.5630756520717294,10.552125476572659,0.2,
0.002,1.6,4.0,20,5,vae,0.8162009962607402,0.004798127974978929,0.004641092423785375,0.003950189111471773,0.8511334726339953,0.9351160316947311,601.7,
0.002,1.6,4.0,20,5,jump,0.8113011426547784,0.004798127974978929,0.004641092423785375,0.003950189111471773,0.8511334726339953,0.9351160316947311,25.0,
0.002,1.6,4.0,20,5,kmeans,0.8195005856401921,0.004798127974978929,0.004641092423785375,0.003950189111471773,0.8511334726339953,0.9351160316947311,0.2,
0.0011,1.6,2.75,12,5,vae,0.7060429246403708,0.004682945400420492,0.004315433700825719,0.0022639252116985653,0.5246112832796814,1.9570652023449329,584.8,
0.0011,1.6,2.75,12,5,jump,0.7355481915597369,0.004682945400420492,0.004315433700825719,0.0022639252116985653,0.5246112832796814,1.9570652023449329,23.9,
0.0011,1.6,2.75,12,5,kmeans,0.7227205020175609,0.004682945400420492,0.004315433700825719,0.0022639252116985653,0.5246112832796814,1.9570652023449329,0.2,
0.0011,1.1,2.75,20,2,vae,0.5645111500513047,0.005237827851193539,0.0038776788406982452,0.0022189872493204427,0.5722462690904218,9.407798481367571,566.6,
0.0011,1.1,2.75,20,2,jump,0.5008296833277047,0.005237827851193539,0.0038776788406982452,0.0022189872493204427,0.5722462690904218,9.407798481367571,26.1,
0.0011,1.1,2.75,20,2,kmeans,0.6981169414032355,0.005237827851193539,0.0038776788406982452,0.0022189872493204427,0.5722462690904218,9.407798481367571,0.3,
0.002,1.6,2.0,12,2,vae,0.7662996775598774,0.005214991387342171,0.004734075782599021,0.004013794030315842,0.8478516641134667,2.4789192276047283,567.7,
0.002,1.6,2.0,12,2,jump,0.7923032919797198,0.005214991387342171,0.004734075782599021,0.004013794030315842,0.8478516641134667,2.4789192276047283,23.3,
0.002,1.6,2.0,12,2,kmeans,0.8008599359959861,0.005214991387342171,0.004734075782599021,0.004013794030315842,0.8478516641134667,2.4789192276047283,0.4,
0.002,0.8,6.0,12,1,vae,0.8532448085173809,0.003662284294510485,0.003510972117351061,0.004009326353381682,1.1419419520786787,2.03107874614708,566.4,
0.002,0.8,6.0,12,1,jump,0.8332678495902154,0.003662284294510485,0.003510972117351061,0.004009326353381682,1.1419419520786787,2.03107874614708,23.6,
0.002,0.8,6.0,12,1,kmeans,0.861153423747723,0.003662284294510485,0.003510972117351061,0.004009326353381682,1.1419419520786787,2.03107874614708,0.2,
0.0008,1.1,4.0,8,5,vae,0.620670977477988,0.004245131897645168,0.003659837423125917,0.001613956429103365,0.44099129073467497,2.120726381798079,574.1,
0.0008,1.1,4.0,8,5,jump,0.6855920265199908,0.004245131897645168,0.003659837423125917,0.001613956429103365,0.44099129073467497,2.120726381798079,23.7,
0.0008,1.1,4.0,8,5,kmeans,0.6761825593212849,0.004245131897645168,0.003659837423125917,0.001613956429103365,0.44099129073467497,2.120726381798079,0.3,
0.0008,1.1,2.0,20,1,vae,0.5448551083888017,0.006306126797442312,0.003906967991915084,0.0015975673845511165,0.4089020918157138,13.47173297115376,578.8,
0.0008,1.1,2.0,20,1,jump,0.501308204104493,0.006306126797442312,0.003906967991915084,0.0015975673845511165,0.4089020918157138,13.47173297115376,23.4,
0.0008,1.1,2.0,20,1,kmeans,0.5137638223600239,0.006306126797442312,0.003906967991915084,0.0015975673845511165,0.4089020918157138,13.47173297115376,0.4,
0.0005,0.8,2.75,8,1,vae,0.5031122036874381,0.004346065079474128,0.0028708645985788457,0.0009759105899573117,0.3399361260159791,4.814781444654841,604.3,
0.0005,0.8,2.75,8,1,jump,0.5207647098473372,0.004346065079474128,0.0028708645985788457,0.0009759105899573117,0.3399361260159791,4.814781444654841,24.0,
0.0005,0.8,2.75,8,1,kmeans,0.5059895513559182,0.004346065079474128,0.0028708645985788457,0.0009759105899573117,0.3399361260159791,4.814781444654841,0.4,
0.002,1.1,6.0,8,3,vae,0.8442537435188895,0.004303420778099917,0.004129959815734595,0.003988014338293686,0.9656303005903071,0.7666346747939867,603.9,
0.002,1.1,6.0,8,3,jump,0.8347615106368584,0.004303420778099917,0.004129959815734595,0.003988014338293686,0.9656303005903071,0.7666346747939867,25.2,
0.002,1.1,6.0,8,3,kmeans,0.8499980412011898,0.004303420778099917,0.004129959815734595,0.003988014338293686,0.9656303005903071,0.7666346747939867,0.2,
0.002,0.8,6.0,20,1,vae,0.8545613769319192,0.003664416295530779,0.003510991929955177,0.004009695771752118,1.1420407257396652,2.155391550487243,616.9,
0.002,0.8,6.0,20,1,jump,0.8333895372946726,0.003664416295530779,0.003510991929955177,0.004009695771752118,1.1420407257396652,2.155391550487243,25.5,
0.002,0.8,6.0,20,1,kmeans,0.861923115362115,0.003664416295530779,0.003510991929955177,0.004009695771752118,1.1420407257396652,2.155391550487243,0.3,
0.0011,1.6,4.0,12,5,vae,0.7011788130171581,0.004498544816410197,0.004264904170082792,0.002150189111471772,0.5041588335219339,0.9305749448604108,590.6,
0.0011,1.6,4.0,12,5,jump,0.7433521513071399,0.004498544816410197,0.004264904170082792,0.002150189111471772,0.5041588335219339,0.9305749448604108,24.5,
0.0011,1.6,4.0,12,5,kmeans,0.7140408036558805,0.004498544816410197,0.004264904170082792,0.002150189111471772,0.5041588335219339,0.9305749448604108,0.4,
0.001,0.8,2.75,12,0,vae,0.6228969766075192,0.004825518778689382,0.003093534649825951,0.0020127809457652903,0.6506411511758996,8.658319991222188,592.2,
0.001,0.8,2.75,12,0,jump,0.5051093392241399,0.004825518778689382,0.003093534649825951,0.0020127809457652903,0.6506411511758996,8.658319991222188,23.0,
0.001,0.8,2.75,12,0,kmeans,0.500801223702388,0.004825518778689382,0.003093534649825951,0.0020127809457652903,0.6506411511758996,8.658319991222188,0.2,
0.0014,1.1,4.0,8,3,vae,0.7658778469027685,0.004407736997415833,0.003884570338834488,0.002799264887005323,0.7206111983662018,1.8336633802399573,583.4,
0.0014,1.1,4.0,8,3,jump,0.7770316138511351,0.004407736997415833,0.003884570338834488,0.002799264887005323,0.7206111983662018,1.8336633802399573,24.7,
0.0014,1.1,4.0,8,3,kmeans,0.7701148308749473,0.004407736997415833,0.003884570338834488,0.002799264887005323,0.7206111983662018,1.8336633802399573,0.2,
0.0008,1.6,2.75,20,3,vae,0.6570711695699283,0.004673084096821671,0.00423849372539939,0.0016435626635500583,0.3877704604588477,2.904695190897736,608.7,
0.0008,1.6,2.75,20,3,jump,0.5029578162461652,0.004673084096821671,0.00423849372539939,0.0016435626635500583,0.3877704604588477,2.904695190897736,24.6,
0.0008,1.6,2.75,20,3,kmeans,0.6573451009740758,0.004673084096821671,0.00423849372539939,0.0016435626635500583,0.3877704604588477,2.904695190897736,0.4,
0.0011,1.6,4.0,8,4,vae,0.714790820095881,0.0044996782199734145,0.004263924533721328,0.0022303374817213397,0.5230715187575843,0.6992523064129088,563.4,
0.0011,1.6,4.0,8,4,jump,0.7206302999288503,0.0044996782199734145,0.004263924533721328,0.0022303374817213397,0.5230715187575843,0.6992523064129088,25.3,
0.0011,1.6,4.0,8,4,kmeans,0.7147254418077402,0.0044996782199734145,0.004263924533721328,0.0022303374817213397,0.5230715187575843,0.6992523064129088,0.2,
0.0012,1.6,2.0,12,4,vae,0.698025811836444,0.004988246079934338,0.004391223422003898,0.002404114143986556,0.547481627088211,2.9881863380794833,569.4,
0.0012,1.6,2.0,12,4,jump,0.7188918918475415,0.004988246079934338,0.004391223422003898,0.002404114143986556,0.547481627088211,2.9881863380794833,23.3,
0.0012,1.6,2.0,12,4,kmeans,0.7019873018434516,0.004988246079934338,0.004391223422003898,0.002404114143986556,0.547481627088211,2.9881863380794833,0.3,
0.0012,1.1,2.75,20,3,vae,0.7276572457790589,0.005260192089748939,0.003909724656534255,0.0023759741305541286,0.6077088130958799,10.374899473721316,576.7,
0.0012,1.1,2.75,20,3,jump,0.5037775775539122,0.005260192089748939,0.003909724656534255,0.0023759741305541286,0.6077088130958799,10.374899473721316,22.6,
0.0012,1.1,2.75,20,3,kmeans,0.7286831115771459,0.005260192089748939,0.003909724656534255,0.0023759741305541286,0.6077088130958799,10.374899473721316,0.3,
0.0016,1.1,6.0,12,4,vae,0.7906687472451366,0.0041560749375247315,0.003883371273157704,0.0031965456257321036,0.8231367543523289,1.3042679171730924,581.6,
0.0016,1.1,6.0,12,4,jump,0.7929073682711543,0.0041560749375247315,0.003883371273157704,0.0031965456257321036,0.8231367543523289,1.3042679171730924,25.5,
0.0016,1.1,6.0,12,4,kmeans,0.800715611090479,0.0041560749375247315,0.003883371273157704,0.0031965456257321036,0.8231367543523289,1.3042679171730924,0.5,
0.0016,0.8,4.0,12,3,vae,0.8170643742605184,0.004000953165995052,0.0033132703793380233,0.003182349736730306,0.9604859768088487,5.2714165266588235,576.2,
0.0016,0.8,4.0,12,3,jump,0.8132193803794614,0.004000953165995052,0.0033132703793380233,0.003182349736730306,0.9604859768088487,5.2714165266588235,23.4,
0.0016,0.8,4.0,12,3,kmeans,0.8244949313376926,0.004000953165995052,0.0033132703793380233,0.003182349736730306,0.9604859768088487,5.2714165266588235,0.2,
0.0016,0.8,6.0,12,1,vae,0.8266140009285385,0.003459090439517439,0.003148987248953517,0.0032093263533816817,1.0191614318058027,2.6757934346148105,595.7,
0.0016,0.8,6.0,12,1,jump,0.8198554433113839,0.003459090439517439,0.003148987248953517,0.0032093263533816817,1.0191614318058027,2.6757934346148105,25.8,
0.0016,0.8,6.0,12,1,kmeans,0.8365145625889565,0.003459090439517439,0.003148987248953517,0.0032093263533816817,1.0191614318058027,2.6757934346148105,0.2,
0.0016,1.1,6.0,8,2,vae,0.7753845332443394,0.004160855893129003,0.003864883165432201,0.0031795752099374646,0.8226833965838396,1.1372633677949207,600.1,
0.0016,1.1,6.0,8,2,jump,0.7882703028909909,0.004160855893129003,0.003864883165432201,0.0031795752099374646,0.8226833965838396,1.1372633677949207,25.6,
0.0016,1.1,6.0,8,2,kmeans,0.8011152916367923,0.004160855893129003,0.003864883165432201,0.0031795752099374646,0.8226833965838396,1.1372633677949207,0.3,
0.0011,1.6,2.75,12,4,vae,0.6878162326985175,0.004716207177296578,0.004314016932433798,0.0021380479857310746,0.49560491282654107,1.9778501597011813,604.7,
0.0011,1.6,2.75,12,4,jump,0.7081408456048199,0.004716207177296578,0.004314016932433798,0.0021380479857310746,0.49560491282654107,1.9778501597011813,25.5,
0.0011,1.6,2.75,12,4,kmeans,0.6935443373056998,0.004716207177296578,0.004314016932433798,0.0021380479857310746,0.49560491282654107,1.9778501597011813,0.5,
0.0011,0.8,6.0,8,0,vae,0.7657415472425014,0.0032447230450968556,0.0028188980014302173,0.0022119556610003402,0.7846880801923538,2.58127043859064,588.4,
0.0011,0.8,6.0,8,0,jump,0.7793716639459508,0.0032447230450968556,0.0028188980014302173,0.0022119556610003402,0.7846880801923538,2.58127043859064,23.5,
0.0011,0.8,6.0,8,0,kmeans,0.7770963747063451,0.0032447230450968556,0.0028188980014302173,0.0022119556610003402,0.7846880801923538,2.58127043859064,0.2,
0.0014,1.6,2.0,12,4,vae,0.7210219492943848,0.005039880794405945,0.004458377909712758,0.002804114143986556,0.6289538932708417,2.863581730784558,589.3,
0.0014,1.6,2.0,12,4,jump,0.7392860354738149,0.005039880794405945,0.004458377909712758,0.002804114143986556,0.6289538932708417,2.863581730784558,23.4,
0.0014,1.6,2.0,12,4,kmeans,0.728659362068802,0.005039880794405945,0.004458377909712758,0.002804114143986556,0.6289538932708417,2.863581730784558,0.2,
0.001,1.1,6.0,20,0,vae,0.7164593267325932,0.003993271132887961,0.003617370947105377,0.002037060302679727,0.5631328200691676,1.9423931925275895,576.3,
0.001,1.1,6.0,20,0,jump,0.7450366722659622,0.003993271132887961,0.003617370947105377,0.002037060302679727,0.5631328200691676,1.9423931925275895,23.5,
0.001,1.1,6.0,20,0,kmeans,0.7221968047310794,0.003993271132887961,0.003617370947105377,0.002037060302679727,0.5631328200691676,1.9423931925275895,0.3,
0.0005,1.1,2.0,20,3,vae,0.5795003032132432,0.006230454333526172,0.003827791441135094,0.0010399951203611606,0.2716958685849301,13.578507777511309,573.3,
0.0005,1.1,2.0,20,3,jump,0.5042527965658451,0.006230454333526172,0.003827791441135094,0.0010399951203611606,0.2716958685849301,13.578507777511309,23.1,
0.0005,1.1,2.0,20,3,kmeans,0.5149360011558916,0.006230454333526172,0.003827791441135094,0.0010399951203611606,0.2716958685849301,13.578507777511309,0.3,
0.001,0.8,2.75,8,2,vae,0.6488593183023413,0.004408257461695085,0.0030738427469916914,0.002008533723008964,0.6534276110821466,4.272105692047685,606.2,
0.001,0.8,2.75,8,2,jump,0.7126980785005541,0.004408257461695085,0.0030738427469916914,0.002008533723008964,0.6534276110821466,4.272105692047685,24.8,
0.001,0.8,2.75,8,2,kmeans,0.5151886055162959,0.004408257461695085,0.0030738427469916914,0.002008533723008964,0.6534276110821466,4.272105692047685,0.3,
0.0005,1.1,2.75,8,0,vae,0.5263182678433914,0.004660588206603615,0.003685102176857241,0.0009882137097285409,0.2681645344692497,2.8033741123064972,563.9,
0.0005,1.1,2.75,8,0,jump,0.5169495277787179,0.004660588206603615,0.003685102176857241,0.0009882137097285409,0.2681645344692497,2.8033741123064972,23.5,
0.0005,1.1,2.75,8,0,kmeans,0.5008298352617442,0.004660588206603615,0.003685102176857241,0.0009882137097285409,0.2681645344692497,2.8033741123064972,0.4,
0.0005,0.8,4.0,8,4,vae,0.6247711209592786,0.0036104672902046186,0.0026810325403960624,0.0010022737716248167,0.37383871941992664,4.640490264968195,574.2,
0.0005,0.8,4.0,8,4,jump,0.5088565467480375,0.0036104672902046186,0.0026810325403960624,0.0010022737716248167,0.37383871941992664,4.640490264968195,24.3,
0.0005,0.8,4.0,8,4,kmeans,0.5130652215163288,0.0036104672902046186,0.0026810325403960624,0.0010022737716248167,0.37383871941992664,4.640490264968195,0.3,
0.001,1.6,4.0,8,1,vae,0.6542811195180764,0.004446208866452988,0.004226380610188304,0.0019724168786579466,0.4666917300119988,0.7898785020378449,581.6,
0.001,1.6,4.0,8,1,jump,0.695795101257727,0.004446208866452988,0.004226380610188304,0.0019724168786579466,0.4666917300119988,0.7898785020378449,23.6,
0.001,1.6,4.0,8,1,kmeans,0.6886656175060446,0.004446208866452988,0.004226380610188304,0.0019724168786579466,0.4666917300119988,0.7898785020378449,0.2,
0.0008,1.1,4.0,20,0,vae,0.6754110828315748,0.004410122934715838,0.0036458347171703692,0.0015915334172307682,0.43653471446067094,5.728560690811081,580.5,
0.0008,1.1,4.0,20,0,jump,0.5044382380925718,0.004410122934715838,0.0036458347171703692,0.0015915334172307682,0.43653471446067094,5.728560690811081,23.2,
0.0008,1.1,4.0,20,0,kmeans,0.6743578773260185,0.004410122934715838,0.0036458347171703692,0.0015915334172307682,0.43653471446067094,5.728560690811081,0.5,
0.0008,0.8,4.0,8,0,vae,0.6844242842550818,0.0036954884572016206,0.002799075526106463,0.0015975491367716294,0.5707417044919232,4.378050081645502,599.6,
0.0008,0.8,4.0,8,0,jump,0.7033509508176399,0.0036954884572016206,0.002799075526106463,0.0015975491367716294,0.5707417044919232,4.378050081645502,24.4,
0.0008,0.8,4.0,8,0,kmeans,0.5100111996247604,0.0036954884572016206,0.002799075526106463,0.0015975491367716294,0.5707417044919232,4.378050081645502,0.3,
0.0011,1.1,6.0,8,0,vae,0.7251942707373206,0.003997972402699481,0.0036473303946077573,0.002236564794164872,0.613205975930074,1.3452880833258547,600.2,
0.0011,1.1,6.0,8,0,jump,0.7578747639833969,0.003997972402699481,0.0036473303946077573,0.002236564794164872,0.613205975930074,1.3452880833258547,24.6,
0.0011,1.1,6.0,8,0,kmeans,0.7334945841469411,0.003997972402699481,0.0036473303946077573,0.002236564794164872,0.613205975930074,1.3452880833258547,0.3,
0.0014,1.1,2.0,8,1,vae,0.7219279222390506,0.005309998032525362,0.004115696289327056,0.0027960341504788553,0.6793587169513973,2.6843615409649333,604.4,
0.0014,1.1,2.0,8,1,jump,0.7439681893682996,0.005309998032525362,0.004115696289327056,0.0027960341504788553,0.6793587169513973,2.6843615409649333,25.8,
0.0014,1.1,2.0,8,1,kmeans,0.7379489577184227,0.005309998032525362,0.004115696289327056,0.0027960341504788553,0.6793587169513973,2.6843615409649333,0.3,
0.0008,1.1,2.0,8,3,vae,0.6463434814199922,0.005167995251390366,0.0038729857328095077,0.001645685672341086,0.4249139516316491,2.944311677309167,592.1,
0.0008,1.1,2.0,8,3,jump,0.5502824355552187,0.005167995251390366,0.0038729857328095077,0.001645685672341086,0.4249139516316491,2.944311677309167,23.7,
0.0008,1.1,2.0,8,3,kmeans,0.5161228169257361,0.005167995251390366,0.0038729857328095077,0.001645685672341086,0.4249139516316491,2.944311677309167,0.3,
0.002,0.8,2.75,12,1,vae,0.7966866346559719,0.005134160434083343,0.003884782320788027,0.003976363928908026,1.023574450395826,6.628390405746265,573.3,
0.002,0.8,2.75,12,1,jump,0.7970372353169866,0.005134160434083343,0.003884782320788027,0.003976363928908026,1.023574450395826,6.628390405746265,23.8,
0.002,0.8,2.75,12,1,kmeans,0.8134345696994204,0.005134160434083343,0.003884782320788027,0.003976363928908026,1.023574450395826,6.628390405746265,0.3,
0.001,1.1,6.0,8,5,vae,0.7170629423920889,0.003963732395568021,0.0036347142054398798,0.002021113661257494,0.5560584813608186,1.2829214878165276,590.4,
0.001,1.1,6.0,8,5,jump,0.7425786355640173,0.003963732395568021,0.0036347142054398798,0.002021113661257494,0.5560584813608186,1.2829214878165276,23.0,
0.001,1.1,6.0,8,5,kmeans,0.7322304710289016,0.003963732395568021,0.0036347142054398798,0.002021113661257494,0.5560584813608186,1.2829214878165276,0.3,
0.0012,1.1,6.0,20,4,vae,0.7442371050181829,0.004020055704447801,0.0036787998412478795,0.002396545625732103,0.6514476810782874,1.5301352089221547,571.6,
0.0012,1.1,6.0,20,4,jump,0.748176802262477,0.004020055704447801,0.0036787998412478795,0.002396545625732103,0.6514476810782874,1.5301352089221547,23.5,
0.0012,1.1,6.0,20,4,kmeans,0.7494469461095196,0.004020055704447801,0.0036787998412478795,0.002396545625732103,0.6514476810782874,1.5301352089221547,0.3,
0.001,1.6,2.75,12,5,vae,0.6861578945514649,0.004659940032689,0.004288722362089396,0.0020639252116985652,0.4812447711567541,1.9980214029631629,600.9,
0.001,1.6,2.75,12,5,jump,0.7212997882217479,0.004659940032689,0.004288722362089396,0.0020639252116985652,0.4812447711567541,1.9980214029631629,24.4,
0.001,1.6,2.75,12,5,kmeans,0.7056744980432765,0.004659940032689,0.004288722362089396,0.0020639252116985652,0.4812447711567541,1.9980214029631629,0.5,
0.002,0.8,2.75,8,4,vae,0.8020527741866748,0.004743319103064035,0.0038613634294058304,0.0039891982836580365,1.0331061441351759,3.227112388907596,571.3,
0.002,0.8,2.75,8,4,jump,0.7986898347148024,0.004743319103064035,0.0038613634294058304,0.0039891982836580365,1.0331061441351759,3.227112388907596,24.6,
0.002,0.8,2.75,8,4,kmeans,0.8216807391080512,0.004743319103064035,0.0038613634294058304,0.0039891982836580365,1.0331061441351759,3.227112388907596,0.3,
0.0005,1.6,2.75,20,3,vae,0.5822788132595378,0.004629699412378014,0.004187394235519702,0.0010435626635500583,0.24921528875834173,2.990247835240159,575.7,
0.0005,1.6,2.75,20,3,jump,0.5033659594174541,0.004629699412378014,0.004187394235519702,0.0010435626635500583,0.24921528875834173,2.990247835240159,22.6,
0.0005,1.6,2.75,20,3,kmeans,0.5998588423082437,0.004629699412378014,0.004187394235519702,0.0010435626635500583,0.24921528875834173,2.990247835240159,0.3,
0.0012,0.8,2.75,8,2,vae,0.7106140124635353,0.004458132774520363,0.003198959567599886,0.002408533723008964,0.7529115864431002,4.077234478873596,580.0,
0.0012,0.8,2.75,8,2,jump,0.738349930149957,0.004458132774520363,0.003198959567599886,0.002408533723008964,0.7529115864431002,4.077234478873596,24.6,
0.0012,0.8,2.75,8,2,kmeans,0.7398576484554544,0.004458132774520363,0.003198959567599886,0.002408533723008964,0.7529115864431002,4.077234478873596,0.2,
0.0012,1.6,4.0,12,5,vae,0.7291482153183494,0.004523309618042291,0.0042965488474886,0.002350189111471772,0.5469946217056264,0.9069730884471379,581.0,
0.0012,1.6,4.0,12,5,jump,0.752190627323429,0.004523309618042291,0.0042965488474886,0.002350189111471772,0.5469946217056264,0.9069730884471379,24.6,
0.0012,1.6,4.0,12,5,kmeans,0.7298910321804323,0.004523309618042291,0.0042965488474886,0.002350189111471772,0.5469946217056264,0.9069730884471379,0.5,
0.0008,0.8,2.0,8,2,vae,0.500749441555164,0.005097144970895475,0.0031869231412302566,0.0016002008332434703,0.5021146611730776,4.062205714171009,597.9,
0.0008,0.8,2.0,8,2,jump,0.5363400927526489,0.005097144970895475,0.0031869231412302566,0.0016002008332434703,0.5021146611730776,4.062205714171009,24.1,
0.0008,0.8,2.0,8,2,kmeans,0.5023895277846688,0.005097144970895475,0.0031869231412302566,0.0016002008332434703,0.5021146611730776,4.062205714171009,0.4,
0.0008,1.6,4.0,8,5,vae,0.6318410475178654,0.004418496951040059,0.004198917909794792,0.0015495419159396936,0.3690336294322606,0.7132947196703561,597.1,
0.0008,1.6,4.0,8,5,jump,0.6692571399113311,0.004418496951040059,0.004198917909794792,0.0015495419159396936,0.3690336294322606,0.7132947196703561,24.7,
0.0008,1.6,4.0,8,5,kmeans,0.6632252300454872,0.004418496951040059,0.004198917909794792,0.0015495419159396936,0.3690336294322606,0.7132947196703561,0.3,
0.001,1.6,4.0,8,4,vae,0.7003242679042554,0.004475517271807727,0.004233550222528104,0.002030337481721339,0.4795827083654873,0.715471050146451,612.9,
0.001,1.6,4.0,8,4,jump,0.7095217643260598,0.004475517271807727,0.004233550222528104,0.002030337481721339,0.4795827083654873,0.715471050146451,26.3,
0.001,1.6,4.0,8,4,kmeans,0.6990065561995726,0.004475517271807727,0.004233550222528104,0.002030337481721339,0.4795827083654873,0.715471050146451,0.4,
0.0011,0.8,2.75,12,0,vae,0.7153742233399716,0.00484721599558598,0.0031544415285398885,0.002212780945765291,0.7014810468810723,8.500441599599856,590.7,
0.0011,0.8,2.75,12,0,jump,0.5063709039088882,0.00484721599558598,0.0031544415285398885,0.002212780945765291,0.7014810468810723,8.500441599599856,23.6,
0.0011,0.8,2.75,12,0,kmeans,0.5009314263055418,0.00484721599558598,0.0031544415285398885,0.002212780945765291,0.7014810468810723,8.500441599599856,0.4,
0.001,0.8,2.0,8,4,vae,0.6766530250776064,0.005129635444536115,0.0032788837616344155,0.0020161353006744927,0.6148846519858074,4.031108239527177,582.3,
0.001,0.8,2.0,8,4,jump,0.6795324013555298,0.005129635444536115,0.0032788837616344155,0.0020161353006744927,0.6148846519858074,4.031108239527177,23.8,
0.001,0.8,2.0,8,4,kmeans,0.5065461136660074,0.005129635444536115,0.0032788837616344155,0.0020161353006744927,0.6148846519858074,4.031108239527177,0.3,
0.0016,0.8,4.0,12,4,vae,0.8008391034125225,0.004021016173919891,0.0033174273731619726,0.0032027777431938454,0.9654401989639189,5.339592397815792,590.8,
0.0016,0.8,4.0,12,4,jump,0.7979267778381731,0.004021016173919891,0.0033174273731619726,0.0032027777431938454,0.9654401989639189,5.339592397815792,23.9,
0.0016,0.8,4.0,12,4,kmeans,0.8102688258351621,0.004021016173919891,0.0033174273731619726,0.0032027777431938454,0.9654401989639189,5.339592397815792,0.4,
0.0008,0.8,4.0,12,2,vae,0.6147280443424995,0.003808241591641858,0.0028016598563213365,0.0015802428499592624,0.5640380813515916,7.444146235415202,570.4,
0.0008,0.8,4.0,12,2,jump,0.5000606863405612,0.003808241591641858,0.0028016598563213365,0.0015802428499592624,0.5640380813515916,7.444146235415202,24.0,
0.0008,0.8,4.0,12,2,kmeans,0.6946179441103854,0.003808241591641858,0.0028016598563213365,0.0015802428499592624,0.5640380813515916,7.444146235415202,0.3,
0.0005,1.6,6.0,20,3,vae,0.582409870519393,0.0042624675576979605,0.004128765218162521,0.0010108093153214297,0.24482121455462255,0.5207881167244501,569.5,
0.0005,1.6,6.0,20,3,jump,0.506498675567598,0.0042624675576979605,0.004128765218162521,0.0010108093153214297,0.24482121455462255,0.5207881167244501,23.5,
0.0005,1.6,6.0,20,3,kmeans,0.5100539655080766,0.0042624675576979605,0.004128765218162521,0.0010108093153214297,0.24482121455462255,0.5207881167244501,0.3,
0.0008,1.6,6.0,8,5,vae,0.6351744176738461,0.004298765757057123,0.004192861278358496,0.0015921437260109383,0.37972726029091575,0.4191496411621003,609.7,
0.0008,1.6,6.0,8,5,jump,0.685514338738898,0.004298765757057123,0.004192861278358496,0.0015921437260109383,0.37972726029091575,0.4191496411621003,24.2,
0.0008,1.6,6.0,8,5,kmeans,0.6606797444700389,0.004298765757057123,0.004192861278358496,0.0015921437260109383,0.37972726029091575,0.4191496411621003,0.4,
0.002,1.6,2.0,12,4,vae,0.7717549405633916,0.005237721053792883,0.00474339512899761,0.004004114143986556,0.8441451818990079,2.4264215479472737,586.1,
0.002,1.6,2.0,12,4,jump,0.7906100828889431,0.005237721053792883,0.00474339512899761,0.004004114143986556,0.8441451818990079,2.4264215479472737,23.5,
0.002,1.6,2.0,12,4,kmeans,0.794961030978182,0.005237721053792883,0.00474339512899761,0.004004114143986556,0.8441451818990079,2.4264215479472737,0.3,
0.0005,0.8,2.0,8,4,vae,0.5008189496096493,0.005054668038481929,0.003059214270282536,0.001016135300674493,0.3321556487707698,4.281866539773845,574.2,
0.0005,0.8,2.0,8,4,jump,0.521157110450164,0.005054668038481929,0.003059214270282536,0.001016135300674493,0.3321556487707698,4.281866539773845,23.8,
0.0005,0.8,2.0,8,4,kmeans,0.504098310134347,0.005054668038481929,0.003059214270282536,0.001016135300674493,0.3321556487707698,4.281866539773845,0.5,
0.0014,1.1,2.75,8,1,vae,0.7015879312450912,0.0048203950292115706,0.003992571425117901,0.002749743694931617,0.6887149664080002,2.4051278115680175,579.9,
0.0014,1.1,2.75,8,1,jump,0.7394570248103145,0.0048203950292115706,0.003992571425117901,0.002749743694931617,0.6887149664080002,2.4051278115680175,25.0,
0.0014,1.1,2.75,8,1,kmeans,0.7364128011523058,0.0048203950292115706,0.003992571425117901,0.002749743694931617,0.6887149664080002,2.4051278115680175,0.3,
0.0005,0.8,2.75,20,1,vae,0.5162490929951294,0.00512386917519088,0.0028986137344302492,0.0009769079825211887,0.3370259275726538,17.777566111937396,596.5,
0.0005,0.8,2.75,20,1,jump,0.5026679247549469,0.00512386917519088,0.0028986137344302492,0.0009769079825211887,0.3370259275726538,17.777566111937396,23.1,
0.0005,0.8,2.75,20,1,kmeans,0.5002288129050019,0.00512386917519088,0.0028986137344302492,0.0009769079825211887,0.3370259275726538,17.777566111937396,0.4,
0.001,0.8,4.0,8,1,vae,0.6911034436935009,0.00373294605513556,0.002878028053140896,0.0019689020998242,0.6841149785442382,4.145047139979404,617.6,
0.001,0.8,4.0,8,1,jump,0.7520548013185715,0.00373294605513556,0.002878028053140896,0.0019689020998242,0.6841149785442382,4.145047139979404,24.3,
0.001,0.8,4.0,8,1,kmeans,0.7415589429076909,0.00373294605513556,0.002878028053140896,0.0019689020998242,0.6841149785442382,4.145047139979404,0.4,
0.0005,0.8,2.0,12,1,vae,0.5043666200756588,0.005839667175857782,0.003117996462274848,0.0009644079931346733,0.3093037483535354,7.738065428095107,613.6,
0.0005,0.8,2.0,12,1,jump,0.501268758778711,0.005839667175857782,0.003117996462274848,0.0009644079931346733,0.3093037483535354,7.738065428095107,24.7,
0.0005,0.8,2.0,12,1,kmeans,0.5035140257423247,0.005839667175857782,0.003117996462274848,0.0009644079931346733,0.3093037483535354,7.738065428095107,0.4,
0.002,1.6,2.75,20,2,vae,0.8136268480170727,0.0050499252208256054,0.0046759241148960975,0.004018750247926345,0.8594558314417052,2.986548785186355,588.6,
0.002,1.6,2.75,20,2,jump,0.7965191151072527,0.0050499252208256054,0.0046759241148960975,0.004018750247926345,0.8594558314417052,2.986548785186355,25.5,
0.002,1.6,2.75,20,2,kmeans,0.821928966410868,0.0050499252208256054,0.0046759241148960975,0.004018750247926345,0.8594558314417052,2.986548785186355,0.3,
0.0012,0.8,6.0,20,0,vae,0.7894569034835763,0.003300599586041255,0.0028799912519732055,0.0024118565432238673,0.8374527323898644,3.48840004711764,585.5,
0.0012,0.8,6.0,20,0,jump,0.8001830819669455,0.003300599586041255,0.0028799912519732055,0.0024118565432238673,0.8374527323898644,3.48840004711764,25.1,
0.0012,0.8,6.0,20,0,kmeans,0.7941213429637708,0.003300599586041255,0.0028799912519732055,0.0024118565432238673,0.8374527323898644,3.48840004711764,0.2,
0.0012,0.8,2.75,20,1,vae,0.5537322026667122,0.0052364838001791175,0.0032311639685365895,0.0023769079825211887,0.7356197350757481,16.295098122338008,594.8,
0.0012,0.8,2.75,20,1,jump,0.5012764077201342,0.0052364838001791175,0.0032311639685365895,0.0023769079825211887,0.7356197350757481,16.295098122338008,25.5,
0.0012,0.8,2.75,20,1,kmeans,0.5001685668608177,0.0052364838001791175,0.0032311639685365895,0.0023769079825211887,0.7356197350757481,16.295098122338008,0.3,
0.0005,0.8,2.75,20,2,vae,0.5548597068509243,0.005060276610929727,0.0028899479600092495,0.001010059802983412,0.3495079554927969,17.313456966783185,588.3,
0.0005,0.8,2.75,20,2,jump,0.5045865813175813,0.005060276610929727,0.0028899479600092495,0.001010059802983412,0.3495079554927969,17.313456966783185,24.9,
0.0005,0.8,2.75,20,2,kmeans,0.5131545855847955,0.005060276610929727,0.0028899479600092495,0.001010059802983412,0.3495079554927969,17.313456966783185,0.5,
0.0008,0.8,6.0,20,3,vae,0.7299429817300152,0.003203191568765506,0.0026724774632113503,0.0016000513905810045,0.598714643100609,6.286782846874436,593.6,
0.0008,0.8,6.0,20,3,jump,0.7425177090033324,0.003203191568765506,0.0026724774632113503,0.0016000513905810045,0.598714643100609,6.286782846874436,24.1,
0.0008,0.8,6.0,20,3,kmeans,0.7339432074124792,0.003203191568765506,0.0026724774632113503,0.0016000513905810045,0.598714643100609,6.286782846874436,0.5,
0.0016,1.1,2.75,12,4,vae,0.7539545059168451,0.005174022436768373,0.004145995267386545,0.003222549112981894,0.7772679188351436,4.76532886851294,599.4,
0.0016,1.1,2.75,12,4,jump,0.7723563827920183,0.005174022436768373,0.004145995267386545,0.003222549112981894,0.7772679188351436,4.76532886851294,24.0,
0.0016,1.1,2.75,12,4,kmeans,0.7607358373357773,0.005174022436768373,0.004145995267386545,0.003222549112981894,0.7772679188351436,4.76532886851294,0.1,
0.0005,1.6,4.0,8,2,vae,0.584625164369881,0.0043527023018858375,0.004141603297428238,0.00096494735377917,0.23298884139346757,0.7472153305882139,627.5,
0.0005,1.6,4.0,8,2,jump,0.5918330135912703,0.0043527023018858375,0.004141603297428238,0.00096494735377917,0.23298884139346757,0.7472153305882139,23.7,
0.0005,1.6,4.0,8,2,kmeans,0.5805861201473941,0.0043527023018858375,0.004141603297428238,0.00096494735377917,0.23298884139346757,0.7472153305882139,0.9,
0.002,1.6,2.75,8,3,vae,0.8095195839623488,0.004941294061371266,0.004700424546952414,0.00404273667916439,0.860079050047842,0.8414267057549609,600.0,
0.002,1.6,2.75,8,3,jump,0.8116411853913346,0.004941294061371266,0.004700424546952414,0.00404273667916439,0.860079050047842,0.8414267057549609,25.4,
0.002,1.6,2.75,8,3,kmeans,0.8127117750927235,0.004941294061371266,0.004700424546952414,0.00404273667916439,0.860079050047842,0.8414267057549609,0.2,
0.0008,1.6,4.0,20,5,vae,0.6344574166895607,0.0044431159018802225,0.0042005160614438895,0.001550189111471772,0.36904730009267206,1.3604598894571325,605.7,
0.0008,1.6,4.0,20,5,jump,0.684231549772372,0.0044431159018802225,0.0042005160614438895,0.001550189111471772,0.36904730009267206,1.3604598894571325,23.5,
0.0008,1.6,4.0,20,5,kmeans,0.6620790851205125,0.0044431159018802225,0.0042005160614438895,0.001550189111471772,0.36904730009267206,1.3604598894571325,0.3,
0.0012,0.8,6.0,12,1,vae,0.782705355242503,0.003292139005614535,0.0028699407939392547,0.0024093263533816814,0.8395038526473091,3.326705620844151,622.9,
0.0012,0.8,6.0,12,1,jump,0.7818316700412555,0.003292139005614535,0.0028699407939392547,0.0024093263533816814,0.8395038526473091,3.326705620844151,24.4,
0.0012,0.8,6.0,12,1,kmeans,0.7941586870298396,0.003292139005614535,0.0028699407939392547,0.0024093263533816814,0.8395038526473091,3.326705620844151,0.3,
0.0005,1.1,2.75,20,5,vae,0.5620443597630287,0.005178629178681299,0.003710703838902363,0.000978223084355836,0.2636219776152217,11.13287994010395,623.2,
0.0005,1.1,2.75,20,5,jump,0.5004182972695527,0.005178629178681299,0.003710703838902363,0.000978223084355836,0.2636219776152217,11.13287994010395,25.1,
0.0005,1.1,2.75,20,5,kmeans,0.5099100150556599,0.005178629178681299,0.003710703838902363,0.000978223084355836,0.2636219776152217,11.13287994010395,0.4,
0.0016,1.6,6.0,20,1,vae,0.777669665401885,0.004496841748189738,0.004398299002375698,0.0031694834875571325,0.720615739367689,0.3398341970878138,633.2,
0.0016,1.6,6.0,20,1,jump,0.7822383295888539,0.004496841748189738,0.004398299002375698,0.0031694834875571325,0.720615739367689,0.3398341970878138,25.3,
0.0016,1.6,6.0,20,1,kmeans,0.7797397871149024,0.004496841748189738,0.004398299002375698,0.0031694834875571325,0.720615739367689,0.3398341970878138,0.3,
0.0011,1.1,2.0,8,5,vae,0.5648321543682226,0.005238467092766003,0.003978938054658126,0.0021918965657927005,0.550874764995815,2.8294889444573927,585.2,
0.0011,1.1,2.0,8,5,jump,0.6883656924354755,0.005238467092766003,0.003978938054658126,0.0021918965657927005,0.550874764995815,2.8294889444573927,25.0,
0.0011,1.1,2.0,8,5,kmeans,0.5002658034797722,0.005238467092766003,0.003978938054658126,0.0021918965657927005,0.550874764995815,2.8294889444573927,0.4,
0.0011,0.8,4.0,12,4,vae,0.7417920330862566,0.003851278135978677,0.002958717495548724,0.0022027777431938454,0.7445042477045677,6.442530068246404,615.5,
0.0011,0.8,4.0,12,4,jump,0.753219875687998,0.003851278135978677,0.002958717495548724,0.0022027777431938454,0.7445042477045677,6.442530068246404,24.6,
0.0011,0.8,4.0,12,4,kmeans,0.7509207992568767,0.003851278135978677,0.002958717495548724,0.0022027777431938454,0.7445042477045677,6.442530068246404,0.3,
0.002,1.1,2.75,8,5,vae,0.7771222812878833,0.005062202554441573,0.004383093036456981,0.003978442406169199,0.9076792057749986,2.0094710814706866,589.0,
0.002,1.1,2.75,8,5,jump,0.8038452769991655,0.005062202554441573,0.004383093036456981,0.003978442406169199,0.9076792057749986,2.0094710814706866,24.1,
0.002,1.1,2.75,8,5,kmeans,0.8106844033354275,0.005062202554441573,0.004383093036456981,0.003978442406169199,0.9076792057749986,2.0094710814706866,0.3,
0.0014,0.8,2.0,20,4,vae,0.5279905023578009,0.007009614839472847,0.003624137842300946,0.0028232248917752015,0.7790059359284058,14.961470064667367,613.3,
0.0014,0.8,2.0,20,4,jump,0.5051948423074489,0.007009614839472847,0.003624137842300946,0.0028232248917752015,0.7790059359284058,14.961470064667367,24.0,
0.0014,0.8,2.0,20,4,kmeans,0.5024092709654482,0.007009614839472847,0.003624137842300946,0.0028232248917752015,0.7790059359284058,14.961470064667367,0.3,
0.0005,0.8,2.0,8,0,vae,0.5174169466206042,0.005071935842220213,0.003078573796591813,0.0010131220829978538,0.32908812649527763,4.121206596623069,584.9,
0.0005,0.8,2.0,8,0,jump,0.5245206816005734,0.005071935842220213,0.003078573796591813,0.0010131220829978538,0.32908812649527763,4.121206596623069,23.2,
0.0005,0.8,2.0,8,0,kmeans,0.5086153907039983,0.005071935842220213,0.003078573796591813,0.0010131220829978538,0.32908812649527763,4.121206596623069,0.5,
0.0016,0.8,4.0,8,1,vae,0.8044985450552815,0.003934923678396294,0.0032908946723454423,0.0031689020998242,0.9629302713494937,3.3097847550004165,602.1,
0.0016,0.8,4.0,8,1,jump,0.8001194685609547,0.003934923678396294,0.0032908946723454423,0.0031689020998242,0.9629302713494937,3.3097847550004165,23.8,
0.0016,0.8,4.0,8,1,kmeans,0.8192048080455379,0.003934923678396294,0.0032908946723454423,0.0031689020998242,0.9629302713494937,3.3097847550004165,0.2,
0.0014,1.6,2.0,20,5,vae,0.7177201465989642,0.0051698834551086184,0.00447481505758335,0.002800195768217024,0.6257679327934698,6.527513972172846,627.1,
0.0014,1.6,2.0,20,5,jump,0.5003396889222748,0.0051698834551086184,0.00447481505758335,0.002800195768217024,0.6257679327934698,6.527513972172846,24.9,
0.0014,1.6,2.0,20,5,kmeans,0.7373079138593401,0.0051698834551086184,0.00447481505758335,0.002800195768217024,0.6257679327934698,6.527513972172846,0.4,
0.0014,0.8,2.0,8,0,vae,0.7217828424861928,0.005236996342285847,0.0035607359018891677,0.0028131220829978537,0.7900395200625063,3.5941951483901287,584.9,
0.0014,0.8,2.0,8,0,jump,0.7357342189818108,0.005236996342285847,0.0035607359018891677,0.0028131220829978537,0.7900395200625063,3.5941951483901287,24.7,
0.0014,0.8,2.0,8,0,kmeans,0.5091457549764681,0.005236996342285847,0.0035607359018891677,0.0028131220829978537,0.7900395200625063,3.5941951483901287,0.6,
0.0014,1.1,2.0,20,4,vae,0.71579593873356,0.006360669809264494,0.004197428471106663,0.0028617005454456912,0.6817747020930642,11.824043613977032,596.1,
0.0014,1.1,2.0,20,4,jump,0.5038294126572286,0.006360669809264494,0.004197428471106663,0.0028617005454456912,0.6817747020930642,11.824043613977032,23.4,
0.0014,1.1,2.0,20,4,kmeans,0.503373665753612,0.006360669809264494,0.004197428471106663,0.0028617005454456912,0.6817747020930642,11.824043613977032,0.4,
0.0012,1.1,6.0,8,3,vae,0.7646162442744691,0.003996695096931417,0.0036808520055928804,0.0023880143382936855,0.648766735164905,1.1527207215251583,621.0,
0.0012,1.1,6.0,8,3,jump,0.776848522242521,0.003996695096931417,0.0036808520055928804,0.0023880143382936855,0.648766735164905,1.1527207215251583,23.2,
0.0012,1.1,6.0,8,3,kmeans,0.7621426098466533,0.003996695096931417,0.0036808520055928804,0.0023880143382936855,0.648766735164905,1.1527207215251583,0.2,
0.0008,1.1,6.0,8,2,vae,0.6474875429998248,0.003924721324127966,0.0035398017556170567,0.0015795752099374643,0.4462326760053582,1.4804048861078014,623.7,
0.0008,1.1,6.0,8,2,jump,0.5911122376693301,0.003924721324127966,0.0035398017556170567,0.0015795752099374643,0.4462326760053582,1.4804048861078014,25.2,
0.0008,1.1,6.0,8,2,kmeans,0.6741926379153715,0.003924721324127966,0.0035398017556170567,0.0015795752099374643,0.4462326760053582,1.4804048861078014,0.3,
0.002,1.6,6.0,20,1,vae,0.8141759317158539,0.004653240057085374,0.004590899328116232,0.003969483487557133,0.8646418062898185,0.26053412418683397,632.9,
0.002,1.6,6.0,20,1,jump,0.8097270442486308,0.004653240057085374,0.004590899328116232,0.003969483487557133,0.8646418062898185,0.26053412418683397,25.1,
0.002,1.6,6.0,20,1,kmeans,0.8208053928108615,0.004653240057085374,0.004590899328116232,0.003969483487557133,0.8646418062898185,0.26053412418683397,0.2,
0.0005,1.1,6.0,20,0,vae,0.5850706043748735,0.003897382811432307,0.00349830293916608,0.001037060302679727,0.2964466830671159,2.146397955408922,598.4,
0.0005,1.1,6.0,20,0,jump,0.5101772467094431,0.003897382811432307,0.00349830293916608,0.001037060302679727,0.2964466830671159,2.146397955408922,25.0,
0.0005,1.1,6.0,20,0,kmeans,0.6246503549899195,0.003897382811432307,0.00349830293916608,0.001037060302679727,0.2964466830671159,2.146397955408922,0.3,
0.0008,1.6,2.0,8,3,vae,0.6623071809924893,0.004768170757971007,0.004271652569023375,0.0015991815319387538,0.3743706928638097,1.6393717766692113,593.7,
0.0008,1.6,2.0,8,3,jump,0.5713487659707697,0.004768170757971007,0.004271652569023375,0.0015991815319387538,0.3743706928638097,1.6393717766692113,24.0,
0.0008,1.6,2.0,8,3,kmeans,0.5007320860338085,0.004768170757971007,0.004271652569023375,0.0015991815319387538,0.3743706928638097,1.6393717766692113,0.6,
0.0012,1.1,6.0,8,1,vae,0.725472283613023,0.004003766349784693,0.0036763568876608498,0.0023422265126219937,0.6371053149065402,1.181220305924903,608.7,
0.0012,1.1,6.0,8,1,jump,0.7381673552564901,0.004003766349784693,0.0036763568876608498,0.0023422265126219937,0.6371053149065402,1.181220305924903,25.1,
0.0012,1.1,6.0,8,1,kmeans,0.7422753220506995,0.004003766349784693,0.0036763568876608498,0.0023422265126219937,0.6371053149065402,1.181220305924903,0.4,
0.0005,1.1,2.75,12,3,vae,0.5403165158505079,0.00492225177747066,0.0036910356299903724,0.0009742878563461801,0.2639605666306509,5.373657292654412,600.2,
0.0005,1.1,2.75,12,3,jump,0.500778071740025,0.00492225177747066,0.0036910356299903724,0.0009742878563461801,0.2639605666306509,5.373657292654412,25.3,
0.0005,1.1,2.75,12,3,kmeans,0.5022959004744338,0.00492225177747066,0.0036910356299903724,0.0009742878563461801,0.2639605666306509,5.373657292654412,0.4,
0.0012,0.8,6.0,20,2,vae,0.7868675069032275,0.0033094360259812187,0.002882094991238065,0.002390571326181308,0.8294561190553914,3.1519985083512747,582.3,
0.0012,0.8,6.0,20,2,jump,0.7912888095698034,0.0033094360259812187,0.002882094991238065,0.002390571326181308,0.8294561190553914,3.1519985083512747,23.2,
0.0012,0.8,6.0,20,2,kmeans,0.7999946418816392,0.0033094360259812187,0.002882094991238065,0.002390571326181308,0.8294561190553914,3.1519985083512747,0.3,
0.002,1.1,6.0,20,5,vae,0.8332966307597824,0.004346159980163682,0.004157756864980553,0.004020801965178658,0.9670603875480499,1.3233725403445344,597.9,
0.002,1.1,6.0,20,5,jump,0.8286094279425618,0.004346159980163682,0.004157756864980553,0.004020801965178658,0.9670603875480499,1.3233725403445344,24.4,
0.002,1.1,6.0,20,5,kmeans,0.8388596122158973,0.004346159980163682,0.004157756864980553,0.004020801965178658,0.9670603875480499,1.3233725403445344,0.3,
0.0012,0.8,2.75,20,2,vae,0.6027889656082503,0.005179559773090842,0.003223950290729962,0.0024100598029834115,0.7475486858197585,15.845688120393643,623.9,
0.0012,0.8,2.75,20,2,jump,0.5050884724043554,0.005179559773090842,0.003223950290729962,0.0024100598029834115,0.7475486858197585,15.845688120393643,25.4,
0.0012,0.8,2.75,20,2,kmeans,0.7341803880447719,0.005179559773090842,0.003223950290729962,0.0024100598029834115,0.7475486858197585,15.845688120393643,0.3,
0.0005,0.8,6.0,20,2,vae,0.5949823481600709,0.003122918542807256,0.002568124659623317,0.000990571326181308,0.38571777365612825,3.9963610776414606,590.4,
0.0005,0.8,6.0,20,2,jump,0.5039187215645593,0.003122918542807256,0.002568124659623317,0.000990571326181308,0.38571777365612825,3.9963610776414606,23.3,
0.0005,0.8,6.0,20,2,kmeans,0.5128828745826995,0.003122918542807256,0.002568124659623317,0.000990571326181308,0.38571777365612825,3.9963610776414606,0.5,
0.0016,1.6,2.0,8,3,vae,0.7708430013139975,0.004963916230785907,0.004547657424058571,0.003199181531938754,0.7034790076785586,1.3830392673753966,600.6,
0.0016,1.6,2.0,8,3,jump,0.7927905107934421,0.004963916230785907,0.004547657424058571,0.003199181531938754,0.7034790076785586,1.3830392673753966,23.2,
0.0016,1.6,2.0,8,3,kmeans,0.7789501351110522,0.004963916230785907,0.004547657424058571,0.003199181531938754,0.7034790076785586,1.3830392673753966,0.2,
0.0014,1.6,2.75,20,2,vae,0.7563218771502662,0.0048401180781390725,0.004387818371576764,0.0028187502479263445,0.6424035840192323,3.537211730223585,608.5,
0.0014,1.6,2.75,20,2,jump,0.7482287483730515,0.0048401180781390725,0.004387818371576764,0.0028187502479263445,0.6424035840192323,3.537211730223585,24.9,
0.0014,1.6,2.75,20,2,kmeans,0.7585660517240826,0.0048401180781390725,0.004387818371576764,0.0028187502479263445,0.6424035840192323,3.537211730223585,0.2,
0.0011,1.6,6.0,8,0,vae,0.7065221520146354,0.004378815455038857,0.004250810251548352,0.0021686580456895185,0.5101752177480958,0.4324923001473868,622.1,
0.0011,1.6,6.0,8,0,jump,0.722378738234034,0.004378815455038857,0.004250810251548352,0.0021686580456895185,0.5101752177480958,0.4324923001473868,25.5,
0.0011,1.6,6.0,8,0,kmeans,0.722693240296012,0.004378815455038857,0.004250810251548352,0.0021686580456895185,0.5101752177480958,0.4324923001473868,0.5,
0.002,1.1,6.0,20,0,vae,0.8351482232336687,0.004354201271390176,0.0041495099921361285,0.004037060302679727,0.9729004895350274,1.2930829877814505,632.2,
0.002,1.1,6.0,20,0,jump,0.8282808737558061,0.004354201271390176,0.0041495099921361285,0.004037060302679727,0.9729004895350274,1.2930829877814505,24.7,
0.002,1.1,6.0,20,0,kmeans,0.8416400409929615,0.004354201271390176,0.0041495099921361285,0.004037060302679727,0.9729004895350274,1.2930829877814505,0.2,
0.0016,1.1,4.0,8,3,vae,0.7855031383041344,0.00447554237981989,0.003989177265338854,0.003199264887005323,0.8019861425570335,1.7121924143095102,598.3,
0.0016,1.1,4.0,8,3,jump,0.7989835796980157,0.00447554237981989,0.003989177265338854,0.003199264887005323,0.8019861425570335,1.7121924143095102,24.4,
0.0016,1.1,4.0,8,3,kmeans,0.7924143933818397,0.00447554237981989,0.003989177265338854,0.003199264887005323,0.8019861425570335,1.7121924143095102,0.3,
0.001,0.8,6.0,12,0,vae,0.7565901099703292,0.003226568067065636,0.002758810494634341,0.002011944024383206,0.72927953126765,3.2724140680597102,600.5,
0.001,0.8,6.0,12,0,jump,0.7769075934368244,0.003226568067065636,0.002758810494634341,0.002011944024383206,0.72927953126765,3.2724140680597102,26.8,
0.001,0.8,6.0,12,0,kmeans,0.7662389732075656,0.003226568067065636,0.002758810494634341,0.002011944024383206,0.72927953126765,3.2724140680597102,0.2,
0.001,1.1,2.75,8,5,vae,0.6536245252279962,0.004758606159288993,0.0038300035234513333,0.0019784424061691994,0.5165641216920773,2.657650437095776,608.6,
0.001,1.1,2.75,8,5,jump,0.7094172800038936,0.004758606159288993,0.0038300035234513333,0.0019784424061691994,0.5165641216920773,2.657650437095776,23.1,
0.001,1.1,2.75,8,5,kmeans,0.5341437197533971,0.004758606159288993,0.0038300035234513333,0.0019784424061691994,0.5165641216920773,2.657650437095776,0.3,
0.0008,1.1,6.0,12,1,vae,0.6463434593211537,0.0039166536533469225,0.0035247678739371686,0.0015416028762303686,0.4373629502326339,1.5772651025875017,602.6,
0.0008,1.1,6.0,12,1,jump,0.6725849162815107,0.0039166536533469225,0.0035247678739371686,0.0015416028762303686,0.4373629502326339,1.5772651025875017,23.6,
0.0008,1.1,6.0,12,1,kmeans,0.674336969096806,0.0039166536533469225,0.0035247678739371686,0.0015416028762303686,0.4373629502326339,1.5772651025875017,0.6,
0.0011,1.1,2.75,12,0,vae,0.6802195755107021,0.0050228661574779725,0.0038756060297863446,0.0021898462954482115,0.5650332563779539,5.053630294970423,581.7,
0.0011,1.1,2.75,12,0,jump,0.6928638139094576,0.0050228661574779725,0.0038756060297863446,0.0021898462954482115,0.5650332563779539,5.053630294970423,21.5,
0.0011,1.1,2.75,12,0,kmeans,0.6865874381909035,0.0050228661574779725,0.0038756060297863446,0.0021898462954482115,0.5650332563779539,5.053630294970423,0.3,
0.0008,1.6,6.0,12,2,vae,0.6336008662431354,0.004277636651304981,0.004136097124124542,0.0016042586207214075,0.3878677343828016,0.4711897693314473,581.8,
0.0008,1.6,6.0,12,2,jump,0.6629715200408777,0.004277636651304981,0.004136097124124542,0.0016042586207214075,0.3878677343828016,0.4711897693314473,23.1,
0.0008,1.6,6.0,12,2,kmeans,0.6697395945476436,0.004277636651304981,0.004136097124124542,0.0016042586207214075,0.3878677343828016,0.4711897693314473,0.4,
0.0005,0.8,2.0,8,3,vae,0.5126822509073865,0.005082998406611908,0.003088434315503481,0.00098982433577151,0.32049389258587724,4.154833302527295,582.0,
0.0005,0.8,2.0,8,3,jump,0.5294056459631781,0.005082998406611908,0.003088434315503481,0.00098982433577151,0.32049389258587724,4.154833302527295,23.6,
0.0005,0.8,2.0,8,3,kmeans,0.5143633429188962,0.005082998406611908,0.003088434315503481,0.00098982433577151,0.32049389258587724,4.154833302527295,0.4,
0.0016,0.8,2.75,8,0,vae,0.7636608066024755,0.004578895302727893,0.0035039485673138233,0.003211077052980834,0.9164167199641549,3.6898431949054453,614.1,
0.0016,0.8,2.75,8,0,jump,0.7922102758735556,0.004578895302727893,0.0035039485673138233,0.003211077052980834,0.9164167199641549,3.6898431949054453,23.2,
0.0016,0.8,2.75,8,0,kmeans,0.7945383464373441,0.004578895302727893,0.0035039485673138233,0.003211077052980834,0.9164167199641549,3.6898431949054453,0.2,
0.0005,1.6,2.75,20,2,vae,0.5663431205195323,0.004654480622644705,0.004163679548985075,0.001018750247926345,0.24467546936331164,4.068767597593987,589.6,
0.0005,1.6,2.75,20,2,jump,0.5033771546013451,0.004654480622644705,0.004163679548985075,0.001018750247926345,0.24467546936331164,4.068767597593987,24.5,
0.0005,1.6,2.75,20,2,kmeans,0.60914541602224,0.004654480622644705,0.004163679548985075,0.001018750247926345,0.24467546936331164,4.068767597593987,0.2,
0.0016,1.1,6.0,20,4,vae,0.7906687472451366,0.0041560749375247315,0.003883371273157704,0.0031965456257321036,0.8231367543523289,1.3042679171730924,590.3,
0.0016,1.1,6.0,20,4,jump,0.7929073682711543,0.0041560749375247315,0.003883371273157704,0.0031965456257321036,0.8231367543523289,1.3042679171730924,24.3,
0.0016,1.1,6.0,20,4,kmeans,0.800715611090479,0.0041560749375247315,0.003883371273157704,0.0031965456257321036,0.8231367543523289,1.3042679171730924,0.2,
0.0012,0.8,6.0,8,5,vae,0.7668737380238342,0.003285417721264241,0.0028942707711112244,0.002393834891964282,0.8270943119275584,2.3075219182995506,608.0,
0.0012,0.8,6.0,8,5,jump,0.7928720480244169,0.003285417721264241,0.0028942707711112244,0.002393834891964282,0.8270943119275584,2.3075219182995506,24.9,
0.0012,0.8,6.0,8,5,kmeans,0.7983198786581699,0.003285417721264241,0.0028942707711112244,0.002393834891964282,0.8270943119275584,2.3075219182995506,0.3,
0.002,1.6,4.0,12,1,vae,0.8096133656711967,0.00478926045079638,0.004631709643227327,0.003972014756508718,0.8575698958842894,0.7991741130218459,583.8,
0.002,1.6,4.0,12,1,jump,0.8026122680756167,0.00478926045079638,0.004631709643227327,0.003972014756508718,0.8575698958842894,0.7991741130218459,23.0,
0.002,1.6,4.0,12,1,kmeans,0.8145124251075337,0.00478926045079638,0.004631709643227327,0.003972014756508718,0.8575698958842894,0.7991741130218459,0.2,
0.0008,1.1,2.0,8,1,vae,0.5415011551302271,0.005180918478850034,0.0038503054818869154,0.001596034150478855,0.41452143420492654,2.96261937334116,560.1,
0.0008,1.1,2.0,8,1,jump,0.5363457435982187,0.005180918478850034,0.0038503054818869154,0.001596034150478855,0.41452143420492654,2.96261937334116,22.9,
0.0008,1.1,2.0,8,1,kmeans,0.5134335271622115,0.005180918478850034,0.0038503054818869154,0.001596034150478855,0.41452143420492654,2.96261937334116,0.2,
0.0012,0.8,2.0,8,1,vae,0.5400813084974556,0.005194887634625172,0.003413169002770937,0.00236986388169508,0.6943294866943702,3.8477615392941766,611.7,
0.0012,0.8,2.0,8,1,jump,0.7218116173082828,0.005194887634625172,0.003413169002770937,0.00236986388169508,0.6943294866943702,3.8477615392941766,23.6,
0.0012,0.8,2.0,8,1,kmeans,0.504651701975511,0.005194887634625172,0.003413169002770937,0.00236986388169508,0.6943294866943702,3.8477615392941766,0.3,
0.0016,0.8,2.0,12,1,vae,0.5354967561234628,0.0060325769258378955,0.00374544836513105,0.0031644079931346736,0.8448676058637785,6.804168727594636,567.2,
0.0016,0.8,2.0,12,1,jump,0.728207858227266,0.0060325769258378955,0.00374544836513105,0.0031644079931346736,0.8448676058637785,6.804168727594636,22.4,
0.0016,0.8,2.0,12,1,kmeans,0.5058391188395468,0.0060325769258378955,0.00374544836513105,0.0031644079931346736,0.8448676058637785,6.804168727594636,0.2,
0.0016,1.1,2.0,8,2,vae,0.7261740461846802,0.005334781957638792,0.004223295762623393,0.00320016105634666,0.7577402190650293,2.5356024210156773,597.7,
0.0016,1.1,2.0,8,2,jump,0.7497489919552323,0.005334781957638792,0.004223295762623393,0.00320016105634666,0.7577402190650293,2.5356024210156773,24.8,
0.0016,1.1,2.0,8,2,kmeans,0.7577401834806531,0.005334781957638792,0.004223295762623393,0.00320016105634666,0.7577402190650293,2.5356024210156773,0.4,
0.0016,1.1,2.75,12,5,vae,0.7506638482932543,0.005176978130412688,0.004132836848781219,0.003178937404836518,0.7691901522253395,4.612412216522826,603.0,
0.0016,1.1,2.75,12,5,jump,0.7669050372741251,0.005176978130412688,0.004132836848781219,0.003178937404836518,0.7691901522253395,4.612412216522826,26.0,
0.0016,1.1,2.75,12,5,kmeans,0.7651439941621696,0.005176978130412688,0.004132836848781219,0.003178937404836518,0.7691901522253395,4.612412216522826,0.4,
0.0011,1.6,2.0,12,5,vae,0.6186944818541196,0.004950319268258563,0.00436733377156362,0.0022016852893582857,0.5041257216688582,3.054674619725942,589.7,
0.0011,1.6,2.0,12,5,jump,0.7045667767503725,0.004950319268258563,0.00436733377156362,0.0022016852893582857,0.5041257216688582,3.054674619725942,22.7,
0.0011,1.6,2.0,12,5,kmeans,0.7019143453989942,0.004950319268258563,0.00436733377156362,0.0022016852893582857,0.5041257216688582,3.054674619725942,0.3,
0.002,1.1,4.0,12,5,vae,0.7950761636436874,0.004698378598241048,0.004275754828201052,0.0040150414595280445,0.9390251828861998,2.388581886158403,558.2,
0.002,1.1,4.0,12,5,jump,0.8110160473097374,0.004698378598241048,0.004275754828201052,0.0040150414595280445,0.9390251828861998,2.388581886158403,24.8,
0.002,1.1,4.0,12,5,kmeans,0.8270465066834706,0.004698378598241048,0.004275754828201052,0.0040150414595280445,0.9390251828861998,2.388581886158403,0.2,
0.0016,0.8,4.0,20,2,vae,0.7764477317303939,0.004121246201913575,0.0033127323242291033,0.003180085219633407,0.9599583994077867,9.750255230540434,595.2,
0.0016,0.8,4.0,20,2,jump,0.7852459610832803,0.004121246201913575,0.0033127323242291033,0.003180085219633407,0.9599583994077867,9.750255230540434,24.4,
0.0016,0.8,4.0,20,2,kmeans,0.8069633058194255,0.004121246201913575,0.0033127323242291033,0.003180085219633407,0.9599583994077867,9.750255230540434,0.3,
0.0011,1.1,6.0,20,0,vae,0.7323906381417156,0.004019642161066837,0.003648094757914497,0.0022370603026797267,0.6132133212347217,1.888768316884594,586.6,
0.0011,1.1,6.0,20,0,jump,0.7544997954623647,0.004019642161066837,0.003648094757914497,0.0022370603026797267,0.6132133212347217,1.888768316884594,23.9,
0.0011,1.1,6.0,20,0,kmeans,0.739186833872753,0.004019642161066837,0.003648094757914497,0.0022370603026797267,0.6132133212347217,1.888768316884594,0.5,
0.0012,1.6,6.0,12,0,vae,0.7246809933681306,0.0044078101846273645,0.004283413382202908,0.0023695291264527363,0.5531871232176325,0.46289836372488447,606.5,
0.0012,1.6,6.0,12,0,jump,0.7475861772914876,0.0044078101846273645,0.004283413382202908,0.0023695291264527363,0.5531871232176325,0.46289836372488447,25.2,
0.0012,1.6,6.0,12,0,kmeans,0.7341340424945082,0.0044078101846273645,0.004283413382202908,0.0023695291264527363,0.5531871232176325,0.46289836372488447,0.3,
0.001,1.1,2.75,12,0,vae,0.6449543530081587,0.0050018970919416305,0.0038362791956813237,0.0019898462954482114,0.5186917306978786,5.139762547479659,599.5,
0.001,1.1,2.75,12,0,jump,0.5074019604660479,0.0050018970919416305,0.0038362791956813237,0.0019898462954482114,0.5186917306978786,5.139762547479659,24.2,
0.001,1.1,2.75,12,0,kmeans,0.6699704197492828,0.0050018970919416305,0.0038362791956813237,0.0019898462954482114,0.5186917306978786,5.139762547479659,0.3,
0.001,1.6,4.0,12,0,vae,0.682152261335102,0.0044934887693191174,0.004257697325676764,0.002006808602191275,0.4713366049035182,0.9798407371797286,564.2,
0.001,1.6,4.0,12,0,jump,0.718192196829441,0.0044934887693191174,0.004257697325676764,0.002006808602191275,0.4713366049035182,0.9798407371797286,23.7,
0.001,1.6,4.0,12,0,kmeans,0.7077859626067527,0.0044934887693191174,0.004257697325676764,0.002006808602191275,0.4713366049035182,0.9798407371797286,0.2,
0.0008,1.1,2.0,12,0,vae,0.5332547702597326,0.005728221727877232,0.0039193508131759565,0.0015803270659867665,0.40321143508615515,6.061583226359973,586.9,
0.0008,1.1,2.0,12,0,jump,0.5072986537290931,0.005728221727877232,0.0039193508131759565,0.0015803270659867665,0.40321143508615515,6.061583226359973,23.1,
0.0008,1.1,2.0,12,0,kmeans,0.5092408033769723,0.005728221727877232,0.0039193508131759565,0.0015803270659867665,0.40321143508615515,6.061583226359973,0.3,
0.0005,1.1,2.75,12,1,vae,0.5131238175719567,0.0049104941639110805,0.003678722094464844,0.0009488346204208359,0.2579250609467052,5.583658211140399,564.7,
0.0005,1.1,2.75,12,1,jump,0.5026051624141404,0.0049104941639110805,0.003678722094464844,0.0009488346204208359,0.2579250609467052,5.583658211140399,21.4,
0.0005,1.1,2.75,12,1,kmeans,0.5020668050039505,0.0049104941639110805,0.003678722094464844,0.0009488346204208359,0.2579250609467052,5.583658211140399,0.2,
0.002,0.8,2.0,20,1,vae,0.5362877337063016,0.007097652842987654,0.004131226970155768,0.003958516854427933,0.9581939900723192,13.487575625390324,609.9,
0.002,0.8,2.0,20,1,jump,0.5054545456728398,0.007097652842987654,0.004131226970155768,0.003958516854427933,0.9581939900723192,13.487575625390324,25.2,
0.002,0.8,2.0,20,1,kmeans,0.5035425854588611,0.007097652842987654,0.004131226970155768,0.003958516854427933,0.9581939900723192,13.487575625390324,0.4,
0.0011,1.1,2.75,12,3,vae,0.6970647439888009,0.005018323326448408,0.003859730077730267,0.00217428785634618,0.5633264017324188,4.975002262566338,600.8,
0.0011,1.1,2.75,12,3,jump,0.721526495918428,0.005018323326448408,0.003859730077730267,0.00217428785634618,0.5633264017324188,4.975002262566338,23.5,
0.0011,1.1,2.75,12,3,kmeans,0.7048741824268188,0.005018323326448408,0.003859730077730267,0.00217428785634618,0.5633264017324188,4.975002262566338,0.5,
0.0005,1.6,2.75,12,4,vae,0.5718113656081547,0.004616633340881403,0.0041861564931791025,0.0009380479857310745,0.22408335361077017,2.1685480054535464,600.5,
0.0005,1.6,2.75,12,4,jump,0.5044624834087835,0.004616633340881403,0.0041861564931791025,0.0009380479857310745,0.22408335361077017,2.1685480054535464,23.1,
0.0005,1.6,2.75,12,4,kmeans,0.519016576868077,0.004616633340881403,0.0041861564931791025,0.0009380479857310745,0.22408335361077017,2.1685480054535464,0.3,
0.0012,1.6,2.0,12,2,vae,0.6441605145057654,0.00496266301173971,0.004372893818414792,0.0024137940303158418,0.5519900849526826,3.0636338032594637,569.1,
0.0012,1.6,2.0,12,2,jump,0.7014904759246132,0.00496266301173971,0.004372893818414792,0.0024137940303158418,0.5519900849526826,3.0636338032594637,25.6,
0.0012,1.6,2.0,12,2,kmeans,0.7051037707422957,0.00496266301173971,0.004372893818414792,0.0024137940303158418,0.5519900849526826,3.0636338032594637,0.2,
0.0005,0.8,2.75,12,3,vae,0.5158289971042224,0.004709280270949798,0.0028751718896721833,0.0010179065173672548,0.354033273983947,8.8261190721932,569.0,
0.0005,0.8,2.75,12,3,jump,0.5077464484353824,0.004709280270949798,0.0028751718896721833,0.0010179065173672548,0.354033273983947,8.8261190721932,23.8,
0.0005,0.8,2.75,12,3,kmeans,0.5025405400252096,0.004709280270949798,0.0028751718896721833,0.0010179065173672548,0.354033273983947,8.8261190721932,0.6,
0.0014,1.6,2.0,20,4,vae,0.7430920944541961,0.005189491629377474,0.0044621702126130735,0.002803778856056883,0.6283442187237795,6.994684589929687,607.5,
0.0014,1.6,2.0,20,4,jump,0.5021628566553716,0.005189491629377474,0.0044621702126130735,0.002803778856056883,0.6283442187237795,6.994684589929687,25.7,
0.0014,1.6,2.0,20,4,kmeans,0.7417730519701558,0.005189491629377474,0.0044621702126130735,0.002803778856056883,0.6283442187237795,6.994684589929687,0.5,
0.0008,1.1,4.0,12,4,vae,0.6703445705943228,0.0043478627961578056,0.003649304239449337,0.0016117202539470774,0.44165138015192684,3.461118659233829,599.5,
0.0008,1.1,4.0,12,4,jump,0.5003258008019816,0.0043478627961578056,0.003649304239449337,0.0016117202539470774,0.44165138015192684,3.461118659233829,24.8,
0.0008,1.1,4.0,12,4,kmeans,0.6643601959051298,0.0043478627961578056,0.003649304239449337,0.0016117202539470774,0.44165138015192684,3.461118659233829,0.7,
0.0016,1.6,4.0,12,5,vae,0.7801515444058713,0.004642626180154132,0.004445614271857076,0.003150189111471772,0.7086060370585945,0.7967013023424334,598.4,
0.0016,1.6,4.0,12,5,jump,0.7882076592387381,0.004642626180154132,0.004445614271857076,0.003150189111471772,0.7086060370585945,0.7967013023424334,24.2,
0.0016,1.6,4.0,12,5,kmeans,0.7830509276425373,0.004642626180154132,0.004445614271857076,0.003150189111471772,0.7086060370585945,0.7967013023424334,0.2,
0.0016,1.6,2.0,20,0,vae,0.7607236949800089,0.005222866537424341,0.0045240289341110145,0.003186496535059114,0.7043492827892954,5.616976066843078,601.5,
0.0016,1.6,2.0,20,0,jump,0.7728911557558369,0.005222866537424341,0.0045240289341110145,0.003186496535059114,0.7043492827892954,5.616976066843078,23.4,
0.0016,1.6,2.0,20,0,kmeans,0.7697710502019921,0.005222866537424341,0.0045240289341110145,0.003186496535059114,0.7043492827892954,5.616976066843078,0.3,
0.0012,0.8,2.0,8,2,vae,0.5271153989791635,0.005174094672012182,0.0034188546556384388,0.00240020083324347,0.7020482222854996,3.813044304014354,570.2,
0.0012,0.8,2.0,8,2,jump,0.7112238409346463,0.005174094672012182,0.0034188546556384388,0.00240020083324347,0.7020482222854996,3.813044304014354,22.8,
0.0012,0.8,2.0,8,2,kmeans,0.5130982243397757,0.005174094672012182,0.0034188546556384388,0.00240020083324347,0.7020482222854996,3.813044304014354,0.2,
0.0016,1.1,6.0,20,0,vae,0.7968571282483836,0.004184971823539024,0.003888536708230744,0.0032370603026797267,0.8324623233793684,1.575886204544502,567.8,
0.0016,1.1,6.0,20,0,jump,0.8057946540982022,0.004184971823539024,0.003888536708230744,0.0032370603026797267,0.8324623233793684,1.575886204544502,22.7,
0.0016,1.1,6.0,20,0,kmeans,0.8057489056153576,0.004184971823539024,0.003888536708230744,0.0032370603026797267,0.8324623233793684,1.575886204544502,0.2,
0.002,1.1,2.0,8,1,vae,0.7789467884906414,0.005501817814202208,0.004505458961779059,0.003996034150478855,0.886931649889216,2.3088545405064904,594.4,
0.002,1.1,2.0,8,1,jump,0.7786202152106959,0.005501817814202208,0.004505458961779059,0.003996034150478855,0.886931649889216,2.3088545405064904,24.6,
0.002,1.1,2.0,8,1,kmeans,0.7979960293739761,0.005501817814202208,0.004505458961779059,0.003996034150478855,0.886931649889216,2.3088545405064904,0.4,
0.0011,0.8,4.0,12,2,vae,0.7267391136670209,0.0038814523198365874,0.002958695546927506,0.0021802428499592625,0.7368932745457243,6.8927785405070185,597.2,
0.0011,0.8,4.0,12,2,jump,0.7334247463526469,0.0038814523198365874,0.002958695546927506,0.0021802428499592625,0.7368932745457243,6.8927785405070185,24.5,
0.0011,0.8,4.0,12,2,kmeans,0.749179309370944,0.0038814523198365874,0.002958695546927506,0.0021802428499592625,0.7368932745457243,6.8927785405070185,0.2,
0.0014,0.8,4.0,12,5,vae,0.7548015931718643,0.003980201871633887,0.00317570536570332,0.0028037741171424153,0.882882318814065,5.9534314119278875,590.9,
0.0014,0.8,4.0,12,5,jump,0.7829358968940257,0.003980201871633887,0.00317570536570332,0.0028037741171424153,0.882882318814065,5.9534314119278875,22.6,
0.0014,0.8,4.0,12,5,kmeans,0.8000266483898257,0.003980201871633887,0.00317570536570332,0.0028037741171424153,0.882882318814065,5.9534314119278875,0.2,
0.0014,1.6,2.75,20,4,vae,0.7385772703926328,0.004814515179827541,0.004409356320926736,0.0027375266343583754,0.6208449567493823,2.518573006073156,591.6,
0.0014,1.6,2.75,20,4,jump,0.7565741400793962,0.004814515179827541,0.004409356320926736,0.0027375266343583754,0.6208449567493823,2.518573006073156,22.2,
0.0014,1.6,2.75,20,4,kmeans,0.7419747300809245,0.004814515179827541,0.004409356320926736,0.0027375266343583754,0.6208449567493823,2.518573006073156,0.2,
0.0012,0.8,4.0,20,2,vae,0.7476571307460183,0.0039841474619914975,0.003021899701986177,0.0023800852196334066,0.7876122487020564,11.179476239427094,577.5,
0.0012,0.8,4.0,20,2,jump,0.5001690937352806,0.0039841474619914975,0.003021899701986177,0.0023800852196334066,0.7876122487020564,11.179476239427094,23.0,
0.0012,0.8,4.0,20,2,kmeans,0.7569612062730466,0.0039841474619914975,0.003021899701986177,0.0023800852196334066,0.7876122487020564,11.179476239427094,0.2,
0.0012,1.6,4.0,8,1,vae,0.7066930718730055,0.0044949167948641535,0.004283783917641958,0.0023724168786579463,0.5538133865453843,0.7535718064598913,567.3,
0.0012,1.6,4.0,8,1,jump,0.7413700805888266,0.0044949167948641535,0.004283783917641958,0.0023724168786579463,0.5538133865453843,0.7535718064598913,22.2,
0.0012,1.6,4.0,8,1,kmeans,0.7209333797612572,0.0044949167948641535,0.004283783917641958,0.0023724168786579463,0.5538133865453843,0.7535718064598913,0.2,
0.0008,1.6,2.75,12,2,vae,0.617223894475829,0.004652595874849532,0.004213055998735878,0.001618351437414506,0.3841276825895716,2.2725516762095106,597.6,
0.0008,1.6,2.75,12,2,jump,0.6721153970291204,0.004652595874849532,0.004213055998735878,0.001618351437414506,0.3841276825895716,2.2725516762095106,24.4,
0.0008,1.6,2.75,12,2,kmeans,0.655027629560337,0.004652595874849532,0.004213055998735878,0.001618351437414506,0.3841276825895716,2.2725516762095106,0.4,
0.0005,0.8,2.75,12,5,vae,0.5301981730843738,0.004699273576315865,0.002892665979966497,0.0010050430216837882,0.347445238629117,8.742120825079638,614.8,
0.0005,0.8,2.75,12,5,jump,0.5005972873556152,0.004699273576315865,0.002892665979966497,0.0010050430216837882,0.347445238629117,8.742120825079638,24.0,
0.0005,0.8,2.75,12,5,kmeans,0.5093051630474807,0.004699273576315865,0.002892665979966497,0.0010050430216837882,0.347445238629117,8.742120825079638,0.2,
0.0016,1.6,2.75,20,2,vae,0.7811439904707496,0.004902898453779009,0.004470203137969921,0.0032187502479263446,0.7200456329570951,3.3648696228315043,606.7,
0.0016,1.6,2.75,20,2,jump,0.7682175499256778,0.004902898453779009,0.004470203137969921,0.0032187502479263446,0.7200456329570951,3.3648696228315043,25.1,
0.0016,1.6,2.75,20,2,kmeans,0.7830168268417049,0.004902898453779009,0.004470203137969921,0.0032187502479263446,0.7200456329570951,3.3648696228315043,0.4,
0.0016,0.8,2.75,8,5,vae,0.7541155312163192,0.004592546502276175,0.0035107962596880155,0.003206046688335593,0.9131964520836353,3.8255979320722524,572.1,
0.0016,0.8,2.75,8,5,jump,0.7737996777538056,0.004592546502276175,0.0035107962596880155,0.003206046688335593,0.9131964520836353,3.8255979320722524,24.3,
0.0016,0.8,2.75,8,5,kmeans,0.7924956165039746,0.004592546502276175,0.0035107962596880155,0.003206046688335593,0.9131964520836353,3.8255979320722524,0.4,
0.0012,1.1,4.0,12,5,vae,0.724522770484759,0.004419740477804852,0.0038039414810597336,0.0024150414595280442,0.6348787097679647,3.1382917337577467,609.6,
0.0012,1.1,4.0,12,5,jump,0.7433950576962856,0.004419740477804852,0.0038039414810597336,0.0024150414595280442,0.6348787097679647,3.1382917337577467,24.6,
0.0012,1.1,4.0,12,5,kmeans,0.7446470277079216,0.004419740477804852,0.0038039414810597336,0.0024150414595280442,0.6348787097679647,3.1382917337577467,0.3,
0.0008,0.8,4.0,8,5,vae,0.6416714536108288,0.0036857253541839625,0.002800989617407942,0.0016063773319980486,0.5735034939131988,4.233326478347772,580.8,
0.0008,0.8,4.0,8,5,jump,0.6875317795456918,0.0036857253541839625,0.002800989617407942,0.0016063773319980486,0.5735034939131988,4.233326478347772,22.7,
0.0008,0.8,4.0,8,5,kmeans,0.5322993053647715,0.0036857253541839625,0.002800989617407942,0.0016063773319980486,0.5735034939131988,4.233326478347772,0.3,
0.002,1.6,4.0,20,1,vae,0.8062651653770672,0.00479579123382665,0.004631741287943164,0.003971365060953101,0.8574237665844849,1.0757952042072025,602.9,
0.002,1.6,4.0,20,1,jump,0.7984318589525997,0.00479579123382665,0.004631741287943164,0.003971365060953101,0.8574237665844849,1.0757952042072025,23.9,
0.002,1.6,4.0,20,1,kmeans,0.8124317829734484,0.00479579123382665,0.004631741287943164,0.003971365060953101,0.8574237665844849,1.0757952042072025,0.2,
0.0014,1.1,2.75,8,3,vae,0.7514668659166964,0.00485579935631128,0.0039916266078601995,0.0027745381773279136,0.6950896087986713,2.454249485237578,607.9,
0.0014,1.1,2.75,8,3,jump,0.7794732024906468,0.00485579935631128,0.0039916266078601995,0.0027745381773279136,0.6950896087986713,2.454249485237578,22.8,
0.0014,1.1,2.75,8,3,kmeans,0.7568704667977794,0.00485579935631128,0.0039916266078601995,0.0027745381773279136,0.6950896087986713,2.454249485237578,0.3,
0.0011,1.1,4.0,12,1,vae,0.701629412620029,0.004392071875875308,0.0037455262573888913,0.002195280660998789,0.5861074012411754,3.4661639663945625,599.4,
0.0011,1.1,4.0,12,1,jump,0.7112917315163331,0.004392071875875308,0.0037455262573888913,0.002195280660998789,0.5861074012411754,3.4661639663945625,24.5,
0.0011,1.1,4.0,12,1,kmeans,0.7151282384299806,0.004392071875875308,0.0037455262573888913,0.002195280660998789,0.5861074012411754,3.4661639663945625,0.5,
0.0008,1.1,6.0,8,4,vae,0.6723210581044683,0.0039042097992029144,0.0035440842923732323,0.0015970758753320407,0.4506314589551107,1.3295611384125658,576.6,
0.0008,1.1,6.0,8,4,jump,0.6835430801694704,0.0039042097992029144,0.0035440842923732323,0.0015970758753320407,0.4506314589551107,1.3295611384125658,24.1,
0.0008,1.1,6.0,8,4,kmeans,0.672424558718568,0.0039042097992029144,0.0035440842923732323,0.0015970758753320407,0.4506314589551107,1.3295611384125658,0.6,
0.0008,1.1,6.0,12,5,vae,0.6651109898632055,0.0039310518963161754,0.003567847136256094,0.0016205397392581138,0.45420660621649295,1.638469013889833,601.7,
0.0008,1.1,6.0,12,5,jump,0.7063150119849713,0.0039310518963161754,0.003567847136256094,0.0016205397392581138,0.45420660621649295,1.638469013889833,25.8,
0.0008,1.1,6.0,12,5,kmeans,0.6905022465016883,0.0039310518963161754,0.003567847136256094,0.0016205397392581138,0.45420660621649295,1.638469013889833,0.3,
0.0005,1.1,6.0,8,0,vae,0.5946877948159837,0.003875221350885458,0.003497380595235997,0.0010365647941648717,0.2963831833392231,1.5485846277896727,582.0,
0.0005,1.1,6.0,8,0,jump,0.5720369586516649,0.003875221350885458,0.003497380595235997,0.0010365647941648717,0.2963831833392231,1.5485846277896727,23.4,
0.0005,1.1,6.0,8,0,kmeans,0.510022564216169,0.003875221350885458,0.003497380595235997,0.0010365647941648717,0.2963831833392231,1.5485846277896727,0.3,
0.002,1.1,4.0,20,3,vae,0.8182943216585585,0.004760825811804575,0.004250779566584738,0.003999418822391829,0.9408671420722804,4.049324750196754,590.8,
0.002,1.1,4.0,20,3,jump,0.8178276849093058,0.004760825811804575,0.004250779566584738,0.003999418822391829,0.9408671420722804,4.049324750196754,23.7,
0.002,1.1,4.0,20,3,kmeans,0.8268119920467161,0.004760825811804575,0.004250779566584738,0.003999418822391829,0.9408671420722804,4.049324750196754,0.4,
0.0016,1.6,4.0,20,0,vae,0.7831302274431893,0.004673174655961882,0.004464348911839317,0.0032068086021912754,0.7183149582432764,1.274787264439735,607.7,
0.0016,1.6,4.0,20,0,jump,0.7827333420975409,0.004673174655961882,0.004464348911839317,0.0032068086021912754,0.7183149582432764,1.274787264439735,24.7,
0.0016,1.6,4.0,20,0,kmeans,0.7886462709799387,0.004673174655961882,0.004464348911839317,0.0032068086021912754,0.7183149582432764,1.274787264439735,0.2,
0.0008,1.6,2.0,12,4,vae,0.6403685454349486,0.0049078470355438325,0.004281755903297444,0.001604114143986556,0.37463932559798746,3.1913965717604693,605.1,
0.0008,1.6,2.0,12,4,jump,0.5020925554841937,0.0049078470355438325,0.004281755903297444,0.001604114143986556,0.37463932559798746,3.1913965717604693,25.5,
0.0008,1.6,2.0,12,4,kmeans,0.6418223268274832,0.0049078470355438325,0.004281755903297444,0.001604114143986556,0.37463932559798746,3.1913965717604693,0.2,
0.0014,1.6,2.75,20,5,vae,0.7502239777552786,0.004792009892043507,0.004419822960076494,0.00286434391561049,0.64806756774731,2.783067824621366,563.7,
0.0014,1.6,2.75,20,5,jump,0.7563749208313081,0.004792009892043507,0.004419822960076494,0.00286434391561049,0.64806756774731,2.783067824621366,24.1,
0.0014,1.6,2.75,20,5,kmeans,0.7525801468935454,0.004792009892043507,0.004419822960076494,0.00286434391561049,0.64806756774731,2.783067824621366,0.2,
0.0011,1.6,2.0,12,4,vae,0.6848805634531807,0.004965248687962105,0.0043591894165353594,0.0022041141439865563,0.5056247695100995,3.0451692591228214,570.1,
0.0011,1.6,2.0,12,4,jump,0.5019485211319157,0.004965248687962105,0.0043591894165353594,0.0022041141439865563,0.5056247695100995,3.0451692591228214,24.0,
0.0011,1.6,2.0,12,4,kmeans,0.6896990753664977,0.004965248687962105,0.0043591894165353594,0.0022041141439865563,0.5056247695100995,3.0451692591228214,0.3,
0.0012,1.6,2.75,20,4,vae,0.7114029660330277,0.004761292717288032,0.00434495087288012,0.0023375266343583752,0.537986896226725,2.64091715175657,606.8,
0.0012,1.6,2.75,20,4,jump,0.7323523848506639,0.004761292717288032,0.00434495087288012,0.0023375266343583752,0.537986896226725,2.64091715175657,24.2,
0.0012,1.6,2.75,20,4,kmeans,0.713104582567735,0.004761292717288032,0.00434495087288012,0.0023375266343583752,0.537986896226725,2.64091715175657,0.2,
0.002,0.8,2.0,12,0,vae,0.7692987543897609,0.006191090691099716,0.004127236933943424,0.004009830000239071,0.9715531394045326,6.275234595425118,585.2,
0.002,0.8,2.0,12,0,jump,0.7649389379803334,0.006191090691099716,0.004127236933943424,0.004009830000239071,0.9715531394045326,6.275234595425118,26.2,
0.002,0.8,2.0,12,0,kmeans,0.7844986102835406,0.006191090691099716,0.004127236933943424,0.004009830000239071,0.9715531394045326,6.275234595425118,0.4,
0.001,0.8,2.0,12,0,vae,0.5054470656690009,0.005946134076723438,0.0033400319665359297,0.0020098300002390703,0.6017397499112977,7.4385012820872305,596.4,
0.001,0.8,2.0,12,0,jump,0.5169598869639324,0.005946134076723438,0.0033400319665359297,0.0020098300002390703,0.6017397499112977,7.4385012820872305,24.5,
0.001,0.8,2.0,12,0,kmeans,0.5035342078553156,0.005946134076723438,0.0033400319665359297,0.0020098300002390703,0.6017397499112977,7.4385012820872305,0.2,
0.002,0.8,2.75,12,4,vae,0.7786719514416423,0.005109872744941114,0.0038783420675225716,0.003989595065658597,1.0286857105946543,6.600532205977466,592.5,
0.002,0.8,2.75,12,4,jump,0.7814732720070181,0.005109872744941114,0.0038783420675225716,0.003989595065658597,1.0286857105946543,6.600532205977466,24.4,
0.002,0.8,2.75,12,4,kmeans,0.8058170386905388,0.005109872744941114,0.0038783420675225716,0.003989595065658597,1.0286857105946543,6.600532205977466,0.3,
0.002,0.8,4.0,20,2,vae,0.7639585158436151,0.004291374783352099,0.0036707653009255404,0.0039800852196334065,1.0842657847479038,8.252628522478007,589.7,
0.002,0.8,4.0,20,2,jump,0.8108478266284902,0.004291374783352099,0.0036707653009255404,0.0039800852196334065,1.0842657847479038,8.252628522478007,24.8,
0.002,0.8,4.0,20,2,kmeans,0.8385748141176439,0.004291374783352099,0.0036707653009255404,0.0039800852196334065,1.0842657847479038,8.252628522478007,0.2,
0.002,1.1,4.0,12,1,vae,0.7723678934518168,0.004697118437202533,0.004237797866808067,0.003995280660998789,0.942772823661846,2.598365677454212,593.1,
0.002,1.1,4.0,12,1,jump,0.7970421328406314,0.004697118437202533,0.004237797866808067,0.003995280660998789,0.942772823661846,2.598365677454212,25.3,
0.002,1.1,4.0,12,1,kmeans,0.8200220741746014,0.004697118437202533,0.004237797866808067,0.003995280660998789,0.942772823661846,2.598365677454212,0.3,
0.0005,1.1,2.0,20,0,vae,0.5156474517269722,0.0062895379372692834,0.0038516857297833567,0.000980039527781726,0.25444431257813177,13.338100944425786,584.0,
0.0005,1.1,2.0,20,0,jump,0.5045799753558435,0.0062895379372692834,0.0038516857297833567,0.000980039527781726,0.25444431257813177,13.338100944425786,22.7,
0.0005,1.1,2.0,20,0,kmeans,0.5129159431702002,0.0062895379372692834,0.0038516857297833567,0.000980039527781726,0.25444431257813177,13.338100944425786,0.2,
0.0012,1.6,2.75,12,3,vae,0.7219914202208684,0.004740902019120768,0.004357698435780118,0.0024431632665130646,0.5606545066204628,2.0592791596033635,600.7,
0.0012,1.6,2.75,12,3,jump,0.7481766647456551,0.004740902019120768,0.004357698435780118,0.0024431632665130646,0.5606545066204628,2.0592791596033635,23.8,
0.0012,1.6,2.75,12,3,kmeans,0.7205839191270054,0.004740902019120768,0.004357698435780118,0.0024431632665130646,0.5606545066204628,2.0592791596033635,0.3,
0.0014,0.8,4.0,8,1,vae,0.7757377298948376,0.003858420050086179,0.003130095499338478,0.0027689020998242,0.8846062685337832,3.6049771702763866,601.3,
0.0014,0.8,4.0,8,1,jump,0.7871867594652848,0.003858420050086179,0.003130095499338478,0.0027689020998242,0.8846062685337832,3.6049771702763866,23.1,
0.0014,0.8,4.0,8,1,kmeans,0.7981643361007493,0.003858420050086179,0.003130095499338478,0.0027689020998242,0.8846062685337832,3.6049771702763866,0.2,
0.002,0.8,2.0,20,4,vae,0.7526973296641445,0.007154653373577595,0.00414207322744129,0.004023224891775201,0.9713070413920456,13.768955557177378,617.3,
0.002,0.8,2.0,20,4,jump,0.5080916988224984,0.007154653373577595,0.00414207322744129,0.004023224891775201,0.9713070413920456,13.768955557177378,25.9,
0.002,0.8,2.0,20,4,kmeans,0.5013865019910261,0.007154653373577595,0.00414207322744129,0.004023224891775201,0.9713070413920456,13.768955557177378,0.3,
0.0008,1.6,4.0,8,1,vae,0.6165300067471767,0.004406046142818381,0.004187403557525012,0.0015724168786579464,0.3755111865996818,0.8194047213242328,596.3,
0.0008,1.6,4.0,8,1,jump,0.6636032481177225,0.004406046142818381,0.004187403557525012,0.0015724168786579464,0.3755111865996818,0.8194047213242328,25.0,
0.0008,1.6,4.0,8,1,kmeans,0.6541977965826011,0.004406046142818381,0.004187403557525012,0.0015724168786579464,0.3755111865996818,0.8194047213242328,0.4,
0.0012,1.1,2.75,20,5,vae,0.6696240455729892,0.005290727997072382,0.00392702179661333,0.0023782230843558357,0.605604757887216,10.17086843010592,587.4,
0.0012,1.1,2.75,20,5,jump,0.5005715915516679,0.005290727997072382,0.00392702179661333,0.0023782230843558357,0.605604757887216,10.17086843010592,23.6,
0.0012,1.1,2.75,20,5,kmeans,0.7147584050094169,0.005290727997072382,0.00392702179661333,0.0023782230843558357,0.605604757887216,10.17086843010592,0.2,
0.0011,1.1,6.0,12,1,vae,0.7064341584575116,0.003986557197790993,0.0036318496000717695,0.002141602876230369,0.5896727871627857,1.4530275717333483,623.6,
0.0011,1.1,6.0,12,1,jump,0.733182461590633,0.003986557197790993,0.0036318496000717695,0.002141602876230369,0.5896727871627857,1.4530275717333483,26.0,
0.0011,1.1,6.0,12,1,kmeans,0.729217458464172,0.003986557197790993,0.0036318496000717695,0.002141602876230369,0.5896727871627857,1.4530275717333483,0.3,
0.0011,0.8,2.75,8,3,vae,0.7272759409554748,0.00444941812718274,0.003131304532384011,0.002216589059270976,0.707880385426256,4.407137812467918,603.3,
0.0011,0.8,2.75,8,3,jump,0.742091309747019,0.00444941812718274,0.003131304532384011,0.002216589059270976,0.707880385426256,4.407137812467918,23.7,
0.0011,0.8,2.75,8,3,kmeans,0.5201533759496919,0.00444941812718274,0.003131304532384011,0.002216589059270976,0.707880385426256,4.407137812467918,0.4,
0.0016,1.1,6.0,12,1,vae,0.7736262468687489,0.004148888312383122,0.003873937339441148,0.003141602876230369,0.8109586193470995,1.1938180420544295,621.4,
0.0016,1.1,6.0,12,1,jump,0.7910440620947568,0.004148888312383122,0.003873937339441148,0.003141602876230369,0.8109586193470995,1.1938180420544295,24.3,
0.0016,1.1,6.0,12,1,kmeans,0.7992568940849529,0.004148888312383122,0.003873937339441148,0.003141602876230369,0.8109586193470995,1.1938180420544295,0.2,
0.0005,1.6,2.0,12,1,vae,0.5533686803472961,0.004902863049190662,0.004202672028882271,0.0009695914447990506,0.23070832987577192,3.670909251727198,585.1,
0.0005,1.6,2.0,12,1,jump,0.5014955106216683,0.004902863049190662,0.004202672028882271,0.0009695914447990506,0.23070832987577192,3.670909251727198,22.7,
0.0005,1.6,2.0,12,1,kmeans,0.5062365136130997,0.004902863049190662,0.004202672028882271,0.0009695914447990506,0.23070832987577192,3.670909251727198,0.5,
0.0005,1.6,2.0,20,1,vae,0.5330114804857795,0.005033362720786555,0.00420550364486348,0.0009715533099540104,0.2310194906478435,7.493303377012396,609.3,
0.0005,1.6,2.0,20,1,jump,0.5026325415223211,0.005033362720786555,0.00420550364486348,0.0009715533099540104,0.2310194906478435,7.493303377012396,24.8,
0.0005,1.6,2.0,20,1,kmeans,0.5988515922369637,0.005033362720786555,0.00420550364486348,0.0009715533099540104,0.2310194906478435,7.493303377012396,0.2,
0.001,0.8,6.0,8,2,vae,0.7438383013880776,0.0032278815797751152,0.0027619417433972057,0.001990571326181308,0.7207144505998496,2.7964146004715715,606.8,
0.001,0.8,6.0,8,2,jump,0.7633746179453104,0.0032278815797751152,0.0027619417433972057,0.001990571326181308,0.7207144505998496,2.7964146004715715,24.2,
0.001,0.8,6.0,8,2,kmeans,0.7639938466240719,0.0032278815797751152,0.0027619417433972057,0.001990571326181308,0.7207144505998496,2.7964146004715715,0.3,
0.002,1.1,2.75,20,1,vae,0.7739175569779352,0.005459019323625073,0.004402204623727927,0.003950242957270134,0.897332880888427,8.29650414584788,601.7,
0.002,1.1,2.75,20,1,jump,0.7723298738607016,0.005459019323625073,0.004402204623727927,0.003950242957270134,0.897332880888427,8.29650414584788,23.9,
0.002,1.1,2.75,20,1,kmeans,0.7925555909704711,0.005459019323625073,0.004402204623727927,0.003950242957270134,0.897332880888427,8.29650414584788,0.4,
0.0008,0.8,2.0,8,4,vae,0.504933519266223,0.005093895644936713,0.0031736839157346314,0.001616135300674493,0.5092300757053799,4.148522899112233,578.2,
0.0008,0.8,2.0,8,4,jump,0.541437447426711,0.005093895644936713,0.0031736839157346314,0.001616135300674493,0.5092300757053799,4.148522899112233,24.7,
0.0008,0.8,2.0,8,4,kmeans,0.5047474803143713,0.005093895644936713,0.0031736839157346314,0.001616135300674493,0.5092300757053799,4.148522899112233,0.3,
0.0016,1.1,2.0,8,1,vae,0.7425385426856606,0.005367253747187058,0.004237705512005662,0.0031960341504788554,0.7541897711920538,2.567519560019287,618.3,
0.0016,1.1,2.0,8,1,jump,0.7578081759749982,0.005367253747187058,0.004237705512005662,0.0031960341504788554,0.7541897711920538,2.567519560019287,24.1,
0.0016,1.1,2.0,8,1,kmeans,0.7600206660490083,0.005367253747187058,0.004237705512005662,0.0031960341504788554,0.7541897711920538,2.567519560019287,0.2,
0.0012,1.1,2.0,20,0,vae,0.5550241403029238,0.006382396662859578,0.004095663457071963,0.002380039527781726,0.5811120842148597,12.613429421334693,617.0,
0.0012,1.1,2.0,20,0,jump,0.5043939702079037,0.006382396662859578,0.004095663457071963,0.002380039527781726,0.5811120842148597,12.613429421334693,24.6,
0.0012,1.1,2.0,20,0,kmeans,0.5174049417705248,0.006382396662859578,0.004095663457071963,0.002380039527781726,0.5811120842148597,12.613429421334693,0.2,
0.0014,1.1,4.0,20,4,vae,0.760129782405768,0.004528427696712015,0.0038882067730625774,0.0028118874321290633,0.7231836155447714,4.20519746626334,614.4,
0.0014,1.1,4.0,20,4,jump,0.7675491074592924,0.004528427696712015,0.0038882067730625774,0.0028118874321290633,0.7231836155447714,4.20519746626334,25.2,
0.0014,1.1,4.0,20,4,kmeans,0.7645065055899337,0.004528427696712015,0.0038882067730625774,0.0028118874321290633,0.7231836155447714,4.20519746626334,0.2,
0.0005,0.8,4.0,20,0,vae,0.5806786749914834,0.0038413638322144185,0.002700793629083225,0.000998487162881799,0.3697013915205109,13.004281867547448,591.5,
0.0005,0.8,4.0,20,0,jump,0.500784481938548,0.0038413638322144185,0.002700793629083225,0.000998487162881799,0.3697013915205109,13.004281867547448,23.4,
0.0005,0.8,4.0,20,0,kmeans,0.5024486292707117,0.0038413638322144185,0.002700793629083225,0.000998487162881799,0.3697013915205109,13.004281867547448,0.7,
0.0005,1.1,6.0,12,1,vae,0.5839617346422439,0.0038688050768772835,0.0034647747895157977,0.0009416028762303686,0.2717645253826029,1.6694699731026805,597.2,
0.0005,1.1,6.0,12,1,jump,0.5004035479442202,0.0038688050768772835,0.0034647747895157977,0.0009416028762303686,0.2717645253826029,1.6694699731026805,25.0,
0.0005,1.1,6.0,12,1,kmeans,0.5268656536026449,0.0038688050768772835,0.0034647747895157977,0.0009416028762303686,0.2717645253826029,1.6694699731026805,0.4,
0.002,1.6,2.75,8,0,vae,0.8088423704060678,0.004938304709161327,0.004682191435862217,0.003968491437735461,0.8475713759458173,0.880816243294241,624.5,
0.002,1.6,2.75,8,0,jump,0.8191467884940196,0.004938304709161327,0.004682191435862217,0.003968491437735461,0.8475713759458173,0.880816243294241,25.9,
0.002,1.6,2.75,8,0,kmeans,0.8142963338618435,0.004938304709161327,0.004682191435862217,0.003968491437735461,0.8475713759458173,0.880816243294241,0.4,
0.0012,1.6,6.0,8,1,vae,0.7068734498199577,0.004370164454182272,0.004260054713203653,0.002369483487557132,0.5562096374521043,0.3836753514020752,592.9,
0.0012,1.6,6.0,8,1,jump,0.7252623754494454,0.004370164454182272,0.004260054713203653,0.002369483487557132,0.5562096374521043,0.3836753514020752,22.6,
0.0012,1.6,6.0,8,1,kmeans,0.7273422972123306,0.004370164454182272,0.004260054713203653,0.002369483487557132,0.5562096374521043,0.3836753514020752,0.7,
0.0008,0.8,6.0,8,0,vae,0.713130351793428,0.0031557935196940357,0.0026670852291172317,0.00161195566100034,0.6043885074995803,2.9206118233850678,597.5,
0.0008,0.8,6.0,8,0,jump,0.7376024987855343,0.0031557935196940357,0.0026670852291172317,0.00161195566100034,0.6043885074995803,2.9206118233850678,23.4,
0.0008,0.8,6.0,8,0,kmeans,0.7235237258204688,0.0031557935196940357,0.0026670852291172317,0.00161195566100034,0.6043885074995803,2.9206118233850678,0.3,
0.0008,1.6,4.0,12,4,vae,0.6661593695731969,0.004445066419430553,0.004189649619563522,0.0016298851531471896,0.38902660154120267,0.9163430737217415,595.4,
0.0008,1.6,4.0,12,4,jump,0.6741465471838928,0.004445066419430553,0.004189649619563522,0.0016298851531471896,0.38902660154120267,0.9163430737217415,23.1,
0.0008,1.6,4.0,12,4,kmeans,0.6690567764105371,0.004445066419430553,0.004189649619563522,0.0016298851531471896,0.38902660154120267,0.9163430737217415,0.5,
0.001,0.8,2.75,20,0,vae,0.5634416010412366,0.005204950236664676,0.0031012482163110386,0.0020107383612716087,0.6483642137046997,17.191041824993377,622.0,
0.001,0.8,2.75,20,0,jump,0.5039075987089544,0.005204950236664676,0.0031012482163110386,0.0020107383612716087,0.6483642137046997,17.191041824993377,24.5,
0.001,0.8,2.75,20,0,kmeans,0.5042491316916947,0.005204950236664676,0.0031012482163110386,0.0020107383612716087,0.6483642137046997,17.191041824993377,0.2,
0.0008,1.6,6.0,20,1,vae,0.601661535172459,0.004280087325372393,0.004156607932257055,0.0015694834875571327,0.3775875697530358,0.4394346654205026,615.1,
0.0008,1.6,6.0,20,1,jump,0.6657203390335006,0.004280087325372393,0.004156607932257055,0.0015694834875571327,0.3775875697530358,0.4394346654205026,23.8,
0.0008,1.6,6.0,20,1,kmeans,0.6542625849674079,0.004280087325372393,0.004156607932257055,0.0015694834875571327,0.3775875697530358,0.4394346654205026,0.2,
0.0005,0.8,4.0,12,4,vae,0.620647626075735,0.003726763585720975,0.0026837052142742743,0.0010027777431938453,0.37365420682577305,7.433407225322977,596.3,
0.0005,0.8,4.0,12,4,jump,0.5004492130771465,0.003726763585720975,0.0026837052142742743,0.0010027777431938453,0.37365420682577305,7.433407225322977,24.4,
0.0005,0.8,4.0,12,4,kmeans,0.5031604408805973,0.003726763585720975,0.0026837052142742743,0.0010027777431938453,0.37365420682577305,7.433407225322977,0.3,
0.0016,0.8,4.0,8,5,vae,0.7791291555958577,0.00393787907754536,0.003327636290627453,0.0032063773319980487,0.963560032395686,3.1904028202698926,627.0,
0.0016,0.8,4.0,8,5,jump,0.8085253154099897,0.00393787907754536,0.003327636290627453,0.0032063773319980487,0.963560032395686,3.1904028202698926,24.9,
0.0016,0.8,4.0,8,5,kmeans,0.8168725292804087,0.00393787907754536,0.003327636290627453,0.0032063773319980487,0.963560032395686,3.1904028202698926,0.3,
0.0005,1.1,2.0,12,0,vae,0.5113469392769373,0.0056949793816406784,0.003835189510045693,0.0009803270659867664,0.2556137221952004,6.202048406957278,584.1,
0.0005,1.1,2.0,12,0,jump,0.5032447559138368,0.0056949793816406784,0.003835189510045693,0.0009803270659867664,0.2556137221952004,6.202048406957278,22.7,
0.0005,1.1,2.0,12,0,kmeans,0.508279359944211,0.0056949793816406784,0.003835189510045693,0.0009803270659867664,0.2556137221952004,6.202048406957278,0.4,
0.0011,1.6,4.0,8,0,vae,0.7040324511505893,0.004496655806674785,0.004286395853711929,0.002206986419407004,0.5148816149343276,0.6604534168090774,587.4,
0.0011,1.6,4.0,8,0,jump,0.7371103499524843,0.004496655806674785,0.004286395853711929,0.002206986419407004,0.5148816149343276,0.6604534168090774,23.8,
0.0011,1.6,4.0,8,0,kmeans,0.7247377863130484,0.004496655806674785,0.004286395853711929,0.002206986419407004,0.5148816149343276,0.6604534168090774,0.5,
0.0008,0.8,4.0,8,2,vae,0.6062744426024371,0.0036779354876231045,0.0027977500749542194,0.0015797753772130128,0.5646592207629065,4.305368675668449,616.1,
0.0008,0.8,4.0,8,2,jump,0.6837720595247949,0.0036779354876231045,0.0027977500749542194,0.0015797753772130128,0.5646592207629065,4.305368675668449,25.2,
0.0008,0.8,4.0,8,2,kmeans,0.5122616408596466,0.0036779354876231045,0.0027977500749542194,0.0015797753772130128,0.5646592207629065,4.305368675668449,0.5,
0.002,1.1,4.0,12,2,vae,0.7787562977266168,0.004727958016976744,0.004236508316322853,0.003997276820597133,0.943530974599062,2.538755728974044,600.9,
0.002,1.1,4.0,12,2,jump,0.8041800543374003,0.004727958016976744,0.004236508316322853,0.003997276820597133,0.943530974599062,2.538755728974044,24.8,
0.002,1.1,4.0,12,2,kmeans,0.8274863191727906,0.004727958016976744,0.004236508316322853,0.003997276820597133,0.943530974599062,2.538755728974044,0.3,
0.002,1.1,2.75,8,0,vae,0.7901302905386804,0.005048073993142489,0.004361436311349824,0.003988213709728541,0.914426676219015,2.0230389952634154,622.2,
0.002,1.1,2.75,8,0,jump,0.7946413980712348,0.005048073993142489,0.004361436311349824,0.003988213709728541,0.914426676219015,2.0230389952634154,25.7,
0.002,1.1,2.75,8,0,kmeans,0.8002662905840588,0.005048073993142489,0.004361436311349824,0.003988213709728541,0.914426676219015,2.0230389952634154,0.4,
0.0008,0.8,4.0,12,4,vae,0.6892450995000712,0.00377764068070428,0.0027970832672699042,0.0016027777431938455,0.5730175293487914,7.003735285185176,596.5,
0.0008,0.8,4.0,12,4,jump,0.5016547590931153,0.00377764068070428,0.0027970832672699042,0.0016027777431938455,0.5730175293487914,7.003735285185176,24.3,
0.0008,0.8,4.0,12,4,kmeans,0.694447446202394,0.00377764068070428,0.0027970832672699042,0.0016027777431938455,0.5730175293487914,7.003735285185176,0.3,
0.0014,1.6,4.0,20,1,vae,0.7455526408202883,0.004579826979690635,0.004347880511174953,0.002771365060953101,0.637405985245022,1.3513308593752367,598.4,
0.0014,1.6,4.0,20,1,jump,0.7571378205475499,0.004579826979690635,0.004347880511174953,0.002771365060953101,0.637405985245022,1.3513308593752367,25.0,
0.0014,1.6,4.0,20,1,kmeans,0.7504827762697841,0.004579826979690635,0.004347880511174953,0.002771365060953101,0.637405985245022,1.3513308593752367,0.5,
0.0016,0.8,4.0,12,0,vae,0.7814034197956317,0.004054291645451094,0.0033215182589869155,0.003198467390844517,0.9629534271535422,5.6495298097802085,606.1,
0.0016,0.8,4.0,12,0,jump,0.8038094220446002,0.004054291645451094,0.0033215182589869155,0.003198467390844517,0.9629534271535422,5.6495298097802085,24.0,
0.0016,0.8,4.0,12,0,kmeans,0.8126579819512881,0.004054291645451094,0.0033215182589869155,0.003198467390844517,0.9629534271535422,5.6495298097802085,0.2,
0.0016,1.1,2.75,20,2,vae,0.7337387432888393,0.0053650969923764785,0.004132844833500188,0.0032189872493204427,0.7788792899331327,8.494411019709968,584.3,
0.0016,1.1,2.75,20,2,jump,0.5007766271556939,0.0053650969923764785,0.004132844833500188,0.0032189872493204427,0.7788792899331327,8.494411019709968,23.8,
0.0016,1.1,2.75,20,2,kmeans,0.764583574651164,0.0053650969923764785,0.004132844833500188,0.0032189872493204427,0.7788792899331327,8.494411019709968,0.2,
0.0008,1.6,6.0,8,1,vae,0.594200700679053,0.004278675021392548,0.004156180900152577,0.0015694834875571327,0.37762636546920164,0.42195183854111606,625.8,
0.0008,1.6,6.0,8,1,jump,0.6513027447913635,0.004278675021392548,0.004156180900152577,0.0015694834875571327,0.37762636546920164,0.42195183854111606,24.4,
0.0008,1.6,6.0,8,1,kmeans,0.6570446635446778,0.004278675021392548,0.004156180900152577,0.0015694834875571327,0.37762636546920164,0.42195183854111606,0.5,
0.0008,0.8,6.0,8,1,vae,0.7059989291882214,0.0031442412828061686,0.002653664230539049,0.0016092972215878273,0.6064434238015578,2.8676229431324973,601.3,
0.0008,0.8,6.0,8,1,jump,0.7243943081430431,0.0031442412828061686,0.002653664230539049,0.0016092972215878273,0.6064434238015578,2.8676229431324973,22.8,
0.0008,0.8,6.0,8,1,kmeans,0.730165617040805,0.0031442412828061686,0.002653664230539049,0.0016092972215878273,0.6064434238015578,2.8676229431324973,0.4,
0.0005,0.8,6.0,8,3,vae,0.6409846244708289,0.0031042555740107207,0.002561848285307561,0.0009995947539473081,0.3901849924837772,3.239697238254151,628.5,
0.0005,0.8,6.0,8,3,jump,0.5050814605941554,0.0031042555740107207,0.002561848285307561,0.0009995947539473081,0.3901849924837772,3.239697238254151,24.3,
0.0005,0.8,6.0,8,3,kmeans,0.6481653345566278,0.0031042555740107207,0.002561848285307561,0.0009995947539473081,0.3901849924837772,3.239697238254151,0.5,
0.002,1.6,4.0,8,4,vae,0.8083076472905593,0.004806100974624325,0.004666163471217923,0.004030337481721339,0.86373688075471,0.4897587619274093,615.5,
0.002,1.6,4.0,8,4,jump,0.8099103759125494,0.004806100974624325,0.004666163471217923,0.004030337481721339,0.86373688075471,0.4897587619274093,25.9,
0.002,1.6,4.0,8,4,kmeans,0.8189290876308801,0.004806100974624325,0.004666163471217923,0.004030337481721339,0.86373688075471,0.4897587619274093,0.2,
0.0016,1.6,6.0,20,0,vae,0.7773138075513888,0.0045323713169945915,0.0044215192047739596,0.0031695291264527367,0.7168416509489688,0.3971549622428179,593.7,
0.0016,1.6,6.0,20,0,jump,0.8004397106474987,0.0045323713169945915,0.0044215192047739596,0.0031695291264527367,0.7168416509489688,0.3971549622428179,23.8,
0.0016,1.6,6.0,20,0,kmeans,0.7854017401570408,0.0045323713169945915,0.0044215192047739596,0.0031695291264527367,0.7168416509489688,0.3971549622428179,0.3,
0.0016,0.8,2.75,20,4,vae,0.7583419253651709,0.005341422627449122,0.0035168678413062607,0.0031925901403199943,0.9077936062374693,15.693807810784431,615.9,
0.0016,0.8,2.75,20,4,jump,0.5031483738136402,0.005341422627449122,0.0035168678413062607,0.0031925901403199943,0.9077936062374693,15.693807810784431,25.5,
0.0016,0.8,2.75,20,4,kmeans,0.7724954942612592,0.005341422627449122,0.0035168678413062607,0.0031925901403199943,0.9077936062374693,15.693807810784431,0.2,
0.0014,1.1,2.75,20,2,vae,0.6003158109762644,0.005308907413862503,0.004023285944522999,0.0028189872493204426,0.7006678839613678,8.88316700239755,603.1,
0.0014,1.1,2.75,20,2,jump,0.5006282688784596,0.005308907413862503,0.004023285944522999,0.0028189872493204426,0.7006678839613678,8.88316700239755,25.8,
0.0014,1.1,2.75,20,2,kmeans,0.7404619468044049,0.005308907413862503,0.004023285944522999,0.0028189872493204426,0.7006678839613678,8.88316700239755,0.2,
0.0016,1.1,2.75,20,0,vae,0.7530560121594725,0.005373422667713508,0.004123694705128123,0.003186627368684504,0.7727602542258267,9.623564200303859,621.7,
0.0016,1.1,2.75,20,0,jump,0.500326526920141,0.005373422667713508,0.004123694705128123,0.003186627368684504,0.7727602542258267,9.623564200303859,23.4,
0.0016,1.1,2.75,20,0,kmeans,0.7591557114990026,0.005373422667713508,0.004123694705128123,0.003186627368684504,0.7727602542258267,9.623564200303859,0.3,
0.0014,1.6,4.0,12,3,vae,0.757216320968052,0.004557040243323365,0.0043319148569164155,0.002771027402456349,0.6396772545129957,0.8279518904645755,593.5,
0.0014,1.6,4.0,12,3,jump,0.775453048333581,0.004557040243323365,0.0043319148569164155,0.002771027402456349,0.6396772545129957,0.8279518904645755,24.1,
0.0014,1.6,4.0,12,3,kmeans,0.7583712411642252,0.004557040243323365,0.0043319148569164155,0.002771027402456349,0.6396772545129957,0.8279518904645755,0.2,
0.0005,1.1,2.75,12,0,vae,0.5336051518173857,0.004926240674185316,0.0037017085312550653,0.0009898462954482114,0.2674025486043883,5.462682836817015,601.9,
0.0005,1.1,2.75,12,0,jump,0.5049688274559805,0.004926240674185316,0.0037017085312550653,0.0009898462954482114,0.2674025486043883,5.462682836817015,24.4,
0.0005,1.1,2.75,12,0,kmeans,0.5060638848701264,0.004926240674185316,0.0037017085312550653,0.0009898462954482114,0.2674025486043883,5.462682836817015,0.3,
0.001,0.8,4.0,20,2,vae,0.7075597849956505,0.003929097463303429,0.0028998592714643404,0.0019800852196334064,0.6828211420871896,11.818280385404545,605.2,
0.001,0.8,4.0,20,2,jump,0.5004304495086297,0.003929097463303429,0.0028998592714643404,0.0019800852196334064,0.6828211420871896,11.818280385404545,24.4,
0.001,0.8,4.0,20,2,kmeans,0.7235341478693265,0.003929097463303429,0.0028998592714643404,0.0019800852196334064,0.6828211420871896,11.818280385404545,0.3,
0.002,0.8,2.75,20,4,vae,0.7905923525053212,0.005473474606802122,0.00388601061217459,0.003992590140319994,1.0274264634819827,14.209860283280733,598.1,
0.002,0.8,2.75,20,4,jump,0.7789500943332452,0.005473474606802122,0.00388601061217459,0.003992590140319994,1.0274264634819827,14.209860283280733,24.1,
0.002,0.8,2.75,20,4,kmeans,0.8029435358523365,0.005473474606802122,0.00388601061217459,0.003992590140319994,1.0274264634819827,14.209860283280733,0.3,
0.0008,1.1,2.75,20,1,vae,0.575728832310001,0.005148284784363144,0.0037609222408173377,0.0015502429572701352,0.41219755634544325,10.477635233759695,597.3,
0.0008,1.1,2.75,20,1,jump,0.5032113297661152,0.005148284784363144,0.0037609222408173377,0.0015502429572701352,0.41219755634544325,10.477635233759695,24.6,
0.0008,1.1,2.75,20,1,kmeans,0.5075505807387488,0.005148284784363144,0.0037609222408173377,0.0015502429572701352,0.41219755634544325,10.477635233759695,0.4,
0.002,1.6,2.75,20,5,vae,0.8094315127576064,0.0050035464392510455,0.004707114814534271,0.00406434391561049,0.8634469469622704,2.319507427951767,597.6,
0.002,1.6,2.75,20,5,jump,0.8040307110485232,0.0050035464392510455,0.004707114814534271,0.00406434391561049,0.8634469469622704,2.319507427951767,24.7,
0.002,1.6,2.75,20,5,kmeans,0.8159405560796111,0.0050035464392510455,0.004707114814534271,0.00406434391561049,0.8634469469622704,2.319507427951767,0.3,
0.002,1.6,2.75,8,4,vae,0.8056104376967327,0.004938757632252611,0.004697438954550289,0.003940879753193564,0.8389421962314455,0.7926669657323755,632.4,
0.002,1.6,2.75,8,4,jump,0.8013618095301331,0.004938757632252611,0.004697438954550289,0.003940879753193564,0.8389421962314455,0.7926669657323755,25.5,
0.002,1.6,2.75,8,4,kmeans,0.8118761671585347,0.004938757632252611,0.004697438954550289,0.003940879753193564,0.8389421962314455,0.7926669657323755,0.2,
0.002,1.1,4.0,20,5,vae,0.793184880428859,0.004727467905060888,0.004276361088520827,0.004014802538858582,0.9388361870646623,3.3716444582019856,578.6,
0.002,1.1,4.0,20,5,jump,0.8148101408290155,0.004727467905060888,0.004276361088520827,0.004014802538858582,0.9388361870646623,3.3716444582019856,24.6,
0.002,1.1,4.0,20,5,kmeans,0.8262303246989029,0.004727467905060888,0.004276361088520827,0.004014802538858582,0.9388361870646623,3.3716444582019856,0.2,
0.0012,1.1,2.0,20,1,vae,0.5628095201176214,0.006370941890340496,0.004074891655676359,0.002397567384551116,0.5883757378460073,12.945715505150146,608.0,
0.0012,1.1,2.0,20,1,jump,0.5004554346809368,0.006370941890340496,0.004074891655676359,0.002397567384551116,0.5883757378460073,12.945715505150146,23.3,
0.0012,1.1,2.0,20,1,kmeans,0.5130690793659065,0.006370941890340496,0.004074891655676359,0.002397567384551116,0.5883757378460073,12.945715505150146,0.4,
0.0008,1.6,2.0,20,2,vae,0.5755609091404829,0.004999960012048371,0.004260085565778694,0.0016151139166587674,0.3791271071250287,6.843603604336769,599.8,
0.0008,1.6,2.0,20,2,jump,0.5017962246786032,0.004999960012048371,0.004260085565778694,0.0016151139166587674,0.3791271071250287,6.843603604336769,25.2,
0.0008,1.6,2.0,20,2,kmeans,0.638697023817256,0.004999960012048371,0.004260085565778694,0.0016151139166587674,0.3791271071250287,6.843603604336769,0.5,
0.0011,1.6,4.0,8,3,vae,0.7166982871806552,0.004458931308239268,0.004248673983302004,0.002171313205866265,0.51105667660072,0.6538010774732013,603.8,
0.0011,1.6,4.0,8,3,jump,0.7552258468990833,0.004458931308239268,0.004248673983302004,0.002171313205866265,0.51105667660072,0.6538010774732013,24.9,
0.0011,1.6,4.0,8,3,kmeans,0.7141093680294152,0.004458931308239268,0.004248673983302004,0.002171313205866265,0.51105667660072,0.6538010774732013,0.2,
0.002,1.1,2.0,20,5,vae,0.6245303911717863,0.006585933640578604,0.004570082992709508,0.003984347243708591,0.871832579422448,11.22458717872,597.9,
0.002,1.1,2.0,20,5,jump,0.7673502310861272,0.006585933640578604,0.004570082992709508,0.003984347243708591,0.871832579422448,11.22458717872,23.5,
0.002,1.1,2.0,20,5,kmeans,0.7761333530574644,0.006585933640578604,0.004570082992709508,0.003984347243708591,0.871832579422448,11.22458717872,0.3,
0.0008,0.8,4.0,8,4,vae,0.6915485584977987,0.003662971817874655,0.002792472195338396,0.0016022737716248165,0.5737832499458962,4.347833985916874,580.0,
0.0008,0.8,4.0,8,4,jump,0.715367808003079,0.003662971817874655,0.002792472195338396,0.0016022737716248165,0.5737832499458962,4.347833985916874,22.5,
0.0008,0.8,4.0,8,4,kmeans,0.6968234676956213,0.003662971817874655,0.002792472195338396,0.0016022737716248165,0.5737832499458962,4.347833985916874,0.2,
0.001,1.6,2.75,8,2,vae,0.6652012592958179,0.004617858145214258,0.004257008104128441,0.002017543905685315,0.4739347110306658,1.23684058239742,576.2,
0.001,1.6,2.75,8,2,jump,0.6972677376443246,0.004617858145214258,0.004257008104128441,0.002017543905685315,0.4739347110306658,1.23684058239742,22.8,
0.001,1.6,2.75,8,2,kmeans,0.692525582890126,0.004617858145214258,0.004257008104128441,0.002017543905685315,0.4739347110306658,1.23684058239742,0.3,
0.001,0.8,6.0,8,1,vae,0.7511205048849622,0.0032014855382202444,0.0027512526618644444,0.0020092972215878272,0.7303208641790772,2.6562111813291116,615.8,
0.001,0.8,6.0,8,1,jump,0.7601606431778232,0.0032014855382202444,0.0027512526618644444,0.0020092972215878272,0.7303208641790772,2.6562111813291116,23.5,
0.001,0.8,6.0,8,1,kmeans,0.768046426643185,0.0032014855382202444,0.0027512526618644444,0.0020092972215878272,0.7303208641790772,2.6562111813291116,0.2,
0.0005,0.8,2.75,20,5,vae,0.5613406469515011,0.005094203353344938,0.0028991851943081168,0.0010045457219022963,0.34649242962280946,18.225551022552136,596.5,
0.0005,0.8,2.75,20,5,jump,0.5006572842561089,0.005094203353344938,0.0028991851943081168,0.0010045457219022963,0.34649242962280946,18.225551022552136,24.6,
0.0005,0.8,2.75,20,5,kmeans,0.5068850745962797,0.005094203353344938,0.0028991851943081168,0.0010045457219022963,0.34649242962280946,18.225551022552136,0.2,
0.001,1.1,2.75,20,0,vae,0.6383914215182076,0.005227287126292621,0.003841003383399627,0.001986627368684504,0.5172157299497516,10.823762603915734,599.6,
0.001,1.1,2.75,20,0,jump,0.5010370889943246,0.005227287126292621,0.003841003383399627,0.001986627368684504,0.5172157299497516,10.823762603915734,24.7,
0.001,1.1,2.75,20,0,kmeans,0.675626474852105,0.005227287126292621,0.003841003383399627,0.001986627368684504,0.5172157299497516,10.823762603915734,0.5,
0.0008,1.6,6.0,8,4,vae,0.6752889962477626,0.004306098091922103,0.0041751102738677,0.001623113617527189,0.38875946048332366,0.413474102342835,604.6,
0.0008,1.6,6.0,8,4,jump,0.675590192640418,0.004306098091922103,0.0041751102738677,0.001623113617527189,0.38875946048332366,0.413474102342835,23.7,
0.0008,1.6,6.0,8,4,kmeans,0.6711964394828187,0.004306098091922103,0.0041751102738677,0.001623113617527189,0.38875946048332366,0.413474102342835,0.5,
0.0011,1.1,2.75,12,2,vae,0.5722002599037412,0.005051181591594619,0.0038712450551940695,0.0022206150518775222,0.5736177948482263,5.268184903282464,625.9,
0.0011,1.1,2.75,12,2,jump,0.5049915402631244,0.005051181591594619,0.0038712450551940695,0.0022206150518775222,0.5736177948482263,5.268184903282464,26.6,
0.0011,1.1,2.75,12,2,kmeans,0.6890026400683191,0.005051181591594619,0.0038712450551940695,0.0022206150518775222,0.5736177948482263,5.268184903282464,0.2,
0.0016,1.1,2.75,8,4,vae,0.7633571224652005,0.004901678577907928,0.004131245522207029,0.0032219867313250444,0.7799068619876572,2.312759045037434,555.3,
0.0016,1.1,2.75,8,4,jump,0.7748794103778938,0.004901678577907928,0.004131245522207029,0.0032219867313250444,0.7799068619876572,2.312759045037434,23.6,
0.0016,1.1,2.75,8,4,kmeans,0.7708356621972092,0.004901678577907928,0.004131245522207029,0.0032219867313250444,0.7799068619876572,2.312759045037434,0.4,
0.0016,0.8,2.0,8,1,vae,0.7419448067394647,0.005300834872722002,0.0037027311544321384,0.0031698638816950804,0.8560880467653667,3.5412329404271823,605.6,
0.0016,0.8,2.0,8,1,jump,0.766275979349399,0.005300834872722002,0.0037027311544321384,0.0031698638816950804,0.8560880467653667,3.5412329404271823,26.0,
0.0016,0.8,2.0,8,1,kmeans,0.7681825767999992,0.005300834872722002,0.0037027311544321384,0.0031698638816950804,0.8560880467653667,3.5412329404271823,0.4,
0.0012,1.6,6.0,20,5,vae,0.7275091272136014,0.004393474566297482,0.004292559467672978,0.0023923140145847375,0.5573164524804184,0.42529622778084386,603.7,
0.0012,1.6,6.0,20,5,jump,0.7362056359143128,0.004393474566297482,0.004292559467672978,0.0023923140145847375,0.5573164524804184,0.42529622778084386,26.1,
0.0012,1.6,6.0,20,5,kmeans,0.7266343491901259,0.004393474566297482,0.004292559467672978,0.0023923140145847375,0.5573164524804184,0.42529622778084386,0.2,
0.0008,0.8,4.0,8,1,vae,0.5536223410561228,0.0036849133354929864,0.002781580725960831,0.0015689020998242002,0.5640325607599471,4.372604930420252,580.6,
0.0008,0.8,4.0,8,1,jump,0.7037014603254912,0.0036849133354929864,0.002781580725960831,0.0015689020998242002,0.5640325607599471,4.372604930420252,24.4,
0.0008,0.8,4.0,8,1,kmeans,0.5042527614054246,0.0036849133354929864,0.002781580725960831,0.0015689020998242002,0.5640325607599471,4.372604930420252,0.2,
0.0005,1.6,4.0,8,0,vae,0.5747812523737715,0.004387932233016654,0.004147483112898941,0.001006986419407004,0.24279457974770557,0.736500530804177,567.4,
0.0005,1.6,4.0,8,0,jump,0.5178619564090088,0.004387932233016654,0.004147483112898941,0.001006986419407004,0.24279457974770557,0.736500530804177,22.6,
0.0005,1.6,4.0,8,0,kmeans,0.5249513455931331,0.004387932233016654,0.004147483112898941,0.001006986419407004,0.24279457974770557,0.736500530804177,0.3,
0.002,1.6,4.0,8,5,vae,0.8155626036237327,0.004775346772263424,0.004639461219613621,0.003949541915939694,0.8512932275934868,0.4587730243632646,581.9,
0.002,1.6,4.0,8,5,jump,0.8133199042739246,0.004775346772263424,0.004639461219613621,0.003949541915939694,0.8512932275934868,0.4587730243632646,23.0,
0.002,1.6,4.0,8,5,kmeans,0.819794166203982,0.004775346772263424,0.004639461219613621,0.003949541915939694,0.8512932275934868,0.4587730243632646,0.3,
0.0011,1.1,2.0,8,2,vae,0.6292176344175443,0.00520698397940166,0.00396032978605768,0.00220016105634666,0.5555499605341745,2.8119051022835766,580.7,
0.0011,1.1,2.0,8,2,jump,0.699235516112551,0.00520698397940166,0.00396032978605768,0.00220016105634666,0.5555499605341745,2.8119051022835766,23.4,
0.0011,1.1,2.0,8,2,kmeans,0.5117084336392991,0.00520698397940166,0.00396032978605768,0.00220016105634666,0.5555499605341745,2.8119051022835766,0.2,
0.0011,1.6,2.0,12,1,vae,0.6526718152596852,0.0049989033552740505,0.0043368814133676326,0.002169591444799051,0.5002653376944289,3.3934295840610664,603.7,
0.0011,1.6,2.0,12,1,jump,0.511020618814669,0.0049989033552740505,0.0043368814133676326,0.002169591444799051,0.5002653376944289,3.3934295840610664,24.8,
0.0011,1.6,2.0,12,1,kmeans,0.7084835945114158,0.0049989033552740505,0.0043368814133676326,0.002169591444799051,0.5002653376944289,3.3934295840610664,0.3,
0.002,0.8,4.0,8,5,vae,0.8236475762052693,0.004116786640804518,0.0036877901020794415,0.004006377331998049,1.0863897404949825,2.602078711780571,592.8,
0.002,0.8,4.0,8,5,jump,0.8300087685930355,0.004116786640804518,0.0036877901020794415,0.004006377331998049,1.0863897404949825,2.602078711780571,25.6,
0.002,0.8,4.0,8,5,kmeans,0.8475525587257187,0.004116786640804518,0.0036877901020794415,0.004006377331998049,1.0863897404949825,2.602078711780571,0.2,
0.0016,1.1,4.0,20,0,vae,0.7863383085400333,0.004623987735738,0.003993783441689355,0.003191533417230768,0.7991253065741496,4.748329968605187,600.6,
0.0016,1.1,4.0,20,0,jump,0.7934600207829965,0.004623987735738,0.003993783441689355,0.003191533417230768,0.7991253065741496,4.748329968605187,25.1,
0.0016,1.1,4.0,20,0,kmeans,0.7919925979294895,0.004623987735738,0.003993783441689355,0.003191533417230768,0.7991253065741496,4.748329968605187,0.2,
0.0016,1.6,2.75,8,3,vae,0.7659064077115947,0.004792200287068587,0.004510257435138479,0.0032427366791643905,0.7189693106874349,0.9891146053221771,573.9,
0.0016,1.6,2.75,8,3,jump,0.7956454800877686,0.004792200287068587,0.004510257435138479,0.0032427366791643905,0.7189693106874349,0.9891146053221771,24.3,
0.0016,1.6,2.75,8,3,kmeans,0.773329383956973,0.004792200287068587,0.004510257435138479,0.0032427366791643905,0.7189693106874349,0.9891146053221771,0.2,
0.0012,1.1,6.0,12,5,vae,0.7417277522367357,0.0040322569171754126,0.0037141161636460173,0.0024205397392581133,0.651713525535495,1.4669967007651872,563.3,
0.0012,1.1,6.0,12,5,jump,0.7665440552557445,0.0040322569171754126,0.0037141161636460173,0.0024205397392581133,0.651713525535495,1.4669967007651872,23.7,
0.0012,1.1,6.0,12,5,kmeans,0.7579677404791043,0.0040322569171754126,0.0037141161636460173,0.0024205397392581133,0.651713525535495,1.4669967007651872,0.4,
0.0014,0.8,2.0,12,5,vae,0.7005022769203971,0.0060464863610841,0.003624519076827058,0.0027953204667073048,0.7712252046289014,7.050945587521838,614.3,
0.0014,0.8,2.0,12,5,jump,0.7025993266898873,0.0060464863610841,0.003624519076827058,0.0027953204667073048,0.7712252046289014,7.050945587521838,23.7,
0.0014,0.8,2.0,12,5,kmeans,0.5151778549879318,0.0060464863610841,0.003624519076827058,0.0027953204667073048,0.7712252046289014,7.050945587521838,0.5,
0.001,1.6,2.75,20,0,vae,0.6902708563286654,0.004733245379061535,0.004247822322665082,0.0019665802068430612,0.4629619737977245,3.5835380440206555,591.7,
0.001,1.6,2.75,20,0,jump,0.5015239706994022,0.004733245379061535,0.004247822322665082,0.0019665802068430612,0.4629619737977245,3.5835380440206555,26.1,
0.001,1.6,2.75,20,0,kmeans,0.6969800869249185,0.004733245379061535,0.004247822322665082,0.0019665802068430612,0.4629619737977245,3.5835380440206555,0.4,
0.0014,1.6,6.0,8,3,vae,0.764120676186963,0.0044541033660282486,0.0043323124774256455,0.0028107876926589783,0.6487961584731324,0.34808148083441015,601.2,
0.0014,1.6,6.0,8,3,jump,0.7857254459461858,0.0044541033660282486,0.0043323124774256455,0.0028107876926589783,0.6487961584731324,0.34808148083441015,26.4,
0.0014,1.6,6.0,8,3,kmeans,0.7675472321872384,0.0044541033660282486,0.0043323124774256455,0.0028107876926589783,0.6487961584731324,0.34808148083441015,0.3,
0.0012,0.8,6.0,20,4,vae,0.7904523805321348,0.003266718391480088,0.002868164359234133,0.0023880058643811495,0.8325903139730816,2.9339540709014704,589.7,
0.0012,0.8,6.0,20,4,jump,0.7935545072616328,0.003266718391480088,0.002868164359234133,0.0023880058643811495,0.8325903139730816,2.9339540709014704,24.1,
0.0012,0.8,6.0,20,4,kmeans,0.7998949905022377,0.003266718391480088,0.002868164359234133,0.0023880058643811495,0.8325903139730816,2.9339540709014704,0.3,
0.001,0.8,4.0,8,4,vae,0.726910798039764,0.003711056350867585,0.002893249953427939,0.0020022737716248167,0.6920500488568266,4.102748540913453,562.8,
0.001,0.8,4.0,8,4,jump,0.7365339937681104,0.003711056350867585,0.002893249953427939,0.0020022737716248167,0.6920500488568266,4.102748540913453,23.2,
0.001,0.8,4.0,8,4,kmeans,0.734526578145225,0.003711056350867585,0.002893249953427939,0.0020022737716248167,0.6920500488568266,4.102748540913453,0.3,
0.0016,0.8,2.0,12,0,vae,0.7271058380296224,0.0060745723101342,0.003771871503723163,0.0032098300002390704,0.8509913439709414,6.79903803518196,570.1,
0.0016,0.8,2.0,12,0,jump,0.737672887223167,0.0060745723101342,0.003771871503723163,0.0032098300002390704,0.8509913439709414,6.79903803518196,25.3,
0.0016,0.8,2.0,12,0,kmeans,0.5041995516608665,0.0060745723101342,0.003771871503723163,0.0032098300002390704,0.8509913439709414,6.79903803518196,0.2,
0.0016,1.6,6.0,12,4,vae,0.7863988766381144,0.004531148039008447,0.0044332777322451744,0.0032232304037711017,0.7270535703926538,0.3718596507458214,566.9,
0.0016,1.6,6.0,12,4,jump,0.7947075625369242,0.004531148039008447,0.0044332777322451744,0.0032232304037711017,0.7270535703926538,0.3718596507458214,22.5,
0.0016,1.6,6.0,12,4,kmeans,0.7955074109601548,0.004531148039008447,0.0044332777322451744,0.0032232304037711017,0.7270535703926538,0.3718596507458214,0.2,
0.001,1.1,2.0,20,3,vae,0.6620966301490221,0.0062907665578175315,0.0039958058451244095,0.0020399951203611605,0.510534094856064,13.051391495421225,603.8,
0.001,1.1,2.0,20,3,jump,0.5060054708569793,0.0062907665578175315,0.0039958058451244095,0.0020399951203611605,0.510534094856064,13.051391495421225,25.0,
0.001,1.1,2.0,20,3,kmeans,0.5195181483110327,0.0062907665578175315,0.0039958058451244095,0.0020399951203611605,0.510534094856064,13.051391495421225,0.5,
0.0014,1.1,2.0,8,4,vae,0.7389097050796829,0.005330966594027959,0.0041460876066327585,0.0028643629831802487,0.6908592521291509,2.644976587143076,581.5,
0.0014,1.1,2.0,8,4,jump,0.7426359273044666,0.005330966594027959,0.0041460876066327585,0.0028643629831802487,0.6908592521291509,2.644976587143076,22.9,
0.0014,1.1,2.0,8,4,kmeans,0.7448841639617826,0.005330966594027959,0.0041460876066327585,0.0028643629831802487,0.6908592521291509,2.644976587143076,0.5,
0.001,1.6,2.75,20,1,vae,0.6799828933851324,0.004751076112609375,0.004293463620494432,0.0019765211005076094,0.4603558514093092,3.7632843111122813,595.3,
0.001,1.6,2.75,20,1,jump,0.5015423697677176,0.004751076112609375,0.004293463620494432,0.0019765211005076094,0.4603558514093092,3.7632843111122813,23.8,
0.001,1.6,2.75,20,1,kmeans,0.6849641901975669,0.004751076112609375,0.004293463620494432,0.0019765211005076094,0.4603558514093092,3.7632843111122813,0.3,
0.0014,1.1,2.0,12,4,vae,0.7242925546917297,0.005831666947449189,0.004180841304297732,0.0028616562731325823,0.6844690015358674,5.400070208055332,578.6,
0.0014,1.1,2.0,12,4,jump,0.7176255001979359,0.005831666947449189,0.004180841304297732,0.0028616562731325823,0.6844690015358674,5.400070208055332,24.2,
0.0014,1.1,2.0,12,4,kmeans,0.5063238034722655,0.005831666947449189,0.004180841304297732,0.0028616562731325823,0.6844690015358674,5.400070208055332,0.2,
0.002,1.6,4.0,12,5,vae,0.8151375822185677,0.004792446778701971,0.004641069957229785,0.003950189111471773,0.8511375928126725,0.6654763389154295,562.8,
0.002,1.6,4.0,12,5,jump,0.8125267764685993,0.004792446778701971,0.004641069957229785,0.003950189111471773,0.8511375928126725,0.6654763389154295,22.4,
0.002,1.6,4.0,12,5,kmeans,0.8187563278919067,0.004792446778701971,0.004641069957229785,0.003950189111471773,0.8511375928126725,0.6654763389154295,0.2,
0.0012,0.8,2.0,12,3,vae,0.6879062980348842,0.005974848448006474,0.0034877726111556396,0.0023835875271735717,0.6834125365712397,7.18125693256073,604.1,
0.0012,0.8,2.0,12,3,jump,0.5450526330041416,0.005974848448006474,0.0034877726111556396,0.0023835875271735717,0.6834125365712397,7.18125693256073,25.7,
0.0012,0.8,2.0,12,3,kmeans,0.50368412402377,0.005974848448006474,0.0034877726111556396,0.0023835875271735717,0.6834125365712397,7.18125693256073,0.4,
0.002,0.8,2.0,8,0,vae,0.7718756854956972,0.005427733944454347,0.004078685705062553,0.004013122082997854,0.9839253066292115,3.074802548343918,592.2,
0.002,0.8,2.0,8,0,jump,0.7955983396852162,0.005427733944454347,0.004078685705062553,0.004013122082997854,0.9839253066292115,3.074802548343918,24.5,
0.002,0.8,2.0,8,0,kmeans,0.8021404177501752,0.005427733944454347,0.004078685705062553,0.004013122082997854,0.9839253066292115,3.074802548343918,0.2,
0.0014,1.1,4.0,12,3,vae,0.7734890621115074,0.004493058909754594,0.0038903560675738027,0.0027986169557895155,0.7193729589730989,3.133109653331176,598.8,
0.0014,1.1,4.0,12,3,jump,0.79280292853641,0.004493058909754594,0.0038903560675738027,0.0027986169557895155,0.7193729589730989,3.133109653331176,25.9,
0.0014,1.1,4.0,12,3,kmeans,0.7758033688855985,0.004493058909754594,0.0038903560675738027,0.0027986169557895155,0.7193729589730989,3.133109653331176,0.3,
0.0005,1.1,2.0,12,5,vae,0.5104975364047905,0.005692826829618395,0.003823388487895102,0.0009873377584248208,0.25823631617627796,6.066466934921737,570.4,
0.0005,1.1,2.0,12,5,jump,0.5093128477738949,0.005692826829618395,0.003823388487895102,0.0009873377584248208,0.25823631617627796,6.066466934921737,23.9,
0.0005,1.1,2.0,12,5,kmeans,0.5072144771920521,0.005692826829618395,0.003823388487895102,0.0009873377584248208,0.25823631617627796,6.066466934921737,0.5,
0.002,1.1,6.0,12,4,vae,0.823444301920977,0.004324930047269913,0.004142833705407463,0.003996545625732104,0.9646888844501735,1.0541606524687506,572.9,
0.002,1.1,6.0,12,4,jump,0.8128835471205357,0.004324930047269913,0.004142833705407463,0.003996545625732104,0.9646888844501735,1.0541606524687506,25.4,
0.002,1.1,6.0,12,4,kmeans,0.8342889029531255,0.004324930047269913,0.004142833705407463,0.003996545625732104,0.9646888844501735,1.0541606524687506,0.4,
0.002,0.8,4.0,8,3,vae,0.8470188644342582,0.004084144986172529,0.0036693110256283156,0.003982447347131993,1.0853392692297208,2.617153642934154,596.8,
0.002,0.8,4.0,8,3,jump,0.841021985854268,0.004084144986172529,0.0036693110256283156,0.003982447347131993,1.0853392692297208,2.617153642934154,23.5,
0.002,0.8,4.0,8,3,kmeans,0.8569863764140755,0.004084144986172529,0.0036693110256283156,0.003982447347131993,1.0853392692297208,2.617153642934154,0.3,
0.0008,1.1,4.0,8,2,vae,0.6106766398469742,0.004274317949698526,0.0036275518413286965,0.0015991636202184667,0.44083825405310445,2.265014853630781,579.6,
0.0008,1.1,4.0,8,2,jump,0.6924921021505365,0.004274317949698526,0.0036275518413286965,0.0015991636202184667,0.44083825405310445,2.265014853630781,25.8,
0.0008,1.1,4.0,8,2,kmeans,0.5187423190178271,0.004274317949698526,0.0036275518413286965,0.0015991636202184667,0.44083825405310445,2.265014853630781,0.7,
0.0016,1.6,6.0,12,3,vae,0.7880036010653462,0.004525037620273985,0.004417033959497529,0.00321080931532143,0.7269152432974918,0.3725247860949499,582.7,
0.0016,1.6,6.0,12,3,jump,0.8021502944266886,0.004525037620273985,0.004417033959497529,0.00321080931532143,0.7269152432974918,0.3725247860949499,24.8,
0.0016,1.6,6.0,12,3,kmeans,0.7927471588504519,0.004525037620273985,0.004417033959497529,0.00321080931532143,0.7269152432974918,0.3725247860949499,0.2,
0.0008,0.8,6.0,20,2,vae,0.6741983630418396,0.0031854044996983038,0.0026627615878535493,0.0015905713261813084,0.5973389932605522,3.693683344034942,604.2,
0.0008,0.8,6.0,20,2,jump,0.730665545401898,0.0031854044996983038,0.0026627615878535493,0.0015905713261813084,0.5973389932605522,3.693683344034942,25.6,
0.0008,0.8,6.0,20,2,kmeans,0.7288146345152764,0.0031854044996983038,0.0026627615878535493,0.0015905713261813084,0.5973389932605522,3.693683344034942,0.2,
0.0005,1.6,4.0,20,3,vae,0.5963290688267023,0.004372157684451345,0.004134992516146135,0.0009709495300172853,0.23481288689785162,1.1401306251060666,597.3,
0.0005,1.6,4.0,20,3,jump,0.5980464727220842,0.004372157684451345,0.004134992516146135,0.0009709495300172853,0.23481288689785162,1.1401306251060666,25.8,
0.0005,1.6,4.0,20,3,kmeans,0.6025090089723801,0.004372157684451345,0.004134992516146135,0.0009709495300172853,0.23481288689785162,1.1401306251060666,0.3,
0.0005,1.6,2.0,8,5,vae,0.5318242531886812,0.004709823564369823,0.004210921113270766,0.0010029754452497727,0.23818433503512665,1.7217219215074957,580.2,
0.0005,1.6,2.0,8,5,jump,0.5132334591066889,0.004709823564369823,0.004210921113270766,0.0010029754452497727,0.23818433503512665,1.7217219215074957,25.9,
0.0005,1.6,2.0,8,5,kmeans,0.5007272873107876,0.004709823564369823,0.004210921113270766,0.0010029754452497727,0.23818433503512665,1.7217219215074957,0.2,
0.0012,1.6,4.0,20,1,vae,0.7112080634029909,0.0045232541869778455,0.004285637476051098,0.002371365060953101,0.5533284311154897,1.4297332021413256,573.0,
0.0012,1.6,4.0,20,1,jump,0.734172341665937,0.0045232541869778455,0.004285637476051098,0.002371365060953101,0.5533284311154897,1.4297332021413256,24.8,
0.0012,1.6,4.0,20,1,kmeans,0.7219976081475024,0.0045232541869778455,0.004285637476051098,0.002371365060953101,0.5533284311154897,1.4297332021413256,0.5,
0.001,1.1,6.0,20,1,vae,0.6899175226002207,0.003962795342753613,0.0035942741965192763,0.0019416028762303684,0.5401933102684909,1.58389000229195,605.6,
0.001,1.1,6.0,20,1,jump,0.7172028974810429,0.003962795342753613,0.0035942741965192763,0.0019416028762303684,0.5401933102684909,1.58389000229195,25.0,
0.001,1.1,6.0,20,1,kmeans,0.712864827116765,0.003962795342753613,0.0035942741965192763,0.0019416028762303684,0.5401933102684909,1.58389000229195,0.6,
0.0016,1.6,2.0,12,4,vae,0.745544740822015,0.005098841573501107,0.0045462511210073355,0.0032041141439865563,0.7047816010824771,2.7268052571384196,588.9,
0.0016,1.6,2.0,12,4,jump,0.759101780366654,0.005098841573501107,0.0045462511210073355,0.0032041141439865563,0.7047816010824771,2.7268052571384196,25.3,
0.0016,1.6,2.0,12,4,kmeans,0.7540601077615094,0.005098841573501107,0.0045462511210073355,0.0032041141439865563,0.7047816010824771,2.7268052571384196,0.4,
0.0008,1.6,6.0,8,2,vae,0.6378362098018746,0.00427328479144646,0.004135942020712124,0.0016036227875561024,0.3877285463687404,0.39886573093534183,557.8,
0.0008,1.6,6.0,8,2,jump,0.6646411169222728,0.00427328479144646,0.004135942020712124,0.0016036227875561024,0.3877285463687404,0.39886573093534183,26.0,
0.0008,1.6,6.0,8,2,kmeans,0.6656771048072452,0.00427328479144646,0.004135942020712124,0.0016036227875561024,0.3877285463687404,0.39886573093534183,0.6,
0.0005,0.8,6.0,20,5,vae,0.5898287282610297,0.003118511735959286,0.0025749040597294465,0.0009938921166873123,0.3859919024679093,4.034143754776242,569.6,
0.0005,0.8,6.0,20,5,jump,0.5045136961036516,0.003118511735959286,0.0025749040597294465,0.0009938921166873123,0.3859919024679093,4.034143754776242,23.1,
0.0005,0.8,6.0,20,5,kmeans,0.6402364910514563,0.003118511735959286,0.0025749040597294465,0.0009938921166873123,0.3859919024679093,4.034143754776242,0.3,
0.0008,1.6,4.0,20,2,vae,0.6267809755917508,0.004417309343424004,0.004187538628168269,0.0015639632712530255,0.3734803210489167,1.0955342804402175,572.9,
0.0008,1.6,4.0,20,2,jump,0.663914475870772,0.004417309343424004,0.004187538628168269,0.0015639632712530255,0.3734803210489167,1.0955342804402175,23.5,
0.0008,1.6,4.0,20,2,kmeans,0.6613328288421891,0.004417309343424004,0.004187538628168269,0.0015639632712530255,0.3734803210489167,1.0955342804402175,0.6,
0.0016,0.8,6.0,8,1,vae,0.8291894030074758,0.0034378942821301386,0.003148806794720226,0.0032092972215878274,1.0192105869972807,1.9161635439997227,591.3,
0.0016,0.8,6.0,8,1,jump,0.8185909917521399,0.0034378942821301386,0.003148806794720226,0.0032092972215878274,1.0192105869972807,1.9161635439997227,22.1,
0.0016,0.8,6.0,8,1,kmeans,0.8390523102649564,0.0034378942821301386,0.003148806794720226,0.0032092972215878274,1.0192105869972807,1.9161635439997227,0.3,
0.0008,1.6,4.0,12,2,vae,0.6158483040890373,0.004414096367270396,0.004187480710808805,0.0015642138238465303,0.37354532041400257,0.9913664901124872,574.8,
0.0008,1.6,4.0,12,2,jump,0.6621437167547031,0.004414096367270396,0.004187480710808805,0.0015642138238465303,0.37354532041400257,0.9913664901124872,23.4,
0.0008,1.6,4.0,12,2,kmeans,0.6570271487297155,0.004414096367270396,0.004187480710808805,0.0015642138238465303,0.37354532041400257,0.9913664901124872,0.3,
0.001,1.6,6.0,20,1,vae,0.6688858952129443,0.004321434658299978,0.004202631901831469,0.0019694834875571324,0.46863097543680887,0.42207951266722166,584.4,
0.001,1.6,6.0,20,1,jump,0.6957812291095479,0.004321434658299978,0.004202631901831469,0.0019694834875571324,0.46863097543680887,0.42207951266722166,25.1,
0.001,1.6,6.0,20,1,kmeans,0.6921037091202726,0.004321434658299978,0.004202631901831469,0.0019694834875571324,0.46863097543680887,0.42207951266722166,0.7,
0.001,1.1,2.75,12,4,vae,0.6746083476327076,0.005019746857079093,0.0038413955810706994,0.002022549112981894,0.5265141457829645,5.370938553045706,603.5,
0.001,1.1,2.75,12,4,jump,0.5102654118357874,0.005019746857079093,0.0038413955810706994,0.002022549112981894,0.5265141457829645,5.370938553045706,23.7,
0.001,1.1,2.75,12,4,kmeans,0.5152041041315436,0.005019746857079093,0.0038413955810706994,0.002022549112981894,0.5265141457829645,5.370938553045706,0.4,
0.0014,1.6,4.0,20,0,vae,0.7633755163423575,0.004608323629337562,0.004381280696995853,0.002806808602191275,0.6406365618427146,1.3593528245364572,600.3,
0.0014,1.6,4.0,20,0,jump,0.7650955662597245,0.004608323629337562,0.004381280696995853,0.002806808602191275,0.6406365618427146,1.3593528245364572,27.4,
0.0014,1.6,4.0,20,0,kmeans,0.7637409839949438,0.004608323629337562,0.004381280696995853,0.002806808602191275,0.6406365618427146,1.3593528245364572,0.5,
0.0011,0.8,6.0,8,5,vae,0.7569023652307115,0.0032504583413059877,0.002834467188691227,0.0021938348919642824,0.773984931177578,2.424097804418346,575.6,
0.0011,0.8,6.0,8,5,jump,0.7834968418976407,0.0032504583413059877,0.002834467188691227,0.0021938348919642824,0.773984931177578,2.424097804418346,22.9,
0.0011,0.8,6.0,8,5,kmeans,0.7800127390350161,0.0032504583413059877,0.002834467188691227,0.0021938348919642824,0.773984931177578,2.424097804418346,0.2,
0.002,1.6,6.0,20,5,vae,0.8149629948403465,0.004673544928047973,0.004636427230450411,0.003992314014584738,0.8610755256471264,0.27024786827624725,602.8,
0.002,1.6,6.0,20,5,jump,0.8127815331541511,0.004673544928047973,0.004636427230450411,0.003992314014584738,0.8610755256471264,0.27024786827624725,26.0,
0.002,1.6,6.0,20,5,kmeans,0.8214538269617345,0.004673544928047973,0.004636427230450411,0.003992314014584738,0.8610755256471264,0.27024786827624725,0.3,
0.0016,0.8,2.75,8,4,vae,0.7597022920503164,0.004590274803663155,0.003493675692191305,0.0031891982836580366,0.9128489775929105,3.7359093663430185,573.1,
0.0016,0.8,2.75,8,4,jump,0.7714485911529227,0.004590274803663155,0.003493675692191305,0.0031891982836580366,0.9128489775929105,3.7359093663430185,24.1,
0.0016,0.8,2.75,8,4,kmeans,0.7886699166499869,0.004590274803663155,0.003493675692191305,0.0031891982836580366,0.9128489775929105,3.7359093663430185,0.3,
0.0005,1.6,6.0,8,1,vae,0.5619703527030444,0.004233619148880199,0.004108557235572207,0.0009694834875571325,0.23596689347863267,0.4381687807925694,592.7,
0.0005,1.6,6.0,8,1,jump,0.5044184117633976,0.004233619148880199,0.004108557235572207,0.0009694834875571325,0.23596689347863267,0.4381687807925694,24.8,
0.0005,1.6,6.0,8,1,kmeans,0.5229684203973466,0.004233619148880199,0.004108557235572207,0.0009694834875571325,0.23596689347863267,0.4381687807925694,0.4,
0.001,1.6,6.0,12,0,vae,0.6775152079191514,0.0043579765898609036,0.004225247679902494,0.0019695291264527365,0.4661334141003983,0.4879514258307478,568.7,
0.001,1.6,6.0,12,0,jump,0.701930521950173,0.0043579765898609036,0.004225247679902494,0.0019695291264527365,0.4661334141003983,0.4879514258307478,24.7,
0.001,1.6,6.0,12,0,kmeans,0.7033384357614321,0.0043579765898609036,0.004225247679902494,0.0019695291264527365,0.4661334141003983,0.4879514258307478,0.3,
0.0016,0.8,2.0,8,2,vae,0.7369565343698442,0.005280304206395129,0.0037089015118238165,0.00320020083324347,0.8628433036146603,3.496440759321364,577.6,
0.0016,0.8,2.0,8,2,jump,0.7536629584147514,0.005280304206395129,0.0037089015118238165,0.00320020083324347,0.8628433036146603,3.496440759321364,23.8,
0.0016,0.8,2.0,8,2,kmeans,0.7599116164476074,0.005280304206395129,0.0037089015118238165,0.00320020083324347,0.8628433036146603,3.496440759321364,0.2,
0.0012,1.1,6.0,8,0,vae,0.7430949627959191,0.004026765326331731,0.0036874966741874938,0.0024365647941648715,0.6607639299638816,1.3008144007572602,591.8,
0.0012,1.1,6.0,8,0,jump,0.7678752942976492,0.004026765326331731,0.0036874966741874938,0.0024365647941648715,0.6607639299638816,1.3008144007572602,24.6,
0.0012,1.1,6.0,8,0,kmeans,0.7479823473481522,0.004026765326331731,0.0036874966741874938,0.0024365647941648715,0.6607639299638816,1.3008144007572602,0.4,
0.0016,0.8,4.0,8,0,vae,0.7920353451998142,0.003944531098867644,0.003318115048005227,0.0031975491367716297,0.9636643366823345,3.3005706414058107,572.8,
0.0016,0.8,4.0,8,0,jump,0.8166158609739922,0.003944531098867644,0.003318115048005227,0.0031975491367716297,0.9636643366823345,3.3005706414058107,26.3,
0.0016,0.8,4.0,8,0,kmeans,0.816378330009107,0.003944531098867644,0.003318115048005227,0.0031975491367716297,0.9636643366823345,3.3005706414058107,0.3,
0.0014,1.1,6.0,8,4,vae,0.7668139469198741,0.004068416782169678,0.0037704779079892983,0.002797075875332041,0.7418359008032622,1.1005081683827198,604.7,
0.0014,1.1,6.0,8,4,jump,0.7764763556129012,0.004068416782169678,0.0037704779079892983,0.002797075875332041,0.7418359008032622,1.1005081683827198,26.1,
0.0014,1.1,6.0,8,4,kmeans,0.7771595056929139,0.004068416782169678,0.0037704779079892983,0.002797075875332041,0.7418359008032622,1.1005081683827198,0.2,
0.001,0.8,2.0,20,3,vae,0.5112678599690381,0.006936730660909894,0.003385285882102569,0.001982404618825092,0.585594448405592,15.288091148821742,581.7,
0.001,0.8,2.0,20,3,jump,0.5029069235286147,0.006936730660909894,0.003385285882102569,0.001982404618825092,0.585594448405592,15.288091148821742,23.9,
0.001,0.8,2.0,20,3,kmeans,0.5049845621417707,0.006936730660909894,0.003385285882102569,0.001982404618825092,0.585594448405592,15.288091148821742,0.2,
0.0014,1.1,4.0,12,2,vae,0.7349599752658535,0.004506480151740652,0.003862272930378572,0.002797276820597133,0.7242566413666032,3.1363530934785144,601.2,
0.0014,1.1,4.0,12,2,jump,0.7645570340648825,0.004506480151740652,0.003862272930378572,0.002797276820597133,0.7242566413666032,3.1363530934785144,25.3,
0.0014,1.1,4.0,12,2,kmeans,0.7670168884030648,0.004506480151740652,0.003862272930378572,0.002797276820597133,0.7242566413666032,3.1363530934785144,0.4,
0.0011,1.1,2.75,8,3,vae,0.7138003364727658,0.004778196846247598,0.0038468867007886935,0.002174538177327914,0.5652722178904014,2.6250197444646393,588.2,
0.0011,1.1,2.75,8,3,jump,0.7367970951614504,0.004778196846247598,0.0038468867007886935,0.002174538177327914,0.5652722178904014,2.6250197444646393,23.6,
0.0011,1.1,2.75,8,3,kmeans,0.7175538095852878,0.004778196846247598,0.0038468867007886935,0.002174538177327914,0.5652722178904014,2.6250197444646393,0.2,
0.0014,1.1,6.0,8,5,vae,0.7789870682064297,0.0040838109962000385,0.0038068525470442813,0.0028211136612574933,0.7410619734793417,1.1179748261727154,572.8,
0.0014,1.1,6.0,8,5,jump,0.7934562073057413,0.0040838109962000385,0.0038068525470442813,0.0028211136612574933,0.7410619734793417,1.1179748261727154,23.1,
0.0014,1.1,6.0,8,5,kmeans,0.7884501283669508,0.0040838109962000385,0.0038068525470442813,0.0028211136612574933,0.7410619734793417,1.1179748261727154,0.3,
0.0008,0.8,6.0,8,2,vae,0.6817634451545035,0.003171202537513957,0.002662239066159237,0.0015905713261813084,0.5974562338896169,3.0071504232992874,590.4,
0.0008,0.8,6.0,8,2,jump,0.7280035015973503,0.003171202537513957,0.002662239066159237,0.0015905713261813084,0.5974562338896169,3.0071504232992874,25.8,
0.0008,0.8,6.0,8,2,kmeans,0.723963822360836,0.003171202537513957,0.002662239066159237,0.0015905713261813084,0.5974562338896169,3.0071504232992874,0.3,
0.002,0.8,6.0,8,1,vae,0.8559805081960683,0.003642167931779194,0.0035103257682762737,0.004009297221587827,1.1421439166190466,1.4121317784194032,577.1,
0.002,0.8,6.0,8,1,jump,0.8329598058583607,0.003642167931779194,0.0035103257682762737,0.004009297221587827,1.1421439166190466,1.4121317784194032,23.8,
0.002,0.8,6.0,8,1,kmeans,0.863704798445591,0.003642167931779194,0.0035103257682762737,0.004009297221587827,1.1421439166190466,1.4121317784194032,0.1,
0.001,1.6,6.0,20,3,vae,0.7070996823100719,0.004349436733335741,0.004214586611814604,0.00201080931532143,0.4771071282969006,0.47163804104497187,589.3,
0.001,1.6,6.0,20,3,jump,0.7421573741424697,0.004349436733335741,0.004214586611814604,0.00201080931532143,0.4771071282969006,0.47163804104497187,25.8,
0.001,1.6,6.0,20,3,kmeans,0.7114151384063605,0.004349436733335741,0.004214586611814604,0.00201080931532143,0.4771071282969006,0.47163804104497187,0.5,
0.0014,1.1,6.0,20,0,vae,0.770628196497667,0.004112349485344314,0.0037772428556185145,0.0028370603026797265,0.7510929032428244,1.7085314578220379,579.8,
0.0014,1.1,6.0,20,0,jump,0.7868302022700191,0.004112349485344314,0.0037772428556185145,0.0028370603026797265,0.7510929032428244,1.7085314578220379,23.3,
0.0014,1.1,6.0,20,0,kmeans,0.7823829305277625,0.004112349485344314,0.0037772428556185145,0.0028370603026797265,0.7510929032428244,1.7085314578220379,0.2,
0.0011,0.8,2.75,8,4,vae,0.6871451296737421,0.004442407657617571,0.003132933945304442,0.0021891982836580366,0.6987693714191289,4.305185844574127,574.2,
0.0011,0.8,2.75,8,4,jump,0.7058581187486639,0.004442407657617571,0.003132933945304442,0.0021891982836580366,0.6987693714191289,4.305185844574127,23.5,
0.0011,0.8,2.75,8,4,kmeans,0.5195455966832415,0.004442407657617571,0.003132933945304442,0.0021891982836580366,0.6987693714191289,4.305185844574127,0.3,
0.0008,0.8,2.75,8,3,vae,0.6601174722490484,0.0043834106607113605,0.0029751119501878107,0.0016165890592709756,0.5433708332114778,4.673891621264626,572.8,
0.0008,0.8,2.75,8,3,jump,0.5225449731594491,0.0043834106607113605,0.0029751119501878107,0.0016165890592709756,0.5433708332114778,4.673891621264626,24.7,
0.0008,0.8,2.75,8,3,kmeans,0.5197159809822667,0.0043834106607113605,0.0029751119501878107,0.0016165890592709756,0.5433708332114778,4.673891621264626,0.3,
0.0014,0.8,2.0,8,5,vae,0.7081458580285218,0.005256012617332222,0.0035764572006391927,0.0027928119924323777,0.7808878551470544,3.6874721201041973,570.6,
0.0014,0.8,2.0,8,5,jump,0.7326470072153177,0.005256012617332222,0.0035764572006391927,0.0027928119924323777,0.7808878551470544,3.6874721201041973,23.1,
0.0014,0.8,2.0,8,5,kmeans,0.5071287044383778,0.005256012617332222,0.0035764572006391927,0.0027928119924323777,0.7808878551470544,3.6874721201041973,0.4,
0.0014,0.8,4.0,12,4,vae,0.7603423268803142,0.003946402073829066,0.003166461453110154,0.0028027777431938452,0.8851450695668213,5.795865891490717,593.9,
0.0014,0.8,4.0,12,4,jump,0.7829744611634357,0.003946402073829066,0.003166461453110154,0.0028027777431938452,0.8851450695668213,5.795865891490717,26.4,
0.0014,0.8,4.0,12,4,kmeans,0.7907719276717217,0.003946402073829066,0.003166461453110154,0.0028027777431938452,0.8851450695668213,5.795865891490717,0.2,
0.0011,0.8,6.0,12,5,vae,0.7526782472291759,0.0032648372178112205,0.002834625006625387,0.0021938921166873124,0.7739620272732776,3.0274331794833156,582.6,
0.0011,0.8,6.0,12,5,jump,0.7847546555033208,0.0032648372178112205,0.002834625006625387,0.0021938921166873124,0.7739620272732776,3.0274331794833156,23.3,
0.0011,0.8,6.0,12,5,kmeans,0.7813921074017364,0.0032648372178112205,0.002834625006625387,0.0021938921166873124,0.7739620272732776,3.0274331794833156,0.4,
0.0005,1.6,2.75,20,1,vae,0.5649141746250426,0.004672889139782222,0.00419522506751156,0.0009765211005076094,0.23276965712040873,4.003334783793669,598.7,
0.0005,1.6,2.75,20,1,jump,0.5013581648487649,0.004672889139782222,0.00419522506751156,0.0009765211005076094,0.23276965712040873,4.003334783793669,24.7,
0.0005,1.6,2.75,20,1,kmeans,0.5937099978247791,0.004672889139782222,0.00419522506751156,0.0009765211005076094,0.23276965712040873,4.003334783793669,0.6,
0.0012,1.1,6.0,12,0,vae,0.7443346536434184,0.0040439947411881295,0.0036887295328819907,0.0024370603026797263,0.6606774177817424,1.6192593599191216,583.4,
0.0012,1.1,6.0,12,0,jump,0.7719538320676937,0.0040439947411881295,0.0036887295328819907,0.0024370603026797263,0.6606774177817424,1.6192593599191216,22.0,
0.0012,1.1,6.0,12,0,kmeans,0.7476520639103403,0.0040439947411881295,0.0036887295328819907,0.0024370603026797263,0.6606774177817424,1.6192593599191216,0.2,
0.0005,1.6,6.0,8,0,vae,0.5701801484817881,0.004269001586904595,0.004122569749010185,0.0009686580456895184,0.2349646227142888,0.4820436175077756,608.7,
0.0005,1.6,6.0,8,0,jump,0.6150100051921977,0.004269001586904595,0.004122569749010185,0.0009686580456895184,0.2349646227142888,0.4820436175077756,24.7,
0.0005,1.6,6.0,8,0,kmeans,0.5406046446824981,0.004269001586904595,0.004122569749010185,0.0009686580456895184,0.2349646227142888,0.4820436175077756,0.4,
0.0014,1.1,4.0,20,2,vae,0.7465907821903786,0.0045411229467065455,0.0038630643960534776,0.0027980945702525024,0.7243199396600914,4.287911983294756,607.9,
0.0014,1.1,4.0,20,2,jump,0.761968726889177,0.0045411229467065455,0.0038630643960534776,0.0027980945702525024,0.7243199396600914,4.287911983294756,24.5,
0.0014,1.1,4.0,20,2,kmeans,0.7691164647827071,0.0045411229467065455,0.0038630643960534776,0.0027980945702525024,0.7243199396600914,4.287911983294756,0.3,
0.0008,1.1,2.75,8,3,vae,0.6641723860721154,0.00471841436076508,0.0037514938982362864,0.001574538177327914,0.4197096463539929,2.7631134206236716,586.9,
0.0008,1.1,2.75,8,3,jump,0.6904742071661674,0.00471841436076508,0.0037514938982362864,0.001574538177327914,0.4197096463539929,2.7631134206236716,24.1,
0.0008,1.1,2.75,8,3,kmeans,0.5110127855084459,0.00471841436076508,0.0037514938982362864,0.001574538177327914,0.4197096463539929,2.7631134206236716,0.3,
0.0014,1.6,2.75,20,1,vae,0.7380748325804805,0.004849955458254815,0.0044316769321297135,0.0027765211005076093,0.6265170370109329,3.470865695056129,556.0,
0.0014,1.6,2.75,20,1,jump,0.7582676727490909,0.004849955458254815,0.0044316769321297135,0.0027765211005076093,0.6265170370109329,3.470865695056129,26.0,
0.0014,1.6,2.75,20,1,kmeans,0.7428335547024026,0.004849955458254815,0.0044316769321297135,0.0027765211005076093,0.6265170370109329,3.470865695056129,0.4,
0.001,0.8,6.0,8,4,vae,0.7591256043189134,0.0031861073606740346,0.002753452008591409,0.001988510268716968,0.7221880978903409,2.549126300980017,576.2,
0.001,0.8,6.0,8,4,jump,0.7679124002180637,0.0031861073606740346,0.002753452008591409,0.001988510268716968,0.7221880978903409,2.549126300980017,22.0,
0.001,0.8,6.0,8,4,kmeans,0.7700258979668853,0.0031861073606740346,0.002753452008591409,0.001988510268716968,0.7221880978903409,2.549126300980017,0.3,
0.001,1.1,2.75,8,3,vae,0.6974426038901425,0.004756252044332096,0.003809116705076125,0.001974538177327914,0.518371667294046,2.675046440211916,601.7,
0.001,1.1,2.75,8,3,jump,0.7281472759537738,0.004756252044332096,0.003809116705076125,0.001974538177327914,0.518371667294046,2.675046440211916,23.8,
0.001,1.1,2.75,8,3,kmeans,0.512310860249559,0.004756252044332096,0.003809116705076125,0.001974538177327914,0.518371667294046,2.675046440211916,0.3,
0.0005,1.1,6.0,12,4,vae,0.6075951720365516,0.0038709860874923956,0.003476064726795584,0.0009965456257321037,0.2866878795582069,1.8105362317125016,581.4,
0.0005,1.1,6.0,12,4,jump,0.5066484736120862,0.0038709860874923956,0.003476064726795584,0.0009965456257321037,0.2866878795582069,1.8105362317125016,23.9,
0.0005,1.1,6.0,12,4,kmeans,0.5091983869433294,0.0038709860874923956,0.003476064726795584,0.0009965456257321037,0.2866878795582069,1.8105362317125016,0.7,
0.0008,1.6,6.0,12,0,vae,0.6213264420958711,0.004316840112670854,0.004172861153668904,0.0015695291264527364,0.376127809829656,0.5077319679264845,606.8,
0.0008,1.6,6.0,12,0,jump,0.6747685332351123,0.004316840112670854,0.004172861153668904,0.0015695291264527364,0.376127809829656,0.5077319679264845,25.0,
0.0008,1.6,6.0,12,0,kmeans,0.6659542371713596,0.004316840112670854,0.004172861153668904,0.0015695291264527364,0.376127809829656,0.5077319679264845,0.4,
0.002,0.8,4.0,20,1,vae,0.8279045109154296,0.004306198988544965,0.0036473640590105353,0.00396663750978977,1.087535394222711,8.69880758538453,591.8,
0.002,0.8,4.0,20,1,jump,0.8119465879573085,0.004306198988544965,0.0036473640590105353,0.00396663750978977,1.087535394222711,8.69880758538453,25.5,
0.002,0.8,4.0,20,1,kmeans,0.8399972421789224,0.004306198988544965,0.0036473640590105353,0.00396663750978977,1.087535394222711,8.69880758538453,0.2,
0.0011,1.1,2.0,8,4,vae,0.6990435778809503,0.005257469713756676,0.003996143862677572,0.002264362983180249,0.5666370033192542,2.8017726801583613,585.5,
0.0011,1.1,2.0,8,4,jump,0.7147143453091869,0.005257469713756676,0.003996143862677572,0.002264362983180249,0.5666370033192542,2.8017726801583613,23.8,
0.0011,1.1,2.0,8,4,kmeans,0.5005547048573527,0.005257469713756676,0.003996143862677572,0.002264362983180249,0.5666370033192542,2.8017726801583613,0.2,
0.001,1.1,2.75,20,2,vae,0.555633458943108,0.005217753666479529,0.0038394580429782833,0.0020189872493204426,0.525852145464339,9.56354089253447,583.3,
0.001,1.1,2.75,20,2,jump,0.5011282799237036,0.005217753666479529,0.0038394580429782833,0.0020189872493204426,0.525852145464339,9.56354089253447,23.2,
0.001,1.1,2.75,20,2,kmeans,0.6825616627871309,0.005217753666479529,0.0038394580429782833,0.0020189872493204426,0.525852145464339,9.56354089253447,0.5,
0.002,1.1,2.75,20,4,vae,0.7633933736953709,0.005482686846272043,0.0044178573548415215,0.0040231543158958695,0.9106573600632222,7.745654913280022,610.9,
0.002,1.1,2.75,20,4,jump,0.788741928823196,0.005482686846272043,0.0044178573548415215,0.0040231543158958695,0.9106573600632222,7.745654913280022,25.6,
0.002,1.1,2.75,20,4,kmeans,0.7920549590662276,0.005482686846272043,0.0044178573548415215,0.0040231543158958695,0.9106573600632222,7.745654913280022,0.2,
0.0011,1.1,2.75,8,4,vae,0.6996956397544658,0.004761818097951822,0.0038680132326824285,0.0022219867313250444,0.5744516881562266,2.61584612808473,613.3,
0.0011,1.1,2.75,8,4,jump,0.7082527911646177,0.004761818097951822,0.0038680132326824285,0.0022219867313250444,0.5744516881562266,2.61584612808473,25.1,
0.0011,1.1,2.75,8,4,kmeans,0.702590545126848,0.004761818097951822,0.0038680132326824285,0.0022219867313250444,0.5744516881562266,2.61584612808473,0.2,
0.0014,0.8,2.0,20,1,vae,0.514047123342187,0.006955700446319657,0.0036207352590431107,0.002758516854427933,0.7618664876252109,14.685855409445281,599.4,
0.0014,0.8,2.0,20,1,jump,0.5032738519831884,0.006955700446319657,0.0036207352590431107,0.002758516854427933,0.7618664876252109,14.685855409445281,25.3,
0.0014,0.8,2.0,20,1,kmeans,0.5030741240653896,0.006955700446319657,0.0036207352590431107,0.002758516854427933,0.7618664876252109,14.685855409445281,0.4,
0.0016,0.8,6.0,8,0,vae,0.8270172982586694,0.003446270758279104,0.0031688370785905736,0.0032119556610003402,1.0136070682526048,1.9392483794687028,574.4,
0.0016,0.8,6.0,8,0,jump,0.8227364237425563,0.003446270758279104,0.0031688370785905736,0.0032119556610003402,1.0136070682526048,1.9392483794687028,24.9,
0.0016,0.8,6.0,8,0,kmeans,0.8350361179420098,0.003446270758279104,0.0031688370785905736,0.0032119556610003402,1.0136070682526048,1.9392483794687028,0.3,
0.0005,0.8,2.0,8,2,vae,0.5048447770211244,0.005059456727228181,0.003061771371339918,0.0010002008332434704,0.32667391256119627,4.192463138692455,576.9,
0.0005,0.8,2.0,8,2,jump,0.5164941143549862,0.005059456727228181,0.003061771371339918,0.0010002008332434704,0.32667391256119627,4.192463138692455,24.0,
0.0005,0.8,2.0,8,2,kmeans,0.500360297958982,0.005059456727228181,0.003061771371339918,0.0010002008332434704,0.32667391256119627,4.192463138692455,0.4,
0.0016,1.1,2.0,12,5,vae,0.5597161278072466,0.0058900437528746396,0.004280734970823399,0.0031873377584248214,0.7445772233387618,5.262225476338534,571.4,
0.0016,1.1,2.0,12,5,jump,0.7496878079894258,0.0058900437528746396,0.004280734970823399,0.0031873377584248214,0.7445772233387618,5.262225476338534,24.0,
0.0016,1.1,2.0,12,5,kmeans,0.7485329376980018,0.0058900437528746396,0.004280734970823399,0.0031873377584248214,0.7445772233387618,5.262225476338534,0.5,
0.002,0.8,6.0,12,4,vae,0.8621462773458648,0.0036320994023756755,0.003515622270819418,0.003988005864381149,1.1343669931444678,1.5234328336536924,576.1,
0.002,0.8,6.0,12,4,jump,0.8433368217763051,0.0036320994023756755,0.003515622270819418,0.003988005864381149,1.1343669931444678,1.5234328336536924,24.4,
0.002,0.8,6.0,12,4,kmeans,0.8686759413783087,0.0036320994023756755,0.003515622270819418,0.003988005864381149,1.1343669931444678,1.5234328336536924,0.2,
0.0016,1.6,4.0,8,1,vae,0.7614744651771611,0.0046168391266583975,0.004437150157624745,0.0031724168786579467,0.714967212278472,0.6622641089347203,594.2,
0.0016,1.6,4.0,8,1,jump,0.7753176784465268,0.0046168391266583975,0.004437150157624745,0.0031724168786579467,0.714967212278472,0.6622641089347203,25.9,
0.0016,1.6,4.0,8,1,kmeans,0.7732173111482616,0.0046168391266583975,0.004437150157624745,0.0031724168786579467,0.714967212278472,0.6622641089347203,0.5,
0.0012,0.8,2.75,12,1,vae,0.5596396617212883,0.004881717065120064,0.0032221030965259956,0.002376363928908026,0.7375195199278918,8.169859909282009,592.7,
0.0012,0.8,2.75,12,1,jump,0.5049681550406109,0.004881717065120064,0.0032221030965259956,0.002376363928908026,0.7375195199278918,8.169859909282009,22.7,
0.0012,0.8,2.75,12,1,kmeans,0.5065892703851368,0.004881717065120064,0.0032221030965259956,0.002376363928908026,0.7375195199278918,8.169859909282009,0.4,
0.002,1.1,2.0,12,5,vae,0.7461765684366513,0.006010252443049844,0.004553223676256316,0.003987337758424821,0.8757175227778905,4.832403666516535,584.0,
0.002,1.1,2.0,12,5,jump,0.7914070269778725,0.006010252443049844,0.004553223676256316,0.003987337758424821,0.8757175227778905,4.832403666516535,24.9,
0.002,1.1,2.0,12,5,kmeans,0.7899253156661473,0.006010252443049844,0.004553223676256316,0.003987337758424821,0.8757175227778905,4.832403666516535,0.2,
0.0005,1.6,6.0,8,5,vae,0.5642596822749864,0.004254076657279117,0.004129285924013736,0.0009921437260109382,0.2402700477196691,0.44254579362851354,569.4,
0.0005,1.6,6.0,8,5,jump,0.6059884671468341,0.004254076657279117,0.004129285924013736,0.0009921437260109382,0.2402700477196691,0.44254579362851354,24.6,
0.0005,1.6,6.0,8,5,kmeans,0.507614723359455,0.004254076657279117,0.004129285924013736,0.0009921437260109382,0.2402700477196691,0.44254579362851354,0.7,
0.0005,0.8,2.75,20,0,vae,0.5173096682790814,0.005132685279575048,0.0028915922330021064,0.0010107383612716087,0.3495438774997126,18.202895738417805,571.5,
0.0005,0.8,2.75,20,0,jump,0.5030461956935222,0.005132685279575048,0.0028915922330021064,0.0010107383612716087,0.3495438774997126,18.202895738417805,23.5,
0.0005,0.8,2.75,20,0,kmeans,0.5020361776361267,0.005132685279575048,0.0028915922330021064,0.0010107383612716087,0.3495438774997126,18.202895738417805,0.2,
0.0014,1.1,6.0,12,1,vae,0.7492286100104524,0.004077381521984613,0.0037723056102450282,0.0027416028762303687,0.7267711472751778,1.3036883721786223,598.3,
0.0014,1.1,6.0,12,1,jump,0.7714877449200799,0.004077381521984613,0.0037723056102450282,0.0027416028762303687,0.7267711472751778,1.3036883721786223,25.0,
0.0014,1.1,6.0,12,1,kmeans,0.7755947612245113,0.004077381521984613,0.0037723056102450282,0.0027416028762303687,0.7267711472751778,1.3036883721786223,0.4,
0.0005,1.1,6.0,12,3,vae,0.6059242488036606,0.0038686602386116663,0.003475596357738576,0.0009876553464747122,0.2841685986566455,1.962500567686349,604.6,
0.0005,1.1,6.0,12,3,jump,0.5046464790751618,0.0038686602386116663,0.003475596357738576,0.0009876553464747122,0.2841685986566455,1.962500567686349,23.8,
0.0005,1.1,6.0,12,3,kmeans,0.5000599857099819,0.0038686602386116663,0.003475596357738576,0.0009876553464747122,0.2841685986566455,1.962500567686349,0.7,
0.0014,1.1,2.0,8,2,vae,0.7024138863227489,0.005278353363780388,0.004110690046306218,0.0028001610563466598,0.6811900252277175,2.6543564440964476,575.1,
0.0014,1.1,2.0,8,2,jump,0.7303050724390502,0.005278353363780388,0.004110690046306218,0.0028001610563466598,0.6811900252277175,2.6543564440964476,25.8,
0.0014,1.1,2.0,8,2,kmeans,0.7330114372226483,0.005278353363780388,0.004110690046306218,0.0028001610563466598,0.6811900252277175,2.6543564440964476,0.5,
0.001,1.1,6.0,20,2,vae,0.6888677770891959,0.003992439765044858,0.0036004565942978676,0.0019801157623563818,0.5499624035163596,2.0636804412639185,588.2,
0.001,1.1,6.0,20,2,jump,0.7179860853126245,0.003992439765044858,0.0036004565942978676,0.0019801157623563818,0.5499624035163596,2.0636804412639185,24.7,
0.001,1.1,6.0,20,2,kmeans,0.7149405380364853,0.003992439765044858,0.0036004565942978676,0.0019801157623563818,0.5499624035163596,2.0636804412639185,0.4,
0.0012,1.1,4.0,20,1,vae,0.7111138698660032,0.004465528299401968,0.003785686965144704,0.0023952328404807086,0.6327075805617101,5.449228168614445,565.7,
0.0012,1.1,4.0,20,1,jump,0.725388365370792,0.004465528299401968,0.003785686965144704,0.0023952328404807086,0.6327075805617101,5.449228168614445,26.5,
0.0012,1.1,4.0,20,1,kmeans,0.7245604587587938,0.004465528299401968,0.003785686965144704,0.0023952328404807086,0.6327075805617101,5.449228168614445,0.2,
0.002,1.6,6.0,12,2,vae,0.8193255639017065,0.004652459156500738,0.00459149611521282,0.0040042586207214076,0.8721032361225916,0.278090254038601,569.9,
0.002,1.6,6.0,12,2,jump,0.8109704993383304,0.004652459156500738,0.00459149611521282,0.0040042586207214076,0.8721032361225916,0.278090254038601,22.0,
0.002,1.6,6.0,12,2,kmeans,0.8269421821528038,0.004652459156500738,0.00459149611521282,0.0040042586207214076,0.8721032361225916,0.278090254038601,0.3,
0.0014,1.1,6.0,20,3,vae,0.7785213324206159,0.004085763440994079,0.003776221061600206,0.0027879280085053347,0.7382851700223096,1.7240499028693472,574.5,
0.0014,1.1,6.0,20,3,jump,0.7911865489886569,0.004085763440994079,0.003776221061600206,0.0027879280085053347,0.7382851700223096,1.7240499028693472,24.8,
0.0014,1.1,6.0,20,3,kmeans,0.7852904644271921,0.004085763440994079,0.003776221061600206,0.0027879280085053347,0.7382851700223096,1.7240499028693472,0.4,
0.001,0.8,2.0,20,5,vae,0.5024215693620204,0.007028588221205038,0.0033885791719784515,0.001997001894275003,0.5893331077488256,15.42715776270646,590.6,
0.001,0.8,2.0,20,5,jump,0.5076636334411117,0.007028588221205038,0.0033885791719784515,0.001997001894275003,0.5893331077488256,15.42715776270646,26.2,
0.001,0.8,2.0,20,5,kmeans,0.5142280308080682,0.007028588221205038,0.0033885791719784515,0.001997001894275003,0.5893331077488256,15.42715776270646,0.2,
0.0016,1.1,4.0,12,4,vae,0.7810315633247455,0.004564506422105792,0.003990182129703364,0.0032117202539470777,0.8049056783745964,2.8450728031619947,602.0,
0.0016,1.1,4.0,12,4,jump,0.7748240179378652,0.004564506422105792,0.003990182129703364,0.0032117202539470777,0.8049056783745964,2.8450728031619947,25.7,
0.0016,1.1,4.0,12,4,kmeans,0.7904144182999332,0.004564506422105792,0.003990182129703364,0.0032117202539470777,0.8049056783745964,2.8450728031619947,0.2,
0.0016,0.8,4.0,20,4,vae,0.7948333161832896,0.004104197862336584,0.0033188280019418068,0.0032025670332413957,0.9649692696842415,9.448008970442215,600.2,
0.0016,0.8,4.0,20,4,jump,0.7967709909631477,0.004104197862336584,0.0033188280019418068,0.0032025670332413957,0.9649692696842415,9.448008970442215,25.2,
0.0016,0.8,4.0,20,4,kmeans,0.8128243424479112,0.004104197862336584,0.0033188280019418068,0.0032025670332413957,0.9649692696842415,9.448008970442215,0.4,
0.0011,0.8,6.0,8,3,vae,0.777085260503618,0.003256305916391012,0.0028237249724984803,0.0021995947539473083,0.7789691897653436,2.702785056281555,573.5,
0.0011,0.8,6.0,8,3,jump,0.787928253405596,0.003256305916391012,0.0028237249724984803,0.0021995947539473083,0.7789691897653436,2.702785056281555,25.4,
0.0011,0.8,6.0,8,3,kmeans,0.7825280974467559,0.003256305916391012,0.0028237249724984803,0.0021995947539473083,0.7789691897653436,2.702785056281555,0.2,
0.0012,1.1,2.75,20,1,vae,0.6112288451115975,0.0052233733663143815,0.003901652127030946,0.0023502429572701353,0.6023712214083545,9.900466649044027,579.8,
0.0012,1.1,2.75,20,1,jump,0.5037025028627001,0.0052233733663143815,0.003901652127030946,0.0023502429572701353,0.6023712214083545,9.900466649044027,23.3,
0.0012,1.1,2.75,20,1,kmeans,0.7054777456275444,0.0052233733663143815,0.003901652127030946,0.0023502429572701353,0.6023712214083545,9.900466649044027,0.2,
0.0011,1.1,6.0,20,4,vae,0.7297738347485822,0.003991592702261677,0.003641340007345267,0.0021965456257321036,0.6032245330843201,1.5806209006573724,602.7,
0.0011,1.1,6.0,20,4,jump,0.7391522371161448,0.003991592702261677,0.003641340007345267,0.0021965456257321036,0.6032245330843201,1.5806209006573724,24.8,
0.0011,1.1,6.0,20,4,kmeans,0.7328731498314673,0.003991592702261677,0.003641340007345267,0.0021965456257321036,0.6032245330843201,1.5806209006573724,0.4,
0.0008,0.8,2.0,8,3,vae,0.5014203694807289,0.005120736202463915,0.0032083818770599188,0.00158982433577151,0.49552216559345036,4.023014525868826,589.5,
0.0008,0.8,2.0,8,3,jump,0.5656997944943654,0.005120736202463915,0.0032083818770599188,0.00158982433577151,0.49552216559345036,4.023014525868826,25.0,
0.0008,0.8,2.0,8,3,kmeans,0.520081823712994,0.005120736202463915,0.0032083818770599188,0.00158982433577151,0.49552216559345036,4.023014525868826,0.3,
0.0014,1.6,2.0,20,1,vae,0.7250186448575087,0.005198718710745434,0.004444523096361887,0.0027715533099540103,0.6235884592933482,6.511946039914772,579.6,
0.0014,1.6,2.0,20,1,jump,0.5021322837444907,0.005198718710745434,0.004444523096361887,0.0027715533099540103,0.6235884592933482,6.511946039914772,23.9,
0.0014,1.6,2.0,20,1,kmeans,0.7399691136845905,0.005198718710745434,0.004444523096361887,0.0027715533099540103,0.6235884592933482,6.511946039914772,0.3,
0.0012,1.6,4.0,8,2,vae,0.7294690039702977,0.004484981693070407,0.004295028052640418,0.0023649473537791696,0.5506244254505605,0.6518322200431461,595.9,
0.0012,1.6,4.0,8,2,jump,0.746982935853053,0.004484981693070407,0.004295028052640418,0.0023649473537791696,0.5506244254505605,0.6518322200431461,24.9,
0.0012,1.6,4.0,8,2,kmeans,0.7321466681198988,0.004484981693070407,0.004295028052640418,0.0023649473537791696,0.5506244254505605,0.6518322200431461,0.3,
0.0011,1.1,2.0,20,3,vae,0.6905472014633389,0.006307514897067696,0.004043831664070927,0.002239995120361161,0.5539288740091017,12.910235657790686,550.6,
0.0011,1.1,2.0,20,3,jump,0.5065288987516924,0.006307514897067696,0.004043831664070927,0.002239995120361161,0.5539288740091017,12.910235657790686,22.7,
0.0011,1.1,2.0,20,3,kmeans,0.5205477995178631,0.006307514897067696,0.004043831664070927,0.002239995120361161,0.5539288740091017,12.910235657790686,0.6,
0.002,0.8,2.0,8,1,vae,0.7757199157153689,0.005434218923445647,0.004061841776032064,0.00396986388169508,0.9773556186063862,3.1876336368706033,585.3,
0.002,0.8,2.0,8,1,jump,0.7935673423158218,0.005434218923445647,0.004061841776032064,0.00396986388169508,0.9773556186063862,3.1876336368706033,23.8,
0.002,0.8,2.0,8,1,kmeans,0.8043807993821136,0.005434218923445647,0.004061841776032064,0.00396986388169508,0.9773556186063862,3.1876336368706033,0.2,
0.0005,1.6,2.0,20,5,vae,0.5404788160910486,0.005002971046259365,0.004223768162831855,0.0010001957682170238,0.23680176791389884,7.5079946587744555,566.1,
0.0005,1.6,2.0,20,5,jump,0.5005596642158794,0.005002971046259365,0.004223768162831855,0.0010001957682170238,0.23680176791389884,7.5079946587744555,22.5,
0.0005,1.6,2.0,20,5,kmeans,0.5892171120926215,0.005002971046259365,0.004223768162831855,0.0010001957682170238,0.23680176791389884,7.5079946587744555,0.3,
0.002,1.1,2.75,20,3,vae,0.8055196987663853,0.005497751904874165,0.004390012369114512,0.0039759741305541284,0.90568631617685,8.655436965916417,596.5,
0.002,1.1,2.75,20,3,jump,0.8101937272051798,0.005497751904874165,0.004390012369114512,0.0039759741305541284,0.90568631617685,8.655436965916417,24.1,
0.002,1.1,2.75,20,3,kmeans,0.814618960155028,0.005497751904874165,0.004390012369114512,0.0039759741305541284,0.90568631617685,8.655436965916417,0.4,
0.0005,1.6,6.0,20,5,vae,0.563584907261362,0.004257978316836955,0.004129483329578839,0.0009923140145847377,0.2402997991242509,0.5000755295270487,588.1,
0.0005,1.6,6.0,20,5,jump,0.5968629345792836,0.004257978316836955,0.004129483329578839,0.0009923140145847377,0.2402997991242509,0.5000755295270487,25.9,
0.0005,1.6,6.0,20,5,kmeans,0.5087029926886233,0.004257978316836955,0.004129483329578839,0.0009923140145847377,0.2402997991242509,0.5000755295270487,0.5,
0.0011,0.8,4.0,12,0,vae,0.732326802351418,0.0038851527015509586,0.002960190098365626,0.002198467390844517,0.7426777733154131,6.729173113292086,593.7,
0.0011,0.8,4.0,12,0,jump,0.750114328689934,0.0038851527015509586,0.002960190098365626,0.002198467390844517,0.7426777733154131,6.729173113292086,23.6,
0.0011,0.8,4.0,12,0,kmeans,0.7446108902457682,0.0038851527015509586,0.002960190098365626,0.002198467390844517,0.7426777733154131,6.729173113292086,0.2,
0.0008,1.1,2.75,20,2,vae,0.546240246447044,0.005183162791944678,0.003770205966753498,0.0016189872493204429,0.42941612834869686,9.841269140625144,576.2,
0.0008,1.1,2.75,20,2,jump,0.5016752370059855,0.005183162791944678,0.003770205966753498,0.0016189872493204429,0.42941612834869686,9.841269140625144,21.4,
0.0008,1.1,2.75,20,2,kmeans,0.5112523135636067,0.005183162791944678,0.003770205966753498,0.0016189872493204429,0.42941612834869686,9.841269140625144,0.3,
0.0016,0.8,2.75,20,3,vae,0.7760669655230179,0.005314504139218028,0.003526460064989323,0.003218404610956593,0.9126445647035385,15.334938612811765,585.3,
0.0016,0.8,2.75,20,3,jump,0.5052890171592779,0.005314504139218028,0.003526460064989323,0.003218404610956593,0.9126445647035385,15.334938612811765,24.3,
0.0016,0.8,2.75,20,3,kmeans,0.7860000783519524,0.005314504139218028,0.003526460064989323,0.003218404610956593,0.9126445647035385,15.334938612811765,0.4,
0.002,0.8,4.0,20,4,vae,0.8305330733890997,0.004274327311664317,0.0036813019351252434,0.004002567033241396,1.0872694236380864,7.890087935021819,596.8,
0.002,0.8,4.0,20,4,jump,0.8196819885597801,0.004274327311664317,0.0036813019351252434,0.004002567033241396,1.0872694236380864,7.890087935021819,23.6,
0.002,0.8,4.0,20,4,kmeans,0.8427422535733827,0.004274327311664317,0.0036813019351252434,0.004002567033241396,1.0872694236380864,7.890087935021819,0.2,
0.0014,1.1,2.75,12,3,vae,0.7384448295101973,0.005092240089707778,0.004003935172918704,0.00277428785634618,0.6928903032972531,4.687983631282325,600.9,
0.0014,1.1,2.75,12,3,jump,0.7594273702036418,0.005092240089707778,0.004003935172918704,0.00277428785634618,0.6928903032972531,4.687983631282325,24.1,
0.0014,1.1,2.75,12,3,kmeans,0.7480984830365018,0.005092240089707778,0.004003935172918704,0.00277428785634618,0.6928903032972531,4.687983631282325,0.3,
0.001,1.1,4.0,12,5,vae,0.6884367761548063,0.004370227935373425,0.0037330272492339736,0.0020150414595280445,0.5397875035446195,3.293023025833892,575.8,
0.001,1.1,4.0,12,5,jump,0.7083272896162056,0.004370227935373425,0.0037330272492339736,0.0020150414595280445,0.5397875035446195,3.293023025833892,23.0,
0.001,1.1,4.0,12,5,kmeans,0.7114381629277271,0.004370227935373425,0.0037330272492339736,0.0020150414595280445,0.5397875035446195,3.293023025833892,0.2,
0.0005,1.6,6.0,12,3,vae,0.582409870519393,0.0042624675576979605,0.004128765218162521,0.0010108093153214297,0.24482121455462255,0.5207881167244501,560.0,
0.0005,1.6,6.0,12,3,jump,0.506498675567598,0.0042624675576979605,0.004128765218162521,0.0010108093153214297,0.24482121455462255,0.5207881167244501,22.0,
0.0005,1.6,6.0,12,3,kmeans,0.5100539655080766,0.0042624675576979605,0.004128765218162521,0.0010108093153214297,0.24482121455462255,0.5207881167244501,0.3,
0.0016,0.8,6.0,20,3,vae,0.8411992090778988,0.003491466393781177,0.00317053060100742,0.003200051390581005,1.0093109934230582,4.415274107654548,593.8,
0.0016,0.8,6.0,20,3,jump,0.8395725047777266,0.003491466393781177,0.00317053060100742,0.003200051390581005,1.0093109934230582,4.415274107654548,25.2,
0.0016,0.8,6.0,20,3,kmeans,0.8474228817103029,0.003491466393781177,0.00317053060100742,0.003200051390581005,1.0093109934230582,4.415274107654548,0.4,
0.002,1.6,2.75,8,1,vae,0.8050034652356013,0.0049475895689822325,0.0047090704527390495,0.0039755165905747195,0.8442253371389559,0.8856365312104146,580.2,
0.002,1.6,2.75,8,1,jump,0.7957088308034247,0.0049475895689822325,0.0047090704527390495,0.0039755165905747195,0.8442253371389559,0.8856365312104146,25.6,
0.002,1.6,2.75,8,1,kmeans,0.8148070819412535,0.0049475895689822325,0.0047090704527390495,0.0039755165905747195,0.8442253371389559,0.8856365312104146,0.4,
0.0008,1.1,2.0,20,4,vae,0.6379305876693626,0.006251204275256008,0.003925817746281785,0.0016617005454456915,0.4232750099057754,12.656299174851535,575.5,
0.0008,1.1,2.0,20,4,jump,0.5043175985584197,0.006251204275256008,0.003925817746281785,0.0016617005454456915,0.4232750099057754,12.656299174851535,22.4,
0.0008,1.1,2.0,20,4,kmeans,0.5032126814747789,0.006251204275256008,0.003925817746281785,0.0016617005454456915,0.4232750099057754,12.656299174851535,0.2,
0.001,1.6,4.0,12,2,vae,0.6793729023474129,0.004453942477996437,0.004238922731908407,0.0019642138238465303,0.463375708422555,0.9508384852950402,596.8,
0.001,1.6,4.0,12,2,jump,0.6994581960315503,0.004453942477996437,0.004238922731908407,0.0019642138238465303,0.463375708422555,0.9508384852950402,25.4,
0.001,1.6,4.0,12,2,kmeans,0.6919664055378982,0.004453942477996437,0.004238922731908407,0.0019642138238465303,0.463375708422555,0.9508384852950402,0.6,
0.0008,1.1,2.0,20,3,vae,0.6353487917676293,0.006261925187721416,0.003924053423755112,0.0016399951203611607,0.41793394310920773,13.29942077362222,591.0,
0.0008,1.1,2.0,20,3,jump,0.5048206178916683,0.006261925187721416,0.003924053423755112,0.0016399951203611607,0.41793394310920773,13.29942077362222,25.1,
0.0008,1.1,2.0,20,3,kmeans,0.5176343566741903,0.006261925187721416,0.003924053423755112,0.0016399951203611607,0.41793394310920773,13.29942077362222,0.5,
0.001,0.8,4.0,20,1,vae,0.5941870936674959,0.003946018506323907,0.0028841891250650873,0.0019666375097897697,0.6818684297429312,12.606742491818487,571.7,
0.001,0.8,4.0,20,1,jump,0.5003246572926564,0.003946018506323907,0.0028841891250650873,0.0019666375097897697,0.6818684297429312,12.606742491818487,23.0,
0.001,0.8,4.0,20,1,kmeans,0.7324357218030879,0.003946018506323907,0.0028841891250650873,0.0019666375097897697,0.6818684297429312,12.606742491818487,0.2,
0.0014,0.8,4.0,8,3,vae,0.7978919599480522,0.0038288711130142284,0.0031510771746251424,0.0027824473471319932,0.8830146622679903,3.508199210684409,599.9,
0.0014,0.8,4.0,8,3,jump,0.8054336858677151,0.0038288711130142284,0.0031510771746251424,0.0027824473471319932,0.8830146622679903,3.508199210684409,26.4,
0.0014,0.8,4.0,8,3,kmeans,0.8067221168294105,0.0038288711130142284,0.0031510771746251424,0.0027824473471319932,0.8830146622679903,3.508199210684409,0.3,
0.0014,1.6,6.0,12,4,vae,0.7654019600038566,0.004463563778871616,0.004343537822962332,0.0028232304037711015,0.6499840726253037,0.4085018796894566,596.3,
0.0014,1.6,6.0,12,4,jump,0.7736545630583095,0.004463563778871616,0.004343537822962332,0.0028232304037711015,0.6499840726253037,0.4085018796894566,25.8,
0.0014,1.6,6.0,12,4,kmeans,0.7704597220316105,0.004463563778871616,0.004343537822962332,0.0028232304037711015,0.6499840726253037,0.4085018796894566,0.2,
0.0012,1.6,4.0,20,2,vae,0.7197298338320294,0.004505401003263982,0.004296243271623882,0.002363963271253025,0.5502396214075421,0.9950049473081788,569.1,
0.0012,1.6,4.0,20,2,jump,0.7333268991912032,0.004505401003263982,0.004296243271623882,0.002363963271253025,0.5502396214075421,0.9950049473081788,22.1,
0.0012,1.6,4.0,20,2,kmeans,0.7247629000124614,0.004505401003263982,0.004296243271623882,0.002363963271253025,0.5502396214075421,0.9950049473081788,0.3,
0.0011,1.6,2.0,12,3,vae,0.7070914405338924,0.004970448239164735,0.004363178611813599,0.0021996650659192947,0.5041427962549032,3.105456954738419,604.5,
0.0011,1.6,2.0,12,3,jump,0.5100259855291635,0.004970448239164735,0.004363178611813599,0.0021996650659192947,0.5041427962549032,3.105456954738419,23.6,
0.0011,1.6,2.0,12,3,kmeans,0.7113728179371814,0.004970448239164735,0.004363178611813599,0.0021996650659192947,0.5041427962549032,3.105456954738419,0.4,
0.0012,0.8,4.0,8,4,vae,0.7581121307882749,0.0037691515546718307,0.003017357275380093,0.002402273771624816,0.7961515831174498,3.828280168000937,512.9,
0.0012,0.8,4.0,8,4,jump,0.7673402451411644,0.0037691515546718307,0.003017357275380093,0.002402273771624816,0.7961515831174498,3.828280168000937,20.6,
0.0012,0.8,4.0,8,4,kmeans,0.7675942639047131,0.0037691515546718307,0.003017357275380093,0.002402273771624816,0.7961515831174498,3.828280168000937,0.2,
0.0011,0.8,2.75,12,3,vae,0.7267969165061807,0.004813072985606865,0.0031483711454238553,0.0022179065173672545,0.7044615818535158,8.098775989605105,545.7,
0.0011,0.8,2.75,12,3,jump,0.5280951735077147,0.004813072985606865,0.0031483711454238553,0.0022179065173672545,0.7044615818535158,8.098775989605105,20.9,
0.0011,0.8,2.75,12,3,kmeans,0.5026066144349692,0.004813072985606865,0.0031483711454238553,0.0022179065173672545,0.7044615818535158,8.098775989605105,0.2,
0.0012,1.6,6.0,20,4,vae,0.7423029523009855,0.004404030899834717,0.004276320913539349,0.0024232304037711014,0.5666624308056163,0.44023632949130187,536.1,
0.0012,1.6,6.0,20,4,jump,0.7522204703962829,0.004404030899834717,0.004276320913539349,0.0024232304037711014,0.5666624308056163,0.44023632949130187,18.5,
0.0012,1.6,6.0,20,4,kmeans,0.7443827803314733,0.004404030899834717,0.004276320913539349,0.0024232304037711014,0.5666624308056163,0.44023632949130187,0.3,
0.001,1.1,6.0,12,5,vae,0.7054085744896541,0.003976951393663559,0.00363531767622188,0.0020205397392581135,0.5558083004613847,1.5591767591841093,522.4,
0.001,1.1,6.0,12,5,jump,0.7415004124136508,0.003976951393663559,0.00363531767622188,0.0020205397392581135,0.5558083004613847,1.5591767591841093,18.1,
0.001,1.1,6.0,12,5,kmeans,0.7259745033585456,0.003976951393663559,0.00363531767622188,0.0020205397392581135,0.5558083004613847,1.5591767591841093,0.2,
0.0014,0.8,4.0,20,5,vae,0.7774032540974001,0.004021688492235916,0.0031763078773320397,0.0028038979705426546,0.8827538383646256,7.927513277155363,529.7,
0.0014,0.8,4.0,20,5,jump,0.7848932207264756,0.004021688492235916,0.0031763078773320397,0.0028038979705426546,0.8827538383646256,7.927513277155363,17.1,
0.0014,0.8,4.0,20,5,kmeans,0.7976871695167396,0.004021688492235916,0.0031763078773320397,0.0028038979705426546,0.8827538383646256,7.927513277155363,0.3,
0.0005,1.1,2.0,20,2,vae,0.5081122842003579,0.006258663284791986,0.0038154213357567365,0.0009982815075508787,0.2616438447296367,13.893738552764052,483.7,
0.0005,1.1,2.0,20,2,jump,0.5027003646510552,0.006258663284791986,0.0038154213357567365,0.0009982815075508787,0.2616438447296367,13.893738552764052,16.2,
0.0005,1.1,2.0,20,2,kmeans,0.5015687146529066,0.006258663284791986,0.0038154213357567365,0.0009982815075508787,0.2616438447296367,13.893738552764052,0.2,
0.0012,1.1,2.0,8,1,vae,0.6999965512228796,0.005259726082344895,0.00402298334705434,0.002396034150478855,0.5955863954130584,2.790366119420602,464.3,
0.0012,1.1,2.0,8,1,jump,0.7217808914755685,0.005259726082344895,0.00402298334705434,0.002396034150478855,0.5955863954130584,2.790366119420602,16.2,
0.0012,1.1,2.0,8,1,kmeans,0.5086059495597486,0.005259726082344895,0.00402298334705434,0.002396034150478855,0.5955863954130584,2.790366119420602,0.2,
0.002,1.6,2.75,12,0,vae,0.811296631952275,0.004995842184210105,0.004686855557878516,0.003967406712897928,0.8464964759216426,1.5315083378018777,475.4,
0.002,1.6,2.75,12,0,jump,0.8042533313884141,0.004995842184210105,0.004686855557878516,0.003967406712897928,0.8464964759216426,1.5315083378018777,15.2,
0.002,1.6,2.75,12,0,kmeans,0.8161335110998194,0.004995842184210105,0.004686855557878516,0.003967406712897928,0.8464964759216426,1.5315083378018777,0.1,
0.0011,1.6,6.0,20,1,vae,0.6872206729405596,0.004345412798740472,0.004232043497124762,0.0021694834875571325,0.5126326062175574,0.41153335210699105,461.0,
0.0011,1.6,6.0,20,1,jump,0.7118891743726625,0.004345412798740472,0.004232043497124762,0.0021694834875571325,0.5126326062175574,0.41153335210699105,14.5,
0.0011,1.6,6.0,20,1,kmeans,0.7088474620086984,0.004345412798740472,0.004232043497124762,0.0021694834875571325,0.5126326062175574,0.41153335210699105,0.1,
